Protein_ID,SAC_1,SAC_2,SAC_3,SAC_4,SAC_5,SAC_6,SAC_7,SAC_8,SAC_9,SAC_10,SAC_11,SAC_12,SAC_13,SAC_14,SAC_15,SAC_16,SAC_17,SAC_18,SAC_19,SAC_20,SAC_21,SAC_22,SAC_23,SAC_24,SAC_25,SAC_26,SAC_27,SAC_28,SAC_29,SAC_30,SAC_31,SAC_32,SAC_33,SAC_34,SAC_35,SAC_36,SAC_37,SAC_38,SAC_39,SAC_40,SAC_41,SAC_42,SAC_43,SAC_44,SAC_45,SAC_46,SAC_47,SAC_48,SAC_49,SAC_50,SAC_51,SAC_52,SAC_53,SAC_54,SAC_55,SAC_56,SAC_57,SAC_58,SAC_59,SAC_60,SAC_61,SAC_62,SAC_63,SAC_64,SAC_65,SAC_66,SAC_67,SAC_68,SAC_69,SAC_70,SAC_71,SAC_72,SAC_73,SAC_74,SAC_75,SAC_76,SAC_77,SAC_78,SAC_79,SAC_80,SAC_81,SAC_82,SAC_83,SAC_84,SAC_85,SAC_86,SAC_87,SAC_88,SAC_89,SAC_90,SAC_91,SAC_92,SAC_93,SAC_94,SAC_95,SAC_96,SAC_97,SAC_98,SAC_99,SAC_100
Q55055,0.05,0.15,1.25,-0.55,9.3,0.3,0.1,4.2,0.15,1.15,1.6,-0.55,1.0,3.35,0.3,0.8,0.3,8.3,1.6,0.15,1.85,0.95,3.8,-0.3,7.05,2.85,1.95,3.6,5.95,3.6,3.4,0.9,3.65,5.95,8.25,1.7,2.75,17.4,8.3,1.85,1.3,6.05,7.8,6.65,4.2,4.55,3.7,7.9,4.15,4.75,1.95,6.0,3.8,7.4,4.25,1.9,1.7,12.25,5.75,4.55,2.5,6.85,5.5,-1.0,11.25,0.75,-2.65,9.05,-0.15,-3.75,-1.05,3.6,1.4,3.15,6.6,4.4,1.5,8.2,4.2,-1.15,-0.15,2.35,2.35,1.35,6.05,0.85,-1.3,1.1,-2.7,2.55,0.25,-0.6,1.55,-1.0,1.05,0.6,0.45,8.7,0.65,-0.1
Q04959,-1.1020408163265305,2.163265306122449,1.183673469387755,1.6122448979591837,2.673469387755102,0.9387755102040817,1.4285714285714286,-0.40816326530612246,1.3877551020408163,1.7755102040816326,1.3265306122448979,1.3061224489795917,0.5510204081632653,2.489795918367347,1.163265306122449,0.04081632653061224,0.3673469387755102,5.040816326530612,1.1020408163265305,0.46938775510204084,0.7755102040816326,2.2653061224489797,2.510204081632653,2.979591836734694,1.7142857142857142,1.653061224489796,2.183673469387755,1.9591836734693877,4.061224489795919,0.6938775510204082,0.5510204081632653,1.489795918367347,0.32653061224489793,2.5714285714285716,2.204081632653061,0.7142857142857143,0.02040816326530612,5.938775510204081,2.2857142857142856,0.6326530612244898,-0.10204081632653061,2.0816326530612246,3.0408163265306123,3.5714285714285716,1.7551020408163265,1.1428571428571428,1.8571428571428572,2.1020408163265305,3.4489795918367347,-0.08163265306122448,0.5102040816326531,1.3673469387755102,0.40816326530612246,1.0612244897959184,2.4693877551020407,0.6122448979591837,-0.02040816326530612,2.7346938775510203,0.7755102040816326,-0.2653061224489796,0.22448979591836735,0.9183673469387755,0.0,1.510204081632653,4.428571428571429,1.4081632653061225,0.3673469387755102,1.2448979591836735,0.3877551020408163,4.448979591836735,4.0,0.3673469387755102,2.2653061224489797,3.795918367346939,5.489795918367347,0.1836734693877551,0.20408163265306123,1.469387755102041,0.8979591836734694,3.4081632653061225,0.3269230769230769,1.4230769230769231,0.5576923076923077,0.9807692307692307,3.5576923076923075,1.6153846153846154,0.40384615384615385,1.5769230769230769,0.3076923076923077,3.6923076923076925,3.673076923076923,0.5576923076923077,1.3269230769230769,3.75,4.519230769230769,0.6346153846153846,0.11538461538461539,5.326923076923077,1.8461538461538463,2.269230769230769
Q08429,0.4,2.466666666666667,1.8,3.066666666666667,3.3333333333333335,1.6666666666666667,1.8,5.533333333333333,1.4,4.066666666666666,3.2,1.3333333333333333,1.3333333333333333,3.6,4.2,0.3333333333333333,1.4,3.466666666666667,2.3333333333333335,1.8666666666666667,0.2,0.5333333333333333,1.0666666666666667,2.466666666666667,1.3333333333333333,0.26666666666666666,0.6,2.8,-0.6666666666666666,-1.3333333333333333,-1.4666666666666666,0.06666666666666667,-0.4666666666666667,3.1333333333333333,-0.3333333333333333,0.2,-0.26666666666666666,6.4,2.8,-1.6,1.2666666666666666,1.7333333333333334,0.6666666666666666,-0.3333333333333333,4.466666666666667,0.4,-1.0,2.0,-1.4666666666666666,1.4666666666666666,0.0,0.8,0.0,0.26666666666666666,0.7333333333333333,0.0,0.7333333333333333,5.4,-0.8666666666666667,1.3333333333333333,0.2,0.6,0.06666666666666667,-2.2666666666666666,4.6,0.06666666666666667,0.8,2.4,1.1333333333333333,2.6,1.2666666666666666,0.2,-0.4666666666666667,3.1333333333333333,1.1333333333333333,-0.26666666666666666,-0.5333333333333333,5.2,1.4666666666666666,1.1333333333333333,1.0555555555555556,0.8333333333333334,3.2777777777777777,2.4444444444444446,5.722222222222222,0.3333333333333333,0.9444444444444444,3.7777777777777777,-0.3333333333333333,2.7222222222222223,1.9444444444444444,2.7222222222222223,1.1666666666666667,4.166666666666667,3.388888888888889,0.6111111111111112,0.8888888888888888,5.5,2.5555555555555554,2.5555555555555554
Q83GS8,0.43956043956043955,1.945054945054945,0.7582417582417582,1.2747252747252746,3.78021978021978,1.2087912087912087,0.6428571428571429,2.10989010989011,2.181318681318681,0.11538461538461539,1.0,0.21428571428571427,1.3406593406593406,2.510989010989011,1.5054945054945055,0.532967032967033,0.7362637362637363,7.3901098901098905,2.681318681318681,-0.15384615384615385,0.532967032967033,2.6923076923076925,0.8241758241758241,1.7087912087912087,6.164835164835165,3.10989010989011,1.7802197802197801,5.21978021978022,3.4450549450549453,1.2582417582417582,1.901098901098901,1.9230769230769231,3.291208791208791,4.241758241758242,4.741758241758242,1.6483516483516483,1.0934065934065933,13.483516483516484,4.384615384615385,2.010989010989011,0.6208791208791209,0.0,0.9725274725274725,0.8516483516483516,4.28021978021978,0.9285714285714286,0.12637362637362637,3.3131868131868134,1.879120879120879,1.1483516483516483,1.0769230769230769,0.29120879120879123,1.4835164835164836,1.532967032967033,2.6923076923076925,0.4945054945054945,0.5494505494505495,7.357142857142857,1.8021978021978022,0.4010989010989011,-0.08241758241758242,-0.47802197802197804,-0.7472527472527473,0.3626373626373626,3.2967032967032965,-0.5,0.29120879120879123,1.065934065934066,0.23076923076923078,0.3241758241758242,-0.06593406593406594,-0.15934065934065933,0.3956043956043956,0.4010989010989011,0.9340659340659341,0.016483516483516484,0.32967032967032966,2.4285714285714284,0.37362637362637363,0.38461538461538464,1.059782608695652,2.282608695652174,0.5869565217391305,1.2445652173913044,7.184782608695652,0.6902173913043478,-0.45652173913043476,5.244565217391305,2.9293478260869565,0.10869565217391304,0.4945652173913043,0.11956521739130435,1.423913043478261,3.1739130434782608,4.771739130434782,1.440217391304348,1.0434782608695652,11.032608695652174,2.9782608695652173,0.0
Q8G864,1.3012048192771084,-0.7108433734939759,2.5542168674698793,3.4096385542168677,9.686746987951807,-0.07228915662650602,0.5542168674698795,5.048192771084337,1.9759036144578312,1.4939759036144578,2.7590361445783134,0.927710843373494,1.7349397590361446,4.506024096385542,5.72289156626506,1.4698795180722892,0.7951807228915663,8.795180722891565,4.048192771084337,2.144578313253012,0.9036144578313253,1.9156626506024097,2.144578313253012,3.1686746987951806,5.216867469879518,0.024096385542168676,0.39759036144578314,5.024096385542169,2.325301204819277,2.6626506024096384,3.397590361445783,2.566265060240964,1.6987951807228916,2.3132530120481927,4.0602409638554215,1.3855421686746987,1.7590361445783131,9.19277108433735,0.6746987951807228,2.2048192771084336,-0.1686746987951807,0.20481927710843373,0.37349397590361444,0.04819277108433735,3.253012048192771,0.26506024096385544,1.1566265060240963,1.5421686746987953,1.819277108433735,1.6144578313253013,0.9397590361445783,0.2891566265060241,1.144578313253012,1.6626506024096386,1.6024096385542168,0.14457831325301204,0.5060240963855421,4.903614457831325,1.5903614457831325,1.855421686746988,1.5060240963855422,4.072289156626506,2.7951807228915664,2.9879518072289155,6.602409638554217,1.6626506024096386,2.397590361445783,3.7590361445783134,3.325301204819277,5.9156626506024095,4.072289156626506,4.602409638554217,3.5542168674698793,3.7349397590361444,4.746987951807229,1.891566265060241,0.6987951807228916,11.698795180722891,2.3734939759036147,3.891566265060241,1.5952380952380953,0.39285714285714285,2.0238095238095237,2.2023809523809526,8.511904761904763,0.40476190476190477,1.3571428571428572,6.428571428571429,3.9523809523809526,0.4880952380952381,2.5238095238095237,-0.25,3.630952380952381,6.642857142857143,9.607142857142858,1.9761904761904763,3.2023809523809526,10.428571428571429,4.5476190476190474,0.39285714285714285
P16169,0.3508771929824561,1.543859649122807,-0.45614035087719296,-0.45614035087719296,9.035087719298245,0.15789473684210525,0.24561403508771928,1.1403508771929824,0.6842105263157895,1.0175438596491229,1.8245614035087718,1.1754385964912282,0.5964912280701754,0.38596491228070173,5.2105263157894735,0.21052631578947367,-0.45614035087719296,2.9649122807017543,0.6842105263157895,1.719298245614035,-0.7543859649122807,2.2982456140350878,-0.21052631578947367,2.2280701754385963,7.052631578947368,0.6842105263157895,0.6140350877192983,2.4210526315789473,1.7543859649122806,1.5087719298245614,2.7017543859649122,0.6666666666666666,2.017543859649123,2.5964912280701755,4.947368421052632,1.0526315789473684,0.8245614035087719,2.192982456140351,0.2982456140350877,1.8596491228070176,-0.017543859649122806,2.4035087719298245,-0.3508771929824561,-0.10526315789473684,8.473684210526315,0.42105263157894735,0.3157894736842105,1.8245614035087718,1.3508771929824561,1.3859649122807018,0.6491228070175439,0.22807017543859648,1.0350877192982457,2.1578947368421053,2.245614035087719,0.3508771929824561,0.05263157894736842,0.5789473684210527,-0.8070175438596491,0.631578947368421,-0.08771929824561403,0.9473684210526315,-0.9298245614035088,-0.6491228070175439,2.1403508771929824,0.2982456140350877,1.2105263157894737,0.38596491228070173,0.05263157894736842,0.631578947368421,0.7192982456140351,-0.2982456140350877,1.0175438596491229,0.21052631578947367,2.0701754385964914,-0.3508771929824561,0.12280701754385964,-0.14035087719298245,-0.15789473684210525,0.5087719298245614,0.017241379310344827,1.6379310344827587,-0.1896551724137931,0.9310344827586207,2.8275862068965516,0.8103448275862069,1.0172413793103448,1.0172413793103448,1.4310344827586208,1.3448275862068966,1.8103448275862069,-0.10344827586206896,1.1551724137931034,1.7241379310344827,2.6724137931034484,-0.27586206896551724,0.4482758620689655,0.43103448275862066,-0.22413793103448276,0.6206896551724138
Q01464,-0.37209302325581395,4.023255813953488,4.255813953488372,6.441860465116279,4.209302325581396,3.2325581395348837,6.093023255813954,0.5116279069767442,4.651162790697675,-0.6976744186046512,-1.6046511627906976,1.255813953488372,-2.5813953488372094,3.372093023255814,8.418604651162791,-0.13953488372093023,-0.18604651162790697,16.767441860465116,6.674418604651163,-1.1395348837209303,0.27906976744186046,0.9302325581395349,0.8604651162790697,-0.11627906976744186,3.4186046511627906,1.1627906976744187,0.6511627906976745,-0.813953488372093,2.511627906976744,0.09302325581395349,0.2558139534883721,0.813953488372093,-1.0930232558139534,1.9534883720930232,-0.16279069767441862,0.6976744186046512,0.9302325581395349,4.325581395348837,1.3488372093023255,0.4883720930232558,-0.32558139534883723,10.023255813953488,7.023255813953488,0.9302325581395349,6.3023255813953485,4.674418604651163,2.046511627906977,2.9069767441860463,6.372093023255814,-3.13953488372093,-0.9534883720930233,7.6976744186046515,1.8372093023255813,5.8604651162790695,10.883720930232558,3.0697674418604652,1.4883720930232558,20.348837209302324,5.441860465116279,-1.813953488372093,0.18604651162790697,-1.0930232558139534,2.372093023255814,1.627906976744186,2.627906976744186,-0.16279069767441862,-1.3255813953488371,1.2790697674418605,1.372093023255814,-1.627906976744186,-0.5348837209302325,-0.7906976744186046,-0.8604651162790697,1.813953488372093,3.116279069767442,1.0930232558139534,1.1395348837209303,10.069767441860465,2.7674418604651163,-0.13953488372093023,1.1304347826086956,0.6956521739130435,1.065217391304348,0.2608695652173913,7.5,0.41304347826086957,0.08695652173913043,5.956521739130435,3.9347826086956523,0.43478260869565216,1.0,-1.4782608695652173,1.6521739130434783,3.0434782608695654,0.45652173913043476,0.7608695652173914,0.8913043478260869,10.521739130434783,2.1956521739130435,1.2391304347826086
P10547,-0.07954545454545454,0.8863636363636364,0.0,0.8863636363636364,6.3977272727272725,0.022727272727272728,0.5113636363636364,1.3863636363636365,1.9886363636363635,3.1931818181818183,2.5795454545454546,-0.125,2.272727272727273,7.556818181818182,3.3181818181818183,0.7613636363636364,1.0113636363636365,10.215909090909092,4.011363636363637,0.7045454545454546,-0.09090909090909091,0.9545454545454546,-0.09090909090909091,0.1590909090909091,6.8977272727272725,0.20454545454545456,0.45454545454545453,1.2386363636363635,1.4659090909090908,2.772727272727273,3.9204545454545454,-0.03409090909090909,2.5795454545454546,9.340909090909092,5.5227272727272725,0.6363636363636364,1.4772727272727273,12.647727272727273,5.863636363636363,0.5227272727272727,0.13636363636363635,0.29545454545454547,0.32954545454545453,0.13636363636363635,4.761363636363637,0.6590909090909091,0.17045454545454544,0.4659090909090909,0.48863636363636365,2.0454545454545454,2.022727272727273,0.23863636363636365,1.1818181818181819,3.4431818181818183,2.272727272727273,0.19318181818181818,0.25,4.25,1.9090909090909092,0.7954545454545454,0.056818181818181816,0.8977272727272727,0.14772727272727273,0.8522727272727273,5.284090909090909,0.13636363636363635,1.0227272727272727,0.8522727272727273,2.25,1.1704545454545454,0.9204545454545454,0.8409090909090909,1.1136363636363635,2.147727272727273,1.9204545454545454,-0.06818181818181818,0.11363636363636363,4.295454545454546,0.06818181818181818,0.045454545454545456,0.27472527472527475,0.9560439560439561,0.32967032967032966,0.7032967032967034,2.4835164835164836,0.5054945054945055,0.27472527472527475,1.021978021978022,1.3406593406593406,1.8461538461538463,2.065934065934066,0.23076923076923078,1.043956043956044,1.7692307692307692,-0.34065934065934067,0.10989010989010989,0.03296703296703297,1.4175824175824177,0.06593406593406594,1.1758241758241759
P02983,-0.5432098765432098,5.728395061728395,4.037037037037037,10.654320987654321,3.2222222222222223,3.45679012345679,8.530864197530864,0.7654320987654321,8.333333333333334,-2.2839506172839505,-1.9135802469135803,5.827160493827161,-0.9382716049382716,-1.2222222222222223,5.08641975308642,-0.4074074074074074,-0.2716049382716049,1.7407407407407407,0.654320987654321,-1.2469135802469136,-0.06172839506172839,7.209876543209877,5.061728395061729,10.925925925925926,0.5061728395061729,3.7160493827160495,8.641975308641975,-0.4691358024691358,5.320987654320987,-1.1481481481481481,-0.9259259259259259,8.82716049382716,-0.8765432098765432,-0.5679012345679012,2.1358024691358026,-0.2222222222222222,0.12345679012345678,-0.04938271604938271,0.8888888888888888,-0.9135802469135802,-0.1111111111111111,1.1358024691358024,3.111111111111111,6.308641975308642,1.4567901234567902,0.8148148148148148,4.222222222222222,0.8888888888888888,2.493827160493827,0.24691358024691357,0.2716049382716049,2.1358024691358026,0.5061728395061729,0.35802469135802467,1.4814814814814814,0.24691358024691357,0.19753086419753085,-0.6790123456790124,0.6666666666666666,-0.08641975308641975,-0.4074074074074074,5.407407407407407,5.481481481481482,12.753086419753087,1.8148148148148149,4.518518518518518,12.506172839506172,-0.8024691358024691,4.481481481481482,0.09876543209876543,-0.1728395061728395,7.54320987654321,0.5308641975308642,-0.5061728395061729,4.283950617283951,-0.24691358024691357,-0.2345679012345679,0.4691358024691358,0.7283950617283951,0.13580246913580246,0.15294117647058825,4.8,1.6823529411764706,6.670588235294118,5.117647058823529,1.188235294117647,6.470588235294118,0.03529411764705882,5.3882352941176475,-0.18823529411764706,-0.49411764705882355,5.929411764705883,-1.0,-1.2352941176470589,4.529411764705882,-0.2235294117647059,-0.023529411764705882,4.588235294117647,0.35294117647058826,-0.4588235294117647
P81715,-0.06493506493506493,0.15584415584415584,0.948051948051948,0.35064935064935066,6.675324675324675,0.12987012987012986,0.12987012987012986,2.0779220779220777,0.11688311688311688,0.5194805194805194,-0.07792207792207792,0.5324675324675324,1.103896103896104,2.4285714285714284,0.948051948051948,-0.33766233766233766,-0.06493506493506493,5.012987012987013,1.1688311688311688,0.22077922077922077,-0.05194805194805195,1.8571428571428572,-0.5584415584415584,2.6103896103896105,7.402597402597403,0.8831168831168831,1.6363636363636365,0.7142857142857143,0.2857142857142857,1.8831168831168832,2.3766233766233764,0.7142857142857143,2.0259740259740258,3.8701298701298703,0.8441558441558441,-0.16883116883116883,-0.37662337662337664,8.493506493506494,1.6493506493506493,0.7142857142857143,0.025974025974025976,-0.1038961038961039,-0.2727272727272727,0.07792207792207792,4.584415584415584,0.2857142857142857,0.2727272727272727,0.4675324675324675,0.922077922077922,0.935064935064935,0.7142857142857143,0.37662337662337664,0.6363636363636364,0.8441558441558441,0.6883116883116883,-0.19480519480519481,0.36363636363636365,2.25974025974026,1.1168831168831168,0.2727272727272727,0.025974025974025976,0.22077922077922077,0.19480519480519481,-1.0909090909090908,5.64935064935065,-0.14285714285714285,0.025974025974025976,0.03896103896103896,0.987012987012987,0.7792207792207793,0.5584415584415584,-0.025974025974025976,-0.1038961038961039,0.6233766233766234,0.7142857142857143,-0.06493506493506493,-0.23376623376623376,1.3506493506493507,-0.38961038961038963,-0.1038961038961039,-0.1875,0.7375,-0.0625,1.0125,4.0875,-0.025,0.225,1.0,0.5875,0.525,1.4875,0.4125,0.7125,2.45,2.3625,-0.1,0.425,4.4375,0.6,0.3125
P54571,-0.25301204819277107,3.3855421686746987,3.5301204819277108,4.578313253012048,1.4939759036144578,2.3493975903614457,2.783132530120482,1.8795180722891567,3.5421686746987953,-0.25301204819277107,-0.25301204819277107,1.9879518072289157,-0.1566265060240964,-0.24096385542168675,2.144578313253012,0.7951807228915663,0.3493975903614458,2.9759036144578315,0.21686746987951808,0.24096385542168675,0.891566265060241,4.265060240963855,2.5542168674698793,4.253012048192771,1.4698795180722892,2.2771084337349397,3.0240963855421685,1.6506024096385543,3.9036144578313254,0.1566265060240964,0.2289156626506024,2.2409638554216866,-0.2289156626506024,2.1566265060240966,1.6144578313253013,0.9156626506024096,-0.14457831325301204,6.036144578313253,3.144578313253012,-0.10843373493975904,-0.3253012048192771,2.7228915662650603,2.566265060240964,4.072289156626506,3.1686746987951806,1.3373493975903614,2.63855421686747,1.180722891566265,2.5180722891566263,-0.4939759036144578,-0.43373493975903615,1.891566265060241,-0.1927710843373494,-0.07228915662650602,1.4337349397590362,-0.1566265060240964,0.27710843373493976,4.783132530120482,0.20481927710843373,0.04819277108433735,-0.12048192771084337,1.8674698795180722,1.6506024096385543,3.1325301204819276,2.8433734939759034,1.1927710843373494,1.891566265060241,0.024096385542168676,3.1686746987951806,-0.37349397590361444,-0.060240963855421686,1.1325301204819278,-0.08433734939759036,0.6265060240963856,4.096385542168675,0.08433734939759036,-0.07228915662650602,5.301204819277109,2.1566265060240966,-0.5060240963855421,0.11627906976744186,3.2674418604651163,1.6744186046511629,3.058139534883721,4.290697674418604,1.9651162790697674,1.9534883720930232,1.441860465116279,2.5930232558139537,0.627906976744186,1.0232558139534884,1.686046511627907,0.872093023255814,1.7093023255813953,1.627906976744186,0.4883720930232558,-0.03488372093023256,2.2325581395348837,0.2558139534883721,0.4883720930232558
Q03377,0.9411764705882353,2.8823529411764706,4.411764705882353,7.352941176470588,2.2941176470588234,3.1176470588235294,4.0,7.117647058823529,3.0588235294117645,6.117647058823529,4.176470588235294,1.8823529411764706,3.0588235294117645,3.9411764705882355,10.235294117647058,1.7058823529411764,0.9411764705882353,8.294117647058824,2.823529411764706,3.176470588235294,1.8235294117647058,-0.29411764705882354,0.4117647058823529,2.176470588235294,4.0,0.17647058823529413,-1.4705882352941178,2.235294117647059,1.5294117647058822,1.3529411764705883,2.0,-0.5882352941176471,1.0588235294117647,-1.4705882352941178,2.0,-0.11764705882352941,-0.47058823529411764,-0.9411764705882353,-1.1764705882352942,1.8235294117647058,-0.11764705882352941,-0.17647058823529413,1.1764705882352942,1.2352941176470589,1.8235294117647058,-0.7647058823529411,-2.0,1.0588235294117647,-2.7058823529411766,-3.2941176470588234,1.0,0.5882352941176471,1.2941176470588236,1.588235294117647,0.6470588235294118,0.35294117647058826,0.5294117647058824,7.529411764705882,0.0,-0.8235294117647058,1.0588235294117647,0.23529411764705882,2.0588235294117645,-0.6470588235294118,4.470588235294118,0.23529411764705882,-2.0,-2.0,1.8823529411764706,-0.47058823529411764,1.0588235294117647,-0.058823529411764705,1.2352941176470589,2.8823529411764706,-4.764705882352941,0.8235294117647058,0.29411764705882354,6.705882352941177,0.7058823529411765,0.23529411764705882,0.9047619047619048,-2.0,1.9523809523809523,0.8095238095238095,6.761904761904762,-0.047619047619047616,-0.19047619047619047,3.0,1.2857142857142858,2.9523809523809526,0.19047619047619047,0.47619047619047616,1.4285714285714286,2.4761904761904763,3.0952380952380953,1.1904761904761905,0.14285714285714285,3.761904761904762,7.142857142857143,2.4761904761904763
P54422,-0.16822429906542055,2.392523364485981,0.5794392523364486,3.8598130841121496,2.336448598130841,0.9345794392523364,1.9065420560747663,1.0,1.411214953271028,1.2429906542056075,1.355140186915888,1.2897196261682242,1.6168224299065421,3.2616822429906542,2.467289719626168,-0.7570093457943925,0.102803738317757,7.457943925233645,2.6542056074766354,-0.009345794392523364,0.24299065420560748,0.056074766355140186,1.691588785046729,1.3271028037383177,4.186915887850467,0.205607476635514,0.38317757009345793,1.0,0.6915887850467289,1.7102803738317758,0.5233644859813084,0.04672897196261682,0.616822429906542,1.514018691588785,1.2897196261682242,0.6728971962616822,0.6261682242990654,3.121495327102804,2.0,0.5700934579439252,-0.8317757009345794,1.5327102803738317,1.3644859813084111,1.8878504672897196,5.710280373831775,0.8598130841121495,0.9345794392523364,0.38317757009345793,0.6542056074766355,0.8598130841121495,0.22429906542056074,0.8037383177570093,-0.205607476635514,2.130841121495327,-0.056074766355140186,-0.22429906542056074,0.028037383177570093,4.813084112149533,1.1962616822429906,0.6448598130841121,-0.037383177570093455,1.7383177570093458,0.8037383177570093,1.5233644859813085,4.336448598130841,1.0,0.8785046728971962,0.4953271028037383,1.2897196261682242,1.485981308411215,1.5700934579439252,1.2710280373831775,0.3925233644859813,1.841121495327103,1.4299065420560748,-0.056074766355140186,-0.056074766355140186,3.308411214953271,1.0,1.1682242990654206,0.1559633027522936,1.238532110091743,0.908256880733945,1.4862385321100917,4.63302752293578,0.41284403669724773,1.0642201834862386,1.798165137614679,0.5963302752293578,1.6238532110091743,1.3027522935779816,0.6513761467889908,0.7339449541284404,2.302752293577982,2.0275229357798166,0.1559633027522936,-0.01834862385321101,3.293577981651376,0.5229357798165137,1.036697247706422
Q9S4K9,2.021276595744681,6.127659574468085,2.5319148936170213,1.8297872340425532,9.085106382978724,3.234042553191489,1.0425531914893618,5.702127659574468,0.0851063829787234,3.574468085106383,5.0212765957446805,3.6808510638297873,4.723404255319149,2.425531914893617,7.276595744680851,1.1063829787234043,-1.2340425531914894,15.829787234042554,4.76595744680851,2.1702127659574466,0.6170212765957447,5.23404255319149,6.148936170212766,7.127659574468085,5.085106382978723,4.276595744680851,3.723404255319149,2.595744680851064,5.25531914893617,-2.148936170212766,1.6382978723404256,2.851063829787234,1.3829787234042554,6.1063829787234045,8.127659574468085,2.425531914893617,1.4893617021276595,17.595744680851062,5.723404255319149,-1.7446808510638299,0.2127659574468085,5.23404255319149,7.276595744680851,8.02127659574468,7.531914893617022,4.425531914893617,5.297872340425532,10.829787234042554,10.638297872340425,2.702127659574468,3.0638297872340425,4.085106382978723,3.851063829787234,6.446808510638298,11.787234042553191,3.234042553191489,1.7234042553191489,21.170212765957448,6.0,4.787234042553192,0.0,5.276595744680851,2.765957446808511,1.9148936170212767,2.893617021276596,4.042553191489362,4.382978723404255,2.25531914893617,3.3191489361702127,0.2127659574468085,1.5319148936170213,5.468085106382978,-0.5957446808510638,3.6382978723404253,7.404255319148936,0.851063829787234,1.5957446808510638,6.808510638297872,4.340425531914893,-0.02127659574468085,-1.04,1.96,2.32,4.08,7.52,1.06,0.96,4.48,3.16,1.78,0.04,0.66,-0.18,5.16,1.2,1.88,2.08,8.74,1.38,1.92
Q48919,0.7878787878787878,0.21212121212121213,0.5151515151515151,0.9242424242424242,2.0757575757575757,0.16666666666666666,0.3484848484848485,0.803030303030303,1.3333333333333333,0.9393939393939394,1.4848484848484849,0.3484848484848485,0.4393939393939394,3.1666666666666665,2.3333333333333335,-0.15151515151515152,-0.07575757575757576,4.393939393939394,2.242424242424242,0.24242424242424243,0.7878787878787878,1.0,1.0,0.9848484848484849,2.8484848484848486,0.19696969696969696,0.6060606060606061,1.1818181818181819,1.8333333333333333,1.8484848484848484,2.272727272727273,0.4393939393939394,1.3636363636363635,3.6818181818181817,6.03030303030303,0.3484848484848485,0.2727272727272727,5.742424242424242,2.5757575757575757,0.5606060606060606,-0.030303030303030304,0.5151515151515151,0.7575757575757576,0.8181818181818182,2.393939393939394,0.0,-0.19696969696969696,0.5151515151515151,0.9393939393939394,0.8636363636363636,0.8636363636363636,0.07575757575757576,0.21212121212121213,1.6515151515151516,0.6818181818181818,-0.18181818181818182,-0.015151515151515152,3.0606060606060606,1.1515151515151516,0.36363636363636365,0.3181818181818182,0.8181818181818182,0.3333333333333333,0.6212121212121212,2.409090909090909,0.18181818181818182,0.12121212121212122,-0.10606060606060606,1.5757575757575757,1.303030303030303,1.6666666666666667,0.030303030303030304,0.8333333333333334,2.409090909090909,-1.0757575757575757,0.16666666666666666,0.06060606060606061,3.1363636363636362,1.5757575757575757,0.5606060606060606,1.0,2.2388059701492535,1.5522388059701493,1.6119402985074627,3.074626865671642,0.3880597014925373,0.6567164179104478,-0.9253731343283582,2.955223880597015,3.1194029850746268,3.5074626865671643,0.5671641791044776,1.8059701492537314,5.731343283582089,2.5970149253731343,0.1044776119402985,0.04477611940298507,8.014925373134329,3.074626865671642,1.0895522388059702
O50515,0.75,1.75,4.875,6.125,6.875,0.125,-0.125,9.0,-0.5,-0.875,2.875,-0.875,-0.75,6.125,-0.625,1.5,-1.625,12.5,6.125,0.5,-3.625,3.5,4.375,2.5,3.125,1.375,-2.25,6.5,4.75,0.5,0.0,0.625,-1.125,-3.875,5.125,0.875,-0.375,-1.25,2.0,3.125,1.375,0.25,-2.375,-1.0,6.125,-2.125,-0.75,7.875,3.375,0.75,-2.0,-3.125,-2.75,5.0,3.625,-1.125,0.125,11.25,4.625,1.875,0.375,2.625,0.875,2.375,2.875,-3.125,-0.625,-2.375,-2.375,5.0,6.125,-1.375,4.0,9.75,2.875,-0.375,-0.125,14.0,5.25,4.375,1.0909090909090908,0.6363636363636364,-2.0,-4.090909090909091,5.909090909090909,-1.0909090909090908,-4.7272727272727275,2.3636363636363638,0.45454545454545453,-1.1818181818181819,-2.4545454545454546,0.09090909090909091,-0.45454545454545453,1.5454545454545454,4.2727272727272725,-0.7272727272727273,0.2727272727272727,8.727272727272727,4.545454545454546,-0.45454545454545453
Q05523,0.6375,0.6375,1.0625,2.025,3.425,0.0875,0.8875,2.75,1.2625,0.8625,1.85,0.425,0.5625,0.8,1.05,0.575,-0.3,5.4125,1.2625,0.2625,0.0875,0.225,-0.2125,0.7375,3.675,0.0,0.5625,1.275,1.0625,1.2875,0.9875,0.1,0.25,2.35,1.3875,0.275,0.0,5.3125,0.5875,1.225,0.1625,0.2125,0.2,0.1125,3.75,0.15,-0.025,1.5375,1.1375,0.5625,0.6125,-0.0625,0.0,1.05,1.4,0.1625,-0.375,0.6,0.8375,0.5875,-0.1375,-0.025,0.725,0.975,4.2375,0.4125,0.4875,2.1,1.0625,2.0125,1.525,-0.6,0.6875,0.4875,0.45,-0.0125,-0.05,2.4375,0.975,1.2875,0.06097560975609756,0.8536585365853658,0.32926829268292684,0.04878048780487805,2.9390243902439024,0.13414634146341464,-0.13414634146341464,0.04878048780487805,1.3048780487804879,0.5365853658536586,0.4268292682926829,0.6463414634146342,0.25609756097560976,1.3414634146341464,1.0365853658536586,0.4146341463414634,-0.012195121951219513,3.158536585365854,0.975609756097561,0.2073170731707317
P28611,-0.38636363636363635,5.159090909090909,3.0,5.454545454545454,3.0,2.772727272727273,4.5,0.38636363636363635,3.75,0.5681818181818182,0.45454545454545453,3.590909090909091,-0.3409090909090909,0.22727272727272727,3.4318181818181817,-0.06818181818181818,0.18181818181818182,3.5,1.6590909090909092,-0.13636363636363635,0.5681818181818182,-0.22727272727272727,0.6363636363636364,0.18181818181818182,5.863636363636363,-0.29545454545454547,-0.6136363636363636,1.9090909090909092,1.3863636363636365,1.0,0.2727272727272727,-0.13636363636363635,0.29545454545454547,1.0,3.090909090909091,0.4318181818181818,0.45454545454545453,3.9545454545454546,1.0454545454545454,0.8181818181818182,0.045454545454545456,0.9545454545454546,1.2045454545454546,0.9545454545454546,5.636363636363637,0.8636363636363636,-0.022727272727272728,2.2954545454545454,0.7045454545454546,-0.4090909090909091,-0.045454545454545456,0.7045454545454546,0.18181818181818182,3.3181818181818183,4.181818181818182,0.5454545454545454,-0.045454545454545456,6.295454545454546,2.6818181818181817,0.3409090909090909,-0.2727272727272727,3.6136363636363638,1.0681818181818181,3.0454545454545454,3.4545454545454546,2.1363636363636362,2.3863636363636362,-0.06818181818181818,3.5,-0.5,-0.6363636363636364,1.9318181818181819,-0.4090909090909091,1.9090909090909092,3.25,-0.3409090909090909,-0.20454545454545456,5.7727272727272725,1.8863636363636365,-0.3181818181818182,0.5909090909090909,0.2727272727272727,-0.5,1.2045454545454546,5.590909090909091,1.2272727272727273,0.9772727272727273,2.409090909090909,1.4545454545454546,-0.18181818181818182,0.0,0.36363636363636365,-1.0454545454545454,2.6818181818181817,0.29545454545454547,0.0,0.5,6.568181818181818,1.0454545454545454,-0.045454545454545456
P35865,-0.5333333333333333,8.3,6.144444444444445,12.61111111111111,6.977777777777778,6.6,8.844444444444445,-0.06666666666666667,8.822222222222223,-0.5333333333333333,-0.2111111111111111,7.1,0.3111111111111111,-0.12222222222222222,7.777777777777778,-0.2,0.8777777777777778,6.233333333333333,3.5444444444444443,0.4444444444444444,-0.3,7.7,1.6,8.61111111111111,1.3444444444444446,4.055555555555555,5.133333333333334,0.6555555555555556,6.233333333333333,1.1666666666666667,-0.18888888888888888,4.8,-0.4222222222222222,0.8,4.011111111111111,0.12222222222222222,0.03333333333333333,-0.3,0.28888888888888886,0.1,-0.28888888888888886,3.7555555555555555,1.8444444444444446,4.355555555555555,2.422222222222222,2.4444444444444446,4.5,-0.5666666666666667,4.988888888888889,-0.2222222222222222,-0.6777777777777778,2.922222222222222,-1.011111111111111,0.011111111111111112,1.8444444444444446,-0.35555555555555557,0.18888888888888888,3.6222222222222222,0.8888888888888888,-0.28888888888888886,0.32222222222222224,5.644444444444445,2.6666666666666665,7.977777777777778,1.1888888888888889,3.611111111111111,6.611111111111111,1.9555555555555555,5.122222222222222,0.9666666666666667,0.7111111111111111,4.644444444444445,0.7333333333333333,1.1111111111111112,3.077777777777778,0.26666666666666666,0.16666666666666666,3.011111111111111,0.5666666666666667,0.45555555555555555,0.4175824175824176,3.230769230769231,2.6373626373626373,5.351648351648351,2.2527472527472527,2.1758241758241756,3.7252747252747254,1.2967032967032968,2.8351648351648353,0.16483516483516483,-0.2087912087912088,1.6813186813186813,0.16483516483516483,0.5824175824175825,2.32967032967033,0.6043956043956044,0.26373626373626374,-0.23076923076923078,-0.9120879120879121,0.15384615384615385
P35166,-0.031746031746031744,0.15873015873015872,1.380952380952381,2.0952380952380953,2.746031746031746,0.1111111111111111,0.49206349206349204,3.3174603174603177,0.9365079365079365,0.9841269841269841,0.3333333333333333,0.9682539682539683,0.15873015873015872,2.8412698412698414,1.4126984126984128,0.1746031746031746,0.5714285714285714,5.126984126984127,1.7142857142857142,0.6984126984126984,-0.49206349206349204,0.7619047619047619,1.1428571428571428,1.6507936507936507,3.2857142857142856,0.4603174603174603,0.8888888888888888,2.746031746031746,2.1904761904761907,1.5238095238095237,2.0793650793650795,0.12698412698412698,0.6507936507936508,4.412698412698413,0.8253968253968254,-0.07936507936507936,-0.09523809523809523,8.142857142857142,3.238095238095238,0.9047619047619048,0.3333333333333333,0.3968253968253968,1.0158730158730158,2.3015873015873014,4.2063492063492065,-0.015873015873015872,-0.23809523809523808,4.428571428571429,1.5555555555555556,0.25396825396825395,0.6825396825396826,-0.2857142857142857,0.2857142857142857,2.3968253968253967,1.3968253968253967,-0.4126984126984127,0.0,5.873015873015873,1.7936507936507937,0.23809523809523808,0.5873015873015873,0.47619047619047616,0.36507936507936506,1.1746031746031746,4.190476190476191,-0.30158730158730157,0.0,2.2857142857142856,0.6984126984126984,2.3492063492063493,2.6666666666666665,-0.031746031746031744,0.6825396825396826,2.6031746031746033,1.8571428571428572,0.12698412698412698,-0.12698412698412698,5.428571428571429,1.0634920634920635,0.9047619047619048,-0.13636363636363635,1.0909090909090908,1.121212121212121,1.4242424242424243,3.712121212121212,1.121212121212121,1.0303030303030303,2.4545454545454546,2.3636363636363638,1.3333333333333333,1.121212121212121,0.7424242424242424,0.25757575757575757,1.393939393939394,1.7424242424242424,-0.2878787878787879,-0.3787878787878788,5.833333333333333,1.2272727272727273,0.696969696969697
Q93QY7,0.0379746835443038,2.0126582278481013,1.7468354430379747,3.8797468354430378,3.7468354430379747,1.4430379746835442,2.4240506329113924,1.7848101265822784,2.240506329113924,0.740506329113924,0.13291139240506328,1.2088607594936709,0.22784810126582278,0.10759493670886076,3.7278481012658227,-0.06329113924050633,0.2911392405063291,2.4936708860759493,0.6455696202531646,0.6265822784810127,-0.379746835443038,2.3037974683544302,2.550632911392405,4.158227848101266,3.2278481012658227,1.8164556962025316,2.930379746835443,2.3544303797468356,2.4050632911392404,0.24050632911392406,-0.810126582278481,1.7911392405063291,-0.25316455696202533,-0.8417721518987342,2.6835443037974684,-0.3291139240506329,-0.02531645569620253,3.2848101265822787,-0.34177215189873417,0.33544303797468356,-0.0949367088607595,1.0759493670886076,1.4050632911392404,2.9240506329113924,2.8860759493670884,1.3670886075949367,2.1645569620253164,1.5886075949367089,2.8164556962025316,-0.310126582278481,0.11392405063291139,1.3670886075949367,-0.0379746835443038,-0.44936708860759494,2.2341772151898733,0.2468354430379747,0.056962025316455694,1.0759493670886076,-0.310126582278481,-0.25316455696202533,0.24050632911392406,0.6962025316455697,1.0,2.0632911392405062,5.2405063291139244,0.34810126582278483,0.689873417721519,1.9177215189873418,1.1772151898734178,1.9746835443037976,1.5,0.6962025316455697,1.1075949367088607,3.018987341772152,2.2848101265822787,0.18354430379746836,0.25316455696202533,4.1835443037974684,1.5506329113924051,1.3291139240506329,0.4779874213836478,0.7169811320754716,1.0817610062893082,1.578616352201258,5.031446540880503,0.559748427672956,0.27044025157232704,1.7735849056603774,1.578616352201258,1.4150943396226414,1.0125786163522013,1.1069182389937107,-0.13836477987421383,1.5911949685534592,2.540880503144654,0.5031446540880503,0.8238993710691824,2.6289308176100628,1.270440251572327,1.1761006289308176
Q8GJ44,0.7833333333333333,2.1333333333333333,1.5166666666666666,2.4583333333333335,4.2,0.55,1.8,1.275,1.9666666666666666,2.566666666666667,3.55,1.325,2.325,2.15,2.8833333333333333,0.125,0.125,1.4333333333333333,0.7916666666666666,1.4,0.7333333333333333,1.4916666666666667,-0.041666666666666664,1.7,5.375,0.475,0.9083333333333333,0.5916666666666667,0.9583333333333334,2.8583333333333334,4.191666666666666,0.5666666666666667,2.1416666666666666,2.825,2.7333333333333334,-0.041666666666666664,0.125,4.8,1.0833333333333333,1.9916666666666667,0.08333333333333333,0.9166666666666666,-0.041666666666666664,0.575,3.8333333333333335,0.125,0.35833333333333334,0.49166666666666664,1.3833333333333333,1.05,1.6916666666666667,0.4083333333333333,1.0916666666666666,1.4333333333333333,1.65,-0.18333333333333332,0.48333333333333334,1.5833333333333333,1.1666666666666667,0.5833333333333334,0.14166666666666666,1.1333333333333333,0.43333333333333335,0.9583333333333334,4.108333333333333,0.325,0.4,0.06666666666666667,1.3166666666666667,1.7083333333333333,1.5166666666666666,0.5166666666666667,1.05,1.775,2.2666666666666666,0.016666666666666666,0.05,3.075,1.575,0.9583333333333334,0.19008264462809918,0.9173553719008265,-0.23140495867768596,0.6446280991735537,3.56198347107438,0.4793388429752066,0.7603305785123967,0.5206611570247934,1.5454545454545454,1.9834710743801653,1.8925619834710743,0.34710743801652894,1.165289256198347,1.1983471074380165,2.603305785123967,0.1487603305785124,0.1652892561983471,2.809917355371901,0.7107438016528925,1.256198347107438
Q5YLG1,1.0743801652892562,2.6859504132231407,1.3305785123966942,3.115702479338843,6.892561983471074,1.628099173553719,2.9917355371900825,1.8512396694214877,2.041322314049587,3.760330578512397,2.9834710743801653,1.3140495867768596,1.3388429752066116,2.909090909090909,4.983471074380165,0.17355371900826447,0.9669421487603306,7.2727272727272725,2.0578512396694215,2.2148760330578514,0.39669421487603307,1.3884297520661157,2.5371900826446283,1.1735537190082646,6.520661157024794,1.487603305785124,1.2314049586776858,3.371900826446281,1.6611570247933884,4.7190082644628095,3.1818181818181817,1.5702479338842976,2.041322314049587,4.603305785123967,2.768595041322314,0.1322314049586777,0.9917355371900827,6.090909090909091,3.3140495867768593,2.5785123966942147,0.08264462809917356,1.7768595041322315,0.30578512396694213,1.4545454545454546,5.206611570247934,0.3305785123966942,0.6446280991735537,1.0,1.3140495867768596,2.512396694214876,1.3884297520661157,0.7768595041322314,0.5867768595041323,2.2231404958677685,2.190082644628099,-0.09090909090909091,0.008264462809917356,2.190082644628099,1.1322314049586777,1.256198347107438,1.2066115702479339,1.1487603305785123,-0.01652892561983471,1.859504132231405,6.9421487603305785,1.322314049586777,2.206611570247934,1.9173553719008265,1.396694214876033,3.2644628099173554,4.487603305785124,2.0826446280991737,2.603305785123967,3.2148760330578514,1.6446280991735538,0.06611570247933884,0.2727272727272727,5.099173553719008,1.1239669421487604,2.206611570247934,0.08,1.128,-0.144,0.496,4.696,0.16,0.52,0.176,1.28,1.872,2.328,0.448,1.52,2.064,1.64,0.256,0.4,2.96,0.176,1.4
P42237,-0.1728395061728395,4.580246913580247,3.234567901234568,8.728395061728396,3.382716049382716,3.2962962962962963,7.3580246913580245,0.5555555555555556,7.049382716049383,-1.5925925925925926,-1.3950617283950617,5.691358024691358,-0.6049382716049383,-0.7530864197530864,4.679012345679013,-0.037037037037037035,-0.037037037037037035,1.5555555555555556,0.4444444444444444,-0.8641975308641975,0.1728395061728395,7.777777777777778,4.481481481481482,12.62962962962963,0.8888888888888888,3.728395061728395,9.246913580246913,-0.5185185185185185,6.407407407407407,-1.4691358024691359,-1.0617283950617284,8.728395061728396,-0.6296296296296297,-0.9259259259259259,2.4814814814814814,-0.32098765432098764,0.2222222222222222,-1.7901234567901234,0.4074074074074074,-1.0123456790123457,-0.13580246913580246,2.6419753086419755,2.925925925925926,6.444444444444445,1.9506172839506173,2.1358024691358026,5.222222222222222,1.037037037037037,3.1481481481481484,0.345679012345679,0.3950617283950617,4.308641975308642,0.19753086419753085,1.4197530864197532,1.9259259259259258,0.2222222222222222,0.14814814814814814,0.0,0.2222222222222222,0.037037037037037035,-0.07407407407407407,7.308641975308642,3.5555555555555554,9.728395061728396,1.8518518518518519,3.6419753086419755,10.407407407407407,-0.16049382716049382,5.320987654320987,0.8765432098765432,-0.012345679012345678,6.790123456790123,0.8888888888888888,1.0123456790123457,3.6790123456790123,-0.1111111111111111,-0.06172839506172839,0.18518518518518517,0.1111111111111111,0.2962962962962963,0.08641975308641975,7.0,2.802469135802469,12.703703703703704,4.0246913580246915,4.160493827160494,10.444444444444445,1.0246913580246915,7.604938271604938,-0.5802469135802469,0.18518518518518517,7.444444444444445,-0.2962962962962963,0.30864197530864196,4.419753086419753,0.25925925925925924,0.32098765432098764,3.9012345679012346,-0.5185185185185185,-0.3950617283950617
P29094,1.2549019607843137,2.9901960784313726,2.088235294117647,1.4607843137254901,10.588235294117647,2.1470588235294117,2.0392156862745097,4.186274509803922,-0.6274509803921569,4.3431372549019605,4.813725490196078,2.676470588235294,3.4215686274509802,3.343137254901961,3.6862745098039214,1.3137254901960784,1.4803921568627452,4.470588235294118,2.480392156862745,3.2745098039215685,0.5588235294117647,0.23529411764705882,1.088235294117647,-0.3333333333333333,2.3627450980392157,0.8725490196078431,0.9803921568627451,2.480392156862745,0.06862745098039216,0.35294117647058826,0.5,0.9019607843137255,0.4019607843137255,-0.37254901960784315,3.9019607843137254,1.1568627450980393,1.3333333333333333,-0.18627450980392157,-0.14705882352941177,0.3627450980392157,0.4803921568627451,0.6764705882352942,-0.06862745098039216,-0.1568627450980392,5.735294117647059,0.6176470588235294,0.39215686274509803,-0.43137254901960786,-0.4803921568627451,0.8921568627450981,0.3137254901960784,1.1764705882352942,-0.24509803921568626,0.09803921568627451,0.7647058823529411,0.2647058823529412,0.17647058823529413,0.12745098039215685,0.16666666666666666,0.5196078431372549,0.35294117647058826,2.0588235294117645,0.7254901960784313,2.4411764705882355,6.264705882352941,0.3431372549019608,2.264705882352941,1.0686274509803921,1.1666666666666667,2.5,0.18627450980392157,2.0098039215686274,0.22549019607843138,0.8725490196078431,1.588235294117647,0.696078431372549,0.43137254901960786,0.8823529411764706,-0.14705882352941177,2.715686274509804,0.5480769230769231,0.7307692307692307,1.5288461538461537,1.4711538461538463,7.173076923076923,0.8942307692307693,0.9807692307692307,2.980769230769231,0.7211538461538461,1.4615384615384615,0.4807692307692308,0.5673076923076923,1.5480769230769231,1.0096153846153846,1.6153846153846154,0.6923076923076923,0.36538461538461536,2.9326923076923075,0.7596153846153846,0.8173076923076923
Q933K8,0.45121951219512196,1.2073170731707317,0.5,1.329268292682927,2.5,0.15853658536585366,0.4268292682926829,1.7195121951219512,1.2073170731707317,1.9878048780487805,1.9390243902439024,0.45121951219512196,0.9878048780487805,4.2926829268292686,1.0853658536585367,0.2682926829268293,0.23170731707317074,6.2560975609756095,2.2560975609756095,0.7195121951219512,0.5121951219512195,0.012195121951219513,0.21951219512195122,0.6829268292682927,3.1097560975609757,0.13414634146341464,-0.15853658536585366,0.3902439024390244,1.2439024390243902,2.4878048780487805,2.268292682926829,0.06097560975609756,0.9024390243902439,2.6097560975609757,2.2195121951219514,0.10975609756097561,-0.07317073170731707,4.341463414634147,1.9878048780487805,1.3414634146341464,0.08536585365853659,0.23170731707317074,0.13414634146341464,0.3902439024390244,3.792682926829268,0.2926829268292683,-0.13414634146341464,2.0609756097560976,0.6585365853658537,1.8902439024390243,1.6585365853658536,0.24390243902439024,0.9512195121951219,2.4634146341463414,1.353658536585366,-0.07317073170731707,0.14634146341463414,2.1951219512195124,0.8048780487804879,1.048780487804878,0.6341463414634146,1.853658536585366,0.975609756097561,0.6463414634146342,3.048780487804878,0.8048780487804879,0.7926829268292683,0.47560975609756095,2.926829268292683,1.5,1.524390243902439,0.9146341463414634,0.2926829268292683,4.414634146341464,1.8658536585365855,0.07317073170731707,0.13414634146341464,6.329268292682927,3.707317073170732,0.24390243902439024,-0.04878048780487805,0.8170731707317073,0.35365853658536583,1.2439024390243902,3.4146341463414633,-0.012195121951219513,-0.012195121951219513,0.4878048780487805,1.6951219512195121,4.2073170731707314,3.5853658536585367,0.13414634146341464,0.7439024390243902,5.329268292682927,1.5121951219512195,-0.024390243902439025,0.5975609756097561,5.146341463414634,3.4634146341463414,1.975609756097561
P22637,0.36,0.02,0.92,1.52,2.12,0.8,1.37,0.67,2.48,1.78,1.58,0.53,0.82,2.98,0.88,0.25,0.29,5.1,2.62,0.97,0.08,0.32,0.41,0.51,2.5,0.39,0.75,-0.33,0.78,0.79,1.15,0.46,0.48,1.05,0.5,-0.17,0.17,3.01,0.17,0.62,0.13,0.46,0.1,0.42,2.42,0.2,0.28,-0.53,0.59,1.68,1.02,0.12,1.05,2.13,0.15,0.27,-0.07,3.32,1.3,0.6,-0.11,0.21,0.69,1.21,3.26,0.59,0.93,1.23,1.56,0.82,0.49,0.52,0.02,0.81,-0.27,0.04,-0.04,2.48,0.69,0.79,0.0,0.9803921568627451,0.6666666666666666,1.2058823529411764,1.588235294117647,0.3333333333333333,0.46078431372549017,0.3431372549019608,1.0196078431372548,1.0294117647058822,0.8823529411764706,0.6176470588235294,0.7450980392156863,1.4411764705882353,-0.14705882352941177,-0.16666666666666666,0.1568627450980392,4.46078431372549,1.4019607843137254,0.4803921568627451
Q9RC92,0.2923076923076923,0.8923076923076924,0.16923076923076924,1.8307692307692307,4.123076923076923,0.15384615384615385,0.27692307692307694,3.1384615384615384,0.8769230769230769,1.0153846153846153,1.1846153846153846,0.5384615384615384,0.4153846153846154,2.6615384615384614,3.5076923076923077,0.3230769230769231,0.38461538461538464,5.538461538461538,1.523076923076923,0.9076923076923077,0.4,-0.15384615384615385,0.26153846153846155,0.35384615384615387,3.353846153846154,0.13846153846153847,-0.5692307692307692,2.2,1.1846153846153846,2.4923076923076923,2.1076923076923078,-0.015384615384615385,0.7538461538461538,3.4307692307692306,2.8153846153846156,0.5538461538461539,0.6153846153846154,6.107692307692307,1.353846153846154,1.7076923076923076,0.46153846153846156,0.3230769230769231,-0.7384615384615385,0.06153846153846154,5.523076923076923,-0.4307692307692308,-0.5230769230769231,3.246153846153846,1.1076923076923078,2.7846153846153845,2.3384615384615386,-0.3384615384615385,1.3076923076923077,0.5384615384615384,2.4153846153846152,0.3076923076923077,0.13846153846153847,4.369230769230769,-1.0615384615384615,2.2615384615384615,-0.27692307692307694,0.9538461538461539,0.3384615384615385,0.4,3.353846153846154,0.4,-0.4153846153846154,2.2153846153846155,0.3384615384615385,2.076923076923077,1.9538461538461538,0.24615384615384617,0.6923076923076923,1.8923076923076922,1.6923076923076923,-0.23076923076923078,0.13846153846153847,4.369230769230769,0.6,1.1692307692307693,0.8208955223880597,0.13432835820895522,0.08955223880597014,0.08955223880597014,5.6716417910447765,0.19402985074626866,-0.22388059701492538,1.208955223880597,0.16417910447761194,1.6567164179104477,1.4029850746268657,-0.6268656716417911,0.8805970149253731,0.04477611940298507,2.1343283582089554,0.417910447761194,0.6567164179104478,1.7014925373134329,-0.9253731343283582,1.492537313432836
P45618,0.1,3.85,4.25,3.4,6.75,2.7,3.35,5.05,2.9,4.9,5.5,1.25,2.25,3.4,0.45,1.45,1.25,8.15,2.65,4.6,1.85,3.25,0.8,1.85,8.1,2.65,3.05,2.05,4.1,1.95,4.3,1.0,1.85,5.65,4.65,0.2,1.15,12.05,6.6,1.35,-0.05,4.05,1.15,2.1,8.75,1.5,-0.35,6.55,0.9,1.45,4.7,0.45,2.55,4.5,8.1,1.55,2.0,11.55,5.05,1.4,0.75,1.2,-0.65,-1.2,7.5,-0.25,-0.9,3.2,1.0,-4.2,-2.95,-0.7,-0.25,1.65,2.85,1.05,0.65,10.0,0.75,-4.1,-0.08333333333333333,0.4583333333333333,0.4583333333333333,0.625,4.375,-0.5416666666666666,-0.5416666666666666,0.9583333333333334,1.875,-0.5833333333333334,0.125,-0.75,0.5,2.4166666666666665,0.3333333333333333,0.5833333333333334,0.0,8.166666666666666,2.7083333333333335,-0.2916666666666667
Q828D2,0.8421052631578947,-1.736842105263158,0.6842105263157895,1.868421052631579,8.210526315789474,0.34210526315789475,-0.7894736842105263,3.026315789473684,2.3157894736842106,3.0526315789473686,3.6052631578947367,0.0,1.6578947368421053,5.2105263157894735,5.157894736842105,1.763157894736842,1.236842105263158,13.026315789473685,5.473684210526316,1.368421052631579,1.3421052631578947,1.236842105263158,5.157894736842105,3.8684210526315788,13.263157894736842,0.34210526315789475,-1.0789473684210527,11.236842105263158,4.552631578947368,5.578947368421052,2.4473684210526314,0.3157894736842105,2.8421052631578947,8.526315789473685,4.315789473684211,2.8157894736842106,3.3157894736842106,17.68421052631579,3.6842105263157894,5.447368421052632,2.8947368421052633,0.21052631578947367,2.8157894736842106,3.026315789473684,12.631578947368421,0.23684210526315788,-1.0,5.552631578947368,3.9210526315789473,1.9210526315789473,3.6052631578947367,-0.18421052631578946,0.8947368421052632,3.8421052631578947,10.421052631578947,2.1315789473684212,2.6052631578947367,13.31578947368421,3.8421052631578947,2.763157894736842,-0.07894736842105263,0.9736842105263158,1.368421052631579,0.8421052631578947,6.921052631578948,0.2631578947368421,-1.0789473684210527,5.2631578947368425,3.1842105263157894,1.605263157894737,1.5,0.7368421052631579,0.2631578947368421,4.868421052631579,0.868421052631579,1.0263157894736843,0.9210526315789473,10.368421052631579,3.763157894736842,0.7105263157894737,0.5897435897435898,0.7948717948717948,0.38461538461538464,1.435897435897436,5.666666666666667,0.6923076923076923,2.717948717948718,1.4871794871794872,1.3076923076923077,3.948717948717949,4.384615384615385,0.46153846153846156,2.6666666666666665,6.82051282051282,1.1025641025641026,0.3076923076923077,-0.07692307692307693,9.025641025641026,4.256410256410256,1.8461538461538463
P12669,0.3125,1.125,0.9375,1.625,3.75,0.375,0.375,4.25,-0.9375,3.0,2.125,0.5,0.1875,0.8125,0.875,-0.5,-0.6875,2.4375,-0.875,1.8125,-0.1875,0.9375,0.875,-0.0625,3.375,-0.125,-0.625,-0.4375,2.0,1.0,1.75,0.1875,0.375,1.125,1.9375,-0.1875,0.75,3.25,-0.0625,0.3125,0.25,-0.125,1.3125,0.6875,3.25,0.0,-0.875,3.125,1.375,1.625,0.0,-0.0625,0.1875,1.0625,3.125,-0.5625,-0.625,6.25,0.8125,1.5,0.375,1.8125,2.375,3.0625,3.875,1.1875,1.5625,4.0,1.6875,2.75,2.25,0.9375,0.4375,1.5625,0.625,-0.0625,-0.125,6.3125,1.4375,2.5625,-1.0,2.111111111111111,1.2222222222222223,-0.4444444444444444,1.6666666666666667,0.3888888888888889,-0.5,3.611111111111111,1.2777777777777777,0.8333333333333334,1.1666666666666667,1.1666666666666667,1.0555555555555556,1.5,2.611111111111111,-0.2777777777777778,-0.2222222222222222,4.5,1.1111111111111112,0.3888888888888889
P39755,0.23076923076923078,5.978021978021978,1.4285714285714286,6.527472527472527,3.043956043956044,3.912087912087912,5.835164835164835,3.098901098901099,4.483516483516484,0.1978021978021978,1.1538461538461537,4.824175824175824,1.1868131868131868,0.7142857142857143,3.4065934065934065,0.02197802197802198,-0.2857142857142857,1.4505494505494505,0.5274725274725275,-0.6043956043956044,0.46153846153846156,10.54945054945055,6.670329670329671,13.615384615384615,7.186813186813187,7.153846153846154,10.604395604395604,3.3846153846153846,9.527472527472527,-0.978021978021978,-0.15384615384615385,10.582417582417582,0.4065934065934066,-0.13186813186813187,13.076923076923077,-0.0989010989010989,0.5824175824175825,4.725274725274725,-0.8571428571428571,0.6593406593406593,-0.5714285714285714,10.472527472527473,6.538461538461538,13.461538461538462,6.241758241758242,6.65934065934066,9.868131868131869,4.0989010989010985,7.604395604395604,1.065934065934066,-0.5274725274725275,6.582417582417582,-1.164835164835165,2.241758241758242,5.65934065934066,0.26373626373626374,1.7692307692307692,6.197802197802198,2.934065934065934,0.2967032967032967,-0.38461538461538464,8.472527472527473,4.065934065934066,9.274725274725276,4.406593406593407,5.670329670329671,7.56043956043956,-0.38461538461538464,5.681318681318682,-0.7032967032967034,0.45054945054945056,5.868131868131868,0.21978021978021978,0.978021978021978,5.6923076923076925,0.17582417582417584,-0.14285714285714285,3.5824175824175826,0.9340659340659341,0.01098901098901099,-0.14285714285714285,1.2527472527472527,2.659340659340659,3.6923076923076925,3.208791208791209,1.1978021978021978,1.8571428571428572,2.5824175824175826,2.2637362637362637,0.43956043956043955,0.2967032967032967,1.5164835164835164,0.02197802197802198,0.6483516483516484,1.6923076923076923,0.12087912087912088,0.23076923076923078,2.241758241758242,0.6153846153846154,0.38461538461538464
P46921,0.6521739130434783,2.6739130434782608,1.0,0.5217391304347826,4.608695652173913,0.9565217391304348,2.0434782608695654,2.5217391304347827,2.4782608695652173,0.34782608695652173,-0.2608695652173913,2.630434782608696,0.17391304347826086,-0.9130434782608695,2.5434782608695654,0.34782608695652173,-0.2391304347826087,-2.0652173913043477,-0.08695652173913043,0.45652173913043476,-0.2608695652173913,4.043478260869565,4.043478260869565,4.3478260869565215,4.934782608695652,2.1956521739130435,3.8260869565217392,-1.6521739130434783,4.956521739130435,-0.8260869565217391,-1.3043478260869565,4.282608695652174,-0.4782608695652174,-1.826086956521739,2.608695652173913,-1.108695652173913,-0.45652173913043476,-0.7608695652173914,1.5869565217391304,-0.5217391304347826,0.34782608695652173,7.3478260869565215,5.173913043478261,9.021739130434783,7.934782608695652,4.456521739130435,6.6521739130434785,1.8478260869565217,6.739130434782608,0.717391304347826,-0.8260869565217391,5.630434782608695,-0.7608695652173914,-0.13043478260869565,2.152173913043478,0.8260869565217391,0.43478260869565216,2.891304347826087,1.1304347826086956,0.21739130434782608,-1.065217391304348,-0.7608695652173914,2.5,6.065217391304348,8.891304347826088,1.5869565217391304,2.760869565217391,2.847826086956522,5.3478260869565215,-2.217391304347826,-2.6739130434782608,1.4130434782608696,-1.0217391304347827,0.6956521739130435,3.1739130434782608,-1.108695652173913,0.5869565217391305,4.217391304347826,2.5652173913043477,-0.2826086956521739,-0.041666666666666664,1.1875,2.25,4.604166666666667,5.083333333333333,1.2916666666666667,3.0833333333333335,1.5625,4.958333333333333,-0.6041666666666666,-0.6875,2.6041666666666665,0.08333333333333333,-1.3958333333333333,3.9583333333333335,-0.1875,0.22916666666666666,-0.16666666666666666,0.1875,-0.10416666666666667
P53627,0.6475409836065574,0.3524590163934426,-0.08196721311475409,-0.16393442622950818,5.10655737704918,0.36065573770491804,-1.0819672131147542,0.39344262295081966,1.2459016393442623,2.2868852459016393,1.540983606557377,0.47540983606557374,0.5409836065573771,2.2049180327868854,0.45901639344262296,0.4344262295081967,0.3360655737704918,1.901639344262295,1.3688524590163935,1.598360655737705,0.07377049180327869,1.139344262295082,0.639344262295082,0.3114754098360656,3.557377049180328,0.3360655737704918,-0.36065573770491804,0.3524590163934426,0.5,2.6475409836065573,2.1147540983606556,0.4262295081967213,0.8524590163934426,2.0163934426229506,0.5901639344262295,0.1557377049180328,-0.09836065573770492,2.9508196721311477,1.1147540983606556,1.7704918032786885,0.1557377049180328,0.45901639344262296,0.28688524590163933,1.0901639344262295,2.622950819672131,0.01639344262295082,0.319672131147541,2.0327868852459017,0.639344262295082,1.1639344262295082,1.0655737704918034,-0.09016393442622951,0.45081967213114754,0.5819672131147541,0.6967213114754098,0.29508196721311475,0.14754098360655737,0.7049180327868853,0.3524590163934426,0.12295081967213115,-0.23770491803278687,0.7049180327868853,-0.08196721311475409,0.36065573770491804,3.6557377049180326,0.20491803278688525,-0.14754098360655737,0.5737704918032787,0.8852459016393442,1.9672131147540983,1.7950819672131149,0.319672131147541,1.2459016393442623,3.180327868852459,-0.27049180327868855,-0.12295081967213115,-0.18032786885245902,4.581967213114754,2.30327868852459,0.5655737704918032,-0.03225806451612903,-0.43548387096774194,0.9193548387096774,2.120967741935484,3.379032258064516,0.10483870967741936,0.7580645161290323,1.1290322580645162,1.596774193548387,4.25,3.274193548387097,0.1774193548387097,1.2983870967741935,5.346774193548387,1.5725806451612903,0.16129032258064516,0.1693548387096774,5.879032258064516,3.2016129032258065,1.6370967741935485
O32885,0.71875,0.859375,2.21875,3.15625,10.40625,1.40625,2.953125,7.203125,2.78125,6.015625,4.65625,1.484375,2.546875,7.0,6.703125,1.046875,0.71875,11.265625,5.328125,3.78125,-0.3125,1.34375,1.046875,0.546875,7.671875,0.359375,2.125,5.59375,3.5,1.34375,1.5625,0.203125,1.046875,7.109375,2.3125,0.015625,1.59375,12.59375,5.75,2.78125,0.734375,3.984375,3.9375,6.453125,8.484375,1.484375,1.5625,3.984375,2.25,4.859375,7.109375,1.796875,4.234375,5.40625,8.578125,0.96875,1.453125,7.96875,2.9375,2.640625,1.5,2.09375,2.4375,2.5625,6.734375,0.84375,0.828125,4.9375,2.71875,2.875,5.859375,0.703125,2.859375,8.8125,5.796875,0.9375,0.234375,14.9375,5.5,3.546875,1.8088235294117647,2.3088235294117645,0.6029411764705882,-0.3088235294117647,14.308823529411764,0.6470588235294118,0.22058823529411764,4.323529411764706,3.6323529411764706,1.9558823529411764,0.8970588235294118,2.7205882352941178,2.0441176470588234,8.25,9.176470588235293,0.7352941176470589,1.7794117647058822,16.11764705882353,4.823529411764706,2.9411764705882355
P39128,-0.4339622641509434,3.339622641509434,4.0,6.415094339622642,4.471698113207547,2.7358490566037736,4.339622641509434,1.8679245283018868,4.773584905660377,0.9811320754716981,0.8490566037735849,2.792452830188679,-0.33962264150943394,1.471698113207547,0.8490566037735849,0.33962264150943394,-0.09433962264150944,1.5849056603773586,0.3018867924528302,0.5094339622641509,-0.05660377358490566,3.0,2.4716981132075473,6.90566037735849,5.39622641509434,2.641509433962264,5.867924528301887,2.169811320754717,4.886792452830188,-1.0,-1.0377358490566038,3.811320754716981,0.6792452830188679,0.11320754716981132,2.3773584905660377,-0.33962264150943394,-0.22641509433962265,1.9433962264150944,1.471698113207547,-0.3018867924528302,-0.11320754716981132,2.8679245283018866,2.1132075471698113,3.207547169811321,4.716981132075472,1.8113207547169812,3.7169811320754715,1.5660377358490567,2.7169811320754715,0.018867924528301886,-0.16981132075471697,3.2830188679245285,0.2830188679245283,0.5094339622641509,-0.16981132075471697,0.0,0.07547169811320754,0.5849056603773585,-0.9056603773584906,-0.20754716981132076,-0.018867924528301886,1.9056603773584906,3.490566037735849,5.90566037735849,6.867924528301887,1.6226415094339623,2.6226415094339623,2.9245283018867925,6.69811320754717,-1.0754716981132075,-1.5660377358490567,2.8867924528301887,-0.8867924528301887,-1.6981132075471699,2.4150943396226414,-0.11320754716981132,0.8113207547169812,2.056603773584906,-0.20754716981132076,0.6037735849056604,-0.23214285714285715,1.5892857142857142,2.0892857142857144,4.928571428571429,6.303571428571429,0.44642857142857145,2.6964285714285716,-0.25,5.160714285714286,-1.7678571428571428,-1.1964285714285714,1.8035714285714286,-0.35714285714285715,-1.6607142857142858,2.6785714285714284,0.23214285714285715,0.23214285714285715,2.017857142857143,-1.7678571428571428,-1.25
P71756,3.476923076923077,-0.6307692307692307,4.661538461538462,5.8307692307692305,3.830769230769231,3.1384615384615384,3.6153846153846154,4.492307692307692,3.169230769230769,-0.23076923076923078,3.3384615384615386,2.7384615384615385,2.7384615384615385,3.276923076923077,5.0,3.5538461538461537,1.5538461538461539,9.446153846153846,1.8307692307692307,0.3230769230769231,0.2,-0.2,3.046153846153846,0.38461538461538464,4.769230769230769,1.5692307692307692,-0.015384615384615385,4.276923076923077,1.0461538461538462,1.5384615384615385,1.8153846153846154,0.49230769230769234,0.6307692307692307,3.246153846153846,4.3538461538461535,1.2,0.47692307692307695,8.96923076923077,1.1538461538461537,0.6307692307692307,0.9692307692307692,0.5230769230769231,-0.03076923076923077,0.046153846153846156,8.753846153846155,1.8153846153846154,1.3384615384615384,4.2,1.123076923076923,-0.6153846153846154,-1.2923076923076924,1.3076923076923077,-1.123076923076923,1.8923076923076922,5.861538461538461,1.8153846153846154,1.123076923076923,6.092307692307692,2.8461538461538463,1.2153846153846153,0.7846153846153846,0.2153846153846154,-1.0,1.1538461538461537,5.015384615384615,-0.06153846153846154,1.0923076923076922,0.26153846153846155,1.0,1.1538461538461537,2.3692307692307693,0.5384615384615384,1.676923076923077,2.246153846153846,2.723076923076923,0.15384615384615385,0.8923076923076924,2.046153846153846,1.3384615384615384,1.523076923076923,0.27692307692307694,0.6923076923076923,0.5230769230769231,0.7076923076923077,3.169230769230769,0.23076923076923078,0.7230769230769231,1.476923076923077,1.0307692307692307,-0.2,-0.9538461538461539,0.13846153846153847,0.2923076923076923,-0.8307692307692308,2.0153846153846153,0.16923076923076924,-0.07692307692307693,3.292307692307692,1.0923076923076922,0.7538461538461538
P39597,-0.3013698630136986,-0.3835616438356164,0.3972602739726027,0.9452054794520548,3.0821917808219177,0.0684931506849315,0.4246575342465753,1.2602739726027397,0.8904109589041096,1.4931506849315068,1.082191780821918,-0.136986301369863,0.3698630136986301,2.9726027397260273,-0.7534246575342466,-0.1917808219178082,0.1917808219178082,4.8493150684931505,1.904109589041096,0.9041095890410958,0.0547945205479452,0.8493150684931506,0.4931506849315068,1.4794520547945205,2.643835616438356,0.4520547945205479,0.6301369863013698,0.3835616438356164,1.273972602739726,0.726027397260274,1.1506849315068493,0.4794520547945205,0.6301369863013698,1.821917808219178,-0.3972602739726027,-0.0273972602739726,0.273972602739726,3.2739726027397262,1.726027397260274,0.0958904109589041,0.0958904109589041,1.1917808219178083,0.7808219178082192,0.4520547945205479,3.219178082191781,-0.0410958904109589,0.0547945205479452,0.8493150684931506,-0.0547945205479452,1.2876712328767124,1.0684931506849316,0.3287671232876712,0.9178082191780822,0.6986301369863014,1.5616438356164384,0.1643835616438356,-0.2328767123287671,3.8219178082191783,1.4657534246575343,0.863013698630137,0.0273972602739726,0.2191780821917808,0.1095890410958904,-0.0684931506849315,4.767123287671233,0.1232876712328767,0.4520547945205479,2.2465753424657535,0.3698630136986301,0.821917808219178,0.2328767123287671,0.958904109589041,-0.0958904109589041,2.493150684931507,2.0547945205479454,-0.0958904109589041,0.3561643835616438,3.643835616438356,1.8493150684931507,0.2191780821917808,-0.20270270270270271,0.7027027027027027,0.6351351351351351,-0.35135135135135137,3.527027027027027,0.04054054054054054,0.14864864864864866,-0.13513513513513514,1.3513513513513513,1.8918918918918919,1.0405405405405406,0.33783783783783783,0.6081081081081081,1.8783783783783783,1.4189189189189189,-0.36486486486486486,-0.04054054054054054,4.216216216216216,1.7162162162162162,1.662162162162162
Q08002,0.5064935064935064,0.8961038961038961,0.36363636363636365,1.2597402597402598,3.8051948051948052,0.2987012987012987,0.6233766233766234,2.3896103896103895,1.9090909090909092,2.038961038961039,1.8051948051948052,0.35064935064935066,0.5714285714285714,1.3376623376623376,2.220779220779221,-0.12987012987012986,-0.07792207792207792,6.064935064935065,1.2727272727272727,1.5974025974025974,0.5584415584415584,0.16883116883116883,-0.7142857142857143,-0.2077922077922078,4.714285714285714,-0.37662337662337664,-0.7922077922077922,1.5584415584415585,0.8571428571428571,1.7792207792207793,1.87012987012987,-0.6753246753246753,0.7792207792207793,2.857142857142857,2.220779220779221,-0.22077922077922077,0.5844155844155844,7.0,1.8311688311688312,1.5064935064935066,0.7142857142857143,1.1818181818181819,-0.24675324675324675,-0.012987012987012988,4.4935064935064934,0.09090909090909091,-0.16883116883116883,2.0,-0.7012987012987013,2.038961038961039,2.064935064935065,0.4805194805194805,0.5714285714285714,2.0259740259740258,1.974025974025974,0.15584415584415584,0.2597402597402597,4.7272727272727275,0.025974025974025976,1.2207792207792207,0.18181818181818182,1.0389610389610389,-0.922077922077922,-0.025974025974025976,3.7142857142857144,0.23376623376623376,0.18181818181818182,2.6103896103896105,0.24675324675324675,1.8571428571428572,1.3116883116883118,0.4675324675324675,0.7272727272727273,0.987012987012987,2.9740259740259742,-0.8701298701298701,0.2727272727272727,4.6103896103896105,0.15584415584415584,1.2597402597402598,-0.025,0.7375,0.025,1.2,4.0125,-0.075,0.55,0.725,1.45,1.7875,0.8125,0.3375,0.1375,2.5875,1.025,0.075,0.025,6.7375,2.5,1.0125
P19571,0.8602150537634409,2.2903225806451615,1.3225806451612903,1.1290322580645162,4.731182795698925,0.978494623655914,2.064516129032258,1.913978494623656,0.7311827956989247,1.7096774193548387,2.5376344086021505,2.0,1.3978494623655915,0.6451612903225806,2.10752688172043,0.9354838709677419,0.3225806451612903,1.2688172043010753,1.7096774193548387,1.10752688172043,0.03225806451612903,0.5806451612903226,0.6236559139784946,0.8709677419354839,3.89247311827957,1.1612903225806452,0.3978494623655914,0.7204301075268817,-0.23655913978494625,0.8064516129032258,0.956989247311828,0.3225806451612903,0.34408602150537637,0.8172043010752689,1.7741935483870968,0.5053763440860215,0.7311827956989247,2.021505376344086,1.989247311827957,0.8279569892473119,0.26881720430107525,-0.17204301075268819,-0.23655913978494625,-1.4193548387096775,5.408602150537634,0.2903225806451613,0.6021505376344086,1.2150537634408602,-1.0,1.010752688172043,0.22580645161290322,0.7096774193548387,-0.7956989247311828,0.0967741935483871,1.118279569892473,0.6344086021505376,0.7956989247311828,-0.6774193548387096,0.6559139784946236,0.7741935483870968,0.5376344086021505,2.10752688172043,0.6666666666666666,1.7096774193548387,8.64516129032258,1.075268817204301,2.5591397849462365,0.6129032258064516,0.13978494623655913,1.4946236559139785,0.956989247311828,2.161290322580645,-1.4623655913978495,0.6344086021505376,4.096774193548387,-0.03225806451612903,0.5161290322580645,-0.021505376344086023,0.0967741935483871,1.89247311827957,0.21875,1.6458333333333333,0.59375,0.4270833333333333,4.5,0.6979166666666666,1.125,2.5625,0.96875,0.71875,1.5833333333333333,1.2083333333333333,2.0833333333333335,1.7708333333333333,1.8854166666666667,0.3020833333333333,0.5208333333333334,5.0,1.0208333333333333,0.75
Q55242,0.02185792349726776,0.3333333333333333,0.7540983606557377,0.5191256830601093,2.7540983606557377,0.37158469945355194,0.24043715846994534,1.005464480874317,0.9180327868852459,1.4153005464480874,2.07103825136612,0.07103825136612021,0.9398907103825137,4.311475409836065,0.6775956284153005,0.5409836065573771,0.9617486338797814,6.065573770491803,2.7923497267759565,0.5081967213114754,0.3442622950819672,0.453551912568306,-0.33879781420765026,-0.2185792349726776,3.7759562841530054,0.16393442622950818,0.2786885245901639,1.2185792349726776,0.7595628415300546,1.0874316939890711,1.4480874316939891,0.273224043715847,0.6994535519125683,1.1038251366120218,1.4918032786885247,0.16939890710382513,0.23497267759562843,2.1256830601092895,0.3442622950819672,0.9836065573770492,0.48633879781420764,0.6502732240437158,-0.04371584699453552,0.14207650273224043,3.540983606557377,0.2786885245901639,0.2568306010928962,1.2349726775956285,0.7213114754098361,1.3333333333333333,1.092896174863388,0.3442622950819672,0.6229508196721312,1.530054644808743,1.0,0.0546448087431694,-0.03825136612021858,2.650273224043716,0.36065573770491804,1.1311475409836065,0.0273224043715847,1.005464480874317,0.8087431693989071,0.6612021857923497,4.262295081967213,0.4808743169398907,0.3224043715846995,0.12568306010928962,1.349726775956284,1.907103825136612,2.3551912568306013,0.4972677595628415,1.4371584699453552,3.912568306010929,0.9836065573770492,0.1366120218579235,0.08743169398907104,4.961748633879782,1.8907103825136613,0.8907103825136612,0.11764705882352941,0.6470588235294118,0.3155080213903743,0.7219251336898396,4.983957219251337,0.37967914438502676,0.5508021390374331,0.7593582887700535,1.7165775401069518,2.5989304812834226,3.3529411764705883,0.24598930481283424,2.4759358288770055,6.422459893048129,5.0588235294117645,0.29411764705882354,0.5133689839572193,8.925133689839573,4.128342245989304,0.6951871657754011
P06535,1.2857142857142858,1.3214285714285714,-2.5357142857142856,-1.25,4.428571428571429,0.75,1.2857142857142858,2.5,0.6071428571428571,0.6428571428571429,-2.607142857142857,0.21428571428571427,-1.3928571428571428,3.4285714285714284,4.071428571428571,0.17857142857142858,0.75,7.107142857142857,1.8214285714285714,-0.14285714285714285,0.6785714285714286,1.6428571428571428,-1.25,-2.0714285714285716,5.357142857142857,0.6785714285714286,-0.21428571428571427,3.4642857142857144,0.35714285714285715,-0.35714285714285715,-0.14285714285714285,1.6428571428571428,-0.5714285714285714,2.5714285714285716,3.4642857142857144,-0.42857142857142855,0.32142857142857145,7.714285714285714,1.1428571428571428,-1.3214285714285714,1.0714285714285714,1.1785714285714286,0.8214285714285714,-0.9285714285714286,5.25,-0.75,-1.0714285714285714,4.5,1.25,2.1785714285714284,1.4285714285714286,0.7142857142857143,0.39285714285714285,-0.6428571428571429,4.464285714285714,0.10714285714285714,0.10714285714285714,2.5,-1.0714285714285714,1.6071428571428572,1.6071428571428572,-0.7142857142857143,0.32142857142857145,0.0,5.392857142857143,-0.9642857142857143,-0.6071428571428571,5.214285714285714,-0.21428571428571427,2.25,0.5357142857142857,-0.07142857142857142,0.6785714285714286,0.32142857142857145,1.8928571428571428,0.8928571428571429,0.39285714285714285,6.928571428571429,-0.25,2.1785714285714284,0.7333333333333333,1.2666666666666666,1.1,1.6333333333333333,6.133333333333334,0.2,-0.1,2.6666666666666665,0.7666666666666667,2.066666666666667,3.7,1.0333333333333334,1.7333333333333334,1.4,3.966666666666667,0.4666666666666667,0.3,7.933333333333334,1.2666666666666666,2.4
P38037,0.875,-0.75,-1.0,0.5,5.625,-1.25,-2.375,2.0,1.125,2.375,0.375,-1.5,-0.25,-1.5,0.375,-1.0,-0.125,2.375,-2.5,1.625,2.75,-1.375,3.25,7.75,12.375,1.125,5.375,4.125,2.375,1.375,6.375,-3.0,4.375,11.0,3.625,2.75,0.875,14.75,8.75,-2.375,1.125,5.25,7.875,8.625,1.5,4.875,5.875,7.5,2.625,2.25,3.25,3.375,0.25,4.875,10.125,3.375,0.25,8.25,3.25,-0.625,2.5,1.875,1.5,3.5,12.375,4.125,5.625,-0.875,1.75,-4.25,-1.0,3.75,-2.0,8.5,6.875,0.625,2.875,17.0,7.875,-1.625,5.125,-2.125,7.875,9.25,10.625,5.125,6.5,8.75,4.875,4.75,2.375,4.5,3.625,-0.75,3.375,4.125,6.75,4.625,-4.125,-0.125
P80734,-0.9375,2.1875,2.375,2.4375,0.625,1.625,2.0,3.5625,0.6875,2.5,1.0,1.0625,0.5,2.25,0.4375,1.375,-0.125,6.5625,1.0625,1.875,-0.5625,1.125,0.0,-0.9375,4.1875,-0.0625,-0.9375,2.9375,1.375,2.25,1.9375,0.5,0.1875,3.0,1.0,-0.0625,0.3125,7.0,2.0625,0.875,0.0,-1.0625,0.0625,0.5,4.375,-0.375,-1.6875,3.625,-1.625,0.5,0.125,-1.5625,0.0625,1.375,3.0,-0.3125,0.9375,3.25,0.375,-0.25,-0.3125,1.4375,1.625,2.375,4.6875,0.8125,1.1875,2.5,-2.4375,2.3125,0.6875,1.625,0.4375,3.5625,-0.1875,0.375,0.125,6.4375,1.0,1.1875,1.2941176470588236,2.2941176470588234,1.2941176470588236,-0.8235294117647058,3.8823529411764706,1.3529411764705883,0.7058823529411765,1.8823529411764706,2.588235294117647,0.6470588235294118,0.9411764705882353,2.823529411764706,0.23529411764705882,1.8235294117647058,1.5294117647058822,-0.4117647058823529,0.0,2.823529411764706,-0.29411764705882354,0.7647058823529411
P07373,-0.4126984126984127,3.4603174603174605,3.857142857142857,6.650793650793651,3.142857142857143,2.7936507936507935,4.857142857142857,2.2222222222222223,3.111111111111111,-1.5714285714285714,-1.6666666666666667,4.0,0.0,-1.3650793650793651,5.031746031746032,-0.1111111111111111,0.2698412698412698,3.6825396825396823,0.14285714285714285,-0.9841269841269841,0.12698412698412698,4.571428571428571,4.523809523809524,9.0,7.126984126984127,3.634920634920635,6.015873015873016,3.380952380952381,5.825396825396825,-1.507936507936508,-0.7142857142857143,3.2063492063492065,-0.5555555555555556,-1.5555555555555556,2.1746031746031744,1.0952380952380953,1.3968253968253967,2.888888888888889,1.5238095238095237,-0.7936507936507936,-0.5079365079365079,6.031746031746032,7.142857142857143,9.53968253968254,4.920634920634921,4.714285714285714,7.507936507936508,3.3492063492063493,7.126984126984127,-0.3492063492063492,0.07936507936507936,5.492063492063492,0.7619047619047619,-0.20634920634920634,5.571428571428571,1.1904761904761905,0.2698412698412698,3.1904761904761907,1.3174603174603174,-0.746031746031746,2.8253968253968256,8.126984126984127,7.507936507936508,10.031746031746032,9.380952380952381,4.698412698412699,5.634920634920635,2.857142857142857,5.7936507936507935,1.7936507936507937,1.492063492063492,5.73015873015873,1.0317460317460319,2.5555555555555554,10.26984126984127,2.7936507936507935,3.4761904761904763,5.5396825396825395,3.142857142857143,2.7142857142857144,-0.21875,7.34375,6.25,12.25,6.4375,5.34375,8.890625,3.59375,7.875,1.84375,3.5,6.09375,0.703125,4.578125,9.203125,0.65625,0.6875,8.4375,3.9375,1.5
P35594,0.36428571428571427,0.4642857142857143,0.3357142857142857,0.42142857142857143,4.5928571428571425,-0.35714285714285715,0.2357142857142857,2.4,1.4214285714285715,1.7357142857142858,1.4357142857142857,0.12142857142857143,0.7785714285714286,3.45,1.5071428571428571,0.36428571428571427,0.18571428571428572,7.65,2.3857142857142857,1.207142857142857,0.6571428571428571,3.807142857142857,3.5,4.0,9.321428571428571,2.4571428571428573,3.5642857142857145,3.6142857142857143,5.921428571428572,3.164285714285714,2.5785714285714287,2.657142857142857,2.7285714285714286,7.0928571428571425,6.357142857142857,1.6071428571428572,1.2642857142857142,13.57857142857143,6.3428571428571425,2.8785714285714286,-0.2571428571428571,0.6214285714285714,2.8857142857142857,1.3928571428571428,9.128571428571428,1.0857142857142856,2.5785714285714287,7.1571428571428575,2.692857142857143,2.4285714285714284,2.7071428571428573,1.4285714285714286,2.1785714285714284,8.1,5.664285714285715,1.1285714285714286,1.65,11.571428571428571,5.078571428571428,2.7285714285714286,0.05,0.11428571428571428,1.4285714285714286,1.2428571428571429,6.5285714285714285,0.6928571428571428,0.1357142857142857,1.3857142857142857,3.2071428571428573,-0.38571428571428573,0.5,-0.09285714285714286,0.06428571428571428,3.742857142857143,3.9285714285714284,0.7571428571428571,0.9,9.664285714285715,4.514285714285714,-0.5142857142857142,1.6408450704225352,-0.2535211267605634,1.6830985915492958,0.36619718309859156,10.507042253521126,0.014084507042253521,-0.45774647887323944,5.26056338028169,3.443661971830986,-1.6056338028169015,-1.3943661971830985,0.1267605633802817,0.7323943661971831,5.21830985915493,5.584507042253521,1.9577464788732395,1.5,14.47887323943662,5.176056338028169,-0.056338028169014086
Q9EYW6,1.9090909090909092,2.0,3.272727272727273,2.0,5.2727272727272725,0.09090909090909091,0.5454545454545454,7.090909090909091,2.4545454545454546,1.8181818181818181,2.8181818181818183,2.6363636363636362,0.0,0.2727272727272727,4.909090909090909,0.8181818181818182,-0.45454545454545453,2.909090909090909,-3.090909090909091,0.7272727272727273,1.4545454545454546,1.2727272727272727,2.909090909090909,3.727272727272727,1.0909090909090908,-1.8181818181818181,0.8181818181818182,4.2727272727272725,-0.45454545454545453,-0.5454545454545454,2.8181818181818183,0.2727272727272727,1.0909090909090908,0.45454545454545453,4.7272727272727275,0.8181818181818182,1.1818181818181819,4.2727272727272725,1.0,-0.36363636363636365,0.9090909090909091,0.9090909090909091,-1.5454545454545454,-3.090909090909091,6.0,0.09090909090909091,-0.5454545454545454,1.6363636363636365,7.0,2.3636363636363638,1.4545454545454546,0.9090909090909091,0.5454545454545454,-2.1818181818181817,4.0,-0.36363636363636365,-0.18181818181818182,5.818181818181818,-2.090909090909091,1.4545454545454546,1.7272727272727273,2.1818181818181817,1.3636363636363635,0.18181818181818182,7.545454545454546,1.2727272727272727,1.2727272727272727,4.7272727272727275,2.1818181818181817,2.3636363636363638,1.5454545454545454,0.45454545454545453,1.0,3.3636363636363638,4.818181818181818,-0.8181818181818182,0.18181818181818182,7.090909090909091,1.9090909090909092,2.3636363636363638,0.2,-0.06666666666666667,0.6666666666666666,2.933333333333333,4.466666666666667,2.066666666666667,1.2,-0.4,2.2,1.8666666666666667,0.2,0.13333333333333333,-0.26666666666666666,3.6,2.933333333333333,-0.9333333333333333,-0.06666666666666667,7.2,1.4,0.9333333333333333
Q9ZN78,0.4888888888888889,0.3333333333333333,2.488888888888889,1.7777777777777777,8.222222222222221,-0.37777777777777777,-0.5333333333333333,1.4444444444444444,0.8,1.1777777777777778,0.8,-0.35555555555555557,0.5777777777777777,4.0,4.955555555555556,0.7333333333333333,0.4888888888888889,11.644444444444444,3.5555555555555554,0.022222222222222223,-0.1111111111111111,-0.13333333333333333,0.6666666666666666,-0.6666666666666666,2.533333333333333,-0.5777777777777777,0.0,1.5555555555555556,-0.8,-0.022222222222222223,0.26666666666666666,-0.08888888888888889,0.7555555555555555,-0.13333333333333333,0.4444444444444444,-0.06666666666666667,0.044444444444444446,2.0,0.15555555555555556,-0.08888888888888889,-0.022222222222222223,0.5555555555555556,1.8888888888888888,-0.26666666666666666,3.7555555555555555,-0.5777777777777777,0.4222222222222222,2.2444444444444445,0.9111111111111111,0.37777777777777777,-0.8,0.7555555555555555,0.08888888888888889,1.2222222222222223,2.7111111111111112,0.28888888888888886,0.17777777777777778,6.6,1.0888888888888888,0.15555555555555556,-0.28888888888888886,0.08888888888888889,1.6444444444444444,1.2,3.933333333333333,0.7333333333333333,-0.3333333333333333,1.8888888888888888,0.7777777777777778,0.13333333333333333,-0.5333333333333333,0.13333333333333333,0.24444444444444444,1.4222222222222223,0.4888888888888889,-0.5333333333333333,0.044444444444444446,5.333333333333333,1.5777777777777777,0.022222222222222223,-0.10869565217391304,1.5217391304347827,0.10869565217391304,-0.717391304347826,3.8043478260869565,0.6304347826086957,-0.2826086956521739,2.5869565217391304,2.1739130434782608,7.108695652173913,6.913043478260869,0.8478260869565217,3.4782608695652173,6.913043478260869,1.0869565217391304,0.6521739130434783,0.7391304347826086,6.891304347826087,5.739130434782608,3.239130434782609
Q46337,-0.2185792349726776,1.1311475409836065,1.4371584699453552,2.1530054644808745,3.5846994535519126,0.8415300546448088,0.6065573770491803,0.6065573770491803,1.3005464480874316,1.360655737704918,1.2950819672131149,0.7486338797814208,0.6338797814207651,3.420765027322404,1.726775956284153,0.060109289617486336,0.15846994535519127,6.688524590163935,1.6612021857923498,0.7814207650273224,-0.14754098360655737,0.3770491803278688,1.8469945355191257,1.1147540983606556,4.382513661202186,1.469945355191257,0.5573770491803278,0.5191256830601093,1.6885245901639345,0.16393442622950818,0.2568306010928962,0.7213114754098361,1.459016393442623,0.8743169398907104,2.3169398907103824,0.41530054644808745,0.6010928961748634,7.016393442622951,1.8743169398907105,-0.25136612021857924,0.3005464480874317,0.45901639344262296,1.3114754098360655,1.1584699453551912,3.912568306010929,0.5573770491803278,0.5846994535519126,0.1912568306010929,0.8360655737704918,0.9344262295081968,1.4972677595628416,0.6010928961748634,0.6830601092896175,3.0491803278688523,2.459016393442623,0.31693989071038253,0.04918032786885246,6.956284153005464,1.8032786885245902,0.15846994535519127,0.7540983606557377,2.431693989071038,2.3825136612021858,1.8415300546448088,4.715846994535519,1.7377049180327868,1.8743169398907105,2.9617486338797816,1.7759562841530054,2.0163934426229506,1.3278688524590163,2.2076502732240435,0.639344262295082,3.2349726775956285,4.66120218579235,1.366120218579235,0.8633879781420765,6.316939890710382,3.360655737704918,0.20218579234972678,0.9351351351351351,3.2324324324324323,2.5891891891891894,3.0594594594594593,7.232432432432432,2.189189189189189,1.6486486486486487,2.0432432432432432,3.5783783783783782,3.054054054054054,2.2378378378378376,2.0324324324324325,2.0108108108108107,5.054054054054054,2.6324324324324326,1.7027027027027026,1.2540540540540541,9.448648648648648,4.535135135135135,1.972972972972973
Q2FV54,0.08181818181818182,1.6727272727272726,2.3454545454545452,3.1454545454545455,4.0636363636363635,1.2545454545454546,2.190909090909091,1.6,1.7636363636363637,0.4,0.21818181818181817,1.3545454545454545,-0.5727272727272728,-0.17272727272727273,0.9818181818181818,0.4909090909090909,0.5545454545454546,1.5909090909090908,0.01818181818181818,0.5545454545454546,0.14545454545454545,1.8545454545454545,1.7636363636363637,3.309090909090909,2.709090909090909,0.8545454545454545,2.0090909090909093,1.9545454545454546,1.2,-0.6636363636363637,-0.33636363636363636,1.7636363636363637,-0.08181818181818182,0.34545454545454546,0.45454545454545453,0.43636363636363634,0.09090909090909091,-0.39090909090909093,0.5909090909090909,-0.14545454545454545,0.045454545454545456,2.081818181818182,2.0,4.427272727272728,1.290909090909091,1.6636363636363636,2.4454545454545453,1.3727272727272728,1.3181818181818181,0.03636363636363636,-0.509090909090909,2.4363636363636365,0.0,-0.22727272727272727,0.5363636363636364,0.00909090909090909,0.08181818181818182,-0.8545454545454545,0.6181818181818182,-0.06363636363636363,0.4636363636363636,0.7727272727272727,0.11818181818181818,1.509090909090909,4.763636363636364,0.38181818181818183,0.4636363636363636,1.9,1.2727272727272727,0.8272727272727273,1.2727272727272727,0.22727272727272727,0.6909090909090909,2.3545454545454545,1.5636363636363637,-0.05454545454545454,-0.01818181818181818,5.681818181818182,1.5636363636363637,0.7363636363636363,0.3893805309734513,0.6017699115044248,0.7345132743362832,1.1327433628318584,4.8584070796460175,-0.26548672566371684,0.36283185840707965,2.672566371681416,1.3097345132743363,1.592920353982301,1.3893805309734513,-0.25663716814159293,0.6902654867256637,3.168141592920354,2.168141592920354,0.21238938053097345,-0.1504424778761062,6.592920353982301,2.4690265486725664,0.7345132743362832
P34956,0.8487394957983193,5.798319327731092,4.176470588235294,7.411764705882353,7.126050420168068,3.2184873949579833,6.19327731092437,1.0924369747899159,5.277310924369748,-0.2184873949579832,0.4789915966386555,5.025210084033613,-0.31932773109243695,-0.5546218487394958,7.151260504201681,1.6890756302521008,0.6722689075630253,1.0924369747899159,-0.15126050420168066,0.453781512605042,-0.5630252100840336,5.008403361344538,3.630252100840336,7.07563025210084,4.369747899159663,3.680672268907563,4.714285714285714,1.1008403361344539,3.9411764705882355,0.24369747899159663,-0.4117647058823529,3.966386554621849,0.24369747899159663,0.04201680672268908,2.3865546218487395,-0.24369747899159663,0.6470588235294118,2.5714285714285716,1.2100840336134453,-0.08403361344537816,1.0168067226890756,4.899159663865547,3.630252100840336,7.151260504201681,4.697478991596639,3.8151260504201683,5.630252100840337,2.9831932773109244,2.092436974789916,-0.9747899159663865,-0.13445378151260504,4.873949579831932,-0.6050420168067226,0.2184873949579832,5.38655462184874,0.4789915966386555,1.1092436974789917,2.436974789915966,0.9663865546218487,-0.18487394957983194,0.957983193277311,6.504201680672269,4.016806722689076,7.7899159663865545,6.848739495798319,4.025210084033613,6.689075630252101,3.19327731092437,4.050420168067227,0.4789915966386555,1.0336134453781514,5.949579831932773,0.5714285714285714,1.2436974789915967,6.890756302521009,1.1680672268907564,1.0420168067226891,-1.2521008403361344,0.7899159663865546,0.17647058823529413,0.44715447154471544,1.934959349593496,1.3495934959349594,1.7073170731707317,5.2439024390243905,1.4796747967479675,1.983739837398374,1.5528455284552845,0.3821138211382114,1.3170731707317074,0.8211382113821138,1.829268292682927,0.5121951219512195,1.4634146341463414,2.4146341463414633,0.5691056910569106,0.43902439024390244,0.7317073170731707,0.7886178861788617,0.8211382113821138
P12921,0.3793103448275862,1.3103448275862069,0.6551724137931034,2.103448275862069,5.0,0.2413793103448276,0.2413793103448276,1.0,0.896551724137931,0.9655172413793104,0.8620689655172413,0.5172413793103449,0.0,2.0,2.2758620689655173,-0.4827586206896552,-0.20689655172413793,5.0344827586206895,1.4482758620689655,0.896551724137931,-0.034482758620689655,1.6896551724137931,1.4137931034482758,0.896551724137931,4.896551724137931,-0.20689655172413793,0.6896551724137931,3.0344827586206895,2.1724137931034484,2.0,1.3793103448275863,1.793103448275862,0.7931034482758621,0.5517241379310345,2.9655172413793105,0.4827586206896552,0.6551724137931034,2.9655172413793105,1.6206896551724137,1.6206896551724137,1.2758620689655173,1.4137931034482758,1.793103448275862,2.2758620689655173,5.724137931034483,0.6206896551724138,0.13793103448275862,5.0,0.10344827586206896,2.6551724137931036,1.3448275862068966,1.103448275862069,-0.10344827586206896,1.7241379310344827,3.0689655172413794,1.5862068965517242,0.034482758620689655,6.793103448275862,0.3448275862068966,1.8620689655172413,0.034482758620689655,1.3793103448275863,0.034482758620689655,-0.1724137931034483,1.9655172413793103,-0.41379310344827586,-1.4137931034482758,2.0344827586206895,1.896551724137931,1.2758620689655173,2.2413793103448274,1.3103448275862069,1.0344827586206897,3.3793103448275863,2.0344827586206895,-0.034482758620689655,0.7241379310344828,6.103448275862069,2.5517241379310347,0.7241379310344828,1.096774193548387,-0.6774193548387096,1.4193548387096775,3.5161290322580645,5.516129032258065,-0.25806451612903225,0.5161290322580645,3.4838709677419355,1.7419354838709677,0.41935483870967744,1.4838709677419355,-1.0,0.45161290322580644,3.5483870967741935,1.935483870967742,0.7741935483870968,0.5483870967741935,9.064516129032258,3.4193548387096775,0.8387096774193549
P17670,1.064516129032258,1.3870967741935485,0.5161290322580645,-1.2580645161290323,5.193548387096774,-0.06451612903225806,-0.3225806451612903,2.7419354838709675,2.870967741935484,1.7741935483870968,2.774193548387097,0.3870967741935484,1.096774193548387,1.032258064516129,3.225806451612903,-0.0967741935483871,0.22580645161290322,4.290322580645161,-1.2903225806451613,0.7096774193548387,-0.41935483870967744,2.5483870967741935,-2.225806451612903,2.2903225806451615,6.516129032258065,1.2903225806451613,1.032258064516129,-0.03225806451612903,-1.5483870967741935,0.03225806451612903,-0.3870967741935484,0.8064516129032258,1.1935483870967742,4.419354838709677,4.903225806451613,1.2258064516129032,0.8064516129032258,6.354838709677419,2.2580645161290325,0.7741935483870968,0.03225806451612903,4.806451612903226,4.064516129032258,3.870967741935484,10.129032258064516,3.935483870967742,2.4193548387096775,-0.9032258064516129,5.935483870967742,3.7419354838709675,2.6129032258064515,2.838709677419355,3.161290322580645,5.290322580645161,5.419354838709677,0.41935483870967744,1.5483870967741935,8.838709677419354,5.935483870967742,4.0,0.8709677419354839,4.612903225806452,-0.6774193548387096,1.1935483870967742,7.096774193548387,1.4516129032258065,2.6774193548387095,2.2580645161290325,3.3225806451612905,3.3225806451612905,2.7419354838709675,1.6129032258064515,2.903225806451613,4.870967741935484,2.7419354838709675,1.1612903225806452,0.967741935483871,6.064516129032258,5.193548387096774,3.032258064516129,1.7575757575757576,3.272727272727273,1.5757575757575757,5.636363636363637,9.909090909090908,2.393939393939394,2.9696969696969697,6.606060606060606,2.787878787878788,3.090909090909091,5.393939393939394,1.9393939393939394,2.6666666666666665,1.878787878787879,8.696969696969697,2.515151515151515,4.0606060606060606,2.5454545454545454,3.3333333333333335,1.7575757575757576
P29958,0.24489795918367346,0.7278911564625851,0.8299319727891157,1.0204081632653061,4.272108843537415,-0.02040816326530612,0.047619047619047616,0.8367346938775511,1.816326530612245,1.6462585034013606,0.2789115646258503,0.5238095238095238,0.2108843537414966,1.6054421768707483,1.3401360544217686,0.027210884353741496,0.35374149659863946,3.306122448979592,0.32653061224489793,0.6190476190476191,-0.10204081632653061,0.8639455782312925,0.7551020408163265,1.7755102040816326,4.571428571428571,0.38095238095238093,1.129251700680272,0.17687074829931973,1.5034013605442176,1.08843537414966,0.36054421768707484,0.8095238095238095,0.3673469387755102,1.4217687074829932,1.6802721088435375,0.19047619047619047,0.35374149659863946,5.142857142857143,2.2857142857142856,0.3673469387755102,-0.02040816326530612,-0.42857142857142855,0.013605442176870748,0.08163265306122448,4.571428571428571,-0.3469387755102041,-0.23129251700680273,0.4897959183673469,1.1700680272108843,1.2993197278911566,0.7006802721088435,0.11564625850340136,0.46938775510204084,2.3469387755102042,1.08843537414966,-0.02040816326530612,-0.047619047619047616,1.6870748299319729,1.1156462585034013,0.2108843537414966,0.2925170068027211,0.08843537414965986,-0.14965986394557823,0.047619047619047616,3.3945578231292517,0.3673469387755102,-0.027210884353741496,0.6598639455782312,0.6394557823129252,1.034013605442177,0.41496598639455784,0.05442176870748299,0.38095238095238093,1.6598639455782314,0.17687074829931973,0.1292517006802721,0.272108843537415,1.489795918367347,1.1156462585034013,0.6326530612244898,0.34459459459459457,0.43243243243243246,0.5675675675675675,0.2702702702702703,5.27027027027027,0.16891891891891891,0.36486486486486486,0.8513513513513513,1.222972972972973,2.0405405405405403,1.527027027027027,0.39864864864864863,0.9527027027027027,2.614864864864865,0.9324324324324325,0.0,0.20945945945945946,2.108108108108108,1.6824324324324325,1.2972972972972974
P21938,0.8607594936708861,1.5316455696202531,1.379746835443038,1.518987341772152,6.620253164556962,0.7341772151898734,0.620253164556962,1.6455696202531647,1.3924050632911393,3.759493670886076,3.9240506329113924,0.7974683544303798,1.6708860759493671,1.2278481012658229,1.7721518987341771,0.6075949367088608,0.6962025316455697,1.860759493670886,0.34177215189873417,2.1645569620253164,0.20253164556962025,-0.35443037974683544,0.22784810126582278,1.0632911392405062,5.177215189873418,1.1645569620253164,1.0379746835443038,1.1645569620253164,1.4556962025316456,2.4430379746835444,2.1012658227848102,0.569620253164557,1.1265822784810127,4.177215189873418,4.6455696202531644,0.379746835443038,0.7215189873417721,6.8354430379746836,1.9873417721518987,1.6708860759493671,0.7341772151898734,0.759493670886076,2.4936708860759493,1.6329113924050633,8.721518987341772,0.46835443037974683,1.1772151898734178,1.3544303797468353,0.8987341772151899,2.481012658227848,1.759493670886076,-0.35443037974683544,1.0126582278481013,4.253164556962025,4.8734177215189876,1.5822784810126582,1.1518987341772151,6.708860759493671,2.481012658227848,2.2278481012658227,0.06329113924050633,2.2911392405063293,1.0253164556962024,0.25316455696202533,7.7974683544303796,0.31645569620253167,1.5949367088607596,-0.4050632911392405,2.5822784810126582,2.569620253164557,2.0126582278481013,1.8987341772151898,1.1898734177215189,2.2911392405063293,3.8607594936708862,0.8481012658227848,1.0506329113924051,6.113924050632911,2.240506329113924,2.1392405063291138,-0.4939759036144578,0.6385542168674698,1.1927710843373494,0.20481927710843373,5.566265060240964,0.3132530120481928,0.1566265060240964,0.6626506024096386,1.4698795180722892,1.4939759036144578,0.3614457831325301,0.14457831325301204,0.9397590361445783,2.253012048192771,3.3373493975903616,-0.4578313253012048,0.8192771084337349,6.048192771084337,1.036144578313253,1.3373493975903614
P11931,3.144578313253012,2.5120481927710845,4.078313253012048,5.445783132530121,14.698795180722891,2.283132530120482,3.174698795180723,8.048192771084338,2.8734939759036147,4.162650602409639,6.433734939759036,1.3795180722891567,2.144578313253012,4.295180722891566,8.94578313253012,3.783132530120482,3.2650602409638556,10.765060240963855,2.5542168674698793,5.27710843373494,1.5,7.704819277108434,3.427710843373494,2.4698795180722892,11.765060240963855,5.030120481927711,0.8373493975903614,6.650602409638554,4.427710843373494,3.933734939759036,5.801204819277109,3.8493975903614457,5.186746987951807,4.343373493975903,8.078313253012048,3.8674698795180724,2.9698795180722892,12.909638554216867,3.2048192771084336,2.5120481927710845,2.0240963855421685,2.4759036144578315,3.855421686746988,3.753012048192771,9.078313253012048,3.0783132530120483,3.5481927710843375,5.566265060240964,2.246987951807229,3.8795180722891565,3.789156626506024,2.2409638554216866,2.072289156626506,5.4879518072289155,4.530120481927711,1.7650602409638554,1.855421686746988,3.9879518072289155,2.963855421686747,2.5903614457831323,1.4879518072289157,3.8734939759036147,3.1204819277108435,3.0903614457831323,10.77710843373494,3.6144578313253013,2.8433734939759034,8.048192771084338,4.373493975903615,0.8674698795180723,1.7048192771084338,3.9457831325301207,1.819277108433735,5.409638554216867,9.933734939759036,2.0421686746987953,1.8253012048192772,9.150602409638553,3.5963855421686746,1.180722891566265,-0.1566265060240964,1.4156626506024097,1.1385542168674698,1.1204819277108433,9.596385542168674,-0.012048192771084338,-0.4939759036144578,5.0,4.662650602409639,1.2349397590361446,2.3012048192771086,0.5421686746987951,2.7710843373493974,5.933734939759036,4.662650602409639,1.2409638554216869,1.1024096385542168,12.433734939759036,5.180722891566265,1.8433734939759037
P42450,0.029197080291970802,1.832116788321168,1.5766423357664234,1.7372262773722629,6.211678832116788,0.4233576642335766,0.7591240875912408,3.0583941605839415,2.4817518248175183,3.072992700729927,2.6350364963503647,1.197080291970803,2.0364963503649633,3.54014598540146,1.7007299270072993,0.635036496350365,0.8029197080291971,7.554744525547445,2.7883211678832116,1.6642335766423357,0.4744525547445255,1.832116788321168,0.7153284671532847,1.2335766423357664,5.467153284671533,0.781021897810219,1.0291970802919708,-0.06569343065693431,2.153284671532847,1.6277372262773722,2.2335766423357666,0.6204379562043796,2.0364963503649633,4.029197080291971,2.1386861313868613,-0.30656934306569344,0.21897810218978103,6.2773722627737225,2.7153284671532845,1.094890510948905,0.17518248175182483,1.1094890510948905,1.0,2.3065693430656933,5.839416058394161,0.9197080291970803,0.5401459854014599,3.510948905109489,0.7372262773722628,2.1386861313868613,1.5182481751824817,0.9635036496350365,1.1897810218978102,1.1386861313868613,2.8905109489051095,0.43795620437956206,0.9051094890510949,5.810218978102189,1.2846715328467153,2.102189781021898,0.7007299270072993,1.3941605839416058,1.4452554744525548,2.4671532846715327,5.408759124087592,0.7518248175182481,1.1824817518248176,4.4963503649635035,1.2408759124087592,3.145985401459854,2.576642335766423,1.2481751824817517,1.6496350364963503,3.883211678832117,4.029197080291971,0.8394160583941606,0.48905109489051096,8.058394160583942,3.2335766423357666,2.1386861313868613,0.12056737588652482,0.2624113475177305,0.9716312056737588,2.0709219858156027,5.092198581560283,-0.06382978723404255,0.3120567375886525,2.6666666666666665,2.021276595744681,1.1843971631205674,1.1560283687943262,1.0638297872340425,0.6099290780141844,4.524822695035461,3.404255319148936,0.2198581560283688,0.6666666666666666,6.078014184397163,1.950354609929078,1.1347517730496455
Q7TWW7,0.6629213483146067,2.865168539325843,4.280898876404494,5.921348314606742,6.887640449438202,2.033707865168539,1.7415730337078652,4.831460674157303,4.157303370786517,3.258426966292135,2.191011235955056,2.4157303370786516,1.2134831460674158,6.955056179775281,5.921348314606742,1.101123595505618,0.16853932584269662,10.584269662921349,6.224719101123595,2.438202247191011,0.7303370786516854,1.5168539325842696,0.7865168539325843,0.29213483146067415,3.6179775280898876,0.7752808988764045,0.33707865168539325,2.146067415730337,1.5280898876404494,1.6741573033707866,2.292134831460674,0.8539325842696629,1.3932584269662922,3.337078651685393,1.2808988764044944,0.8089887640449438,0.42696629213483145,3.9775280898876404,2.49438202247191,1.1348314606741574,1.0337078651685394,2.056179775280899,3.269662921348315,3.348314606741573,6.48314606741573,2.044943820224719,3.202247191011236,2.235955056179775,3.50561797752809,1.8314606741573034,2.595505617977528,1.0,0.6179775280898876,6.089887640449438,7.247191011235955,0.8426966292134831,1.0561797752808988,10.134831460674157,4.842696629213483,0.1348314606741573,0.7865168539325843,2.6741573033707864,2.0898876404494384,2.1123595505617976,3.808988764044944,1.4382022471910112,1.0,4.449438202247191,1.797752808988764,1.8089887640449438,2.6292134831460676,1.3820224719101124,0.16853932584269662,5.101123595505618,4.303370786516854,1.3707865168539326,0.8089887640449438,8.235955056179776,3.393258426966292,0.7752808988764045,1.1685393258426966,2.932584269662921,3.146067415730337,3.550561797752809,8.382022471910112,1.898876404494382,1.7640449438202248,5.943820224719101,2.966292134831461,2.8876404494382024,2.033707865168539,2.0224719101123596,0.7415730337078652,5.48314606741573,5.426966292134831,1.303370786516854,1.550561797752809,11.460674157303371,3.202247191011236,2.157303370786517
O32221,6.333333333333333,2.6666666666666665,10.333333333333334,16.333333333333332,-15.0,-7.0,2.0,20.0,-0.6666666666666666,12.0,10.666666666666666,-2.3333333333333335,27.666666666666668,13.333333333333334,15.0,6.666666666666667,-4.0,19.666666666666668,10.0,6.333333333333333,-4.666666666666667,-1.0,-1.3333333333333333,1.0,-10.666666666666666,-9.333333333333334,-4.0,-0.6666666666666666,6.666666666666667,10.666666666666666,4.666666666666667,-9.666666666666666,3.3333333333333335,15.333333333333334,7.666666666666667,-2.3333333333333335,-0.3333333333333333,22.0,13.666666666666666,7.666666666666667,1.0,1.0,4.0,4.333333333333333,6.0,0.3333333333333333,5.333333333333333,3.6666666666666665,8.0,6.333333333333333,7.333333333333333,0.0,5.333333333333333,3.3333333333333335,12.666666666666666,3.0,-1.6666666666666667,17.333333333333332,7.0,7.333333333333333,-0.6666666666666666,0.6666666666666666,-0.3333333333333333,-3.3333333333333335,6.333333333333333,0.3333333333333333,-2.0,3.3333333333333335,1.6666666666666667,-2.6666666666666665,1.3333333333333333,-0.3333333333333333,0.0,9.666666666666666,3.0,-2.0,0.0,13.333333333333334,5.0,-2.3333333333333335,-1.7142857142857142,1.2857142857142858,3.7142857142857144,-2.7142857142857144,6.714285714285714,-3.2857142857142856,-5.142857142857143,3.4285714285714284,2.5714285714285716,4.285714285714286,2.7142857142857144,1.7142857142857142,4.142857142857143,3.857142857142857,2.0,-0.42857142857142855,-1.0,14.714285714285714,5.428571428571429,4.857142857142857
Q10900,0.34285714285714286,0.638095238095238,1.2222222222222223,2.165079365079365,3.6,0.3619047619047619,0.9873015873015873,1.488888888888889,1.7396825396825397,1.3650793650793651,1.9777777777777779,0.9142857142857143,0.6984126984126984,3.5714285714285716,0.580952380952381,0.18095238095238095,0.0,6.692063492063492,2.580952380952381,0.6888888888888889,0.4793650793650794,1.2825396825396826,1.092063492063492,0.7968253968253968,3.546031746031746,0.580952380952381,0.8285714285714286,1.0603174603174603,2.231746031746032,0.9650793650793651,1.4126984126984128,1.0285714285714285,0.6063492063492063,3.723809523809524,1.0222222222222221,0.25396825396825395,0.19365079365079366,6.974603174603175,2.6634920634920634,0.24761904761904763,0.1523809523809524,1.307936507936508,0.8126984126984127,1.3460317460317461,3.4,0.546031746031746,0.273015873015873,1.565079365079365,2.2412698412698413,0.27936507936507937,0.3238095238095238,0.9079365079365079,0.5619047619047619,2.365079365079365,2.1174603174603175,0.08253968253968254,-0.09841269841269841,5.050793650793651,2.273015873015873,-0.009523809523809525,-0.044444444444444446,1.3650793650793651,1.3587301587301588,1.434920634920635,1.5587301587301587,0.8888888888888888,0.7333333333333333,1.5587301587301587,2.4,0.36507936507936506,0.5904761904761905,1.0444444444444445,0.3904761904761905,2.111111111111111,1.9238095238095239,0.1365079365079365,0.30158730158730157,6.431746031746032,2.5714285714285716,0.5174603174603175,-0.24126984126984127,2.5904761904761906,1.7333333333333334,3.8444444444444446,2.193650793650794,1.180952380952381,2.6634920634920634,1.8,3.3301587301587303,0.6825396825396826,0.4634920634920635,2.4793650793650794,0.7301587301587301,1.9396825396825397,2.6507936507936507,0.2761904761904762,0.4507936507936508,3.977777777777778,1.507936507936508,0.4253968253968254
P65563,0.2,11.133333333333333,5.733333333333333,11.066666666666666,1.8,6.466666666666667,8.066666666666666,3.6,8.266666666666667,1.8666666666666667,1.4666666666666666,8.666666666666666,0.4,0.3333333333333333,7.0,0.9333333333333333,0.26666666666666666,2.066666666666667,0.0,0.06666666666666667,0.3333333333333333,-0.8,-0.26666666666666666,1.5333333333333334,6.666666666666667,0.8666666666666667,1.2,4.866666666666666,2.1333333333333333,3.6666666666666665,5.133333333333334,-3.2666666666666666,3.2666666666666666,1.0666666666666667,4.533333333333333,-0.13333333333333333,0.7333333333333333,5.8,-0.06666666666666667,2.8,-0.6,-1.0666666666666667,1.0,2.533333333333333,3.066666666666667,-0.4666666666666667,1.0,0.6666666666666666,0.7333333333333333,-2.2,-1.2666666666666666,0.26666666666666666,-1.2,0.0,-0.6666666666666666,0.13333333333333333,-0.06666666666666667,1.0,0.6,-0.8,1.3333333333333333,11.133333333333333,8.4,11.333333333333334,8.933333333333334,9.0,8.6,10.2,7.8,0.13333333333333333,0.6666666666666666,10.066666666666666,1.6,2.1333333333333333,5.8,2.933333333333333,1.2666666666666666,0.6666666666666666,1.4,0.4,1.5,10.833333333333334,10.5,10.88888888888889,10.444444444444445,7.833333333333333,6.388888888888889,3.0555555555555554,10.722222222222221,-0.7222222222222222,-2.9444444444444446,6.666666666666667,-1.6666666666666667,-0.2222222222222222,14.055555555555555,2.5555555555555554,1.9444444444444444,2.7222222222222223,1.6111111111111112,-0.6111111111111112
A9Q0M7,0.25,-0.25,1.5,-2.0,4.0,-0.25,-2.0,3.25,1.5,-1.75,-4.25,-3.25,-4.5,-0.75,0.75,-1.25,-1.0,5.75,2.0,-1.25,0.0,0.75,-7.75,0.0,5.0,-2.5,-2.25,-1.0,-0.25,-0.5,-1.5,-1.75,-1.5,0.75,5.5,-1.5,-0.25,4.25,-1.75,-1.0,1.0,5.0,-2.75,0.0,-1.75,4.75,4.25,-7.25,2.25,-1.0,0.5,3.25,1.75,4.25,7.75,-0.5,0.5,8.25,7.25,-7.25,0.5,0.75,-1.0,1.0,3.0,-1.25,-2.5,2.75,-0.5,-2.5,-0.25,-0.75,-0.75,-1.25,2.25,-0.25,-0.75,-2.25,0.25,-1.25,0.0,-1.25,0.75,2.25,3.25,1.0,1.75,-4.25,3.0,3.75,2.0,0.5,1.75,5.75,2.75,0.0,-2.0,1.0,4.75,2.75
Q9LAB5,-0.08,2.04,2.0,3.44,1.92,0.68,1.56,0.6,2.92,-0.56,-0.52,0.56,-0.44,3.0,2.24,-0.32,0.28,8.08,3.2,-0.36,0.12,1.44,-2.68,3.08,4.76,1.08,1.4,1.76,-2.32,0.56,2.04,0.04,0.72,1.04,4.12,0.4,0.08,5.36,-0.4,0.04,-0.28,0.04,1.08,1.36,4.96,-0.44,-0.76,1.56,1.64,3.52,3.76,-1.2,1.08,2.8,3.04,0.2,0.12,6.52,1.4,1.96,0.48,0.48,-1.92,-1.2,6.4,0.6,0.52,1.0,1.28,2.8,3.08,1.0,0.88,3.48,3.12,-0.28,0.2,7.68,1.92,1.64,1.0,1.24,1.32,2.72,5.04,0.48,1.24,3.0,2.64,1.4,2.16,0.28,0.88,1.4,4.32,1.0,0.72,5.96,1.2,1.16
P45706,0.1891891891891892,4.594594594594595,4.756756756756757,6.891891891891892,2.5945945945945947,3.3513513513513513,5.081081081081081,-0.6756756756756757,5.945945945945946,0.16216216216216217,-0.4594594594594595,3.7837837837837838,-0.24324324324324326,-1.4054054054054055,1.1891891891891893,-0.10810810810810811,0.35135135135135137,5.216216216216216,0.5135135135135135,0.0,0.40540540540540543,3.810810810810811,2.891891891891892,6.621621621621622,4.054054054054054,0.40540540540540543,4.45945945945946,0.16216216216216217,3.972972972972973,-0.7567567567567568,-0.7027027027027027,2.6216216216216215,-0.10810810810810811,-1.4054054054054055,4.216216216216216,0.5675675675675675,0.8648648648648649,2.5135135135135136,-0.13513513513513514,-0.2702702702702703,0.10810810810810811,1.2972972972972974,0.5135135135135135,4.351351351351352,5.45945945945946,1.027027027027027,1.6486486486486487,1.7567567567567568,2.3783783783783785,0.4864864864864865,-1.0,0.8648648648648649,-0.1891891891891892,1.2162162162162162,1.5135135135135136,-0.10810810810810811,0.35135135135135137,4.621621621621622,2.5135135135135136,0.40540540540540543,0.16216216216216217,6.378378378378378,3.2162162162162162,6.594594594594595,4.8108108108108105,3.6216216216216215,6.405405405405405,0.918918918918919,5.945945945945946,-1.027027027027027,-1.837837837837838,4.972972972972973,-0.05405405405405406,2.27027027027027,3.8378378378378377,-0.05405405405405406,-0.21621621621621623,4.72972972972973,2.027027027027027,-0.2702702702702703,0.02702702702702703,2.324324324324324,3.081081081081081,4.45945945945946,4.54054054054054,1.6756756756756757,2.4864864864864864,-0.8378378378378378,4.27027027027027,-0.16216216216216217,-1.3513513513513513,2.4054054054054053,-0.24324324324324326,1.162162162162162,1.4054054054054055,0.32432432432432434,0.05405405405405406,0.8378378378378378,1.4864864864864864,0.40540540540540543
A5H1G9,-1.6,4.6,4.0,2.8,3.2,2.2,3.4,2.0,6.2,6.0,-0.4,3.2,0.2,3.2,4.4,-2.0,-0.8,8.4,4.4,4.6,-2.0,0.4,0.0,-1.0,3.0,-0.2,-1.0,-1.6,2.4,7.8,7.8,-2.2,4.2,12.0,1.8,0.0,-0.6,10.2,6.0,3.2,-0.8,6.6,4.6,8.0,1.4,4.8,6.2,-1.6,6.4,-9.0,-3.4,4.8,-1.4,1.2,5.4,-0.8,0.8,6.6,1.6,-4.6,-4.2,5.6,6.0,8.8,1.0,4.2,6.0,0.0,7.2,-3.4,-1.8,5.0,-0.8,-3.8,5.0,-0.2,0.6,5.4,1.2,-1.8,-1.3333333333333333,4.666666666666667,2.0,6.333333333333333,2.6666666666666665,4.0,4.5,5.333333333333333,2.6666666666666665,6.5,3.5,3.8333333333333335,0.8333333333333334,3.6666666666666665,4.666666666666667,0.0,-0.6666666666666666,-1.0,0.3333333333333333,3.3333333333333335
Q09T02,0.6666666666666666,3.0,-3.0,-4.0,2.3333333333333335,0.0,0.0,4.0,2.3333333333333335,-3.0,-2.6666666666666665,1.3333333333333333,-2.6666666666666665,1.3333333333333333,3.3333333333333335,0.3333333333333333,0.0,6.333333333333333,2.0,-3.6666666666666665,1.0,-2.6666666666666665,0.0,-4.666666666666667,8.0,-0.6666666666666666,-1.6666666666666667,2.0,0.6666666666666666,8.666666666666666,8.333333333333334,-1.0,3.3333333333333335,10.0,-1.0,0.0,0.0,11.0,6.0,6.333333333333333,0.3333333333333333,2.6666666666666665,2.3333333333333335,2.0,3.3333333333333335,1.3333333333333333,1.3333333333333333,2.6666666666666665,3.0,1.3333333333333333,0.0,1.3333333333333333,0.6666666666666666,-2.6666666666666665,-8.666666666666666,1.3333333333333333,0.3333333333333333,6.0,1.3333333333333333,2.0,0.3333333333333333,-4.0,0.0,-6.666666666666667,7.333333333333333,-0.6666666666666666,-2.6666666666666665,-2.0,2.0,6.0,6.666666666666667,0.6666666666666666,4.0,5.333333333333333,4.666666666666667,-0.3333333333333333,1.0,-10.0,2.0,3.0,-1.0,3.0,4.833333333333333,7.666666666666667,-3.8333333333333335,3.3333333333333335,6.0,8.0,6.5,-1.3333333333333333,-1.5,3.5,0.16666666666666666,2.0,5.5,0.5,-1.3333333333333333,8.0,3.3333333333333335,0.0
Q9KJT6,0.24390243902439024,1.5121951219512195,1.1219512195121952,1.2195121951219512,3.658536585365854,-0.4878048780487805,0.4146341463414634,1.024390243902439,0.17073170731707318,2.707317073170732,3.292682926829268,0.4878048780487805,1.0975609756097562,2.4146341463414633,1.8048780487804879,0.2682926829268293,0.34146341463414637,5.7073170731707314,2.1707317073170733,1.146341463414634,0.7073170731707317,1.170731707317073,2.975609756097561,0.5365853658536586,4.536585365853658,0.8536585365853658,0.5121951219512195,0.3902439024390244,0.8780487804878049,3.682926829268293,4.2926829268292686,0.4634146341463415,2.2439024390243905,-0.14634146341463414,1.9268292682926829,0.34146341463414637,0.04878048780487805,-0.7560975609756098,0.17073170731707318,2.3658536585365852,0.0975609756097561,0.5121951219512195,0.2926829268292683,0.2926829268292683,3.4634146341463414,0.0975609756097561,0.14634146341463414,0.0975609756097561,0.4634146341463415,2.4146341463414633,3.1463414634146343,0.3902439024390244,1.3902439024390243,3.268292682926829,1.2195121951219512,1.7804878048780488,0.4634146341463415,6.097560975609756,0.6097560975609756,0.7804878048780488,-0.024390243902439025,0.9512195121951219,0.4146341463414634,0.7804878048780488,3.4634146341463414,-0.12195121951219512,1.7560975609756098,2.097560975609756,0.8536585365853658,2.0,3.5365853658536586,0.6585365853658537,1.6829268292682926,3.8292682926829267,3.7560975609756095,0.2926829268292683,0.04878048780487805,-1.829268292682927,1.1219512195121952,1.5121951219512195,0.16279069767441862,1.0,0.20930232558139536,1.1395348837209303,4.162790697674419,0.32558139534883723,0.06976744186046512,1.0,0.5581395348837209,0.46511627906976744,2.13953488372093,0.813953488372093,0.5348837209302325,1.8837209302325582,1.9534883720930232,0.4418604651162791,0.0,4.348837209302325,-0.4883720930232558,-0.18604651162790697
P32396,1.9615384615384615,1.1346153846153846,5.423076923076923,6.576923076923077,18.346153846153847,2.5961538461538463,2.230769230769231,4.884615384615385,7.4423076923076925,5.346153846153846,6.384615384615385,0.4807692307692308,3.5576923076923075,6.653846153846154,-1.2115384615384615,2.0,1.8653846153846154,13.038461538461538,4.6923076923076925,3.480769230769231,-0.4423076923076923,-0.34615384615384615,1.8846153846153846,0.6923076923076923,5.5576923076923075,0.28846153846153844,-1.0769230769230769,4.5576923076923075,2.4615384615384617,-0.1346153846153846,1.2115384615384615,-0.4423076923076923,2.423076923076923,1.5,4.384615384615385,0.07692307692307693,-0.36538461538461536,8.673076923076923,1.0769230769230769,-0.9038461538461539,1.0769230769230769,1.6730769230769231,2.4038461538461537,-0.057692307692307696,5.884615384615385,0.40384615384615385,-0.28846153846153844,5.826923076923077,1.2307692307692308,1.8461538461538463,1.1153846153846154,0.4230769230769231,2.1346153846153846,1.4230769230769231,-1.4038461538461537,0.9807692307692307,1.5769230769230769,6.884615384615385,1.5384615384615385,1.1538461538461537,0.3269230769230769,1.25,5.384615384615385,4.576923076923077,7.538461538461538,-1.0384615384615385,-0.46153846153846156,4.653846153846154,3.230769230769231,6.019230769230769,2.75,0.038461538461538464,5.019230769230769,6.25,7.365384615384615,3.3076923076923075,1.0769230769230769,15.115384615384615,4.730769230769231,4.634615384615385,2.2884615384615383,5.788461538461538,5.346153846153846,2.8461538461538463,5.0,2.8076923076923075,-1.7884615384615385,12.211538461538462,3.173076923076923,1.8461538461538463,3.8653846153846154,4.25,2.0576923076923075,5.884615384615385,8.346153846153847,3.173076923076923,3.980769230769231,16.826923076923077,2.8076923076923075,1.1153846153846154
P0A618,-1.0,2.5,2.7916666666666665,5.166666666666667,2.4583333333333335,0.4583333333333333,3.4583333333333335,0.5416666666666666,5.041666666666667,0.7916666666666666,0.6666666666666666,1.125,0.2916666666666667,0.08333333333333333,2.3333333333333335,0.75,0.625,4.416666666666667,-0.16666666666666666,0.08333333333333333,-0.16666666666666666,3.0,1.75,0.5,9.333333333333334,-0.375,-1.2083333333333333,7.916666666666667,2.5833333333333335,3.625,2.9583333333333335,1.2916666666666667,3.375,3.2083333333333335,3.25,0.041666666666666664,0.3333333333333333,7.041666666666667,5.541666666666667,1.5,1.125,3.1666666666666665,3.4166666666666665,3.8333333333333335,2.625,0.8333333333333334,2.0416666666666665,5.708333333333333,2.2916666666666665,-0.9583333333333334,1.4583333333333333,1.0,-0.3333333333333333,1.9583333333333333,7.291666666666667,1.1666666666666667,0.375,4.833333333333333,1.375,-0.7083333333333334,0.0,-0.041666666666666664,0.2916666666666667,1.0,3.1666666666666665,-0.8333333333333334,-0.75,1.2916666666666667,-0.25,1.0416666666666667,1.6666666666666667,-1.4166666666666667,0.375,2.0833333333333335,-0.25,0.4166666666666667,0.4166666666666667,2.5,-0.041666666666666664,0.4166666666666667,-0.25925925925925924,0.3333333333333333,1.0740740740740742,0.8518518518518519,10.148148148148149,-0.6296296296296297,-1.4074074074074074,3.3703703703703702,1.8888888888888888,-1.1851851851851851,1.3703703703703705,-1.3703703703703705,0.6296296296296297,2.6666666666666665,2.740740740740741,0.7037037037037037,0.6296296296296297,5.037037037037037,1.6666666666666667,-1.1111111111111112
P21543,0.07423580786026202,0.6681222707423581,0.5676855895196506,0.8820960698689956,2.6724890829694323,0.15283842794759825,0.6943231441048034,0.9606986899563319,1.6375545851528384,1.2270742358078603,1.262008733624454,0.42358078602620086,0.6724890829694323,1.148471615720524,3.03056768558952,0.17467248908296942,0.2576419213973799,2.349344978165939,-0.1091703056768559,0.6506550218340611,0.34934497816593885,0.62882096069869,-0.056768558951965066,1.1310043668122272,4.427947598253275,-0.14410480349344978,0.039301310043668124,0.8471615720524017,1.1091703056768558,2.004366812227074,1.6768558951965065,0.09170305676855896,0.7641921397379913,1.960698689956332,1.165938864628821,0.017467248908296942,0.4192139737991266,3.480349344978166,1.0829694323144106,1.5065502183406114,-0.017467248908296942,1.7860262008733625,0.6986899563318777,0.7117903930131004,3.8820960698689957,0.8384279475982532,0.7336244541484717,0.9301310043668122,1.296943231441048,2.2620087336244543,2.458515283842795,1.0524017467248907,1.3406113537117903,2.646288209606987,1.165938864628821,0.5502183406113537,0.039301310043668124,3.1048034934497815,1.2358078602620088,1.1266375545851528,0.7641921397379913,1.1004366812227073,1.2314410480349345,0.925764192139738,7.423580786026201,1.1615720524017468,1.1266375545851528,2.3973799126637556,0.4017467248908297,2.8034934497816595,2.890829694323144,1.8602620087336244,1.851528384279476,2.074235807860262,3.2314410480349345,1.165938864628821,1.240174672489083,1.4672489082969433,0.5982532751091703,2.2139737991266375,0.41739130434782606,1.2826086956521738,1.1391304347826088,1.3391304347826087,7.495652173913044,0.9173913043478261,1.2304347826086957,1.2869565217391303,-0.1,2.0521739130434784,1.626086956521739,1.7695652173913043,1.608695652173913,1.8347826086956522,2.4130434782608696,0.6956521739130435,0.6347826086956522,2.5565217391304347,1.1956521739130435,1.9043478260869566
P09879,0.8,-0.14285714285714285,-0.7714285714285715,-0.11428571428571428,4.857142857142857,0.08571428571428572,-0.34285714285714286,2.2857142857142856,0.2,1.9714285714285715,2.2857142857142856,-0.05714285714285714,0.45714285714285713,4.485714285714286,2.0,-0.37142857142857144,0.42857142857142855,7.628571428571429,1.9428571428571428,1.2571428571428571,0.2,1.2285714285714286,0.6,1.9714285714285715,3.342857142857143,1.0,1.2857142857142858,3.5142857142857142,2.257142857142857,3.4571428571428573,3.6285714285714286,0.8857142857142857,1.3714285714285714,3.7142857142857144,2.8,0.8285714285714286,-0.9142857142857143,7.742857142857143,2.4,2.0,-0.42857142857142855,2.2285714285714286,0.34285714285714286,0.34285714285714286,2.5714285714285716,1.0,0.6,2.3142857142857145,1.9428571428571428,0.34285714285714286,-0.45714285714285713,1.0,-0.2857142857142857,1.3714285714285714,2.6285714285714286,-0.05714285714285714,-0.11428571428571428,6.6,1.8285714285714285,0.6571428571428571,0.5142857142857142,-0.4857142857142857,0.4,-0.6285714285714286,4.228571428571429,0.3142857142857143,0.6,4.4,1.5714285714285714,1.8,1.4,0.11428571428571428,0.5428571428571428,3.4,1.6285714285714286,0.37142857142857144,-0.5714285714285714,6.6,2.3142857142857145,0.42857142857142855,-0.2777777777777778,1.6666666666666667,0.4444444444444444,1.0,3.2222222222222223,1.3333333333333333,0.3333333333333333,3.388888888888889,0.8333333333333334,1.0,0.3333333333333333,1.1944444444444444,0.08333333333333333,3.638888888888889,1.9722222222222223,0.6666666666666666,0.3333333333333333,6.75,1.7777777777777777,0.0
Q03091,-0.5957446808510638,1.8936170212765957,2.0851063829787235,3.1914893617021276,1.1914893617021276,0.9574468085106383,1.7446808510638299,0.5319148936170213,3.234042553191489,0.7446808510638298,0.3617021276595745,0.9361702127659575,0.5319148936170213,1.574468085106383,-0.0851063829787234,0.5319148936170213,0.6595744680851063,2.9574468085106385,1.2127659574468086,0.3617021276595745,0.10638297872340426,0.9148936170212766,0.02127659574468085,0.46808510638297873,4.0,0.3404255319148936,0.425531914893617,-0.19148936170212766,1.2553191489361701,1.6595744680851063,1.872340425531915,0.0,1.1063829787234043,2.6808510638297873,1.2765957446808511,0.0851063829787234,-0.3829787234042553,4.659574468085107,0.8297872340425532,1.0638297872340425,0.2127659574468085,0.6595744680851063,-0.1702127659574468,1.0212765957446808,3.74468085106383,0.2978723404255319,0.2127659574468085,-0.0851063829787234,-0.425531914893617,3.3617021276595747,3.6382978723404253,-0.5531914893617021,1.872340425531915,2.702127659574468,2.297872340425532,-0.6170212765957447,0.0851063829787234,2.297872340425532,1.3191489361702127,2.5319148936170213,-0.2978723404255319,-0.5319148936170213,0.3404255319148936,0.23404255319148937,4.1063829787234045,-0.5319148936170213,0.02127659574468085,0.1276595744680851,0.8723404255319149,1.7446808510638299,1.3404255319148937,-0.23404255319148937,-0.2553191489361702,0.6595744680851063,-0.06382978723404255,0.14893617021276595,0.425531914893617,2.574468085106383,-1.2127659574468086,1.5319148936170213,0.4117647058823529,0.0,0.9803921568627451,0.8431372549019608,3.6666666666666665,1.0,-0.29411764705882354,1.7058823529411764,0.7058823529411765,2.7450980392156863,2.7254901960784315,0.6862745098039216,1.0,3.0392156862745097,1.1176470588235294,0.27450980392156865,0.27450980392156865,1.7450980392156863,1.1764705882352942,1.803921568627451
P15698,0.24285714285714285,0.9428571428571428,0.5428571428571428,1.042857142857143,4.514285714285714,1.3285714285714285,1.5285714285714285,1.2142857142857142,2.3285714285714287,1.1428571428571428,0.6285714285714286,0.7285714285714285,0.6285714285714286,1.2428571428571429,-0.15714285714285714,-0.04285714285714286,0.02857142857142857,6.628571428571429,1.6714285714285715,0.24285714285714285,0.05714285714285714,0.15714285714285714,0.2857142857142857,0.7285714285714285,3.0142857142857142,-0.12857142857142856,0.9285714285714286,-0.8285714285714286,1.5,0.5571428571428572,1.0142857142857142,0.5,0.12857142857142856,1.5,1.0571428571428572,-0.24285714285714285,-0.21428571428571427,4.542857142857143,1.1428571428571428,-0.18571428571428572,0.17142857142857143,0.7142857142857143,0.6,1.6857142857142857,3.5428571428571427,0.04285714285714286,1.2,1.1428571428571428,1.0857142857142856,0.5285714285714286,1.3428571428571427,0.5857142857142857,1.457142857142857,1.7571428571428571,1.8142857142857143,0.37142857142857144,0.12857142857142856,3.8714285714285714,2.2142857142857144,-0.11428571428571428,0.14285714285714285,0.37142857142857144,0.014285714285714285,0.5714285714285714,2.1714285714285713,-0.05714285714285714,0.34285714285714286,1.4142857142857144,1.2571428571428571,1.6142857142857143,0.6142857142857143,0.8714285714285714,0.8,2.4,0.34285714285714286,0.7285714285714285,0.3142857142857143,4.8,1.5857142857142856,0.8714285714285714,0.6351351351351351,0.9054054054054054,0.12162162162162163,1.1891891891891893,4.472972972972973,0.3783783783783784,-0.28378378378378377,1.5135135135135136,0.5675675675675675,2.054054054054054,1.4864864864864864,0.7702702702702703,1.2972972972972974,1.2972972972972974,0.8108108108108109,0.17567567567567569,0.527027027027027,-0.013513513513513514,-0.35135135135135137,1.1891891891891893
Q56198,0.16363636363636364,0.7090909090909091,1.2,1.7272727272727273,4.454545454545454,1.018181818181818,-0.03636363636363636,0.5818181818181818,0.9454545454545454,-0.05454545454545454,-0.05454545454545454,0.5818181818181818,0.8,1.9454545454545455,3.1454545454545455,0.38181818181818183,-0.09090909090909091,5.5636363636363635,2.5454545454545454,0.38181818181818183,-0.509090909090909,1.2181818181818183,2.327272727272727,0.7090909090909091,6.254545454545455,1.0909090909090908,2.0545454545454547,1.018181818181818,2.7636363636363637,1.1636363636363636,1.0,1.6181818181818182,2.1636363636363636,3.327272727272727,2.7818181818181817,0.7272727272727273,-0.21818181818181817,5.7272727272727275,4.3090909090909095,-0.5636363636363636,0.5818181818181818,0.9818181818181818,2.290909090909091,3.4363636363636365,4.127272727272727,2.672727272727273,3.4909090909090907,1.1454545454545455,0.07272727272727272,4.1454545454545455,3.6,3.4727272727272727,3.0727272727272728,4.090909090909091,1.3818181818181818,0.7272727272727273,1.0727272727272728,7.454545454545454,3.309090909090909,2.1272727272727274,-0.12727272727272726,0.38181818181818183,0.8909090909090909,1.0363636363636364,1.6363636363636365,0.4,0.41818181818181815,0.9454545454545454,1.9454545454545455,0.5272727272727272,0.7272727272727273,0.9272727272727272,0.9636363636363636,0.2727272727272727,2.5636363636363635,0.34545454545454546,-0.23636363636363636,2.309090909090909,0.4909090909090909,0.4909090909090909,-0.3448275862068966,0.8620689655172413,0.7068965517241379,0.7413793103448276,3.913793103448276,0.4827586206896552,0.3793103448275862,-1.5172413793103448,1.1206896551724137,0.3448275862068966,-0.017241379310344827,1.103448275862069,0.3448275862068966,0.9827586206896551,0.896551724137931,0.20689655172413793,0.46551724137931033,5.362068965517241,1.1896551724137931,0.08620689655172414
Q97II1,1.8360655737704918,5.311475409836065,3.3278688524590163,4.819672131147541,11.852459016393443,1.7377049180327868,4.049180327868853,3.901639344262295,4.672131147540983,1.7377049180327868,1.3278688524590163,0.8688524590163934,1.2131147540983607,6.950819672131147,7.786885245901639,1.9344262295081966,1.3934426229508197,12.147540983606557,6.524590163934426,2.8852459016393444,-0.06557377049180328,3.721311475409836,3.098360655737705,2.0327868852459017,6.704918032786885,2.8360655737704916,0.4262295081967213,5.39344262295082,-0.21311475409836064,-0.3114754098360656,2.0491803278688523,1.3114754098360655,2.180327868852459,3.7704918032786887,1.5573770491803278,1.6721311475409837,1.2131147540983607,16.40983606557377,2.8524590163934427,0.7868852459016393,2.2131147540983607,6.573770491803279,3.8852459016393444,8.147540983606557,11.21311475409836,4.950819672131147,5.918032786885246,4.098360655737705,6.80327868852459,3.4098360655737703,6.327868852459017,3.737704918032787,4.295081967213115,8.721311475409836,10.245901639344263,2.8360655737704916,4.19672131147541,19.78688524590164,6.786885245901639,2.5081967213114753,0.5245901639344263,0.8032786885245902,2.360655737704918,0.8032786885245902,6.737704918032787,0.5245901639344263,0.32786885245901637,2.7868852459016393,2.9508196721311477,2.7704918032786887,2.7868852459016393,-0.6721311475409836,0.8688524590163934,5.655737704918033,10.163934426229508,0.7213114754098361,1.0163934426229508,11.934426229508198,2.918032786885246,2.9836065573770494,-0.25806451612903225,2.403225806451613,2.9193548387096775,4.483870967741935,7.67741935483871,2.9193548387096775,1.9516129032258065,4.596774193548387,6.0,3.370967741935484,2.4838709677419355,2.596774193548387,1.8387096774193548,6.5,6.758064516129032,1.5161290322580645,1.8064516129032258,11.306451612903226,5.048387096774194,2.4516129032258065
P35804,-0.23333333333333334,2.433333333333333,2.6333333333333333,4.333333333333333,2.933333333333333,1.5666666666666667,3.0,-1.7,4.1,0.8,0.43333333333333335,1.8333333333333333,-1.3,3.1666666666666665,3.5,-0.16666666666666666,0.26666666666666666,7.7,3.3333333333333335,0.8333333333333334,0.6,1.7666666666666666,1.1333333333333333,2.1666666666666665,3.533333333333333,0.16666666666666666,1.4,0.8666666666666667,2.533333333333333,2.7666666666666666,3.6333333333333333,1.9,0.3333333333333333,3.533333333333333,3.6333333333333333,0.6,0.2,6.8,2.9,1.5666666666666667,-0.7,0.9,0.6666666666666666,-0.36666666666666664,2.6,0.0,-0.43333333333333335,0.23333333333333334,1.0666666666666667,1.4333333333333333,2.6333333333333333,-0.6,1.2333333333333334,1.0333333333333334,1.5,0.06666666666666667,-0.36666666666666664,5.9,0.4666666666666667,0.5666666666666667,-0.03333333333333333,1.6,1.1333333333333333,2.6333333333333333,1.5333333333333334,-0.43333333333333335,0.5,0.16666666666666666,2.3,1.8333333333333333,2.7666666666666666,1.3333333333333333,0.9,2.3,2.1,0.6666666666666666,-0.03333333333333333,3.6,0.6666666666666666,0.4666666666666667,0.25806451612903225,1.1290322580645162,0.45161290322580644,2.193548387096774,3.5806451612903225,0.5483870967741935,1.2258064516129032,-1.1612903225806452,0.9354838709677419,1.5806451612903225,1.2258064516129032,1.032258064516129,1.0,1.1612903225806452,4.419354838709677,-0.3548387096774194,-0.5806451612903226,1.096774193548387,-0.6129032258064516,1.4193548387096775
P0A566,-0.1,-0.2,1.3,2.2,3.0,0.4,0.9,2.2,1.8,1.2,2.3,0.1,1.4,2.9,2.8,0.5,0.1,6.7,2.5,0.6,0.1,0.2,1.2,2.1,3.4,0.0,0.5,2.2,1.8,2.9,4.0,-0.2,1.4,4.4,3.4,-0.3,-0.3,6.4,3.1,1.5,-0.9,0.6,0.4,2.2,1.8,1.1,0.6,-4.5,1.1,0.6,1.0,0.5,-0.4,1.6,3.0,-0.4,0.1,2.8,1.4,0.0,-0.2,1.9,1.2,1.8,4.2,1.7,-0.5,2.1,1.6,5.0,3.6,-0.1,1.5,5.4,2.7,-0.2,-0.1,7.5,3.1,2.5,-0.3,0.4,0.2,0.6,5.0,0.1,-0.8,0.5,0.2,2.6,2.0,0.0,-0.3,2.8,2.7,0.4,-0.3,6.2,1.9,1.9
O31749,0.5526315789473685,0.15789473684210525,3.8157894736842106,5.131578947368421,10.026315789473685,2.4210526315789473,2.9210526315789473,6.078947368421052,6.342105263157895,0.39473684210526316,4.157894736842105,1.7894736842105263,3.4210526315789473,6.5,9.105263157894736,1.5263157894736843,0.8947368421052632,16.289473684210527,7.947368421052632,-0.8947368421052632,0.7894736842105263,-0.7105263157894737,4.578947368421052,4.5,8.657894736842104,0.2631578947368421,2.3421052631578947,0.5789473684210527,2.8947368421052633,2.8157894736842106,0.2894736842105263,1.1578947368421053,4.684210526315789,6.447368421052632,4.368421052631579,1.8421052631578947,3.5,11.263157894736842,4.473684210526316,1.736842105263158,0.07894736842105263,0.2631578947368421,1.131578947368421,0.2894736842105263,3.1578947368421053,0.9210526315789473,-0.2631578947368421,1.7894736842105263,1.631578947368421,0.6578947368421053,0.39473684210526316,1.6842105263157894,0.47368421052631576,0.0,1.8421052631578947,0.8157894736842105,-0.07894736842105263,6.947368421052632,1.9736842105263157,-0.7105263157894737,0.4473684210526316,3.3421052631578947,3.1842105263157894,3.236842105263158,5.157894736842105,1.868421052631579,2.6578947368421053,5.052631578947368,3.6578947368421053,1.0,4.2368421052631575,1.7894736842105263,3.5,4.7894736842105265,6.157894736842105,0.8947368421052632,0.18421052631578946,12.5,2.5526315789473686,2.4210526315789473,0.18421052631578946,0.2631578947368421,4.105263157894737,5.131578947368421,7.7368421052631575,2.9473684210526314,3.6052631578947367,0.8947368421052632,5.078947368421052,3.763157894736842,1.9736842105263157,1.0263157894736843,0.7368421052631579,6.947368421052632,6.368421052631579,1.4736842105263157,1.5789473684210527,17.0,7.868421052631579,2.6578947368421053
P80172,-0.15384615384615385,1.1846153846153846,0.9846153846153847,2.246153846153846,2.876923076923077,0.3230769230769231,0.676923076923077,3.292307692307692,1.7846153846153847,1.323076923076923,1.5384615384615385,0.8,0.046153846153846156,2.723076923076923,2.3846153846153846,0.24615384615384617,0.3230769230769231,6.415384615384616,1.4923076923076923,0.5538461538461539,0.5846153846153846,0.6615384615384615,0.23076923076923078,-0.5076923076923077,4.661538461538462,0.03076923076923077,0.23076923076923078,2.1846153846153844,-0.03076923076923077,0.9538461538461539,1.6923076923076923,0.2,0.4,2.6153846153846154,2.9384615384615387,0.06153846153846154,-0.18461538461538463,5.723076923076923,0.8153846153846154,0.23076923076923078,0.6,0.9384615384615385,1.1384615384615384,0.12307692307692308,5.8307692307692305,0.3230769230769231,0.5692307692307692,1.8,1.5076923076923077,2.9076923076923076,1.8615384615384616,0.7538461538461538,0.4307692307692308,3.9692307692307693,3.4,0.47692307692307695,0.6461538461538462,7.015384615384615,1.8461538461538463,2.3384615384615386,0.5846153846153846,1.8153846153846154,1.7076923076923076,2.4,4.461538461538462,1.3076923076923077,1.4,4.107692307692307,2.5384615384615383,1.9230769230769231,2.3384615384615386,1.353846153846154,1.2,3.876923076923077,3.2,0.9384615384615385,0.6307692307692307,8.107692307692307,2.7846153846153845,1.476923076923077,-0.09230769230769231,0.7538461538461538,1.1846153846153846,0.6461538461538462,4.4,-0.2,-0.23076923076923078,2.0153846153846153,0.9692307692307692,1.323076923076923,2.3692307692307693,1.2769230769230768,0.7538461538461538,2.9384615384615387,2.476923076923077,0.15384615384615385,0.23076923076923078,5.6,1.6307692307692307,0.4
P33251,-0.061224489795918366,4.755102040816326,-0.4489795918367347,1.9591836734693877,4.714285714285714,1.2448979591836735,2.9591836734693877,1.1224489795918366,1.2244897959183674,0.20408163265306123,-0.14285714285714285,2.938775510204082,-0.16326530612244897,-0.20408163265306123,2.9183673469387754,0.14285714285714285,-0.12244897959183673,-2.204081632653061,-0.4489795918367347,-0.1836734693877551,0.8163265306122449,1.6122448979591837,-0.32653061224489793,6.469387755102041,7.653061224489796,0.3877551020408163,2.2244897959183674,1.8775510204081634,2.836734693877551,-2.0408163265306123,-1.469387755102041,0.7959183673469388,-0.2653061224489796,-1.3877551020408163,2.7142857142857144,0.20408163265306123,0.3469387755102041,2.489795918367347,0.8163265306122449,-1.2448979591836735,0.02040816326530612,7.63265306122449,4.244897959183674,12.061224489795919,5.530612244897959,6.081632653061225,8.489795918367347,5.1020408163265305,4.387755102040816,0.22448979591836735,-1.3673469387755102,4.73469387755102,-0.22448979591836735,-0.061224489795918366,5.346938775510204,0.9795918367346939,0.12244897959183673,2.3469387755102042,3.163265306122449,-0.10204081632653061,-0.46938775510204084,5.591836734693878,3.938775510204082,7.6938775510204085,4.775510204081633,5.346938775510204,5.530612244897959,4.489795918367347,3.9183673469387754,0.08163265306122448,-0.10204081632653061,5.183673469387755,0.5714285714285714,0.6122448979591837,6.551020408163265,1.469387755102041,0.5306122448979592,5.3061224489795915,2.877551020408163,-0.42857142857142855,0.6274509803921569,8.372549019607844,5.372549019607843,7.117647058823529,6.921568627450981,3.5098039215686274,3.2941176470588234,3.784313725490196,1.411764705882353,1.2549019607843137,1.196078431372549,6.235294117647059,0.17647058823529413,3.392156862745098,8.392156862745098,0.7843137254901961,2.450980392156863,10.352941176470589,1.411764705882353,0.35294117647058826
P15363,0.12857142857142856,0.6142857142857143,0.5,1.2285714285714286,3.2,-0.05714285714285714,0.37142857142857144,1.2857142857142858,1.9142857142857144,0.0,1.0285714285714285,-0.5,0.37142857142857144,1.6285714285714286,3.0285714285714285,-0.44285714285714284,0.05714285714285714,4.428571428571429,1.6285714285714286,-0.34285714285714286,0.5857142857142857,1.8428571428571427,1.2142857142857142,1.3571428571428572,4.285714285714286,1.0714285714285714,0.8285714285714286,2.6142857142857143,2.1142857142857143,2.657142857142857,2.8857142857142857,1.2571428571428571,1.2285714285714286,2.1285714285714286,1.4142857142857144,0.5,-0.32857142857142857,7.114285714285714,2.242857142857143,1.5,0.44285714285714284,0.4857142857142857,0.8714285714285714,0.6428571428571429,5.085714285714285,-0.3,-0.14285714285714285,3.4714285714285715,0.8714285714285714,2.6285714285714286,2.8142857142857145,-0.6,1.4142857142857144,2.1857142857142855,2.4714285714285715,0.42857142857142855,0.14285714285714285,1.8857142857142857,0.37142857142857144,1.6,0.04285714285714286,0.15714285714285714,1.0285714285714285,1.042857142857143,4.985714285714286,0.15714285714285714,0.6857142857142857,1.0857142857142856,0.8714285714285714,2.3857142857142857,2.357142857142857,0.34285714285714286,1.0857142857142856,3.4571428571428573,4.0285714285714285,0.37142857142857144,-0.07142857142857142,6.5285714285714285,2.5285714285714285,1.8714285714285714,0.7534246575342466,0.3287671232876712,-0.3972602739726027,0.7671232876712328,5.315068493150685,-0.0684931506849315,0.1780821917808219,3.1506849315068495,1.3150684931506849,1.0547945205479452,1.178082191780822,-0.5616438356164384,0.4794520547945205,0.958904109589041,1.356164383561644,0.4520547945205479,0.5616438356164384,5.3561643835616435,-0.3287671232876712,0.6438356164383562
Q59112,-0.6511627906976745,1.186046511627907,0.16279069767441862,0.3023255813953488,2.2790697674418605,0.4883720930232558,-0.2558139534883721,0.3953488372093023,2.116279069767442,0.2558139534883721,0.46511627906976744,0.6511627906976745,-0.6511627906976745,1.7674418604651163,2.5813953488372094,-0.06976744186046512,-0.16279069767441862,5.534883720930233,1.4186046511627908,0.3953488372093023,0.046511627906976744,1.1627906976744187,0.4186046511627907,-0.4186046511627907,1.8372093023255813,0.8837209302325582,0.32558139534883723,0.7674418604651163,1.6511627906976745,0.7441860465116279,1.1627906976744187,0.6744186046511628,0.6046511627906976,-0.627906976744186,0.5813953488372093,-0.13953488372093023,-0.23255813953488372,2.3488372093023258,0.7209302325581395,0.23255813953488372,-0.37209302325581395,1.441860465116279,0.7906976744186046,1.744186046511628,4.465116279069767,0.4186046511627907,1.186046511627907,-1.0930232558139534,2.0697674418604652,1.2325581395348837,2.046511627906977,1.0465116279069768,0.4186046511627907,2.9069767441860463,1.1627906976744187,-0.09302325581395349,0.09302325581395349,2.8372093023255816,1.4651162790697674,0.8372093023255814,0.18604651162790697,0.11627906976744186,1.1395348837209303,1.4883720930232558,1.2325581395348837,0.4186046511627907,0.23255813953488372,1.0465116279069768,-0.046511627906976744,0.11627906976744186,0.3488372093023256,0.46511627906976744,0.8372093023255814,1.627906976744186,0.7674418604651163,0.7441860465116279,0.4883720930232558,4.046511627906977,1.5116279069767442,0.046511627906976744,0.022727272727272728,1.3409090909090908,1.8181818181818181,0.9772727272727273,4.568181818181818,1.1363636363636365,0.5681818181818182,2.25,2.6136363636363638,0.7954545454545454,1.0681818181818181,1.1363636363636365,0.75,4.159090909090909,0.7045454545454546,0.18181818181818182,0.06818181818181818,6.7272727272727275,2.977272727272727,0.7045454545454546
P14319,1.0,7.636363636363637,6.2727272727272725,9.636363636363637,-0.09090909090909091,4.363636363636363,3.8181818181818183,0.9090909090909091,8.272727272727273,0.9090909090909091,-2.272727272727273,4.090909090909091,0.2727272727272727,-2.0,7.545454545454546,2.272727272727273,0.45454545454545453,-1.3636363636363635,0.9090909090909091,1.1818181818181819,0.2727272727272727,2.272727272727273,2.5454545454545454,4.818181818181818,0.36363636363636365,2.1818181818181817,3.0,-0.5454545454545454,2.909090909090909,-2.8181818181818183,-1.6363636363636365,2.090909090909091,-1.1818181818181819,1.0,1.8181818181818181,0.6363636363636364,0.09090909090909091,2.4545454545454546,2.0,-1.7272727272727273,-3.0,4.636363636363637,6.2727272727272725,7.090909090909091,6.2727272727272725,3.0,4.545454545454546,2.090909090909091,4.0,-1.0,-2.8181818181818183,2.5454545454545454,0.18181818181818182,-1.8181818181818181,5.545454545454546,-2.6363636363636362,-1.1818181818181819,-2.8181818181818183,-3.090909090909091,-1.6363636363636365,-0.8181818181818182,5.2727272727272725,4.0,6.454545454545454,6.090909090909091,3.6363636363636362,3.5454545454545454,7.7272727272727275,1.9090909090909092,-0.18181818181818182,0.45454545454545453,4.090909090909091,0.6363636363636364,0.6363636363636364,5.090909090909091,0.8181818181818182,0.36363636363636365,2.727272727272727,0.5454545454545454,-0.9090909090909091,0.3076923076923077,2.230769230769231,4.769230769230769,8.538461538461538,2.3076923076923075,2.3846153846153846,6.3076923076923075,4.923076923076923,4.384615384615385,3.0,4.769230769230769,1.6923076923076923,1.3846153846153846,3.4615384615384617,8.23076923076923,2.1538461538461537,-0.6923076923076923,6.538461538461538,4.0,0.38461538461538464
P30345,-0.6,0.8,0.4,1.8,4.3,0.2,1.1,-3.0,3.2,2.6,0.5,0.8,0.6,5.5,-3.5,0.0,-0.5,7.7,4.7,1.0,-0.7,4.8,4.9,7.5,-0.9,3.2,4.4,3.6,6.5,-1.9,0.3,3.2,-0.2,2.1,1.1,0.3,0.1,7.8,2.8,-2.3,-1.0,3.3,3.3,5.7,1.9,2.4,3.4,-3.0,5.3,-0.6,-0.1,2.5,0.1,2.5,-0.4,0.3,0.6,3.9,2.9,-1.0,0.4,-1.9,0.5,1.9,3.6,0.6,1.3,-2.3,2.3,2.6,0.2,0.4,0.5,1.8,4.9,0.9,1.2,-2.1,1.4,2.2,-0.1,3.5,0.4,-0.3,-2.1,-0.3,-0.3,3.7,-0.5,2.5,1.1,0.4,0.6,5.9,-0.6,0.4,0.3,7.7,3.1,2.2
P32397,0.5,1.8095238095238095,1.6071428571428572,1.7261904761904763,4.238095238095238,1.5357142857142858,1.6547619047619047,-0.011904761904761904,0.9166666666666666,1.4523809523809523,1.4523809523809523,1.2857142857142858,0.7380952380952381,1.5119047619047619,3.0,0.6190476190476191,0.10714285714285714,3.9166666666666665,-0.16666666666666666,1.619047619047619,0.3333333333333333,0.05952380952380952,0.15476190476190477,-0.5714285714285714,4.285714285714286,0.20238095238095238,-0.4642857142857143,0.4880952380952381,0.5357142857142857,-0.14285714285714285,-0.8809523809523809,-0.16666666666666666,-0.5357142857142857,-0.47619047619047616,1.1547619047619047,-0.05952380952380952,0.2261904761904762,1.2619047619047619,0.8452380952380952,-0.5714285714285714,0.07142857142857142,0.2976190476190476,0.9166666666666666,-0.5238095238095238,2.869047619047619,-0.10714285714285714,-0.35714285714285715,0.36904761904761907,-0.10714285714285714,-0.2619047619047619,0.20238095238095238,0.03571428571428571,0.4642857142857143,2.5,1.6547619047619047,0.2261904761904762,0.17857142857142858,5.369047619047619,1.1547619047619047,0.20238095238095238,0.23809523809523808,0.9047619047619048,0.7738095238095238,0.6785714285714286,3.011904761904762,0.35714285714285715,0.10714285714285714,2.7142857142857144,0.20238095238095238,0.32142857142857145,0.8095238095238095,0.4880952380952381,1.5833333333333333,1.2380952380952381,1.4880952380952381,0.047619047619047616,0.19047619047619047,2.5595238095238093,1.3095238095238095,0.047619047619047616,-0.35714285714285715,0.2857142857142857,1.8095238095238095,1.119047619047619,6.857142857142857,1.1666666666666667,0.03571428571428571,3.357142857142857,-0.10714285714285714,3.5595238095238093,3.2261904761904763,2.3214285714285716,3.7976190476190474,4.416666666666667,2.5595238095238093,0.8214285714285714,0.7261904761904762,4.726190476190476,1.9166666666666667,2.0357142857142856
O34767,0.5147058823529411,0.45588235294117646,-0.17647058823529413,-0.014705882352941176,5.029411764705882,-0.5441176470588235,-0.07352941176470588,1.2794117647058822,0.9264705882352942,1.1029411764705883,2.264705882352941,0.23529411764705882,0.6323529411764706,3.8676470588235294,1.0441176470588236,0.07352941176470588,-0.014705882352941176,6.647058823529412,2.6029411764705883,0.8382352941176471,0.19117647058823528,0.9411764705882353,0.8676470588235294,1.1470588235294117,4.485294117647059,-0.04411764705882353,0.5147058823529411,2.25,1.0294117647058822,-0.07352941176470588,0.8823529411764706,0.5,0.5735294117647058,3.088235294117647,1.6764705882352942,0.17647058823529413,0.6323529411764706,4.867647058823529,1.7647058823529411,-0.19117647058823528,-0.16176470588235295,1.088235294117647,0.058823529411764705,0.11764705882352941,3.8823529411764706,0.2647058823529412,-0.1323529411764706,0.8235294117647058,1.5441176470588236,-0.11764705882352941,-0.27941176470588236,0.3382352941176471,-0.19117647058823528,0.6323529411764706,1.0147058823529411,-0.38235294117647056,-0.11764705882352941,5.0588235294117645,0.8970588235294118,-0.9411764705882353,0.4411764705882353,0.4852941176470588,1.3970588235294117,1.7205882352941178,4.970588235294118,0.6764705882352942,0.27941176470588236,0.6029411764705882,1.7205882352941178,0.9558823529411765,1.0588235294117647,0.45588235294117646,0.6470588235294118,2.5,1.661764705882353,0.9852941176470589,0.11764705882352941,4.911764705882353,1.5441176470588236,0.5882352941176471,0.44285714285714284,0.8571428571428571,1.2,1.1857142857142857,5.171428571428572,-0.8714285714285714,0.11428571428571428,2.2857142857142856,0.8571428571428571,1.4714285714285715,0.9428571428571428,0.9428571428571428,0.8571428571428571,0.9571428571428572,0.5571428571428572,0.5285714285714286,-0.17142857142857143,4.485714285714286,0.8571428571428571,0.38571428571428573
Q99027,1.2517482517482517,1.1608391608391608,0.965034965034965,2.8531468531468533,4.076923076923077,1.1048951048951048,1.6293706293706294,4.013986013986014,1.881118881118881,-0.5174825174825175,-0.22377622377622378,0.07692307692307693,-0.04895104895104895,1.8391608391608392,4.13986013986014,0.5944055944055944,0.27972027972027974,5.174825174825175,0.8811188811188811,-0.09090909090909091,0.6363636363636364,2.5244755244755246,2.13986013986014,4.384615384615385,4.0,1.993006993006993,2.9510489510489513,3.993006993006993,2.4895104895104896,-0.13986013986013987,-0.4125874125874126,2.272727272727273,-0.04895104895104895,-0.7622377622377622,4.356643356643357,0.958041958041958,0.32167832167832167,4.06993006993007,-0.34265734265734266,0.17482517482517482,0.8881118881118881,2.076923076923077,2.762237762237762,4.006993006993007,4.846153846153846,1.3776223776223777,2.3986013986013988,5.8321678321678325,1.944055944055944,0.7832167832167832,0.5384615384615384,2.062937062937063,0.6083916083916084,1.6083916083916083,4.405594405594406,1.4615384615384615,0.2097902097902098,4.86013986013986,0.44755244755244755,0.4755244755244755,-0.11188811188811189,0.5454545454545454,0.8951048951048951,0.993006993006993,7.615384615384615,0.7062937062937062,0.14685314685314685,3.867132867132867,1.1888111888111887,0.3076923076923077,-0.2097902097902098,0.3986013986013986,0.013986013986013986,2.4475524475524475,3.027972027972028,0.055944055944055944,0.16783216783216784,7.258741258741258,2.2937062937062938,0.25874125874125875,0.5578231292517006,0.21768707482993196,0.7346938775510204,1.346938775510204,6.687074829931973,0.4013605442176871,-0.006802721088435374,4.2312925170068025,0.5918367346938775,0.5578231292517006,1.3537414965986394,1.3265306122448979,1.401360544217687,5.054421768707483,4.918367346938775,0.7142857142857143,0.5510204081632653,10.45578231292517,4.442176870748299,0.7891156462585034
P77949,0.52,3.0,2.52,0.2,3.6,3.88,-0.12,7.16,3.4,-1.08,-1.04,1.44,0.4,-0.44,8.68,1.8,-1.8,13.0,2.76,-1.64,1.48,1.52,0.76,1.16,3.6,0.92,1.4,0.84,-0.08,2.68,2.28,-1.16,2.44,0.8,-1.0,-0.24,0.6,1.84,-0.48,2.0,1.84,3.4,-1.4,2.2,7.0,2.88,0.76,1.88,-0.04,5.96,6.36,1.32,5.32,6.92,2.08,2.4,0.92,10.6,4.24,5.32,3.16,3.88,-0.12,0.52,4.64,3.36,4.2,6.12,6.2,1.64,4.92,2.96,4.68,-0.72,4.8,3.92,-0.16,12.28,5.68,2.76,0.44,-0.96,-1.44,-2.2,5.28,-0.08,-1.6,0.36,3.4,-0.76,3.28,-1.84,1.72,6.56,0.92,0.0,-0.36,13.28,4.2,-1.84
O34360,0.43478260869565216,1.9565217391304348,1.826086956521739,3.0869565217391304,0.08695652173913043,0.782608695652174,1.391304347826087,6.869565217391305,0.391304347826087,0.30434782608695654,-0.6086956521739131,1.608695652173913,0.2608695652173913,-2.6956521739130435,4.869565217391305,1.0,0.6956521739130435,0.8695652173913043,-1.173913043478261,0.9565217391304348,-0.2608695652173913,0.9130434782608695,-1.434782608695652,1.7391304347826086,3.9130434782608696,-0.43478260869565216,0.13043478260869565,2.608695652173913,-0.043478260869565216,0.17391304347826086,-0.30434782608695654,-0.5652173913043478,0.6086956521739131,4.521739130434782,1.0,-0.08695652173913043,0.0,9.304347826086957,3.1739130434782608,0.6086956521739131,0.21739130434782608,0.34782608695652173,0.21739130434782608,0.6521739130434783,3.9130434782608696,0.13043478260869565,0.4782608695652174,-0.7391304347826086,0.34782608695652173,2.8260869565217392,2.347826086956522,-0.043478260869565216,0.9565217391304348,4.478260869565218,1.6956521739130435,0.5217391304347826,-0.4782608695652174,5.304347826086956,2.739130434782609,1.9130434782608696,0.13043478260869565,1.3478260869565217,-0.782608695652174,-0.5652173913043478,2.391304347826087,0.0,0.08695652173913043,2.391304347826087,0.4782608695652174,0.0,-0.17391304347826086,-0.782608695652174,-0.21739130434782608,0.43478260869565216,3.608695652173913,-0.5217391304347826,-0.17391304347826086,0.5652173913043478,-1.0,-1.0,0.76,0.32,0.16,1.32,6.08,-0.12,-1.0,-0.12,0.92,1.64,1.08,-1.8,0.44,-1.88,2.08,0.4,1.12,-0.2,0.48,1.64
P33247,1.3275862068965518,1.7672413793103448,1.6379310344827587,1.3448275862068966,3.146551724137931,1.2758620689655173,0.8362068965517241,0.9568965517241379,1.1551724137931034,1.6206896551724137,2.0172413793103448,2.1120689655172415,1.6810344827586208,2.0948275862068964,2.5172413793103448,0.8275862068965517,0.6551724137931034,5.198275862068965,1.6293103448275863,1.75,1.293103448275862,2.836206896551724,2.5689655172413794,6.2155172413793105,5.008620689655173,2.8017241379310347,3.706896551724138,6.0344827586206895,1.396551724137931,-0.3879310344827586,-1.4051724137931034,2.2672413793103448,-1.7241379310344827,-0.07758620689655173,0.6120689655172413,1.6551724137931034,1.3706896551724137,-2.0775862068965516,0.5689655172413793,0.4482758620689655,0.11206896551724138,2.0344827586206895,2.0258620689655173,1.4655172413793103,2.8448275862068964,0.3103448275862069,1.7758620689655173,2.6724137931034484,0.7241379310344828,1.8706896551724137,1.7844827586206897,0.9655172413793104,0.13793103448275862,3.5689655172413794,2.2758620689655173,0.008620689655172414,0.9310344827586207,3.5172413793103448,1.4051724137931034,0.8620689655172413,0.7931034482758621,1.6120689655172413,1.6982758620689655,1.3362068965517242,2.939655172413793,1.75,0.4396551724137931,2.8879310344827585,0.8448275862068966,2.3189655172413794,2.7241379310344827,2.2155172413793105,1.646551724137931,2.103448275862069,3.5689655172413794,0.6810344827586207,0.8362068965517241,2.3189655172413794,1.2844827586206897,1.8017241379310345,0.6239316239316239,1.188034188034188,1.4188034188034189,1.0598290598290598,4.316239316239316,1.1623931623931625,0.28205128205128205,2.923076923076923,2.3076923076923075,4.051282051282051,1.8717948717948718,1.4700854700854702,1.0341880341880343,4.6068376068376065,3.247863247863248,0.717948717948718,1.4786324786324787,5.042735042735043,2.9145299145299144,2.3846153846153846
Q8NNK2,0.7540983606557377,2.80327868852459,1.1639344262295082,2.622950819672131,4.131147540983607,1.2622950819672132,0.9508196721311475,1.1147540983606556,1.8688524590163935,0.18032786885245902,-0.47540983606557374,1.7540983606557377,-0.4426229508196721,0.19672131147540983,1.7540983606557377,0.4098360655737705,-0.09836065573770492,-0.5245901639344263,0.6885245901639344,0.19672131147540983,0.4262295081967213,2.0491803278688523,1.7540983606557377,2.901639344262295,1.3770491803278688,1.2131147540983607,1.5573770491803278,3.262295081967213,2.0163934426229506,-0.3442622950819672,0.4426229508196721,1.4098360655737705,-0.11475409836065574,-0.14754098360655737,3.0163934426229506,0.36065573770491804,-0.18032786885245902,1.8360655737704918,0.14754098360655737,-0.01639344262295082,0.19672131147540983,0.7868852459016393,-0.11475409836065574,-0.03278688524590164,2.4262295081967213,0.11475409836065574,-0.03278688524590164,0.36065573770491804,0.3770491803278688,-0.4262295081967213,0.2786885245901639,-0.14754098360655737,-0.21311475409836064,-0.4262295081967213,0.8360655737704918,-0.08196721311475409,-0.11475409836065574,-0.36065573770491804,-0.9016393442622951,-0.26229508196721313,1.1967213114754098,2.7540983606557377,1.9672131147540983,1.9836065573770492,4.934426229508197,1.8032786885245902,2.5245901639344264,3.7049180327868854,2.2295081967213113,2.0163934426229506,1.8852459016393444,1.8360655737704918,0.4426229508196721,1.8360655737704918,3.721311475409836,0.5573770491803278,-0.29508196721311475,5.327868852459017,3.0327868852459017,0.2786885245901639,0.26153846153846155,2.2615384615384615,0.2923076923076923,1.2615384615384615,5.046153846153846,0.7384615384615385,0.38461538461538464,2.876923076923077,1.5076923076923077,1.7846153846153847,1.9384615384615385,0.5230769230769231,0.5384615384615384,2.0,1.0307692307692307,0.4153846153846154,0.4461538461538462,7.2,0.46153846153846156,0.5230769230769231
Q04942,-1.6571428571428573,-1.457142857142857,5.914285714285715,6.3428571428571425,4.114285714285714,1.0285714285714285,1.4285714285714286,8.971428571428572,0.3142857142857143,1.8571428571428572,-0.6571428571428571,2.342857142857143,-0.2,4.3428571428571425,12.4,2.8,0.37142857142857144,10.942857142857143,4.542857142857143,2.742857142857143,2.6285714285714286,0.9714285714285714,7.571428571428571,5.457142857142857,6.4,3.0285714285714285,2.257142857142857,6.514285714285714,5.371428571428571,1.4285714285714286,2.2857142857142856,1.1428571428571428,3.657142857142857,7.0,13.257142857142858,4.0,1.0,14.342857142857143,7.914285714285715,1.5714285714285714,1.0857142857142856,-0.05714285714285714,4.828571428571428,4.742857142857143,6.885714285714286,1.4,1.5142857142857142,7.2,2.342857142857143,-0.17142857142857143,-0.8571428571428571,0.8571428571428571,-0.6285714285714286,4.114285714285714,2.142857142857143,2.5714285714285716,0.9428571428571428,10.314285714285715,3.2857142857142856,0.42857142857142855,0.9428571428571428,-0.02857142857142857,0.9142857142857143,3.6,4.4,0.6,0.37142857142857144,1.9428571428571428,-0.11428571428571428,-0.2571428571428571,-0.5714285714285714,0.4,1.3714285714285714,1.5142857142857142,3.5142857142857142,0.2571428571428571,-0.5714285714285714,9.2,2.4571428571428573,2.7714285714285714,2.5428571428571427,1.1142857142857143,0.8571428571428571,-1.8857142857142857,9.371428571428572,1.542857142857143,0.6285714285714286,8.2,-0.5428571428571428,3.257142857142857,2.3714285714285714,-0.5142857142857142,2.057142857142857,5.057142857142857,0.45714285714285713,2.1714285714285713,1.3142857142857143,10.857142857142858,1.7428571428571429,0.8857142857142857
P29148,0.5740740740740741,1.0,0.19444444444444445,-0.25925925925925924,5.787037037037037,1.0092592592592593,1.1296296296296295,1.2037037037037037,1.0833333333333333,1.1296296296296295,2.009259259259259,0.046296296296296294,0.8981481481481481,2.074074074074074,2.611111111111111,0.5,0.4074074074074074,5.212962962962963,1.5092592592592593,0.2037037037037037,0.046296296296296294,1.0462962962962963,0.46296296296296297,0.7407407407407407,5.638888888888889,-0.06481481481481481,0.1388888888888889,0.5648148148148148,1.5462962962962963,1.1203703703703705,1.0,0.16666666666666666,0.7407407407407407,2.5925925925925926,0.5462962962962963,0.1574074074074074,-0.12037037037037036,5.388888888888889,1.1666666666666667,0.19444444444444445,0.3888888888888889,0.5370370370370371,1.1018518518518519,-0.24074074074074073,5.194444444444445,0.08333333333333333,0.12037037037037036,0.46296296296296297,0.39814814814814814,2.009259259259259,1.8888888888888888,0.5,1.787037037037037,1.5185185185185186,0.3055555555555556,0.2037037037037037,0.42592592592592593,2.5277777777777777,1.4907407407407407,1.2777777777777777,0.4351851851851852,0.9259259259259259,-0.7592592592592593,1.7037037037037037,5.481481481481482,0.7962962962962963,1.0185185185185186,0.42592592592592593,1.8888888888888888,2.1018518518518516,1.8611111111111112,1.5462962962962963,0.3333333333333333,1.787037037037037,2.990740740740741,-0.19444444444444445,-0.027777777777777776,4.2592592592592595,0.027777777777777776,1.5925925925925926,-0.2962962962962963,1.6018518518518519,0.12962962962962962,0.5648148148148148,3.2222222222222223,0.49074074074074076,1.25,0.32407407407407407,1.3611111111111112,1.0740740740740742,0.9814814814814815,0.7777777777777778,0.6388888888888888,2.6666666666666665,1.6944444444444444,0.09259259259259259,0.21296296296296297,4.083333333333333,1.6574074074074074,0.9166666666666666
Q9L4Q8,2.2093023255813953,2.63953488372093,4.1395348837209305,3.755813953488372,14.069767441860465,1.5232558139534884,1.1162790697674418,9.686046511627907,4.046511627906977,0.5348837209302325,0.9534883720930233,1.6395348837209303,0.1511627906976744,5.569767441860465,8.988372093023257,1.6744186046511629,2.895348837209302,9.976744186046512,4.6976744186046515,1.9069767441860466,5.186046511627907,2.755813953488372,5.790697674418604,6.267441860465116,10.988372093023257,2.2790697674418605,3.0697674418604652,11.767441860465116,0.7906976744186046,4.72093023255814,5.3023255813953485,3.2325581395348837,1.3604651162790697,4.395348837209302,10.383720930232558,3.6744186046511627,3.7906976744186047,10.790697674418604,3.3372093023255816,5.244186046511628,2.1511627906976742,2.5348837209302326,4.662790697674419,4.406976744186046,8.813953488372093,1.3837209302325582,2.2325581395348837,4.383720930232558,1.1744186046511629,2.941860465116279,4.22093023255814,2.5813953488372094,1.2906976744186047,2.8255813953488373,6.558139534883721,2.6511627906976742,-0.08139534883720931,10.209302325581396,3.4767441860465116,2.941860465116279,1.5116279069767442,2.441860465116279,1.7325581395348837,0.8255813953488372,9.116279069767442,1.0930232558139534,0.3488372093023256,7.162790697674419,3.5813953488372094,1.7790697674418605,3.0348837209302326,0.05813953488372093,1.441860465116279,6.27906976744186,8.418604651162791,2.604651162790698,2.0697674418604652,12.279069767441861,4.011627906976744,2.1511627906976742,-0.2413793103448276,1.7471264367816093,1.1494252873563218,1.5517241379310345,3.6436781609195403,0.632183908045977,-0.1839080459770115,4.287356321839081,3.793103448275862,2.6206896551724137,2.6091954022988504,-0.1839080459770115,1.8735632183908046,5.344827586206897,4.045977011494253,0.6551724137931034,0.3333333333333333,6.919540229885057,3.528735632183908,2.1954022988505746
P33379,0.19658119658119658,0.5726495726495726,-0.27350427350427353,0.6410256410256411,4.153846153846154,0.21367521367521367,0.8547008547008547,1.4102564102564104,1.1623931623931625,2.4615384615384617,2.948717948717949,0.9572649572649573,1.3162393162393162,4.47008547008547,0.2905982905982906,0.07692307692307693,-0.11965811965811966,6.205128205128205,2.717948717948718,1.3076923076923077,0.3076923076923077,0.06837606837606838,-0.10256410256410256,0.26495726495726496,4.726495726495727,-0.05982905982905983,-0.1623931623931624,2.4871794871794872,1.0085470085470085,1.8461538461538463,2.427350427350427,0.06837606837606838,0.7606837606837606,4.512820512820513,1.0341880341880343,0.09401709401709402,0.23931623931623933,7.196581196581197,2.7777777777777777,0.7094017094017094,-0.11965811965811966,-0.1623931623931624,0.1282051282051282,0.4358974358974359,4.051282051282051,-0.23076923076923078,-0.2564102564102564,1.8888888888888888,0.9914529914529915,2.5042735042735043,2.1367521367521367,-0.4358974358974359,0.9230769230769231,2.948717948717949,-0.6666666666666666,-0.23076923076923078,0.08547008547008547,5.6923076923076925,2.41025641025641,1.4017094017094016,-0.03418803418803419,-0.23931623931623933,0.05982905982905983,0.3333333333333333,3.8974358974358974,-0.02564102564102564,0.1794871794871795,1.205128205128205,0.9914529914529915,2.1880341880341883,2.213675213675214,0.008547008547008548,1.0427350427350428,3.427350427350427,-0.5641025641025641,-0.1111111111111111,0.05128205128205128,5.9743589743589745,2.5555555555555554,1.2136752136752136,-0.09090909090909091,0.256198347107438,-0.21487603305785125,0.6776859504132231,3.5371900826446283,-0.0743801652892562,0.049586776859504134,1.3636363636363635,0.7851239669421488,1.7603305785123966,1.9256198347107438,0.2975206611570248,0.45454545454545453,3.925619834710744,0.8429752066115702,0.008264462809917356,-0.11570247933884298,5.404958677685951,2.8512396694214877,0.9421487603305785
P39774,0.6683673469387755,0.14285714285714285,-0.413265306122449,1.0408163265306123,4.362244897959184,0.05102040816326531,0.5102040816326531,3.1581632653061225,0.413265306122449,0.5204081632653061,0.5918367346938775,-0.5,0.47959183673469385,0.5918367346938775,3.0714285714285716,-0.01020408163265306,-0.04081632653061224,4.275510204081633,-0.22959183673469388,0.3010204081632653,0.5714285714285714,0.6224489795918368,0.5663265306122449,0.8214285714285714,4.260204081632653,0.09693877551020408,0.20408163265306123,3.1530612244897958,1.1020408163265305,1.5051020408163265,1.280612244897959,0.01020408163265306,0.6173469387755102,0.9846938775510204,2.311224489795918,0.25510204081632654,0.22959183673469388,4.142857142857143,0.1989795918367347,1.0459183673469388,0.5969387755102041,-0.11224489795918367,0.28061224489795916,0.6632653061224489,3.8622448979591835,0.2602040816326531,0.25,2.1581632653061225,0.3979591836734694,0.6989795918367347,0.5306122448979592,-0.29591836734693877,0.5612244897959183,0.3163265306122449,2.295918367346939,0.10714285714285714,0.25,4.520408163265306,0.2857142857142857,0.6836734693877551,0.7959183673469388,0.01020408163265306,-0.8214285714285714,0.6122448979591837,4.301020408163265,-0.10714285714285714,-0.14285714285714285,3.433673469387755,0.6581632653061225,0.17857142857142858,0.4642857142857143,0.32653061224489793,0.336734693877551,0.01020408163265306,1.9183673469387754,0.3673469387755102,0.32142857142857145,3.188775510204082,-0.00510204081632653,0.5255102040816326,0.7653061224489796,0.30612244897959184,0.7142857142857143,0.9489795918367347,3.9642857142857144,0.25510204081632654,0.4846938775510204,3.4081632653061225,0.7857142857142857,0.2755102040816326,-0.01020408163265306,0.3673469387755102,0.04081632653061224,0.8979591836734694,2.9693877551020407,0.4846938775510204,0.15816326530612246,4.48469387755102,0.413265306122449,0.47959183673469385
Q1AU26,1.9172932330827068,5.2706766917293235,6.06015037593985,5.81203007518797,10.864661654135338,4.473684210526316,4.022556390977444,7.180451127819549,7.616541353383458,4.684210526315789,7.150375939849624,5.112781954887218,4.2406015037593985,8.18796992481203,12.135338345864662,2.43609022556391,0.21804511278195488,16.86466165413534,7.533834586466165,3.18796992481203,1.7969924812030076,1.593984962406015,3.045112781954887,2.43609022556391,8.774436090225564,2.481203007518797,2.2781954887218046,5.165413533834586,3.887218045112782,0.41353383458646614,0.7969924812030075,0.8571428571428571,-0.42105263157894735,4.413533834586466,5.360902255639098,3.0902255639097747,2.308270676691729,11.406015037593985,4.075187969924812,0.015037593984962405,0.7819548872180451,2.0,1.631578947368421,1.9022556390977443,8.390977443609023,2.075187969924812,2.819548872180451,5.097744360902255,2.819548872180451,1.9248120300751879,2.0676691729323307,1.1278195488721805,1.3533834586466165,4.390977443609023,7.037593984962406,0.9473684210526315,1.105263157894737,16.44360902255639,6.120300751879699,0.6917293233082706,2.3609022556390977,2.2406015037593985,2.5037593984962405,2.4511278195488724,12.240601503759398,1.1879699248120301,-1.6466165413533835,6.533834586466165,3.954887218045113,2.406015037593985,3.9774436090225564,0.2932330827067669,3.112781954887218,6.2180451127819545,6.338345864661654,1.3233082706766917,1.4511278195488722,14.037593984962406,5.443609022556391,2.007518796992481,1.0751879699248121,3.9774436090225564,4.045112781954887,5.2180451127819545,8.368421052631579,1.6390977443609023,2.1353383458646618,5.345864661654136,5.669172932330827,4.293233082706767,5.06015037593985,2.180451127819549,2.255639097744361,7.526315789473684,7.93984962406015,0.9924812030075187,1.1353383458646618,16.827067669172934,6.015037593984962,3.1954887218045114
Q9K6W0,-0.21875,0.3229166666666667,0.4375,1.3333333333333333,4.895833333333333,0.17708333333333334,0.65625,2.1145833333333335,2.2916666666666665,1.6875,1.7604166666666667,0.010416666666666666,1.125,3.6354166666666665,2.25,0.5520833333333334,0.4583333333333333,6.489583333333333,2.3229166666666665,1.0104166666666667,0.125,0.40625,0.21875,0.4791666666666667,3.53125,-0.08333333333333333,0.11458333333333333,0.041666666666666664,1.2604166666666667,0.9166666666666666,1.0520833333333333,-0.08333333333333333,0.9791666666666666,1.9791666666666667,0.84375,-0.041666666666666664,-0.020833333333333332,4.40625,1.0833333333333333,0.5,0.4583333333333333,0.6354166666666666,0.3541666666666667,1.1666666666666667,4.552083333333333,-0.010416666666666666,-0.4791666666666667,0.9895833333333334,1.8645833333333333,0.6666666666666666,1.3333333333333333,-0.34375,0.7916666666666666,2.28125,1.7708333333333333,0.09375,-0.0625,5.4375,2.1041666666666665,0.375,0.15625,0.3958333333333333,0.16666666666666666,-0.010416666666666666,4.114583333333333,0.16666666666666666,-0.2708333333333333,0.65625,1.2083333333333333,1.4375,1.4479166666666667,0.020833333333333332,0.5833333333333334,1.21875,1.40625,0.125,0.22916666666666666,4.510416666666667,1.46875,0.7291666666666666,-0.07142857142857142,0.23469387755102042,-0.17346938775510204,0.6428571428571429,3.479591836734694,0.05102040816326531,0.15306122448979592,1.7551020408163265,0.9285714285714286,0.7244897959183674,0.6326530612244898,-0.030612244897959183,0.21428571428571427,1.183673469387755,2.326530612244898,0.10204081632653061,0.2857142857142857,2.9489795918367347,0.01020408163265306,0.5510204081632653
P14677,0.007142857142857143,0.17142857142857143,0.3142857142857143,1.1,4.635714285714286,0.2785714285714286,0.5142857142857142,1.8071428571428572,1.5,0.2785714285714286,0.5571428571428572,-0.07857142857142857,0.6857142857142857,1.4071428571428573,1.7285714285714286,0.3,-0.1357142857142857,3.7714285714285714,0.6785714285714286,0.3142857142857143,0.39285714285714285,0.3142857142857143,-0.5285714285714286,-0.4785714285714286,6.2785714285714285,0.17142857142857143,-0.11428571428571428,2.242857142857143,1.042857142857143,1.65,1.8428571428571427,-0.35714285714285715,0.9571428571428572,2.9571428571428573,1.5071428571428571,0.2357142857142857,0.09285714285714286,6.85,1.0357142857142858,1.2,0.45714285714285713,1.2571428571428571,0.08571428571428572,0.7214285714285714,7.107142857142857,0.07857142857142857,0.8,0.8357142857142857,2.1785714285714284,0.8357142857142857,1.8714285714285714,-0.08571428571428572,0.7714285714285715,2.2,0.4857142857142857,-0.17142857142857143,-0.3142857142857143,4.642857142857143,0.30714285714285716,1.1928571428571428,-0.35,0.9,0.19285714285714287,1.207142857142857,6.421428571428572,0.36428571428571427,1.0071428571428571,1.0357142857142858,1.7857142857142858,0.8785714285714286,1.3357142857142856,0.04285714285714286,0.6071428571428571,2.357142857142857,1.6928571428571428,-0.11428571428571428,0.05714285714285714,4.6571428571428575,0.6857142857142857,0.5071428571428571,0.07142857142857142,0.5571428571428572,-0.17142857142857143,0.6,4.678571428571429,-0.5071428571428571,-0.4,1.7857142857142858,1.3357142857142856,0.5214285714285715,0.8357142857142857,0.09285714285714286,0.25,3.335714285714286,1.4071428571428573,-0.14285714285714285,0.07857142857142857,5.735714285714286,1.8142857142857143,0.2571428571428571
Q46336,0.8888888888888888,0.3333333333333333,0.3333333333333333,2.3333333333333335,-3.0,-0.2222222222222222,-0.4444444444444444,5.444444444444445,0.0,-1.2222222222222223,-1.1111111111111112,-0.3333333333333333,-1.6666666666666667,-0.7777777777777778,-5.222222222222222,1.2222222222222223,0.3333333333333333,4.888888888888889,0.1111111111111111,-0.5555555555555556,0.8888888888888888,0.4444444444444444,-0.6666666666666666,-0.6666666666666666,5.222222222222222,0.2222222222222222,1.6666666666666667,1.2222222222222223,-0.8888888888888888,4.555555555555555,5.888888888888889,-0.4444444444444444,2.6666666666666665,5.222222222222222,-0.4444444444444444,1.2222222222222223,0.7777777777777778,6.555555555555555,3.111111111111111,2.2222222222222223,-0.4444444444444444,2.7777777777777777,1.7777777777777777,1.5555555555555556,5.333333333333333,-0.5555555555555556,-2.2222222222222223,1.8888888888888888,0.1111111111111111,4.0,2.5555555555555554,0.1111111111111111,1.5555555555555556,-4.0,2.111111111111111,-0.1111111111111111,1.0,-7.555555555555555,-5.666666666666667,3.2222222222222223,0.0,-1.6666666666666667,-0.2222222222222222,2.2222222222222223,3.2222222222222223,0.2222222222222222,0.4444444444444444,1.3333333333333333,-1.5555555555555556,2.2222222222222223,2.5555555555555554,0.1111111111111111,1.5555555555555556,4.444444444444445,4.0,-0.3333333333333333,-0.4444444444444444,8.555555555555555,3.6666666666666665,1.6666666666666667,-0.4166666666666667,2.0833333333333335,0.08333333333333333,0.4166666666666667,2.4166666666666665,-0.9166666666666666,-0.8333333333333334,4.333333333333333,1.5833333333333333,4.916666666666667,4.916666666666667,-0.25,2.3333333333333335,4.25,1.25,0.3333333333333333,0.0,6.666666666666667,3.0833333333333335,2.5
P35829,-0.10256410256410256,1.2820512820512822,1.1153846153846154,1.6153846153846154,1.435897435897436,0.8846153846153846,1.0384615384615385,0.5512820512820513,2.5641025641025643,0.8974358974358975,1.435897435897436,0.7564102564102564,0.7564102564102564,3.3974358974358974,1.1025641025641026,0.47435897435897434,0.7948717948717948,7.923076923076923,2.8205128205128207,0.47435897435897434,-0.15384615384615385,0.8846153846153846,-0.6025641025641025,-0.358974358974359,2.8846153846153846,0.20512820512820512,-0.28205128205128205,0.5641025641025641,1.6923076923076923,0.782051282051282,1.7564102564102564,0.3717948717948718,0.7435897435897436,2.6794871794871793,1.0769230769230769,0.10256410256410256,-0.2564102564102564,6.602564102564102,2.051282051282051,-0.11538461538461539,-0.9230769230769231,1.2820512820512822,-0.9358974358974359,0.3974358974358974,2.5,0.4358974358974359,0.8717948717948718,2.217948717948718,1.0512820512820513,0.717948717948718,1.4871794871794872,0.8461538461538461,0.6923076923076923,2.7051282051282053,2.8333333333333335,-0.01282051282051282,-0.5384615384615384,6.205128205128205,1.1923076923076923,-0.10256410256410256,0.08974358974358974,0.8974358974358975,-0.48717948717948717,0.2948717948717949,3.282051282051282,0.15384615384615385,0.28205128205128205,1.1923076923076923,1.141025641025641,0.28205128205128205,1.141025641025641,0.28205128205128205,0.3333333333333333,2.1153846153846154,1.1025641025641026,-0.717948717948718,-0.1282051282051282,6.410256410256411,0.6794871794871795,-0.7051282051282052,0.43902439024390244,0.4634146341463415,1.2560975609756098,1.0853658536585367,3.9878048780487805,0.5365853658536586,0.6219512195121951,1.4390243902439024,0.975609756097561,1.7682926829268293,1.8780487804878048,0.24390243902439024,0.9634146341463414,2.2804878048780486,3.0609756097560976,-0.17073170731707318,0.04878048780487805,5.451219512195122,0.5609756097560976,0.7682926829268293
Q831U3,-0.390625,2.1328125,2.8984375,2.828125,9.9375,-0.078125,0.296875,4.3125,4.890625,2.890625,1.2578125,0.484375,2.515625,4.265625,2.859375,0.9765625,1.0234375,11.0859375,5.7421875,1.734375,0.953125,5.25,3.2265625,2.9609375,10.734375,3.1328125,1.6484375,8.2421875,4.40625,3.5625,3.1875,3.78125,4.265625,5.734375,5.4921875,1.359375,1.8515625,12.5,6.1796875,2.28125,1.1328125,4.0,4.6015625,3.8828125,13.6328125,2.0,1.8671875,9.5625,5.2421875,6.3125,4.6171875,2.40625,4.9453125,8.6953125,11.7734375,3.0390625,2.140625,16.40625,6.7578125,4.015625,0.6796875,5.7265625,4.8828125,4.0859375,10.8828125,4.296875,4.671875,7.3046875,6.3359375,0.96875,2.0390625,4.3515625,3.96875,6.1171875,6.4453125,3.0234375,3.5546875,15.859375,6.046875,2.6484375,-0.07575757575757576,2.727272727272727,2.643939393939394,3.234848484848485,10.780303030303031,2.1742424242424243,1.7954545454545454,7.9393939393939394,4.507575757575758,1.9848484848484849,1.7196969696969697,1.9393939393939394,2.0984848484848486,5.734848484848484,6.9393939393939394,2.4696969696969697,1.356060606060606,14.68939393939394,5.416666666666667,0.5151515151515151
P68782,1.3333333333333333,3.6666666666666665,8.203703703703704,12.518518518518519,8.703703703703704,3.111111111111111,9.074074074074074,2.074074074074074,6.981481481481482,0.24074074074074073,1.5925925925925926,2.5,2.1666666666666665,2.8333333333333335,10.814814814814815,1.8703703703703705,2.425925925925926,9.148148148148149,4.592592592592593,1.7962962962962963,0.2962962962962963,4.018518518518518,5.388888888888889,6.685185185185185,8.0,4.222222222222222,7.851851851851852,0.5,6.092592592592593,1.0925925925925926,0.3888888888888889,4.018518518518518,0.6111111111111112,2.0185185185185186,7.2592592592592595,1.6481481481481481,1.7777777777777777,0.6666666666666666,2.0555555555555554,1.3703703703703705,-0.5,13.166666666666666,4.444444444444445,9.092592592592593,8.37037037037037,9.87037037037037,10.62962962962963,2.1481481481481484,9.796296296296296,-0.7592592592592593,0.5925925925925926,10.277777777777779,1.4259259259259258,1.1111111111111112,9.907407407407407,-0.12962962962962962,0.7962962962962963,4.314814814814815,4.222222222222222,-0.8888888888888888,-1.3888888888888888,8.574074074074074,7.555555555555555,11.12962962962963,3.8333333333333335,6.833333333333333,8.74074074074074,1.037037037037037,5.444444444444445,0.8703703703703703,0.3333333333333333,7.333333333333333,0.9259259259259259,-1.1851851851851851,6.537037037037037,1.2407407407407407,2.0185185185185186,1.9814814814814814,0.9074074074074074,0.7222222222222222,1.5818181818181818,2.1818181818181817,6.0,8.618181818181819,7.163636363636364,3.7636363636363637,4.127272727272727,3.690909090909091,3.9454545454545453,1.5636363636363637,0.9272727272727272,1.7454545454545454,-0.43636363636363634,-0.6,4.6,1.8909090909090909,1.4,4.909090909090909,0.45454545454545453,2.2545454545454544
P45855,0.20588235294117646,-0.1323529411764706,1.8088235294117647,2.6176470588235294,4.955882352941177,0.6911764705882353,0.6764705882352942,2.573529411764706,3.1029411764705883,1.161764705882353,1.4411764705882353,1.4852941176470589,0.4852941176470588,2.661764705882353,1.6764705882352942,0.6470588235294118,0.08823529411764706,9.735294117647058,3.235294117647059,0.8823529411764706,-1.1911764705882353,2.176470588235294,1.3529411764705883,2.1911764705882355,2.5,1.4852941176470589,3.411764705882353,-0.5294117647058824,3.2058823529411766,0.5588235294117647,1.3823529411764706,2.0,-0.8529411764705882,3.338235294117647,5.4411764705882355,0.3088235294117647,0.25,7.823529411764706,3.0294117647058822,-0.39705882352941174,0.36764705882352944,1.4852941176470589,0.11764705882352941,3.176470588235294,8.411764705882353,0.5735294117647058,1.0294117647058822,3.323529411764706,-0.4411764705882353,3.5588235294117645,3.8823529411764706,0.5441176470588235,2.985294117647059,5.029411764705882,4.838235294117647,1.0441176470588236,1.338235294117647,8.0,2.4411764705882355,3.5588235294117645,0.6764705882352942,2.573529411764706,3.411764705882353,1.9558823529411764,5.455882352941177,0.6176470588235294,2.0,0.8676470588235294,4.205882352941177,0.6323529411764706,0.6617647058823529,0.6764705882352942,1.7794117647058822,6.617647058823529,3.338235294117647,0.45588235294117646,1.6323529411764706,10.470588235294118,4.426470588235294,0.14705882352941177,0.5211267605633803,3.9859154929577465,2.267605633802817,6.112676056338028,3.535211267605634,1.9014084507042253,1.9154929577464788,1.4366197183098592,4.112676056338028,0.7464788732394366,0.3380281690140845,2.5774647887323945,1.1830985915492958,5.661971830985915,7.71830985915493,1.4366197183098592,1.1549295774647887,11.0,6.169014084507042,-0.30985915492957744
P36497,0.3582089552238806,0.5223880597014925,0.05970149253731343,0.208955223880597,4.052238805970149,0.19402985074626866,0.4626865671641791,1.9253731343283582,0.44029850746268656,0.9104477611940298,0.1417910447761194,0.23134328358208955,0.4626865671641791,1.4029850746268657,1.6567164179104477,0.04477611940298507,0.022388059701492536,3.253731343283582,1.4029850746268657,0.9402985074626866,0.44029850746268656,1.373134328358209,0.7238805970149254,5.022388059701493,6.164179104477612,1.2313432835820894,3.5597014925373136,2.2238805970149254,3.3805970149253732,0.917910447761194,-0.06716417910447761,1.9104477611940298,0.03731343283582089,1.0,6.82089552238806,-0.35074626865671643,-0.007462686567164179,4.358208955223881,1.208955223880597,0.9253731343283582,-0.5298507462686567,4.164179104477612,3.2388059701492535,9.111940298507463,5.141791044776119,2.4328358208955225,6.358208955223881,1.9402985074626866,5.388059701492537,0.7611940298507462,0.03731343283582089,4.880597014925373,0.4552238805970149,1.4179104477611941,10.611940298507463,-0.2537313432835821,-0.14925373134328357,3.8208955223880596,-0.23134328358208955,0.7761194029850746,2.708955223880597,3.9477611940298507,2.41044776119403,5.641791044776119,10.007462686567164,4.343283582089552,5.059701492537314,4.843283582089552,5.111940298507463,2.291044776119403,2.6194029850746268,2.6194029850746268,3.462686567164179,4.447761194029851,6.537313432835821,2.3134328358208953,0.9402985074626866,12.417910447761194,4.059701492537314,2.2686567164179103,0.9710144927536232,3.9057971014492754,5.833333333333333,3.4347826086956523,11.340579710144928,2.7971014492753623,3.2971014492753623,11.608695652173912,7.36231884057971,2.550724637681159,1.2536231884057971,4.420289855072464,2.1884057971014492,9.115942028985508,13.528985507246377,2.6231884057971016,2.782608695652174,18.63768115942029,10.427536231884059,2.0144927536231885
A1R7K6,2.5494505494505493,6.428571428571429,6.461538461538462,8.703296703296703,16.153846153846153,5.648351648351649,5.736263736263736,6.989010989010989,5.274725274725275,6.384615384615385,7.912087912087912,4.989010989010989,7.56043956043956,12.208791208791208,9.10989010989011,4.978021978021978,5.989010989010989,20.75824175824176,7.615384615384615,6.483516483516484,0.15384615384615385,0.6813186813186813,3.6043956043956045,2.318681318681319,8.626373626373626,-0.12087912087912088,0.3626373626373626,7.186813186813187,0.46153846153846156,4.824175824175824,3.5164835164835164,0.3516483516483517,3.2967032967032965,6.1208791208791204,5.604395604395604,2.7142857142857144,3.142857142857143,6.934065934065934,0.7472527472527473,5.010989010989011,2.8351648351648353,8.164835164835164,7.3076923076923075,6.967032967032967,12.241758241758241,5.604395604395604,7.604395604395604,9.923076923076923,4.263736263736264,4.010989010989011,2.087912087912088,6.945054945054945,2.989010989010989,7.527472527472527,8.912087912087912,5.7032967032967035,4.076923076923077,13.087912087912088,6.032967032967033,5.34065934065934,-0.02197802197802198,1.3186813186813187,0.0,1.1318681318681318,9.10989010989011,1.1978021978021978,-0.07692307692307693,4.21978021978022,0.7362637362637363,0.6923076923076923,0.5384615384615384,0.7362637362637363,0.5164835164835165,2.120879120879121,2.6483516483516483,-0.07692307692307693,1.4285714285714286,1.879120879120879,2.9450549450549453,1.7802197802197801,-0.1956521739130435,1.673913043478261,3.5652173913043477,3.858695652173913,9.75,1.7934782608695652,1.2391304347826086,2.4130434782608696,4.989130434782608,-1.2717391304347827,-1.934782608695652,0.03260869565217391,0.9021739130434783,2.0652173913043477,4.521739130434782,0.8913043478260869,1.2391304347826086,9.358695652173912,4.782608695652174,-0.9130434782608695
Q53728,-0.019801980198019802,0.9702970297029703,1.099009900990099,1.108910891089109,2.6435643564356437,0.43564356435643564,0.7128712871287128,1.297029702970297,1.4356435643564356,2.5247524752475248,1.7821782178217822,0.9108910891089109,0.8415841584158416,4.326732673267327,0.45544554455445546,-0.2376237623762376,0.38613861386138615,5.2772277227722775,2.881188118811881,1.4257425742574257,0.693069306930693,0.8910891089108911,0.2079207920792079,0.8910891089108911,2.871287128712871,0.7425742574257426,0.5643564356435643,1.4653465346534653,1.7425742574257426,0.693069306930693,0.297029702970297,0.5445544554455446,0.13861386138613863,2.772277227722772,2.5346534653465347,0.0,-0.1485148514851485,6.653465346534653,2.217821782178218,0.2871287128712871,-0.3069306930693069,1.8613861386138615,0.7029702970297029,0.7722772277227723,2.00990099009901,0.7524752475247525,0.7227722772277227,-0.37623762376237624,2.198019801980198,2.00990099009901,1.900990099009901,0.7128712871287128,0.8712871287128713,3.4554455445544554,0.22772277227722773,0.10891089108910891,0.10891089108910891,4.514851485148514,2.603960396039604,1.1584158415841583,-0.39603960396039606,0.8316831683168316,0.801980198019802,1.2079207920792079,2.4653465346534653,0.5445544554455446,0.7425742574257426,0.5346534653465347,1.1386138613861385,2.089108910891089,2.5643564356435644,0.7425742574257426,1.306930693069307,4.138613861386139,0.9108910891089109,0.37623762376237624,0.3465346534653465,7.594059405940594,2.297029702970297,1.0891089108910892,-0.4019607843137255,1.0,1.5686274509803921,0.6764705882352942,2.5686274509803924,0.0784313725490196,0.10784313725490197,1.4215686274509804,1.3627450980392157,2.0588235294117645,1.2647058823529411,0.3137254901960784,0.5196078431372549,2.127450980392157,1.4215686274509804,-0.08823529411764706,0.28431372549019607,4.470588235294118,1.2156862745098038,1.1568627450980393
Q9KWM4,1.0,0.0,-4.0,-9.0,6.0,0.0,-8.0,3.0,0.0,-2.0,-4.0,0.0,-12.0,0.0,3.0,0.0,1.0,4.0,2.0,-2.0,0.0,0.0,-4.0,-9.0,3.0,-2.0,-4.0,3.0,3.0,-6.0,-6.0,-4.0,-2.0,3.0,2.0,0.0,0.0,12.0,2.0,-9.0,0.0,0.0,0.0,-2.0,8.0,0.0,-6.0,-6.0,0.0,8.0,6.0,2.0,2.0,4.0,1.0,0.0,1.0,-18.0,2.0,6.0,0.0,0.0,-12.0,0.0,-20.0,-6.0,0.0,3.0,0.0,6.0,6.0,0.0,4.0,9.0,3.0,-3.0,-1.0,9.0,6.0,2.0,0.3333333333333333,-1.0,1.0,2.6666666666666665,-12.333333333333334,1.0,2.6666666666666665,4.0,-4.0,5.333333333333333,4.666666666666667,1.3333333333333333,0.0,6.0,-0.3333333333333333,1.6666666666666667,0.6666666666666666,8.0,2.3333333333333335,2.6666666666666665
P39129,0.2857142857142857,1.8775510204081634,3.979591836734694,6.877551020408164,5.530612244897959,3.061224489795918,4.8979591836734695,3.2653061224489797,4.448979591836735,0.0,0.10204081632653061,2.3469387755102042,-0.4489795918367347,1.510204081632653,1.0,0.6530612244897959,0.673469387755102,2.673469387755102,0.8163265306122449,0.08163265306122448,-0.14285714285714285,3.7142857142857144,3.7346938775510203,9.53061224489796,5.408163265306122,3.306122448979592,6.1020408163265305,1.7755102040816326,5.938775510204081,-0.8367346938775511,-1.9795918367346939,4.755102040816326,-0.4897959183673469,-1.2448979591836735,3.6122448979591835,0.0,-0.3673469387755102,1.346938775510204,0.4489795918367347,-0.08163265306122448,-0.3877551020408163,4.857142857142857,3.63265306122449,6.959183673469388,8.551020408163266,1.3877551020408163,5.959183673469388,1.9387755102040816,5.755102040816326,-1.0612244897959184,-0.8979591836734694,4.6938775510204085,-0.04081632653061224,-2.326530612244898,1.7346938775510203,1.0816326530612246,0.8163265306122449,1.7346938775510203,0.20408163265306123,0.2857142857142857,-0.16326530612244897,3.2448979591836733,2.4285714285714284,8.326530612244898,8.020408163265307,3.2448979591836733,6.714285714285714,1.9591836734693877,7.673469387755102,-1.2244897959183674,-0.5102040816326531,3.5918367346938775,-0.8571428571428571,-2.979591836734694,3.204081632653061,-0.10204081632653061,-0.16326530612244897,2.2653061224489797,0.04081632653061224,-0.32653061224489793,0.3469387755102041,2.204081632653061,4.1020408163265305,6.73469387755102,5.510204081632653,1.530612244897959,4.326530612244898,1.2244897959183674,4.959183673469388,-0.04081632653061224,0.9591836734693877,2.204081632653061,0.20408163265306123,-0.8571428571428571,4.061224489795919,0.6326530612244898,0.1836734693877551,2.3877551020408165,0.30612244897959184,-0.6530612244897959
P85147,0.0,-7.5,0.0,2.5,4.5,-1.0,0.0,3.0,-1.0,1.5,5.0,-2.0,2.5,6.0,4.0,1.0,0.0,8.5,4.0,-1.5,0.0,5.0,0.0,3.0,3.0,3.0,4.0,-18.0,1.0,-4.0,0.0,4.0,0.0,-3.0,5.0,0.0,2.0,1.0,-9.0,-4.5,0.5,3.0,0.0,-0.5,7.0,3.0,2.0,-7.0,3.0,-1.5,1.0,3.0,-0.5,6.0,3.0,0.0,0.5,7.5,3.5,-3.0,1.0,0.0,0.0,0.0,7.5,0.0,0.0,2.0,-5.0,10.5,9.0,-2.5,4.0,6.0,3.0,0.0,1.0,7.0,1.0,7.5,4.75,-1.5,0.25,2.25,0.75,-0.75,-1.0,-2.0,2.75,6.0,3.75,-6.0,1.5,3.5,2.5,-0.75,0.75,-3.0,2.5,3.5
O30417,-0.23333333333333334,8.822222222222223,5.122222222222222,11.677777777777777,4.344444444444444,6.555555555555555,8.322222222222223,0.06666666666666667,8.244444444444444,-0.34444444444444444,-0.3333333333333333,7.877777777777778,-0.2,-1.4333333333333333,6.466666666666667,0.08888888888888889,1.0888888888888888,2.811111111111111,0.4777777777777778,0.4888888888888889,-0.03333333333333333,5.166666666666667,0.18888888888888888,5.955555555555556,2.9444444444444446,3.477777777777778,3.8666666666666667,-0.14444444444444443,3.7555555555555555,0.5777777777777777,-0.16666666666666666,2.4555555555555557,-0.2222222222222222,0.6888888888888889,3.577777777777778,0.0,0.0,0.17777777777777778,-0.022222222222222223,0.2111111111111111,0.6,6.133333333333334,4.133333333333334,6.433333333333334,2.7,4.955555555555556,6.377777777777778,-0.03333333333333333,7.955555555555556,-0.5222222222222223,0.14444444444444443,4.888888888888889,-1.6666666666666667,0.6222222222222222,5.6,-0.1111111111111111,0.12222222222222222,7.0,2.4555555555555557,-0.5111111111111111,0.16666666666666666,3.577777777777778,2.8777777777777778,6.2444444444444445,2.077777777777778,2.8,5.011111111111111,2.2333333333333334,3.3333333333333335,1.1,0.5,2.8444444444444446,0.5555555555555556,0.9555555555555556,3.1222222222222222,0.4111111111111111,0.4222222222222222,2.2555555555555555,0.5222222222222223,0.4777777777777778,0.3978494623655914,3.0,1.5376344086021505,4.408602150537634,2.2903225806451615,1.6344086021505377,2.7096774193548385,1.6236559139784945,1.3118279569892473,0.010752688172043012,0.17204301075268819,1.2795698924731183,-0.12903225806451613,1.946236559139785,0.7526881720430108,0.41935483870967744,0.0967741935483871,2.3225806451612905,-0.07526881720430108,-0.12903225806451613
P54264,0.7719298245614035,1.3859649122807018,-0.47368421052631576,0.49122807017543857,6.5964912280701755,-0.9298245614035088,0.3684210526315789,3.982456140350877,1.631578947368421,0.8947368421052632,1.4035087719298245,0.12280701754385964,0.21052631578947367,2.5964912280701755,3.6666666666666665,-0.12280701754385964,0.6491228070175439,8.596491228070175,2.3859649122807016,0.6842105263157895,1.2456140350877194,1.9473684210526316,2.6140350877192984,1.0175438596491229,7.87719298245614,0.9473684210526315,0.8947368421052632,3.526315789473684,0.8771929824561403,3.0701754385964914,1.9824561403508771,1.3859649122807018,1.456140350877193,3.3684210526315788,4.824561403508772,1.3333333333333333,0.7894736842105263,6.105263157894737,0.8421052631578947,2.6666666666666665,0.7017543859649122,0.8771929824561403,0.9824561403508771,-0.22807017543859648,6.666666666666667,-0.43859649122807015,-0.9473684210526315,4.456140350877193,1.3333333333333333,0.3684210526315789,0.8070175438596491,-0.5964912280701754,1.1228070175438596,3.1403508771929824,1.631578947368421,0.21052631578947367,0.12280701754385964,5.912280701754386,1.9298245614035088,0.9298245614035088,1.8421052631578947,2.1228070175438596,1.0,0.22807017543859648,7.350877192982456,-0.03508771929824561,0.49122807017543857,0.22807017543859648,1.9298245614035088,2.3333333333333335,2.3859649122807016,0.5789473684210527,2.807017543859649,4.631578947368421,4.12280701754386,0.7368421052631579,1.8070175438596492,7.0,3.0701754385964914,2.56140350877193,0.7,1.0166666666666666,2.65,2.1666666666666665,5.483333333333333,-0.16666666666666666,-0.38333333333333336,2.283333333333333,2.6,1.8166666666666667,-0.8166666666666667,-0.26666666666666666,-0.36666666666666664,2.533333333333333,4.183333333333334,0.9,1.7333333333333334,6.3,2.25,2.05
P17893,1.5263157894736843,0.2631578947368421,4.2105263157894735,3.8947368421052633,11.473684210526315,2.0526315789473686,-1.6842105263157894,10.105263157894736,5.526315789473684,-2.9473684210526314,-1.368421052631579,-2.210526315789474,0.5789473684210527,8.842105263157896,12.421052631578947,1.263157894736842,1.7894736842105263,19.57894736842105,7.0,3.1052631578947367,2.0,-4.421052631578948,1.6842105263157894,0.2631578947368421,15.578947368421053,0.5263157894736842,3.0,7.0,6.157894736842105,4.7894736842105265,3.6315789473684212,-0.3684210526315789,4.578947368421052,11.157894736842104,12.368421052631579,1.4210526315789473,0.15789473684210525,19.42105263157895,11.68421052631579,5.315789473684211,-0.05263157894736842,-0.7894736842105263,0.2631578947368421,-0.9473684210526315,8.210526315789474,0.10526315789473684,-0.3684210526315789,1.894736842105263,1.631578947368421,-0.5789473684210527,-2.1052631578947367,-2.210526315789474,0.05263157894736842,1.5789473684210527,-0.6842105263157895,-1.0526315789473684,-0.9473684210526315,4.2105263157894735,1.0526315789473684,-0.5789473684210527,-1.4210526315789473,5.894736842105263,4.894736842105263,1.263157894736842,12.052631578947368,3.0526315789473686,3.6842105263157894,3.1052631578947367,6.105263157894737,6.2631578947368425,5.526315789473684,4.894736842105263,2.0526315789473686,8.157894736842104,2.526315789473684,0.8947368421052632,2.5789473684210527,17.736842105263158,9.473684210526315,4.315789473684211,-0.43478260869565216,4.217391304347826,6.0,6.782608695652174,3.8260869565217392,4.043478260869565,1.6521739130434783,4.6521739130434785,8.08695652173913,4.260869565217392,2.869565217391304,2.869565217391304,1.6956521739130435,8.304347826086957,3.130434782608696,1.565217391304348,-1.0869565217391304,17.08695652173913,8.869565217391305,2.869565217391304
Q2SS99,0.6486486486486487,2.7837837837837838,1.2972972972972974,1.912162162162162,5.222972972972973,1.4662162162162162,1.337837837837838,4.243243243243243,2.864864864864865,0.30405405405405406,1.2297297297297298,-0.2635135135135135,1.3783783783783783,3.2094594594594597,2.2162162162162162,0.8986486486486487,0.7432432432432432,11.0,4.0608108108108105,0.3918918918918919,0.7297297297297297,2.5337837837837838,1.635135135135135,3.777027027027027,7.945945945945946,3.47972972972973,3.108108108108108,5.283783783783784,2.6486486486486487,2.195945945945946,2.9594594594594597,2.9662162162162162,3.4932432432432434,4.452702702702703,3.2837837837837838,2.195945945945946,1.5945945945945945,13.722972972972974,3.858108108108108,2.1216216216216215,1.6824324324324325,1.5675675675675675,1.2702702702702702,1.0337837837837838,7.256756756756757,2.439189189189189,-0.6554054054054054,6.141891891891892,3.75,2.7094594594594597,2.8986486486486487,1.5608108108108107,3.5337837837837838,4.202702702702703,7.506756756756757,1.4324324324324325,1.4054054054054055,13.39864864864865,4.445945945945946,1.6013513513513513,-0.060810810810810814,0.25,-1.8108108108108107,2.310810810810811,7.54054054054054,0.25,1.1283783783783783,5.547297297297297,1.2567567567567568,1.4391891891891893,0.46621621621621623,1.2364864864864864,1.6418918918918919,3.1486486486486487,5.175675675675675,0.05405405405405406,0.5540540540540541,8.162162162162161,2.027027027027027,1.972972972972973,0.7697368421052632,2.2039473684210527,1.4210526315789473,2.1907894736842106,7.381578947368421,0.4934210526315789,0.13157894736842105,4.8881578947368425,2.7960526315789473,1.4210526315789473,1.7960526315789473,0.2236842105263158,2.7697368421052633,3.6907894736842106,5.546052631578948,1.269736842105263,0.9144736842105263,12.026315789473685,3.960526315789474,0.9539473684210527
P0C0N4,1.1071428571428572,1.0,1.6071428571428572,1.0714285714285714,7.25,-0.07142857142857142,-0.14285714285714285,5.464285714285714,1.4285714285714286,-0.10714285714285714,1.0,1.4642857142857142,1.7857142857142858,2.0,7.107142857142857,1.3571428571428572,0.6428571428571429,8.285714285714286,2.0357142857142856,0.17857142857142858,0.21428571428571427,4.142857142857143,2.2142857142857144,7.75,4.964285714285714,3.7142857142857144,4.178571428571429,3.75,-0.10714285714285714,-2.7857142857142856,-2.2142857142857144,2.5357142857142856,-0.6071428571428571,2.75,6.178571428571429,-0.14285714285714285,-0.07142857142857142,4.928571428571429,-0.10714285714285714,-1.3928571428571428,0.6428571428571429,4.464285714285714,0.0,6.392857142857143,3.4642857142857144,1.8571428571428572,3.357142857142857,5.464285714285714,3.107142857142857,-0.8571428571428571,-0.7857142857142857,2.0714285714285716,-0.8214285714285714,3.3214285714285716,3.9642857142857144,0.32142857142857145,-0.25,5.357142857142857,2.0,-0.2857142857142857,1.0714285714285714,-0.5357142857142857,1.0357142857142858,4.071428571428571,4.035714285714286,0.6428571428571429,1.5,5.75,1.8214285714285714,-0.8928571428571429,-0.6428571428571429,-1.7142857142857142,-0.07142857142857142,1.75,1.25,1.25,0.8571428571428571,7.214285714285714,2.142857142857143,-0.4642857142857143,1.40625,4.0625,3.40625,6.28125,3.53125,0.75,3.0,4.3125,3.21875,0.09375,1.125,2.78125,1.03125,1.09375,2.875,0.4375,0.3125,5.8125,1.5,0.40625
Q2FWV6,-1.5384615384615385,-0.15384615384615385,-0.15384615384615385,3.0,1.2307692307692308,0.6153846153846154,1.1538461538461537,1.3846153846153846,3.6923076923076925,-3.923076923076923,-3.923076923076923,-0.46153846153846156,-1.5384615384615385,1.4615384615384615,2.3846153846153846,-1.7692307692307692,-0.6153846153846154,7.230769230769231,2.5384615384615383,-1.7692307692307692,-1.0769230769230769,0.23076923076923078,-0.6153846153846154,-1.0,3.6923076923076925,0.7692307692307693,0.6153846153846154,2.1538461538461537,0.5384615384615384,1.8461538461538463,-0.46153846153846156,-0.38461538461538464,-0.07692307692307693,3.923076923076923,-0.46153846153846156,-0.38461538461538464,0.07692307692307693,7.076923076923077,2.0,0.8461538461538461,0.15384615384615385,1.3846153846153846,5.538461538461538,2.076923076923077,3.923076923076923,0.7692307692307693,1.0,2.6153846153846154,2.8461538461538463,1.6153846153846154,2.0,1.2307692307692308,0.7692307692307693,3.6153846153846154,3.3076923076923075,-0.9230769230769231,-0.23076923076923078,8.23076923076923,3.076923076923077,1.7692307692307692,0.0,-2.076923076923077,0.6153846153846154,2.3076923076923075,3.076923076923077,-0.9230769230769231,-0.7692307692307693,3.076923076923077,1.0,0.07692307692307693,-0.6923076923076923,-4.076923076923077,-0.38461538461538464,-0.6153846153846154,2.769230769230769,1.1538461538461537,0.23076923076923078,3.923076923076923,-0.9230769230769231,0.3076923076923077,0.5,0.7142857142857143,-0.5,0.21428571428571427,5.0,-0.14285714285714285,0.21428571428571427,3.5,1.1428571428571428,1.8571428571428572,1.5,1.2142857142857142,1.1428571428571428,0.6428571428571429,2.7857142857142856,-1.2857142857142858,0.5,3.4285714285714284,-2.642857142857143,1.2142857142857142
O32083,0.08695652173913043,0.8260869565217391,1.0217391304347827,2.152173913043478,2.9782608695652173,0.2608695652173913,0.9565217391304348,2.0434782608695654,1.4130434782608696,-0.043478260869565216,-0.17391304347826086,0.45652173913043476,0.06521739130434782,1.1956521739130435,-0.6956521739130435,0.06521739130434782,-0.10869565217391304,5.630434782608695,1.2608695652173914,-0.5,-0.17391304347826086,1.0434782608695652,0.043478260869565216,0.6521739130434783,5.304347826086956,-0.1956521739130435,0.6304347826086957,0.2826086956521739,0.391304347826087,3.239130434782609,1.8695652173913044,0.08695652173913043,1.0869565217391304,2.608695652173913,1.0434782608695652,-0.043478260869565216,-0.17391304347826086,3.5,1.4565217391304348,2.217391304347826,0.30434782608695654,-0.06521739130434782,-0.10869565217391304,0.6521739130434783,4.739130434782608,0.6086956521739131,0.45652173913043476,1.3478260869565217,0.8913043478260869,2.108695652173913,1.891304347826087,0.021739130434782608,1.1304347826086956,2.4130434782608696,1.0869565217391304,0.0,0.391304347826087,2.630434782608696,0.2608695652173913,0.9347826086956522,-0.2608695652173913,0.32608695652173914,-0.6521739130434783,0.32608695652173914,4.326086956521739,-0.2826086956521739,0.0,1.6956521739130435,1.2391304347826086,1.0434782608695652,1.3043478260869565,0.8043478260869565,0.2608695652173913,1.934782608695652,2.217391304347826,-0.32608695652173914,0.2608695652173913,3.130434782608696,-0.32608695652173914,0.782608695652174,0.2916666666666667,0.7916666666666666,0.10416666666666667,1.1666666666666667,4.604166666666667,0.375,0.5416666666666666,2.7083333333333335,1.7916666666666667,2.4166666666666665,2.2708333333333335,-0.0625,1.0625,2.4375,2.3541666666666665,0.4791666666666667,0.16666666666666666,3.3541666666666665,0.875,1.1041666666666667
P23532,0.8181818181818182,-1.0909090909090908,-2.5454545454545454,0.18181818181818182,5.2727272727272725,-2.0,-2.3636363636363638,3.6363636363636362,-0.2727272727272727,-2.8181818181818183,-2.3636363636363638,-0.7272727272727273,-1.0,1.3636363636363635,5.454545454545454,1.0,1.2727272727272727,6.545454545454546,2.5454545454545454,-2.090909090909091,1.7272727272727273,-0.5454545454545454,0.5454545454545454,-3.090909090909091,4.090909090909091,-1.4545454545454546,-3.272727272727273,2.090909090909091,1.7272727272727273,1.5454545454545454,-0.45454545454545453,-1.4545454545454546,-0.45454545454545453,1.2727272727272727,3.0,0.0,0.5454545454545454,6.909090909090909,1.0,1.2727272727272727,-0.5454545454545454,0.45454545454545453,0.6363636363636364,3.3636363636363638,3.6363636363636362,1.7272727272727273,1.9090909090909092,2.090909090909091,0.8181818181818182,3.3636363636363638,3.909090909090909,1.0909090909090908,1.5454545454545454,4.818181818181818,3.727272727272727,0.09090909090909091,-0.09090909090909091,7.7272727272727275,2.3636363636363638,1.9090909090909092,0.2727272727272727,2.5454545454545454,1.4545454545454546,2.272727272727273,5.636363636363637,-1.0909090909090908,-1.1818181818181819,-1.0,1.1818181818181819,-0.09090909090909091,-0.2727272727272727,0.9090909090909091,-1.4545454545454546,2.3636363636363638,4.363636363636363,-0.18181818181818182,0.18181818181818182,5.2727272727272725,3.1818181818181817,-1.0909090909090908,1.0909090909090908,-0.36363636363636365,2.5454545454545454,3.909090909090909,6.181818181818182,0.2727272727272727,1.9090909090909092,4.0,1.4545454545454546,3.4545454545454546,1.5454545454545454,-0.18181818181818182,0.5454545454545454,2.0,4.818181818181818,1.0,-0.7272727272727273,6.090909090909091,0.9090909090909091,1.8181818181818181
A0JSV8,1.8735632183908046,4.758620689655173,3.0,5.275862068965517,6.689655172413793,3.1954022988505746,4.32183908045977,8.551724137931034,1.1379310344827587,0.3793103448275862,3.218390804597701,3.5517241379310347,3.1724137931034484,6.0344827586206895,6.655172413793103,3.7471264367816093,1.367816091954023,10.655172413793103,2.5402298850574714,-0.5517241379310345,0.04597701149425287,4.333333333333333,4.35632183908046,5.160919540229885,9.022988505747126,2.8045977011494254,2.67816091954023,6.850574712643678,5.126436781609195,1.9885057471264367,3.471264367816092,2.9195402298850577,2.574712643678161,4.2298850574712645,7.655172413793103,1.3563218390804597,2.0,11.517241379310345,4.873563218390805,2.264367816091954,2.7701149425287355,6.942528735632184,4.804597701149425,6.057471264367816,8.413793103448276,5.287356321839081,2.9885057471264367,3.0,4.35632183908046,7.011494252873563,5.264367816091954,3.6206896551724137,2.896551724137931,1.0,8.71264367816092,1.8045977011494252,4.563218390804598,10.126436781609195,3.3448275862068964,5.735632183908046,1.2873563218390804,0.7931034482758621,2.2758620689655173,0.6896551724137931,7.666666666666667,2.1839080459770117,1.5517241379310345,5.781609195402299,1.9310344827586208,1.0804597701149425,0.20689655172413793,2.1839080459770117,1.5632183908045978,2.528735632183908,6.091954022988506,1.8735632183908046,0.9310344827586207,6.275862068965517,1.0229885057471264,1.2298850574712643,0.5955056179775281,0.4044943820224719,3.0112359550561796,2.1123595505617976,14.348314606741573,0.2808988764044944,-0.16853932584269662,6.662921348314606,6.337078651685394,2.393258426966292,2.235955056179775,-0.8089887640449438,3.292134831460674,7.831460674157303,10.696629213483146,2.5168539325842696,2.8202247191011236,12.044943820224718,8.415730337078651,3.764044943820225
P22266,0.3898305084745763,2.2711864406779663,1.271186440677966,2.016949152542373,2.2033898305084745,1.0169491525423728,1.1864406779661016,-1.0338983050847457,1.9661016949152543,1.0,0.8813559322033898,1.11864406779661,0.6779661016949152,2.0847457627118646,-0.3898305084745763,0.288135593220339,0.6779661016949152,6.084745762711864,1.694915254237288,0.2542372881355932,-0.13559322033898305,0.0847457627118644,0.15254237288135594,1.3220338983050848,1.7796610169491525,-0.3559322033898305,0.3220338983050847,0.4576271186440678,1.152542372881356,1.4745762711864407,0.864406779661017,0.0,0.6271186440677966,1.0169491525423728,-0.1864406779661017,-0.03389830508474576,0.1864406779661017,2.2711864406779663,0.7288135593220338,0.6779661016949152,-0.2711864406779661,0.7288135593220338,0.15254237288135594,-0.23728813559322035,0.9830508474576272,0.13559322033898305,0.3559322033898305,-0.2033898305084746,1.2033898305084745,1.3559322033898304,1.152542372881356,0.23728813559322035,0.4915254237288136,1.5254237288135593,-0.2711864406779661,-0.06779661016949153,-0.288135593220339,2.4745762711864407,1.2542372881355932,0.8135593220338984,-0.288135593220339,0.5084745762711864,1.11864406779661,1.2881355932203389,1.2372881355932204,0.7457627118644068,0.576271186440678,1.3220338983050848,1.152542372881356,0.6440677966101694,0.6440677966101694,0.4067796610169492,0.4915254237288136,1.7796610169491525,2.016949152542373,-0.05084745762711865,0.03389830508474576,3.2033898305084745,0.7966101694915254,0.288135593220339,-0.01694915254237288,0.6949152542372882,-0.23728813559322035,-0.5084745762711864,2.8813559322033897,0.4745762711864407,0.11864406779661017,0.5254237288135594,0.3050847457627119,0.6101694915254238,0.4576271186440678,0.847457627118644,0.5423728813559322,1.4576271186440677,1.423728813559322,0.05084745762711865,0.2033898305084746,2.4915254237288136,1.0847457627118644,0.4067796610169492
P27623,0.06666666666666667,10.066666666666666,8.0,5.933333333333334,9.533333333333333,4.933333333333334,11.333333333333334,7.066666666666666,0.06666666666666667,-4.533333333333333,-0.4666666666666667,8.666666666666666,1.7333333333333334,8.0,10.733333333333333,8.8,0.26666666666666666,22.666666666666668,5.933333333333334,-2.0,-0.3333333333333333,-0.4666666666666667,-3.933333333333333,-2.1333333333333333,2.8666666666666667,-0.13333333333333333,0.0,2.7333333333333334,-0.26666666666666666,2.1333333333333333,1.0,-1.9333333333333333,0.9333333333333333,2.7333333333333334,-1.4,-1.5333333333333334,0.8666666666666667,10.066666666666666,3.4,-0.2,-0.26666666666666666,-0.4,1.6,0.7333333333333333,2.1333333333333333,1.8,0.6,4.133333333333334,2.4,1.6666666666666667,1.1333333333333333,1.9333333333333333,1.2,2.6666666666666665,2.1333333333333333,2.1333333333333333,1.3333333333333333,9.333333333333334,2.533333333333333,1.0666666666666667,0.4666666666666667,0.5333333333333333,3.2,-3.6666666666666665,6.4,2.0,-2.466666666666667,9.8,2.0,-2.466666666666667,-1.8666666666666667,-0.5333333333333333,2.066666666666667,2.6666666666666665,6.866666666666666,4.533333333333333,2.7333333333333334,16.333333333333332,0.2,-0.2,1.631578947368421,1.631578947368421,4.631578947368421,7.0,7.7368421052631575,2.4210526315789473,4.894736842105263,8.842105263157896,6.2631578947368425,-4.105263157894737,-1.1578947368421053,1.263157894736842,-0.05263157894736842,-1.736842105263158,8.421052631578947,-0.5263157894736842,-1.8421052631578947,10.0,1.4210526315789473,-3.9473684210526314
P96614,1.9431818181818181,6.931818181818182,9.306818181818182,11.965909090909092,8.056818181818182,4.5227272727272725,6.181818181818182,10.647727272727273,8.056818181818182,3.647727272727273,4.988636363636363,3.5113636363636362,4.090909090909091,11.0,11.397727272727273,2.4204545454545454,2.9431818181818183,25.022727272727273,12.147727272727273,3.625,4.784090909090909,0.9659090909090909,4.2727272727272725,3.3068181818181817,8.352272727272727,0.6022727272727273,1.3181818181818181,12.068181818181818,6.909090909090909,3.5568181818181817,2.3181818181818183,-0.18181818181818182,0.26136363636363635,8.034090909090908,14.556818181818182,1.8409090909090908,2.6136363636363638,22.318181818181817,12.193181818181818,3.9204545454545454,2.784090909090909,1.6704545454545454,3.3863636363636362,3.659090909090909,9.659090909090908,1.4090909090909092,1.7386363636363635,7.943181818181818,2.0681818181818183,3.215909090909091,1.5795454545454546,2.147727272727273,1.7727272727272727,4.1022727272727275,7.715909090909091,1.3863636363636365,1.7727272727272727,13.215909090909092,3.4431818181818183,2.852272727272727,3.375,4.1022727272727275,3.965909090909091,5.056818181818182,10.920454545454545,4.6477272727272725,5.6477272727272725,9.034090909090908,6.340909090909091,0.9659090909090909,5.670454545454546,7.0,4.193181818181818,8.454545454545455,10.954545454545455,3.534090909090909,3.4886363636363638,18.21590909090909,8.204545454545455,1.5681818181818181,0.11956521739130435,0.4782608695652174,-0.021739130434782608,-0.15217391304347827,8.956521739130435,0.13043478260869565,-0.06521739130434782,0.6195652173913043,0.11956521739130435,3.391304347826087,1.9565217391304348,1.9130434782608696,0.9021739130434783,1.8695652173913044,1.565217391304348,-0.17391304347826086,0.5434782608695652,4.260869565217392,0.358695652173913,1.9891304347826086
Q53591,0.2903225806451613,0.40860215053763443,0.6129032258064516,0.5645161290322581,4.0,0.043010752688172046,0.543010752688172,1.010752688172043,0.6935483870967742,1.924731182795699,2.1344086021505375,0.2849462365591398,0.5967741935483871,3.532258064516129,1.2419354838709677,0.15053763440860216,-0.16129032258064516,3.3548387096774195,1.7849462365591398,1.1720430107526882,-0.0913978494623656,0.6881720430107527,0.8225806451612904,-0.11827956989247312,3.3763440860215055,0.3924731182795699,0.5161290322580645,2.1021505376344085,0.6182795698924731,0.5645161290322581,0.8333333333333334,0.2849462365591398,0.16666666666666666,2.2096774193548385,-0.043010752688172046,-0.13978494623655913,0.15591397849462366,3.456989247311828,1.086021505376344,0.5268817204301075,-0.08602150537634409,0.7634408602150538,0.20967741935483872,0.3978494623655914,3.9623655913978495,0.04838709677419355,0.26881720430107525,0.5645161290322581,0.7903225806451613,0.6344086021505376,0.8548387096774194,0.3978494623655914,0.11827956989247312,1.3440860215053763,1.3602150537634408,0.005376344086021506,0.3064516129032258,2.075268817204301,0.43010752688172044,0.45161290322580644,0.44086021505376344,0.5161290322580645,-0.34408602150537637,0.6397849462365591,4.349462365591398,0.08602150537634409,0.3978494623655914,0.08064516129032258,0.7365591397849462,1.2903225806451613,0.956989247311828,0.4032258064516129,0.27419354838709675,1.2204301075268817,1.467741935483871,-0.016129032258064516,0.15591397849462366,3.596774193548387,1.0,1.064516129032258,0.03684210526315789,0.15789473684210525,0.4631578947368421,0.45263157894736844,4.426315789473684,-0.08421052631578947,0.1,1.1842105263157894,0.6421052631578947,1.631578947368421,1.7,-0.3368421052631579,1.0210526315789474,2.1526315789473682,1.4052631578947368,-0.02631578947368421,-0.031578947368421054,2.931578947368421,0.24210526315789474,1.0157894736842106
O53441,1.1866666666666668,1.84,0.6,3.493333333333333,9.173333333333334,0.92,-1.08,6.52,0.44,2.506666666666667,0.48,2.6,0.7333333333333333,5.04,10.013333333333334,1.2933333333333332,2.3333333333333335,8.8,4.8933333333333335,2.44,-0.13333333333333333,3.1733333333333333,3.7466666666666666,3.5866666666666664,5.226666666666667,2.56,3.0533333333333332,3.3066666666666666,0.5066666666666667,2.7066666666666666,3.6933333333333334,2.56,1.0933333333333333,4.973333333333334,5.8533333333333335,0.96,1.2,12.413333333333334,2.1733333333333333,1.96,0.9866666666666667,3.546666666666667,3.3866666666666667,2.493333333333333,4.44,3.533333333333333,2.546666666666667,2.36,3.1466666666666665,1.7333333333333334,2.506666666666667,2.1866666666666665,1.2933333333333332,3.12,5.946666666666666,2.8266666666666667,1.0533333333333332,11.906666666666666,3.8,1.6666666666666667,-0.5866666666666667,1.4133333333333333,2.026666666666667,3.7333333333333334,6.426666666666667,1.4533333333333334,1.4666666666666666,1.2133333333333334,1.7333333333333334,2.0533333333333332,1.56,0.6666666666666666,1.8266666666666667,4.36,4.64,0.8,0.96,9.146666666666667,4.44,0.7733333333333333,1.144736842105263,-0.3026315789473684,2.4342105263157894,2.1973684210526314,7.184210526315789,2.1973684210526314,0.8421052631578947,5.565789473684211,2.6578947368421053,2.460526315789474,4.394736842105263,0.6973684210526315,3.460526315789474,4.565789473684211,2.6052631578947367,1.4342105263157894,1.4605263157894737,10.118421052631579,4.75,1.9342105263157894
P54423,0.07142857142857142,1.0773809523809523,0.9642857142857143,1.5892857142857142,3.5297619047619047,0.5714285714285714,0.5595238095238095,2.107142857142857,1.5178571428571428,2.4345238095238093,2.4166666666666665,0.6071428571428571,1.1726190476190477,2.875,2.4226190476190474,0.17857142857142858,0.43452380952380953,4.7976190476190474,1.4642857142857142,0.9047619047619048,-0.08928571428571429,0.4107142857142857,0.35714285714285715,0.7023809523809523,5.410714285714286,-0.23809523809523808,-0.041666666666666664,2.8392857142857144,0.8452380952380952,1.0773809523809523,0.9345238095238095,-0.23214285714285715,0.5952380952380952,2.6011904761904763,1.7738095238095237,-0.05952380952380952,0.06547619047619048,6.613095238095238,1.9702380952380953,0.6428571428571429,0.5178571428571429,1.505952380952381,-0.125,-0.36904761904761907,6.166666666666667,1.1011904761904763,0.6071428571428571,0.6488095238095238,0.7797619047619048,1.4404761904761905,2.5892857142857144,0.30357142857142855,2.0238095238095237,1.9464285714285714,1.9404761904761905,0.16071428571428573,0.041666666666666664,5.291666666666667,1.375,0.43452380952380953,-0.2261904761904762,3.238095238095238,0.9285714285714286,1.7261904761904763,5.369047619047619,1.7738095238095237,3.0833333333333335,1.369047619047619,3.630952380952381,3.511904761904762,3.744047619047619,2.494047619047619,2.2738095238095237,3.7916666666666665,2.75,-0.6785714285714286,0.8690476190476191,5.7023809523809526,2.5,1.869047619047619,0.05813953488372093,0.23255813953488372,0.37209302325581395,0.4127906976744186,4.691860465116279,0.37209302325581395,0.5406976744186046,0.5,0.872093023255814,0.627906976744186,0.6627906976744186,0.029069767441860465,0.686046511627907,1.947674418604651,0.7674418604651163,0.11627906976744186,0.2558139534883721,5.3895348837209305,1.372093023255814,0.1511627906976744
A5U127,-0.25,8.0,7.95,6.9,14.15,8.3,7.75,-1.9,12.9,-6.6,0.45,4.6,-2.15,4.5,16.0,4.9,5.7,16.55,10.35,-5.45,0.7,7.25,-0.25,1.55,8.8,3.7,5.65,-0.3,9.0,-1.9,-2.05,2.85,0.5,-3.5,2.2,-0.85,-0.05,7.75,4.1,-1.5,1.35,8.4,4.1,8.45,7.1,4.85,7.6,4.8,8.25,0.4,-1.3,7.3,-0.15,0.3,9.1,3.6,1.95,7.75,3.45,2.55,-2.15,-0.25,2.7,-0.05,12.5,0.5,0.4,5.6,6.9,3.9,2.0,0.85,3.0,10.4,-11.25,0.8,-0.7,17.35,8.95,2.0,0.42857142857142855,0.23809523809523808,-0.38095238095238093,0.5238095238095238,5.619047619047619,-0.38095238095238093,-0.14285714285714285,2.7142857142857144,2.9523809523809526,4.714285714285714,5.285714285714286,-0.7619047619047619,3.1904761904761907,8.80952380952381,3.8095238095238093,0.3333333333333333,-0.8571428571428571,11.142857142857142,5.476190476190476,3.0
P38578,0.75,-1.25,-3.0,-2.5,5.75,-3.0,-4.0,3.0,-0.5,-1.75,-2.5,-0.75,-5.5,3.0,3.25,-0.5,0.0,7.25,2.5,-2.5,0.5,4.5,2.25,3.75,4.75,2.5,3.75,4.5,3.25,6.5,5.75,3.0,2.5,0.0,5.25,1.25,1.5,3.75,-4.75,5.25,0.25,5.25,-0.75,1.25,-3.75,2.0,2.25,-6.0,3.25,1.0,1.0,5.5,1.0,6.0,3.75,-0.5,0.25,9.0,4.75,-0.75,0.0,4.5,1.5,2.5,2.25,3.0,3.5,-10.5,5.0,-6.25,-4.75,3.0,-2.0,2.5,0.0,0.5,0.5,7.0,3.75,-3.5,-1.4,1.2,1.8,3.6,1.0,0.8,2.4,-0.8,3.0,5.4,3.6,-0.6,0.6,3.2,4.2,-2.2,0.2,-2.4,2.4,4.0
P35825,0.15319148936170213,0.2425531914893617,0.5531914893617021,0.4978723404255319,3.302127659574468,-0.04680851063829787,-0.33191489361702126,2.574468085106383,1.4425531914893617,1.0723404255319149,0.948936170212766,-0.14042553191489363,0.43829787234042555,2.1361702127659576,1.9276595744680851,-0.09787234042553192,-0.13191489361702127,5.902127659574468,0.9106382978723404,0.3617021276595745,0.18723404255319148,1.004255319148936,-0.00851063829787234,0.9063829787234042,3.0936170212765957,0.5063829787234042,0.425531914893617,2.3106382978723405,2.072340425531915,0.5531914893617021,0.7446808510638298,0.574468085106383,0.44680851063829785,2.651063829787234,1.9191489361702128,-0.07234042553191489,-0.16170212765957448,6.974468085106383,2.1872340425531913,0.1829787234042553,0.00851063829787234,1.148936170212766,0.9276595744680851,1.6127659574468085,3.1531914893617023,0.4297872340425532,0.8425531914893617,2.106382978723404,2.097872340425532,1.578723404255319,1.578723404255319,0.625531914893617,0.8425531914893617,2.8595744680851065,2.0808510638297872,0.2425531914893617,0.01702127659574468,5.697872340425532,2.029787234042553,0.4808510638297872,-0.17872340425531916,1.297872340425532,0.18723404255319148,0.3404255319148936,2.9148936170212765,0.4595744680851064,0.14042553191489363,1.0553191489361702,2.353191489361702,1.4638297872340424,1.5702127659574467,0.7574468085106383,0.7659574468085106,3.025531914893617,1.8936170212765957,-0.13617021276595745,-0.3446808510638298,6.421276595744681,2.5106382978723403,0.3617021276595745,0.03361344537815126,1.2100840336134453,0.29831932773109243,0.5840336134453782,3.046218487394958,0.7058823529411765,0.35714285714285715,2.138655462184874,2.1176470588235294,0.8067226890756303,1.5210084033613445,0.5714285714285714,0.8403361344537815,2.327731092436975,2.2184873949579833,-0.025210084033613446,0.2647058823529412,6.394957983193278,1.9075630252100841,0.19327731092436976
P96710,-0.35365853658536583,4.975609756097561,2.8048780487804876,6.658536585365853,1.451219512195122,2.5121951219512195,6.646341463414634,-0.24390243902439024,5.670731707317073,-1.8048780487804879,-0.6707317073170732,4.719512195121951,-0.6097560975609756,0.036585365853658534,3.1707317073170733,-0.32926829268292684,-0.13414634146341464,-0.7682926829268293,-0.3170731707317073,-1.0975609756097562,-0.47560975609756095,8.963414634146341,5.134146341463414,12.463414634146341,0.45121951219512196,4.426829268292683,10.609756097560975,-0.6707317073170732,8.048780487804878,-1.475609756097561,-0.7560975609756098,10.439024390243903,-0.04878048780487805,-0.7073170731707317,4.7317073170731705,-0.8292682926829268,0.2804878048780488,-0.15853658536585366,0.32926829268292684,-1.0121951219512195,0.21951219512195122,0.7682926829268293,3.8902439024390243,7.085365853658536,3.2195121951219514,2.6219512195121952,4.804878048780488,2.5609756097560976,1.9146341463414633,0.3048780487804878,0.0975609756097561,2.5,0.4146341463414634,0.8658536585365854,-0.7926829268292683,0.6463414634146342,0.7317073170731707,1.7804878048780488,1.170731707317073,0.4268292682926829,-0.14634146341463414,5.012195121951219,2.3902439024390243,8.914634146341463,0.7073170731707317,2.8536585365853657,9.426829268292684,-0.32926829268292684,3.975609756097561,0.3170731707317073,-0.2073170731707317,5.378048780487805,0.573170731707317,-0.3780487804878049,3.707317073170732,-0.036585365853658534,0.06097560975609756,0.9390243902439024,0.12195121951219512,0.15853658536585366,0.23255813953488372,7.72093023255814,4.930232558139535,10.80232558139535,1.7209302325581395,4.534883720930233,10.325581395348838,1.5930232558139534,6.034883720930233,-0.2441860465116279,-0.023255813953488372,7.104651162790698,-0.6744186046511628,-0.7441860465116279,2.8372093023255816,0.8837209302325582,0.4883720930232558,4.313953488372093,-0.6511627906976745,0.10465116279069768
Q02VB0,0.6608695652173913,1.0695652173913044,0.3565217391304348,-0.24347826086956523,6.121739130434783,0.2608695652173913,-0.3565217391304348,2.582608695652174,1.8521739130434782,1.208695652173913,0.5826086956521739,0.19130434782608696,0.21739130434782608,1.9565217391304348,1.9739130434782608,0.05217391304347826,0.48695652173913045,2.4956521739130433,0.7391304347826086,1.2956521739130435,0.41739130434782606,0.5478260869565217,0.9565217391304348,0.5739130434782609,8.252173913043478,-0.26956521739130435,-0.1565217391304348,4.321739130434783,1.1652173913043478,1.0521739130434782,0.4260869565217391,-0.26956521739130435,-0.13043478260869565,0.991304347826087,2.8173913043478263,0.2,-0.12173913043478261,4.391304347826087,0.3739130434782609,1.2956521739130435,0.3565217391304348,-0.1391304347826087,-0.3130434782608696,0.22608695652173913,7.478260869565218,-0.6347826086956522,-0.391304347826087,3.773913043478261,1.2608695652173914,-0.5043478260869565,-0.33043478260869563,-0.391304347826087,-0.7478260869565218,1.0521739130434782,2.791304347826087,-0.043478260869565216,0.0782608695652174,4.6,0.391304347826087,0.28695652173913044,1.7739130434782608,2.1565217391304348,0.3652173913043478,2.6956521739130435,8.017391304347827,0.4782608695652174,2.130434782608696,4.878260869565217,0.6086956521739131,0.991304347826087,1.9391304347826086,1.817391304347826,1.2434782608695651,4.730434782608696,5.226086956521739,0.6695652173913044,1.1652173913043478,7.452173913043478,2.2956521739130435,1.4173913043478261,-0.3504273504273504,1.6495726495726495,0.36752136752136755,2.051282051282051,7.0085470085470085,-0.017094017094017096,1.6666666666666667,3.8205128205128207,1.9145299145299146,3.5811965811965814,3.034188034188034,0.1623931623931624,1.8888888888888888,3.623931623931624,2.8547008547008548,0.13675213675213677,0.48717948717948717,7.136752136752137,2.094017094017094,2.982905982905983
Q7NAT8,1.55,3.35,4.15,4.033333333333333,11.583333333333334,0.8833333333333333,4.3,6.85,5.783333333333333,1.0333333333333334,-0.016666666666666666,0.48333333333333334,0.4666666666666667,1.55,7.583333333333333,3.7333333333333334,1.3166666666666667,7.533333333333333,2.716666666666667,1.0333333333333334,1.2333333333333334,2.2333333333333334,0.95,0.9166666666666666,6.083333333333333,0.55,-0.8666666666666667,3.3666666666666667,2.216666666666667,1.0166666666666666,0.9333333333333333,1.1,0.48333333333333334,1.5333333333333334,2.6666666666666665,-0.36666666666666664,-0.48333333333333334,5.35,1.35,0.6666666666666666,1.4833333333333334,1.7333333333333334,2.05,4.783333333333333,9.733333333333333,1.15,0.9166666666666666,4.35,2.2333333333333334,2.816666666666667,1.8666666666666667,0.7166666666666667,0.25,3.7666666666666666,3.3833333333333333,2.0166666666666666,1.5666666666666667,13.433333333333334,3.15,2.7666666666666666,0.75,0.21666666666666667,0.48333333333333334,-1.1166666666666667,3.3666666666666667,0.4666666666666667,-0.5333333333333333,1.6166666666666667,1.6333333333333333,0.6333333333333333,0.6,-1.3833333333333333,-0.5166666666666667,0.7,-0.43333333333333335,0.8166666666666667,0.8833333333333333,3.6666666666666665,0.1,0.16666666666666666,-0.25,-0.8333333333333334,1.0,0.2,9.483333333333333,-0.18333333333333332,-1.7833333333333334,5.866666666666666,1.9333333333333333,0.6833333333333333,0.5333333333333333,-2.066666666666667,-0.03333333333333333,3.6666666666666665,4.233333333333333,1.6833333333333333,1.7333333333333334,13.05,3.466666666666667,0.23333333333333334
P22821,0.4782608695652174,3.0,3.9130434782608696,5.826086956521739,0.6521739130434783,2.0434782608695654,3.9130434782608696,7.565217391304348,4.391304347826087,-0.6521739130434783,-0.043478260869565216,3.4347826086956523,0.6086956521739131,2.652173913043478,3.5652173913043477,1.0,-0.17391304347826086,6.695652173913044,2.608695652173913,-0.13043478260869565,-0.5652173913043478,2.9565217391304346,4.565217391304348,7.565217391304348,2.0434782608695654,3.347826086956522,4.695652173913044,2.608695652173913,2.4347826086956523,-1.4782608695652173,-0.13043478260869565,3.391304347826087,-0.08695652173913043,1.5217391304347827,4.565217391304348,1.173913043478261,0.6521739130434783,3.6956521739130435,-0.6521739130434783,-2.4782608695652173,1.608695652173913,3.0434782608695654,5.391304347826087,7.6521739130434785,2.652173913043478,3.0,4.260869565217392,5.913043478260869,4.391304347826087,1.0434782608695652,-0.13043478260869565,3.869565217391304,-0.17391304347826086,0.6086956521739131,4.913043478260869,2.4347826086956523,1.4782608695652173,6.695652173913044,2.3043478260869565,0.43478260869565216,-0.13043478260869565,3.5217391304347827,4.956521739130435,8.652173913043478,2.9130434782608696,3.3043478260869565,4.869565217391305,4.608695652173913,5.521739130434782,-0.9565217391304348,-0.34782608695652173,4.434782608695652,0.5652173913043478,3.608695652173913,2.260869565217391,1.608695652173913,1.7826086956521738,6.608695652173913,2.9565217391304346,0.043478260869565216,0.2916666666666667,1.5833333333333333,1.2916666666666667,4.458333333333333,4.416666666666667,1.1666666666666667,1.9583333333333333,5.0,4.0,2.5,1.2083333333333333,0.375,0.125,2.4166666666666665,2.1666666666666665,0.7083333333333334,0.4166666666666667,6.25,1.2916666666666667,1.5833333333333333
O33702,-0.3157894736842105,2.736842105263158,1.8421052631578947,3.6842105263157894,0.5263157894736842,1.263157894736842,2.0526315789473686,-0.5789473684210527,3.3684210526315788,0.0,-1.0526315789473684,1.7894736842105263,-0.7368421052631579,2.3157894736842106,2.1578947368421053,-0.8947368421052632,-0.15789473684210525,6.157894736842105,2.263157894736842,0.05263157894736842,0.05263157894736842,2.1052631578947367,1.736842105263158,2.210526315789474,3.736842105263158,0.7368421052631579,1.105263157894737,-2.3157894736842106,2.263157894736842,2.473684210526316,2.473684210526316,1.0526315789473684,2.1052631578947367,3.6842105263157894,-0.8947368421052632,-0.3157894736842105,-0.6842105263157895,7.105263157894737,1.8421052631578947,0.2631578947368421,2.789473684210526,-0.21052631578947367,0.7894736842105263,1.8421052631578947,2.3684210526315788,1.4736842105263157,1.2105263157894737,-0.05263157894736842,-3.0526315789473686,3.5789473684210527,1.7894736842105263,1.368421052631579,2.4210526315789473,7.7368421052631575,-2.0526315789473686,0.15789473684210525,1.263157894736842,9.842105263157896,5.157894736842105,0.7894736842105263,0.0,0.5263157894736842,1.3157894736842106,2.0526315789473686,2.6842105263157894,0.9473684210526315,0.3157894736842105,-0.15789473684210525,2.6315789473684212,2.4210526315789473,2.5789473684210527,0.15789473684210525,1.1578947368421053,3.736842105263158,0.47368421052631576,-0.42105263157894735,-1.3157894736842106,5.947368421052632,3.6315789473684212,1.1578947368421053,-0.5263157894736842,2.3157894736842106,0.8421052631578947,3.6842105263157894,3.8421052631578947,1.0526315789473684,2.8947368421052633,5.684210526315789,0.5263157894736842,3.1578947368421053,3.6315789473684212,0.47368421052631576,0.8947368421052632,-0.7894736842105263,5.052631578947368,0.0,-0.6842105263157895,4.2631578947368425,0.47368421052631576,0.7894736842105263
Q9ZBM2,-0.44,3.68,2.22,5.2,2.22,2.52,4.7,2.76,3.86,0.32,1.16,3.42,0.5,1.3,4.22,-0.16,0.38,-0.14,-0.08,0.26,-0.28,2.1,3.38,3.54,2.08,2.74,3.62,0.82,5.5,0.26,0.22,2.62,-0.28,2.2,3.4,0.44,0.14,5.08,0.82,-0.02,0.18,2.12,1.5,3.1,0.82,1.16,1.82,0.06,1.86,0.06,-0.1,1.32,0.16,0.54,0.96,0.04,0.14,1.1,-0.3,-0.24,-0.22,2.12,3.82,5.74,1.52,1.8,2.5,4.46,1.94,-0.04,-0.3,1.76,-0.16,-0.6,0.26,0.62,0.04,3.4,0.28,0.48,0.2,-0.24,0.36,1.1,5.08,0.26,0.48,2.3,1.6,3.38,2.46,0.06,0.94,4.1,1.22,-0.38,0.6,5.72,2.16,2.24
P07515,0.2857142857142857,-1.1428571428571428,2.2857142857142856,4.285714285714286,8.428571428571429,-2.142857142857143,-1.7142857142857142,7.285714285714286,-3.142857142857143,3.2857142857142856,3.4285714285714284,-3.142857142857143,-0.14285714285714285,5.142857142857143,4.428571428571429,0.5714285714285714,-2.5714285714285716,8.857142857142858,4.857142857142857,2.142857142857143,-3.857142857142857,2.142857142857143,2.857142857142857,1.4285714285714286,5.571428571428571,0.2857142857142857,-1.4285714285714286,4.142857142857143,5.285714285714286,4.0,0.8571428571428571,-0.5714285714285714,0.0,-0.7142857142857143,3.2857142857142856,0.7142857142857143,0.0,2.4285714285714284,3.857142857142857,5.285714285714286,0.2857142857142857,-3.857142857142857,0.2857142857142857,-0.42857142857142855,6.142857142857143,-1.0,-2.0,9.142857142857142,1.5714285714285714,-3.4285714285714284,-2.0,-7.857142857142857,-2.4285714285714284,3.4285714285714284,5.285714285714286,-0.14285714285714285,0.5714285714285714,8.571428571428571,4.142857142857143,-0.5714285714285714,1.2857142857142858,4.142857142857143,4.571428571428571,5.0,1.7142857142857142,0.5714285714285714,1.2857142857142858,-2.0,1.1428571428571428,4.714285714285714,7.285714285714286,1.8571428571428572,0.5714285714285714,7.285714285714286,4.285714285714286,0.8571428571428571,1.0,12.142857142857142,4.857142857142857,3.0,-1.3,0.7,2.0,0.8,6.0,-0.2,-3.0,-0.2,1.3,-0.2,-0.7,-1.9,1.2,3.0,5.2,0.0,0.7,8.7,5.4,1.4
P16304,1.1515151515151516,2.909090909090909,3.9696969696969697,7.575757575757576,6.696969696969697,1.7878787878787878,2.8181818181818183,3.787878787878788,5.363636363636363,2.303030303030303,3.0,1.303030303030303,2.121212121212121,7.363636363636363,11.818181818181818,0.9090909090909091,2.0,15.545454545454545,5.545454545454546,3.8181818181818183,0.6666666666666666,-0.42424242424242425,1.121212121212121,-0.6363636363636364,8.606060606060606,-0.7575757575757576,-1.5454545454545454,8.757575757575758,2.909090909090909,2.6666666666666665,3.121212121212121,-1.0303030303030303,2.6666666666666665,6.03030303030303,4.848484848484849,0.3333333333333333,1.7878787878787878,12.212121212121213,5.121212121212121,2.8181818181818183,1.6363636363636365,-0.8181818181818182,4.393939393939394,3.090909090909091,8.090909090909092,3.0,1.4242424242424243,9.545454545454545,3.5454545454545454,3.121212121212121,1.393939393939394,0.5151515151515151,2.6666666666666665,2.1515151515151514,7.9393939393939394,2.9696969696969697,2.909090909090909,9.787878787878787,4.818181818181818,4.696969696969697,1.0,0.7575757575757576,1.7878787878787878,-0.9090909090909091,1.3636363636363635,0.48484848484848486,0.8181818181818182,1.5757575757575757,1.2121212121212122,2.878787878787879,2.6666666666666665,0.45454545454545453,2.727272727272727,5.333333333333333,0.30303030303030304,0.8181818181818182,0.45454545454545453,9.727272727272727,4.03030303030303,2.696969696969697,2.2,4.114285714285714,1.9142857142857144,2.0285714285714285,12.0,2.2285714285714286,0.9142857142857143,8.82857142857143,0.4857142857142857,4.628571428571429,4.057142857142857,1.6857142857142857,4.314285714285714,8.914285714285715,8.2,2.9714285714285715,2.4857142857142858,9.971428571428572,5.2,3.6857142857142855
P24012,1.4193548387096775,1.8064516129032258,2.3225806451612905,5.516129032258065,7.935483870967742,0.7741935483870968,1.967741935483871,0.41935483870967744,-2.193548387096774,-0.7741935483870968,0.5161290322580645,1.1935483870967742,-0.5161290322580645,0.5483870967741935,4.161290322580645,1.3548387096774193,0.5483870967741935,1.2258064516129032,1.3870967741935485,0.9354838709677419,1.6129032258064515,7.838709677419355,1.3870967741935485,7.193548387096774,7.935483870967742,3.6774193548387095,3.193548387096774,2.5161290322580645,3.2580645161290325,-1.6774193548387097,-0.6129032258064516,5.0,0.12903225806451613,-3.2903225806451615,-3.064516129032258,-0.3870967741935484,0.25806451612903225,5.645161290322581,0.6129032258064516,0.22580645161290322,0.7741935483870968,2.3548387096774195,2.2580645161290325,7.258064516129032,3.6129032258064515,1.5806451612903225,1.6451612903225807,1.4838709677419355,3.064516129032258,-2.225806451612903,-1.2580645161290323,1.7741935483870968,0.12903225806451613,0.8064516129032258,11.96774193548387,1.4193548387096775,-0.3548387096774194,3.935483870967742,0.8709677419354839,-1.8709677419354838,2.3870967741935485,11.612903225806452,4.67741935483871,11.064516129032258,4.67741935483871,8.03225806451613,10.451612903225806,2.967741935483871,2.161290322580645,1.2903225806451613,-0.3548387096774194,9.741935483870968,0.12903225806451613,0.12903225806451613,11.387096774193548,2.5806451612903225,-0.5806451612903226,4.483870967741935,2.7419354838709675,0.03225806451612903,2.3636363636363638,8.636363636363637,7.545454545454546,11.93939393939394,6.696969696969697,8.303030303030303,10.181818181818182,6.393939393939394,3.8181818181818183,-1.4242424242424243,0.42424242424242425,9.454545454545455,0.6060606060606061,-3.4242424242424243,14.575757575757576,4.848484848484849,2.878787878787879,5.484848484848484,-0.3939393939393939,0.7575757575757576
P59934,-0.3504273504273504,1.4444444444444444,1.4273504273504274,1.7692307692307692,0.7521367521367521,0.2564102564102564,1.2307692307692308,2.2905982905982905,2.230769230769231,1.3247863247863247,1.2478632478632479,0.41025641025641024,0.27350427350427353,3.299145299145299,3.786324786324786,0.6752136752136753,0.3504273504273504,6.82051282051282,2.341880341880342,1.7863247863247864,0.452991452991453,1.982905982905983,0.6581196581196581,0.1794871794871795,3.0683760683760686,0.7606837606837606,0.1452991452991453,1.8632478632478633,2.0,0.5897435897435898,0.1282051282051282,0.9487179487179487,0.8888888888888888,2.9401709401709404,2.606837606837607,0.3504273504273504,0.28205128205128205,6.076923076923077,2.5213675213675213,0.3162393162393162,0.41025641025641024,1.452991452991453,1.2307692307692308,1.1623931623931625,3.547008547008547,0.8803418803418803,0.5384615384615384,1.1965811965811965,1.2991452991452992,1.3162393162393162,1.6752136752136753,0.49572649572649574,0.7008547008547008,1.8888888888888888,1.8717948717948718,0.811965811965812,0.6837606837606838,4.641025641025641,0.7692307692307693,1.2820512820512822,0.1282051282051282,0.4188034188034188,0.4188034188034188,0.19658119658119658,0.28205128205128205,0.3333333333333333,-0.017094017094017096,0.7777777777777778,1.4615384615384615,0.4444444444444444,0.5555555555555556,-0.23931623931623933,0.3162393162393162,1.3076923076923077,0.42735042735042733,0.2222222222222222,0.5641025641025641,5.6923076923076925,1.641025641025641,0.2564102564102564,-0.4152542372881356,3.0508474576271185,2.211864406779661,2.7203389830508473,4.677966101694915,1.2796610169491525,1.3305084745762712,2.1610169491525424,3.3389830508474576,1.1355932203389831,0.17796610169491525,0.8728813559322034,1.2203389830508475,3.1864406779661016,0.9322033898305084,0.13559322033898305,0.4322033898305085,6.1525423728813555,2.3135593220338984,0.2796610169491525
A6QH29,0.5747126436781609,-0.20689655172413793,0.7471264367816092,0.9080459770114943,5.471264367816092,0.40229885057471265,0.8390804597701149,1.6781609195402298,0.2988505747126437,3.4942528735632186,3.206896551724138,-0.19540229885057472,1.4252873563218391,3.954022988505747,0.5977011494252874,-0.011494252873563218,-0.09195402298850575,7.114942528735632,2.4827586206896552,2.8275862068965516,0.12643678160919541,0.06896551724137931,0.45977011494252873,0.7241379310344828,4.149425287356322,0.5057471264367817,0.6781609195402298,0.8390804597701149,0.20689655172413793,3.413793103448276,3.3448275862068964,0.27586206896551724,1.103448275862069,4.022988505747127,0.3333333333333333,0.11494252873563218,-0.04597701149425287,5.517241379310345,1.5977011494252873,2.160919540229885,0.47126436781609193,0.04597701149425287,0.20689655172413793,0.3333333333333333,3.471264367816092,0.11494252873563218,0.12643678160919541,-0.09195402298850575,-0.16091954022988506,3.160919540229885,3.3333333333333335,0.19540229885057472,1.264367816091954,4.655172413793103,1.1264367816091954,0.06896551724137931,-0.06896551724137931,5.931034482758621,1.7011494252873562,1.8160919540229885,-0.14942528735632185,0.12643678160919541,0.6781609195402298,1.2758620689655173,4.528735632183908,0.2988505747126437,0.5632183908045977,0.47126436781609193,0.3563218390804598,3.1379310344827585,2.9655172413793105,0.21839080459770116,1.2528735632183907,4.32183908045977,1.4022988505747127,0.19540229885057472,0.011494252873563218,6.413793103448276,2.310344827586207,2.2298850574712645,0.4318181818181818,-0.045454545454545456,0.8295454545454546,0.011363636363636364,5.329545454545454,0.9545454545454546,-0.375,-0.022727272727272728,0.29545454545454547,3.659090909090909,4.079545454545454,-0.26136363636363635,1.5909090909090908,4.284090909090909,1.7386363636363635,-0.06818181818181818,0.03409090909090909,6.8977272727272725,1.4090909090909092,2.2613636363636362
P46815,1.069767441860465,-0.3023255813953488,1.7906976744186047,0.6046511627906976,7.813953488372093,0.27906976744186046,1.2790697674418605,3.953488372093023,1.5813953488372092,2.3255813953488373,1.9534883720930232,0.27906976744186046,0.6046511627906976,3.5348837209302326,4.976744186046512,1.4186046511627908,0.9534883720930233,7.976744186046512,2.0930232558139537,0.8372093023255814,-0.46511627906976744,-0.4418604651162791,-0.5813953488372093,0.32558139534883723,4.534883720930233,-0.13953488372093023,0.09302325581395349,0.09302325581395349,0.7441860465116279,1.6744186046511629,1.3953488372093024,-0.6511627906976745,1.1395348837209303,2.6744186046511627,0.11627906976744186,-0.5581395348837209,0.11627906976744186,6.023255813953488,2.3255813953488373,0.813953488372093,-1.2093023255813953,-1.3255813953488371,0.4883720930232558,0.32558139534883723,3.9069767441860463,-0.2558139534883721,0.09302325581395349,2.116279069767442,1.2325581395348837,1.7906976744186047,1.9767441860465116,-0.5348837209302325,0.7441860465116279,4.488372093023256,2.2325581395348837,-0.023255813953488372,0.0,7.72093023255814,2.604651162790698,0.5116279069767442,-1.1395348837209303,-0.9069767441860465,0.046511627906976744,0.18604651162790697,4.186046511627907,0.046511627906976744,0.046511627906976744,1.558139534883721,0.7906976744186046,1.813953488372093,2.511627906976744,0.16279069767441862,1.0232558139534884,4.186046511627907,2.0930232558139537,-0.23255813953488372,0.2558139534883721,6.5813953488372094,1.9069767441860466,1.0930232558139534,0.25,-0.3181818181818182,0.7272727272727273,-0.6818181818181818,4.795454545454546,-0.4318181818181818,-1.0909090909090908,1.4545454545454546,1.1136363636363635,2.5,1.6818181818181819,-0.38636363636363635,0.7045454545454546,3.1136363636363638,1.9318181818181819,0.045454545454545456,-0.2727272727272727,5.9772727272727275,1.9318181818181819,1.4090909090909092
P68802,0.5909090909090909,2.090909090909091,1.2272727272727273,3.3636363636363638,1.7727272727272727,1.4545454545454546,1.5909090909090908,5.2727272727272725,2.9545454545454546,0.09090909090909091,-1.2727272727272727,1.3181818181818181,-0.045454545454545456,1.5454545454545454,4.909090909090909,1.0909090909090908,0.09090909090909091,4.590909090909091,1.5,0.6818181818181818,0.5454545454545454,1.0454545454545454,-1.4545454545454546,-0.3181818181818182,4.2272727272727275,0.2727272727272727,-0.2727272727272727,0.2727272727272727,1.0454545454545454,1.1818181818181819,1.7727272727272727,-0.045454545454545456,0.4090909090909091,0.22727272727272727,1.7272727272727273,-0.3181818181818182,0.09090909090909091,3.8181818181818183,-1.2272727272727273,0.09090909090909091,0.36363636363636365,0.045454545454545456,0.7272727272727273,1.2272727272727273,4.409090909090909,-0.36363636363636365,-1.4090909090909092,4.0,0.8636363636363636,1.8636363636363635,1.8181818181818181,-1.5454545454545454,1.1363636363636365,1.8181818181818181,0.6818181818181818,-0.2727272727272727,-1.2727272727272727,4.818181818181818,-0.09090909090909091,1.0,-0.45454545454545453,-0.045454545454545456,0.045454545454545456,-0.9090909090909091,3.727272727272727,-0.5454545454545454,-1.4090909090909092,4.363636363636363,0.36363636363636365,1.2272727272727273,1.6363636363636365,0.0,0.9545454545454546,1.8181818181818181,1.0,0.4090909090909091,-0.6363636363636364,5.818181818181818,-0.3181818181818182,0.7272727272727273,0.96,0.84,-1.52,0.12,4.72,0.12,0.16,1.8,0.84,-1.6,0.44,-1.32,0.32,-0.12,-0.64,-0.36,0.64,6.88,1.04,-1.56
P59076,0.7894736842105263,4.359649122807017,3.745614035087719,4.912280701754386,11.236842105263158,2.5350877192982457,4.219298245614035,7.87719298245614,2.412280701754386,4.754385964912281,4.894736842105263,3.026315789473684,2.307017543859649,5.62280701754386,9.385964912280702,2.0350877192982457,1.5350877192982457,8.298245614035087,5.140350877192983,3.9210526315789473,1.780701754385965,0.8157894736842105,0.6052631578947368,1.3245614035087718,6.114035087719298,0.4824561403508772,0.543859649122807,4.824561403508772,1.6578947368421053,2.9298245614035086,3.1491228070175437,1.219298245614035,2.4210526315789473,2.8947368421052633,1.1754385964912282,0.7368421052631579,1.2456140350877194,3.4473684210526314,1.7982456140350878,3.06140350877193,1.868421052631579,4.754385964912281,4.271929824561403,3.219298245614035,11.719298245614034,3.1052631578947367,3.517543859649123,4.7368421052631575,4.719298245614035,1.8508771929824561,3.6842105263157894,2.236842105263158,1.0,2.0701754385964914,6.184210526315789,2.6052631578947367,1.6842105263157894,4.254385964912281,1.8070175438596492,1.236842105263158,0.10526315789473684,0.043859649122807015,0.14912280701754385,0.6491228070175439,8.56140350877193,2.3333333333333335,1.9649122807017543,3.9649122807017543,1.9649122807017543,1.368421052631579,1.3859649122807018,0.5087719298245614,2.7017543859649122,3.543859649122807,8.394736842105264,0.7456140350877193,1.6228070175438596,5.0,2.1578947368421053,1.4473684210526316,-0.05217391304347826,1.4173913043478261,2.617391304347826,2.8521739130434782,7.791304347826087,0.9043478260869565,0.8521739130434782,5.2,3.026086956521739,1.6782608695652175,0.017391304347826087,1.4782608695652173,0.9826086956521739,3.626086956521739,1.191304347826087,1.1652173913043478,1.1565217391304348,7.782608695652174,4.156521739130435,1.9217391304347826
P54582,-0.07339449541284404,2.2844036697247705,1.1926605504587156,2.5596330275229358,3.44954128440367,1.128440366972477,0.9724770642201835,2.8990825688073394,3.3944954128440368,0.7981651376146789,1.036697247706422,1.5504587155963303,0.6146788990825688,2.256880733944954,2.4220183486238533,0.46788990825688076,0.12844036697247707,3.238532110091743,2.0825688073394497,0.25688073394495414,0.8073394495412844,3.1743119266055047,3.3577981651376145,4.477064220183486,5.8807339449541285,2.2477064220183487,2.6422018348623855,0.5321100917431193,1.4128440366972477,0.30275229357798167,0.09174311926605505,2.0,0.41284403669724773,1.6697247706422018,3.4862385321100917,0.8532110091743119,1.2477064220183487,3.2018348623853212,0.963302752293578,0.05504587155963303,0.29357798165137616,3.9357798165137616,2.302752293577982,4.5504587155963305,3.36697247706422,2.0642201834862384,4.0,0.14678899082568808,4.321100917431193,0.6605504587155964,0.27522935779816515,3.2018348623853212,0.3211009174311927,-0.09174311926605505,4.495412844036697,0.3669724770642202,-0.08256880733944955,4.027522935779817,2.0091743119266057,0.5688073394495413,0.46788990825688076,3.853211009174312,4.1192660550458715,6.6422018348623855,4.110091743119266,2.963302752293578,4.247706422018348,2.477064220183486,5.073394495412844,-0.11926605504587157,0.05504587155963303,3.706422018348624,-0.24770642201834864,0.11009174311926606,4.495412844036697,0.11009174311926606,0.43119266055045874,0.963302752293578,1.275229357798165,-0.47706422018348627,-0.43119266055045874,2.8807339449541285,1.9908256880733946,2.981651376146789,3.9724770642201834,1.275229357798165,2.36697247706422,1.963302752293578,3.18348623853211,0.5596330275229358,-0.03669724770642202,1.4311926605504588,-0.1834862385321101,1.688073394495413,1.4220183486238531,0.06422018348623854,-0.03669724770642202,3.7981651376146788,1.81651376146789,0.3394495412844037
Q06539,0.22580645161290322,1.1774193548387097,1.403225806451613,0.7741935483870968,3.7580645161290325,0.4838709677419355,1.0806451612903225,2.0,0.7903225806451613,1.2419354838709677,2.1451612903225805,0.7741935483870968,1.1774193548387097,1.0806451612903225,3.2580645161290325,0.3548387096774194,0.1935483870967742,4.548387096774194,0.43548387096774194,0.8709677419354839,0.6774193548387096,0.9193548387096774,2.2096774193548385,-0.9354838709677419,5.145161290322581,1.3548387096774193,0.5483870967741935,-0.5806451612903226,3.7580645161290325,1.096774193548387,3.129032258064516,1.3387096774193548,1.403225806451613,2.6129032258064515,2.7419354838709675,0.9032258064516129,-0.24193548387096775,7.225806451612903,2.5483870967741935,1.2580645161290323,-0.6935483870967742,1.9838709677419355,2.0,2.9193548387096775,5.612903225806452,0.5483870967741935,1.3548387096774193,0.3387096774193548,1.6290322580645162,0.8387096774193549,1.596774193548387,0.3064516129032258,0.3387096774193548,4.612903225806452,6.129032258064516,-0.1935483870967742,-0.27419354838709675,7.903225806451613,2.8225806451612905,0.06451612903225806,-0.27419354838709675,3.1451612903225805,-1.3225806451612903,-1.1935483870967742,5.161290322580645,1.532258064516129,-0.24193548387096775,2.0806451612903225,0.7419354838709677,0.5161290322580645,2.1451612903225805,0.532258064516129,1.8225806451612903,3.3870967741935485,4.451612903225806,1.435483870967742,0.1935483870967742,12.048387096774194,3.8870967741935485,-0.5,-0.18181818181818182,2.0454545454545454,2.5454545454545454,1.5757575757575757,4.575757575757576,0.5909090909090909,0.16666666666666666,2.090909090909091,1.4242424242424243,0.7727272727272727,1.5151515151515151,0.6212121212121212,0.5151515151515151,1.3333333333333333,5.090909090909091,0.24242424242424243,0.8636363636363636,3.227272727272727,0.3333333333333333,-0.45454545454545453
P72058,-0.3220338983050847,0.847457627118644,2.3389830508474576,4.262711864406779,2.5,0.635593220338983,1.6101694915254237,1.1355932203389831,2.0847457627118646,0.7627118644067796,0.2033898305084746,1.3644067796610169,0.1440677966101695,1.5084745762711864,2.805084745762712,-0.19491525423728814,-0.00847457627118644,4.737288135593221,1.8644067796610169,0.3389830508474576,-0.0423728813559322,1.9152542372881356,2.6779661016949152,3.635593220338983,3.1610169491525424,0.8135593220338984,1.4661016949152543,1.7542372881355932,2.9745762711864407,-0.23728813559322035,-0.4830508474576271,1.4745762711864407,-0.3983050847457627,0.00847457627118644,1.305084745762712,-0.1864406779661017,-0.11016949152542373,0.9576271186440678,0.2033898305084746,-0.1694915254237288,0.3050847457627119,1.7796610169491525,3.110169491525424,4.305084745762712,1.805084745762712,1.4576271186440677,2.2711864406779663,1.5254237288135593,2.9152542372881354,0.7288135593220338,0.4406779661016949,1.8898305084745763,0.3220338983050847,1.1101694915254237,2.211864406779661,0.6186440677966102,0.3728813559322034,3.7457627118644066,0.923728813559322,0.2966101694915254,0.3983050847457627,1.6101694915254237,1.728813559322034,2.635593220338983,3.847457627118644,0.6271186440677966,1.305084745762712,1.3559322033898304,2.0,1.1271186440677967,1.4322033898305084,1.4152542372881356,0.940677966101695,2.135593220338983,1.8220338983050848,0.09322033898305085,-0.211864406779661,4.940677966101695,1.152542372881356,0.7966101694915254,0.8429752066115702,1.140495867768595,0.9834710743801653,1.9173553719008265,5.355371900826446,-0.2644628099173554,0.7851239669421488,2.669421487603306,0.5950413223140496,2.2644628099173554,1.9834710743801653,0.9917355371900827,1.0661157024793388,1.2066115702479339,0.371900826446281,0.2231404958677686,0.4049586776859504,3.7851239669421486,0.4297520661157025,1.4545454545454546
Q8NNK5,0.6956521739130435,0.782608695652174,1.0217391304347827,3.0869565217391304,2.6739130434782608,0.5,0.6956521739130435,1.391304347826087,3.0217391304347827,1.2391304347826086,1.608695652173913,0.8478260869565217,0.4782608695652174,4.043478260869565,1.6521739130434783,0.7608695652173914,0.4782608695652174,7.673913043478261,3.391304347826087,0.43478260869565216,-0.45652173913043476,0.7608695652173914,0.45652173913043476,1.065217391304348,2.369565217391304,0.2391304347826087,0.45652173913043476,-0.34782608695652173,1.8043478260869565,1.934782608695652,2.282608695652174,0.10869565217391304,0.8695652173913043,3.6739130434782608,2.282608695652174,-0.1956521739130435,-0.32608695652173914,2.4782608695652173,2.108695652173913,1.4782608695652173,-0.06521739130434782,0.4782608695652174,-0.4782608695652174,-0.32608695652173914,2.5652173913043477,0.34782608695652173,0.21739130434782608,-0.43478260869565216,1.6956521739130435,0.1956521739130435,0.8043478260869565,0.2826086956521739,0.30434782608695654,2.1739130434782608,0.043478260869565216,-0.13043478260869565,0.0,4.695652173913044,1.5434782608695652,-0.08695652173913043,0.0,1.2608695652173914,0.8478260869565217,1.2391304347826086,3.0,-0.21739130434782608,0.30434782608695654,-1.0,1.2391304347826086,2.108695652173913,1.6304347826086956,0.5434782608695652,1.391304347826087,4.5,0.8913043478260869,0.2826086956521739,0.30434782608695654,5.543478260869565,2.4347826086956523,1.434782608695652,-0.2857142857142857,1.7755102040816326,2.1020408163265305,2.142857142857143,3.795918367346939,0.7551020408163265,1.0816326530612246,-0.04081632653061224,3.2244897959183674,-0.22448979591836735,0.04081632653061224,1.2448979591836735,-0.10204081632653061,1.1224489795918366,2.163265306122449,-0.20408163265306123,0.2653061224489796,3.5306122448979593,0.7959183673469388,-0.2653061224489796
P59959,-0.4117647058823529,0.5882352941176471,0.35294117647058826,2.0294117647058822,3.764705882352941,0.38235294117647056,0.4117647058823529,1.7352941176470589,1.7352941176470589,-0.20588235294117646,-0.6470588235294118,-0.17647058823529413,-0.17647058823529413,3.176470588235294,3.8529411764705883,0.11764705882352941,0.11764705882352941,5.676470588235294,2.264705882352941,-0.058823529411764705,1.6764705882352942,2.3529411764705883,2.264705882352941,3.2941176470588234,8.764705882352942,3.264705882352941,2.676470588235294,2.6176470588235294,2.735294117647059,-1.3529411764705883,0.9411764705882353,2.4411764705882355,1.0,1.6470588235294117,0.9411764705882353,1.8235294117647058,1.1470588235294117,9.647058823529411,1.0588235294117647,0.029411764705882353,3.1470588235294117,8.352941176470589,10.176470588235293,9.676470588235293,10.852941176470589,6.705882352941177,5.352941176470588,5.617647058823529,8.323529411764707,1.0588235294117647,2.1470588235294117,6.088235294117647,0.9117647058823529,3.0,5.588235294117647,3.7941176470588234,2.0,17.91176470588235,4.970588235294118,0.5,1.0,1.4411764705882353,1.0,-1.0,8.058823529411764,0.5882352941176471,-1.7352941176470589,2.9411764705882355,1.5588235294117647,0.5294117647058824,0.38235294117647056,-2.323529411764706,2.5588235294117645,3.1470588235294117,4.735294117647059,-0.029411764705882353,-0.6176470588235294,11.941176470588236,1.588235294117647,-0.47058823529411764,0.35135135135135137,1.027027027027027,2.108108108108108,-0.13513513513513514,3.5675675675675675,1.2162162162162162,-3.2162162162162162,-0.24324324324324326,6.081081081081081,-2.5675675675675675,-2.27027027027027,-1.2162162162162162,1.945945945945946,4.135135135135135,12.324324324324325,2.4864864864864864,2.1621621621621623,20.62162162162162,8.891891891891891,-2.918918918918919
P65565,-2.0,11.555555555555555,6.222222222222222,12.222222222222221,3.7777777777777777,7.0,9.0,1.8888888888888888,3.888888888888889,0.8888888888888888,-0.4444444444444444,10.444444444444445,2.888888888888889,-1.6666666666666667,10.444444444444445,0.2222222222222222,-1.2222222222222223,3.4444444444444446,-0.7777777777777778,0.4444444444444444,4.777777777777778,6.111111111111111,8.222222222222221,18.333333333333332,9.0,8.333333333333334,12.11111111111111,14.555555555555555,5.222222222222222,1.4444444444444444,4.555555555555555,10.11111111111111,3.7777777777777777,6.111111111111111,17.333333333333332,5.888888888888889,3.111111111111111,14.666666666666666,7.222222222222222,0.7777777777777778,-0.5555555555555556,6.444444444444445,-1.4444444444444444,2.5555555555555554,6.888888888888889,2.888888888888889,5.555555555555555,1.0,-3.6666666666666665,-2.0,-1.5555555555555556,5.555555555555555,1.6666666666666667,3.888888888888889,7.444444444444445,1.5555555555555556,0.1111111111111111,5.777777777777778,2.111111111111111,-0.5555555555555556,-9.11111111111111,18.77777777777778,17.333333333333332,22.0,6.222222222222222,12.333333333333334,14.555555555555555,3.0,18.0,-2.111111111111111,-5.444444444444445,15.777777777777779,-5.555555555555555,-4.666666666666667,10.444444444444445,0.7777777777777778,1.1111111111111112,20.555555555555557,5.111111111111111,1.2222222222222223,2.6153846153846154,-0.38461538461538464,-1.5384615384615385,-3.076923076923077,14.461538461538462,0.07692307692307693,4.538461538461538,5.153846153846154,-0.8461538461538461,-1.7692307692307692,-2.769230769230769,0.46153846153846156,-1.1538461538461537,5.615384615384615,16.76923076923077,-0.5384615384615384,-0.23076923076923078,16.153846153846153,3.3076923076923075,-0.3076923076923077
Q08788,0.02631578947368421,1.394736842105263,3.6052631578947367,5.078947368421052,4.7631578947368425,1.3421052631578947,4.078947368421052,1.0789473684210527,3.3684210526315788,1.894736842105263,0.7105263157894737,2.1578947368421053,2.1052631578947367,3.3947368421052633,-0.5526315789473685,0.5789473684210527,0.631578947368421,6.052631578947368,2.6315789473684212,1.2105263157894737,-2.1315789473684212,0.18421052631578946,5.394736842105263,4.0,4.0,0.7631578947368421,2.8947368421052633,3.4473684210526314,2.8421052631578947,2.8157894736842106,2.5789473684210527,3.1052631578947367,2.8421052631578947,4.421052631578948,3.789473684210526,2.289473684210526,1.631578947368421,6.973684210526316,2.526315789473684,1.763157894736842,0.05263157894736842,0.15789473684210525,0.868421052631579,0.5,4.684210526315789,0.21052631578947367,-0.7631578947368421,2.473684210526316,2.1052631578947367,0.6578947368421053,1.263157894736842,1.1578947368421053,1.236842105263158,-0.23684210526315788,-0.5526315789473685,0.7368421052631579,0.6842105263157895,2.8947368421052633,2.289473684210526,-0.05263157894736842,0.6052631578947368,-0.4473684210526316,1.2894736842105263,0.18421052631578946,3.6052631578947367,0.8157894736842105,0.47368421052631576,1.3157894736842106,1.0263157894736843,0.5789473684210527,-0.21052631578947367,0.5,0.0,1.236842105263158,-2.6578947368421053,0.18421052631578946,0.2894736842105263,1.5,0.47368421052631576,0.7894736842105263,0.4,2.15,1.375,0.8,3.975,1.7,1.875,2.6,-2.725,4.225,2.825,2.125,1.225,3.1,1.4,1.625,0.975,8.75,0.225,0.6
P11018,0.5849056603773585,1.2452830188679245,-0.4528301886792453,-1.9622641509433962,9.471698113207546,1.1886792452830188,1.3396226415094339,2.509433962264151,1.150943396226415,0.6037735849056604,2.5849056603773586,1.0,2.8867924528301887,2.547169811320755,4.264150943396227,0.7358490566037735,-0.05660377358490566,6.6415094339622645,1.5471698113207548,0.8490566037735849,0.4716981132075472,2.7169811320754715,0.6037735849056604,2.2264150943396226,2.981132075471698,2.9245283018867925,3.2452830188679247,-0.7735849056603774,2.018867924528302,1.5660377358490567,3.5283018867924527,1.3396226415094339,1.9056603773584906,3.339622641509434,2.509433962264151,0.8679245283018868,0.8679245283018868,8.943396226415095,0.9622641509433962,1.1886792452830188,0.37735849056603776,3.5849056603773586,0.1509433962264151,-1.679245283018868,7.39622641509434,1.849056603773585,2.018867924528302,1.6603773584905661,1.320754716981132,1.7358490566037736,3.2264150943396226,3.1132075471698113,0.8301886792452831,3.7169811320754715,4.433962264150943,-1.5471698113207548,1.2641509433962264,6.566037735849057,3.8679245283018866,0.33962264150943394,-0.1320754716981132,1.9811320754716981,0.09433962264150944,0.2830188679245283,3.69811320754717,2.792452830188679,3.8867924528301887,0.5283018867924528,2.0377358490566038,3.490566037735849,4.3584905660377355,2.358490566037736,1.8679245283018868,2.3962264150943398,2.30188679245283,0.20754716981132076,0.39622641509433965,3.3773584905660377,-0.9622641509433962,1.9245283018867925,0.22807017543859648,1.6842105263157894,-0.5789473684210527,0.08771929824561403,6.859649122807017,0.5614035087719298,0.7368421052631579,0.7543859649122807,2.789473684210526,0.14035087719298245,0.0,0.7368421052631579,1.105263157894737,1.8771929824561404,0.6666666666666666,-0.14035087719298245,0.5087719298245614,5.0701754385964914,0.22807017543859648,0.2807017543859649
P39071,-2.9523809523809526,4.333333333333333,10.69047619047619,13.5,7.571428571428571,6.785714285714286,6.928571428571429,1.8571428571428572,7.333333333333333,3.7142857142857144,2.5476190476190474,3.3333333333333335,4.857142857142857,9.761904761904763,25.571428571428573,0.40476190476190477,5.761904761904762,21.19047619047619,10.523809523809524,3.4047619047619047,-1.880952380952381,3.5,3.6666666666666665,5.238095238095238,2.9761904761904763,5.023809523809524,2.2857142857142856,6.833333333333333,2.5952380952380953,3.4047619047619047,2.9047619047619047,1.6666666666666667,2.7142857142857144,3.4285714285714284,7.4523809523809526,1.5952380952380953,0.5952380952380952,7.0476190476190474,5.976190476190476,2.0476190476190474,-0.30952380952380953,1.380952380952381,2.3095238095238093,8.428571428571429,3.4285714285714284,2.380952380952381,5.904761904761905,4.833333333333333,2.0952380952380953,1.0238095238095237,1.9523809523809523,1.9523809523809523,2.619047619047619,3.6904761904761907,6.333333333333333,1.119047619047619,1.2380952380952381,10.285714285714286,3.5714285714285716,-0.40476190476190477,1.9047619047619047,3.2142857142857144,5.928571428571429,9.571428571428571,3.6904761904761907,4.023809523809524,5.904761904761905,6.119047619047619,4.571428571428571,3.261904761904762,2.238095238095238,4.738095238095238,0.5476190476190477,3.6666666666666665,14.452380952380953,2.2142857142857144,1.5476190476190477,8.642857142857142,4.880952380952381,0.6190476190476191,1.7209302325581395,7.441860465116279,5.953488372093023,6.883720930232558,6.069767441860465,4.488372093023256,5.651162790697675,3.1627906976744184,6.534883720930233,1.7209302325581395,0.813953488372093,8.023255813953488,0.6046511627906976,5.744186046511628,7.372093023255814,1.558139534883721,0.3953488372093023,8.209302325581396,6.069767441860465,-0.2558139534883721
P37487,0.9411764705882353,1.7058823529411764,1.1176470588235294,1.2352941176470589,5.568627450980392,1.5294117647058822,1.8627450980392157,3.450980392156863,1.8627450980392157,1.0980392156862746,0.8823529411764706,1.0784313725490196,1.2156862745098038,0.8431372549019608,2.2745098039215685,-0.23529411764705882,0.5098039215686274,6.9411764705882355,0.23529411764705882,0.6470588235294118,-0.0392156862745098,0.8627450980392157,0.058823529411764705,-1.5098039215686274,5.490196078431373,1.3137254901960784,-0.6274509803921569,3.176470588235294,0.7450980392156863,-0.1568627450980392,1.6470588235294117,0.6274509803921569,1.7450980392156863,1.9803921568627452,0.11764705882352941,-0.21568627450980393,-0.13725490196078433,10.117647058823529,0.6470588235294118,0.27450980392156865,-0.7254901960784313,1.2156862745098038,1.6274509803921569,0.8235294117647058,5.235294117647059,1.8235294117647058,0.23529411764705882,3.5686274509803924,3.0588235294117645,0.9411764705882353,0.6078431372549019,0.29411764705882354,2.2745098039215685,4.9411764705882355,1.5098039215686274,0.23529411764705882,0.0784313725490196,7.0,1.3333333333333333,1.1372549019607843,-0.3137254901960784,1.2549019607843137,1.411764705882353,1.411764705882353,5.705882352941177,-0.17647058823529413,0.7058823529411765,2.2745098039215685,2.5098039215686274,1.0588235294117647,2.4901960784313726,0.3333333333333333,1.2745098039215685,1.7843137254901962,3.196078431372549,-0.5098039215686274,-0.17647058823529413,6.2745098039215685,1.411764705882353,0.9215686274509803,0.41818181818181815,1.8,0.9818181818181818,1.0363636363636364,6.0,0.18181818181818182,-0.14545454545454545,2.6545454545454548,2.1636363636363636,1.8909090909090909,0.8181818181818182,0.2909090909090909,0.6,3.036363636363636,3.727272727272727,0.32727272727272727,-0.05454545454545454,9.690909090909091,3.7818181818181817,-0.03636363636363636
P24301,1.4,1.5,0.8,3.5,12.6,0.2,-3.1,11.5,5.5,-4.9,-4.1,-3.4,-2.6,3.3,4.9,0.9,3.5,17.7,7.7,-4.4,1.8,3.1,4.0,5.3,14.4,-1.6,-1.5,5.6,7.8,8.2,10.8,-0.7,7.6,13.7,1.9,-0.9,-0.1,19.8,11.9,7.0,0.4,0.9,-1.4,-3.2,6.8,0.4,-3.5,-1.9,5.1,-1.8,1.5,-1.5,2.3,7.1,3.1,-0.6,0.7,12.2,5.7,-4.3,4.0,6.3,7.0,6.5,12.6,3.4,1.0,14.7,9.7,4.4,6.5,-3.5,5.2,10.2,10.6,3.6,0.9,14.2,4.2,2.6,0.5,9.5,6.8,8.5,11.3,3.1,-3.3,8.9,4.7,6.4,1.5,3.3,2.2,5.4,13.9,4.6,3.1,16.6,6.5,6.5
P40943,0.6197183098591549,0.1267605633802817,0.5774647887323944,0.5774647887323944,4.295774647887324,-0.2676056338028169,0.4788732394366197,1.4647887323943662,1.8873239436619718,1.1549295774647887,1.676056338028169,-0.29577464788732394,1.5352112676056338,0.8309859154929577,0.8873239436619719,0.14084507042253522,0.1267605633802817,5.873239436619718,1.6901408450704225,0.49295774647887325,-0.056338028169014086,2.408450704225352,0.4225352112676056,2.295774647887324,2.732394366197183,0.7323943661971831,0.8450704225352113,0.5211267605633803,1.1690140845070423,1.6056338028169015,2.0,1.704225352112676,0.7887323943661971,2.464788732394366,2.647887323943662,0.028169014084507043,0.9295774647887324,3.4225352112676055,0.28169014084507044,2.1267605633802815,-0.19718309859154928,0.09859154929577464,-2.0,0.9436619718309859,6.859154929577465,0.7605633802816901,0.5352112676056338,1.9295774647887325,-0.07042253521126761,3.2535211267605635,3.4788732394366195,-0.2676056338028169,1.647887323943662,2.3098591549295775,3.6056338028169015,0.07042253521126761,1.267605633802817,4.619718309859155,-2.140845070422535,2.183098591549296,-0.08450704225352113,1.9154929577464788,0.9014084507042254,0.8028169014084507,4.52112676056338,1.0985915492957747,1.0422535211267605,1.5492957746478873,2.0422535211267605,0.9859154929577465,0.6338028169014085,0.7183098591549296,-0.1267605633802817,3.140845070422535,1.2253521126760563,0.7605633802816901,0.3380281690140845,3.5774647887323945,1.352112676056338,0.6619718309859155,0.5205479452054794,1.1506849315068493,1.095890410958904,0.7534246575342466,2.0821917808219177,1.4794520547945205,1.0273972602739727,2.712328767123288,0.9315068493150684,1.6164383561643836,2.0547945205479454,1.1095890410958904,1.4383561643835616,2.0821917808219177,1.1917808219178083,0.3972602739726027,-0.0958904109589041,0.5753424657534246,1.4383561643835616,0.3698630136986301
P54146,0.1375,5.55,2.375,5.8125,3.6375,2.925,4.9875,1.5625,3.5625,0.475,0.05,3.825,-0.0625,1.4625,7.1,0.5,0.3,2.7,1.2875,-0.1,0.6625,4.55,2.725,4.6375,1.6625,2.175,2.7,-0.6,2.3625,-0.3875,0.6375,2.825,0.5125,-1.4,3.1625,0.475,0.35,1.4,0.0875,-0.325,-0.225,2.45,1.1625,4.6125,4.05,3.25,4.425,1.225,2.725,1.4625,1.2875,2.8125,0.875,1.375,3.2625,-0.375,0.5,2.6875,1.9375,0.6875,-0.15,5.125,3.625,4.675,1.0625,3.1875,4.3875,-0.6375,2.05,-0.725,-1.175,3.2125,-0.35,-0.525,3.65,-0.075,0.5625,2.1125,1.475,-1.6875,-0.10975609756097561,1.7439024390243902,2.292682926829268,2.0609756097560976,4.865853658536586,1.2317073170731707,2.341463414634146,0.7804878048780488,3.1707317073170733,0.8170731707317073,1.4634146341463414,1.2926829268292683,0.34146341463414637,2.6463414634146343,2.7560975609756095,0.4268292682926829,0.3902439024390244,7.073170731707317,1.8658536585365855,0.14634146341463414
P0A5S6,-0.27450980392156865,-0.29411764705882354,0.1568627450980392,1.1764705882352942,3.607843137254902,0.21568627450980393,-0.5490196078431373,2.392156862745098,1.196078431372549,0.6078431372549019,1.7058823529411764,0.35294117647058826,1.2156862745098038,2.4313725490196076,4.568627450980392,0.11764705882352941,0.0784313725490196,8.03921568627451,1.7843137254901962,0.6078431372549019,0.9019607843137255,3.1176470588235294,3.9411764705882355,3.9411764705882355,4.549019607843137,3.627450980392157,3.450980392156863,0.39215686274509803,2.980392156862745,1.1372549019607843,1.8627450980392157,3.8627450980392157,1.0980392156862746,3.4705882352941178,4.117647058823529,2.0392156862745097,2.2941176470588234,9.196078431372548,3.196078431372549,1.6666666666666667,0.37254901960784315,0.43137254901960786,0.5294117647058824,0.7843137254901961,6.254901960784314,2.3529411764705883,1.0588235294117647,2.4705882352941178,-0.4117647058823529,3.9411764705882355,2.7254901960784315,1.3529411764705883,1.9215686274509804,3.7450980392156863,2.980392156862745,-0.0392156862745098,0.7647058823529411,11.941176470588236,2.1176470588235294,3.843137254901961,1.392156862745098,13.176470588235293,7.862745098039215,17.54901960784314,10.784313725490197,14.254901960784315,16.41176470588235,14.901960784313726,14.823529411764707,7.411764705882353,7.372549019607843,14.254901960784315,7.9411764705882355,12.27450980392157,9.098039215686274,1.6470588235294117,2.823529411764706,26.19607843137255,16.352941176470587,6.294117647058823,2.2830188679245285,-1.0377358490566038,2.30188679245283,4.018867924528302,5.528301886792453,2.3207547169811322,2.943396226415094,5.547169811320755,-0.7358490566037735,5.056603773584905,3.943396226415094,-0.6226415094339622,3.7735849056603774,4.339622641509434,5.7924528301886795,1.8113207547169812,1.2830188679245282,9.754716981132075,3.547169811320755,3.7547169811320753
P10424,0.43137254901960786,0.9803921568627451,0.6666666666666666,2.372549019607843,0.6274509803921569,0.39215686274509803,1.588235294117647,0.5294117647058824,1.6274509803921569,0.6862745098039216,1.0588235294117647,0.23529411764705882,0.6666666666666666,2.3137254901960786,-0.0196078431372549,0.1568627450980392,0.21568627450980393,6.1568627450980395,2.235294117647059,0.0,0.9803921568627451,0.5294117647058824,0.2549019607843137,-0.0392156862745098,6.431372549019608,0.17647058823529413,0.45098039215686275,3.5098039215686274,1.9215686274509804,1.4509803921568627,0.6862745098039216,1.3725490196078431,1.3725490196078431,2.9019607843137254,5.2745098039215685,-0.45098039215686275,0.1568627450980392,8.862745098039216,2.450980392156863,-0.5294117647058824,0.8627450980392157,2.0784313725490198,0.7450980392156863,5.019607843137255,7.431372549019608,0.7058823529411765,2.6666666666666665,4.2745098039215685,2.843137254901961,4.2745098039215685,5.098039215686274,1.9607843137254901,2.5294117647058822,6.823529411764706,4.823529411764706,0.9215686274509803,0.19607843137254902,12.392156862745098,5.627450980392157,3.0392156862745097,0.5882352941176471,1.7254901960784315,-0.2549019607843137,-0.11764705882352941,7.588235294117647,0.7058823529411765,0.6470588235294118,2.411764705882353,3.627450980392157,1.8431372549019607,-0.23529411764705882,0.9215686274509803,0.23529411764705882,4.352941176470588,3.156862745098039,-0.2549019607843137,-1.0392156862745099,5.803921568627451,3.176470588235294,1.2156862745098038,0.40384615384615385,1.8076923076923077,1.8846153846153846,0.3076923076923077,6.846153846153846,1.6923076923076923,1.0769230769230769,0.6538461538461539,4.269230769230769,0.15384615384615385,1.5384615384615385,0.5576923076923077,1.5,5.403846153846154,2.923076923076923,-0.23076923076923078,-0.9038461538461539,9.923076923076923,3.6153846153846154,0.4807692307692308
P26900,0.41818181818181815,2.5090909090909093,2.381818181818182,3.327272727272727,5.890909090909091,0.7636363636363637,1.9454545454545455,4.0,3.5272727272727273,0.09090909090909091,1.4,1.290909090909091,-0.09090909090909091,3.090909090909091,2.272727272727273,-0.01818181818181818,0.05454545454545454,9.854545454545455,1.709090909090909,0.10909090909090909,-0.9090909090909091,4.490909090909091,3.109090909090909,2.727272727272727,6.2,2.2363636363636363,1.6181818181818182,4.236363636363636,2.5636363636363635,1.0909090909090908,2.272727272727273,3.1636363636363636,2.0,3.5454545454545454,3.709090909090909,-0.5454545454545454,-0.8909090909090909,9.472727272727273,3.4,0.18181818181818182,0.8181818181818182,-1.2545454545454546,1.2727272727272727,2.327272727272727,5.2,1.290909090909091,1.309090909090909,2.090909090909091,0.12727272727272726,1.2181818181818183,1.5272727272727273,0.34545454545454546,0.2909090909090909,1.9454545454545455,3.1818181818181817,0.14545454545454545,-0.509090909090909,6.9818181818181815,1.509090909090909,0.8181818181818182,-0.07272727272727272,1.8,0.6,0.7272727272727273,5.927272727272728,1.0909090909090908,1.2545454545454546,2.7818181818181817,1.8909090909090909,0.5818181818181818,1.3454545454545455,0.6909090909090909,0.9454545454545454,3.4727272727272727,1.1090909090909091,0.8363636363636363,1.1818181818181819,7.636363636363637,2.690909090909091,0.2545454545454545,0.5254237288135594,1.8644067796610169,0.8305084745762712,0.4915254237288136,4.796610169491525,-0.23728813559322035,-0.3389830508474576,3.4237288135593222,2.559322033898305,1.4745762711864407,0.23728813559322035,0.3898305084745763,0.7796610169491526,3.5254237288135593,3.9661016949152543,0.4745762711864407,-0.05084745762711865,7.4576271186440675,1.5932203389830508,0.8305084745762712
O53077,0.1111111111111111,3.2222222222222223,4.555555555555555,5.888888888888889,5.333333333333333,-0.5555555555555556,-1.5555555555555556,7.666666666666667,5.111111111111111,-5.888888888888889,0.4444444444444444,0.5555555555555556,-0.1111111111111111,6.666666666666667,5.111111111111111,-1.3333333333333333,-1.3333333333333333,13.222222222222221,6.555555555555555,-1.4444444444444444,0.6666666666666666,-0.6666666666666666,-2.0,-0.6666666666666666,6.111111111111111,-2.7777777777777777,-1.0,2.4444444444444446,1.5555555555555556,-2.888888888888889,-0.6666666666666666,-2.111111111111111,0.6666666666666666,5.222222222222222,0.2222222222222222,0.6666666666666666,-0.1111111111111111,11.333333333333334,5.111111111111111,-0.1111111111111111,0.7777777777777778,0.3333333333333333,-1.2222222222222223,-1.3333333333333333,7.0,0.6666666666666666,-2.111111111111111,2.4444444444444446,-0.3333333333333333,0.8888888888888888,-0.1111111111111111,-0.5555555555555556,1.0,1.7777777777777777,6.777777777777778,0.4444444444444444,-1.4444444444444444,8.777777777777779,1.2222222222222223,2.6666666666666665,-3.4444444444444446,2.888888888888889,3.3333333333333335,2.0,4.888888888888889,2.7777777777777777,3.2222222222222223,3.5555555555555554,6.888888888888889,5.777777777777778,4.555555555555555,2.2222222222222223,3.6666666666666665,8.333333333333334,6.888888888888889,1.5555555555555556,0.3333333333333333,13.666666666666666,5.0,1.7777777777777777,0.6363636363636364,-1.5454545454545454,1.4545454545454546,-1.2727272727272727,5.181818181818182,-0.18181818181818182,-1.5454545454545454,2.3636363636363638,2.272727272727273,4.181818181818182,1.4545454545454546,-0.36363636363636365,1.0,4.636363636363637,2.8181818181818183,1.6363636363636365,1.3636363636363635,1.8181818181818181,2.6363636363636362,2.727272727272727
P45741,-0.7183098591549296,1.2112676056338028,1.4366197183098592,2.0,3.1549295774647885,0.4084507042253521,1.028169014084507,2.0704225352112675,1.8732394366197183,0.971830985915493,0.19718309859154928,0.5633802816901409,-0.11267605633802817,1.1549295774647887,1.056338028169014,0.08450704225352113,0.29577464788732394,4.788732394366197,1.1690140845070423,0.676056338028169,0.028169014084507043,1.5774647887323943,0.5492957746478874,0.39436619718309857,3.0140845070422535,0.647887323943662,0.29577464788732394,0.15492957746478872,1.1549295774647887,0.323943661971831,0.39436619718309857,0.9154929577464789,0.7323943661971831,1.7464788732394365,0.9295774647887324,-0.014084507042253521,-0.056338028169014086,2.507042253521127,1.028169014084507,-0.2676056338028169,0.30985915492957744,0.5211267605633803,0.19718309859154928,0.6901408450704225,3.7183098591549295,-0.6056338028169014,-0.38028169014084506,0.1267605633802817,1.0704225352112675,0.9295774647887324,0.2676056338028169,-0.19718309859154928,0.014084507042253521,2.408450704225352,-0.30985915492957744,-0.014084507042253521,0.0,4.197183098591549,1.267605633802817,0.5492957746478874,-0.056338028169014086,0.9295774647887324,0.323943661971831,1.1408450704225352,3.943661971830986,0.39436619718309857,0.647887323943662,0.4647887323943662,0.9577464788732394,0.6901408450704225,0.8591549295774648,0.19718309859154928,0.28169014084507044,1.1690140845070423,2.0,-0.30985915492957744,0.2676056338028169,4.591549295774648,1.1549295774647887,0.5352112676056338,-0.04,0.64,1.04,0.88,3.986666666666667,0.3333333333333333,0.06666666666666667,3.1333333333333333,1.7866666666666666,2.1333333333333333,1.1466666666666667,0.37333333333333335,0.6266666666666667,2.7066666666666666,-0.25333333333333335,-0.13333333333333333,-0.12,4.706666666666667,1.92,1.4
P45829,0.925,7.95,0.65,6.325,7.85,4.725,5.875,2.525,2.4,0.65,1.375,5.8,0.5,1.6,4.525,0.375,0.35,1.45,0.275,-0.7,1.375,3.825,1.925,5.575,10.525,1.1,2.1,1.125,3.125,-3.575,-2.25,2.5,-1.2,-2.025,4.375,1.35,0.9,4.075,0.025,-1.275,0.025,4.775,1.575,5.825,2.825,3.425,4.325,1.25,2.625,-0.55,-1.4,3.5,-0.45,-1.125,1.525,-0.05,0.05,-0.125,-0.525,-0.325,0.7,7.05,7.275,12.75,10.75,6.825,6.7,7.075,2.35,0.0,0.4,5.875,1.0,1.725,4.55,1.525,0.575,8.075,3.175,-0.225,0.4878048780487805,9.121951219512194,8.21951219512195,8.926829268292684,5.390243902439025,4.317073170731708,4.463414634146342,3.658536585365854,0.6097560975609756,0.0975609756097561,0.8292682926829268,7.365853658536586,0.43902439024390244,1.5853658536585367,6.536585365853658,1.1951219512195121,1.5853658536585367,5.902439024390244,0.17073170731707318,0.12195121951219512
P50847,0.14285714285714285,4.035714285714286,2.625,5.517857142857143,3.4642857142857144,2.2142857142857144,3.1607142857142856,2.392857142857143,3.7857142857142856,-0.6964285714285714,-1.1071428571428572,1.7678571428571428,-0.21428571428571427,0.19642857142857142,1.75,-0.08928571428571429,-0.125,5.142857142857143,2.2142857142857144,-0.14285714285714285,0.48214285714285715,3.107142857142857,1.75,3.107142857142857,2.4464285714285716,1.4642857142857142,1.75,-0.7321428571428571,3.7142857142857144,-0.9285714285714286,-1.4107142857142858,1.3392857142857142,-0.5357142857142857,1.6071428571428572,1.6607142857142858,0.125,0.07142857142857142,4.660714285714286,1.875,-0.75,0.14285714285714285,3.7857142857142856,2.517857142857143,3.892857142857143,3.767857142857143,1.9285714285714286,3.0357142857142856,1.5178571428571428,2.392857142857143,-0.8214285714285714,-1.8035714285714286,2.3035714285714284,0.0,0.9107142857142857,4.392857142857143,0.7678571428571429,0.7678571428571429,6.125,1.8035714285714286,-0.6607142857142857,0.10714285714285714,3.5357142857142856,1.625,2.9107142857142856,3.4285714285714284,2.3392857142857144,3.7142857142857144,-1.9107142857142858,4.339285714285714,-1.2678571428571428,-0.21428571428571427,2.6607142857142856,0.125,0.5,3.857142857142857,0.30357142857142855,-0.21428571428571427,5.517857142857143,2.3392857142857144,-0.8571428571428571,1.3571428571428572,1.1428571428571428,2.2142857142857144,3.017857142857143,2.357142857142857,0.42857142857142855,1.1607142857142858,3.25,2.6964285714285716,-0.23214285714285715,0.48214285714285715,0.14285714285714285,-0.10714285714285714,3.1785714285714284,-0.6785714285714286,-0.16071428571428573,0.05357142857142857,5.160714285714286,1.75,-0.19642857142857142
Q9AGY7,-0.3448275862068966,0.3448275862068966,1.0344827586206897,-0.2413793103448276,4.206896551724138,1.7241379310344827,-0.06896551724137931,5.448275862068965,2.6551724137931036,1.9655172413793103,0.5862068965517241,1.1724137931034482,-0.7586206896551724,5.068965517241379,3.6206896551724137,0.06896551724137931,0.06896551724137931,12.551724137931034,3.586206896551724,0.9310344827586207,-2.310344827586207,0.3793103448275862,3.2758620689655173,5.517241379310345,4.448275862068965,2.0344827586206895,4.206896551724138,-5.0,-1.103448275862069,5.068965517241379,3.413793103448276,2.206896551724138,4.137931034482759,1.5517241379310345,8.655172413793103,0.6206896551724138,2.103448275862069,11.793103448275861,2.9655172413793105,4.068965517241379,0.5172413793103449,0.13793103448275862,0.9655172413793104,1.6206896551724137,3.9310344827586206,-0.5517241379310345,-0.41379310344827586,2.4827586206896552,1.3103448275862069,-0.034482758620689655,1.103448275862069,0.1724137931034483,0.6896551724137931,1.2413793103448276,2.2413793103448274,0.3103448275862069,0.2413793103448276,6.862068965517241,0.8620689655172413,0.7586206896551724,-0.10344827586206896,2.0,1.2413793103448276,6.379310344827586,4.310344827586207,2.0689655172413794,2.9655172413793105,1.6551724137931034,1.7241379310344827,3.0344827586206895,1.7241379310344827,0.9655172413793104,-1.3103448275862069,6.931034482758621,5.586206896551724,0.7586206896551724,0.034482758620689655,14.655172413793103,6.137931034482759,0.5172413793103449,1.46875,3.96875,3.25,1.53125,-1.1875,1.1875,-1.1875,6.78125,2.40625,-1.5,-1.6875,3.625,-0.4375,4.6875,6.84375,1.625,0.9375,13.8125,4.15625,-0.5
Q82K53,0.6432160804020101,0.5527638190954773,0.08040201005025126,0.23115577889447236,9.371859296482413,0.678391959798995,0.6381909547738693,0.7989949748743719,0.6934673366834171,1.135678391959799,2.07035175879397,0.4271356783919598,1.0452261306532664,5.231155778894473,4.432160804020101,-0.1306532663316583,-0.01507537688442211,12.090452261306533,4.376884422110553,0.1306532663316583,0.6331658291457286,1.4723618090452262,0.16080402010050251,0.20100502512562815,10.733668341708542,0.44221105527638194,0.24623115577889448,0.8341708542713567,1.4271356783919598,4.085427135678392,4.557788944723618,0.8542713567839196,2.5829145728643215,5.371859296482412,2.557788944723618,0.035175879396984924,0.09045226130653267,9.055276381909549,4.874371859296482,1.4874371859296482,0.5175879396984925,2.4824120603015074,1.4623115577889447,2.271356783919598,8.914572864321608,1.1909547738693467,0.7085427135678392,4.015075376884422,3.241206030150754,1.07035175879397,2.748743718592965,1.1155778894472361,1.6180904522613064,5.989949748743719,5.703517587939698,0.6482412060301508,0.8944723618090452,14.256281407035177,5.613065326633166,1.0,0.25125628140703515,2.979899497487437,3.0150753768844223,2.1256281407035176,9.341708542713567,1.8944723618090453,1.2462311557788945,5.71859296482412,5.467336683417085,1.2462311557788945,1.864321608040201,1.5276381909547738,1.778894472361809,6.693467336683417,5.14070351758794,1.8693467336683418,1.5678391959798994,14.055276381909549,5.552763819095477,0.135678391959799,0.71,3.255,3.03,3.105,10.05,1.82,1.975,4.82,5.995,0.675,3.17,1.575,3.065,5.965,7.875,2.135,2.45,15.775,6.375,0.11
Q93M42,0.1702127659574468,1.4184397163120568,0.5886524822695035,0.3333333333333333,4.964539007092198,0.1276595744680851,0.014184397163120567,3.4680851063829787,1.049645390070922,0.8439716312056738,0.4397163120567376,0.24113475177304963,0.2553191489361702,0.7021276595744681,1.8652482269503545,0.3191489361702128,-0.3900709219858156,3.645390070921986,1.0141843971631206,0.5886524822695035,0.5460992907801419,1.148936170212766,0.9645390070921985,-0.40425531914893614,5.76595744680851,0.7730496453900709,0.4326241134751773,1.7234042553191489,1.0780141843971631,1.4326241134751774,1.3049645390070923,0.8297872340425532,0.7446808510638298,2.4326241134751774,1.6666666666666667,0.07801418439716312,-0.20567375886524822,5.602836879432624,0.6950354609929078,0.1773049645390071,0.04964539007092199,1.3687943262411348,0.8652482269503546,0.28368794326241137,5.085106382978723,1.1347517730496455,0.46099290780141844,2.879432624113475,1.7446808510638299,2.4397163120567376,3.078014184397163,0.9929078014184397,2.1914893617021276,3.375886524822695,2.5673758865248226,0.09219858156028368,-0.02127659574468085,3.4184397163120566,0.8226950354609929,1.9929078014184398,0.41134751773049644,1.3971631205673758,-0.9929078014184397,0.3546099290780142,6.078014184397163,0.45390070921985815,0.5319148936170213,2.25531914893617,-0.5390070921985816,1.9929078014184398,1.0921985815602837,0.3546099290780142,0.8652482269503546,1.2198581560283688,2.425531914893617,0.28368794326241137,0.2553191489361702,1.3687943262411348,0.950354609929078,1.3829787234042554,0.5517241379310345,0.8827586206896552,0.7793103448275862,0.3931034482758621,5.4,0.0896551724137931,0.33793103448275863,3.7241379310344827,0.5862068965517241,1.1379310344827587,0.5724137931034483,-0.1103448275862069,0.6275862068965518,3.0827586206896553,0.8068965517241379,0.4068965517241379,0.08275862068965517,7.2,2.027586206896552,1.2758620689655173
P0A4N3,0.021739130434782608,2.739130434782609,4.065217391304348,8.804347826086957,5.021739130434782,4.021739130434782,5.6521739130434785,2.3043478260869565,4.6521739130434785,0.2826086956521739,-0.13043478260869565,2.739130434782609,-0.15217391304347827,1.4782608695652173,0.9347826086956522,0.5,0.17391304347826086,-0.5869565217391305,0.5652173913043478,0.32608695652173914,0.08695652173913043,4.326086956521739,4.217391304347826,10.0,5.673913043478261,3.782608695652174,6.760869565217392,2.5434782608695654,6.456521739130435,-0.4782608695652174,-1.6521739130434783,5.0,-0.08695652173913043,-1.7391304347826086,3.130434782608696,-0.10869565217391304,-0.5652173913043478,1.565217391304348,0.5869565217391305,-0.10869565217391304,0.021739130434782608,5.826086956521739,3.4347826086956523,7.8478260869565215,8.326086956521738,3.4782608695652173,7.826086956521739,1.5434782608695652,5.543478260869565,-0.9347826086956522,-0.7391304347826086,6.217391304347826,0.08695652173913043,-0.6086956521739131,1.6956521739130435,1.0434782608695652,0.7391304347826086,3.3260869565217392,0.2826086956521739,0.10869565217391304,-0.2826086956521739,2.652173913043478,3.0217391304347827,7.673913043478261,7.630434782608695,2.0,5.021739130434782,1.6304347826086956,7.8478260869565215,-0.8478260869565217,0.1956521739130435,3.130434782608696,-0.41304347826086957,-2.369565217391304,3.782608695652174,-0.2826086956521739,0.08695652173913043,0.5652173913043478,0.9347826086956522,0.15217391304347827,0.2391304347826087,2.260869565217391,3.630434782608696,6.608695652173913,5.8478260869565215,1.2391304347826086,5.413043478260869,1.4130434782608696,6.304347826086956,-0.6086956521739131,0.41304347826086957,2.6956521739130435,0.34782608695652173,-2.5434782608695654,5.195652173913044,0.45652173913043476,-0.043478260869565216,2.0434782608695654,-0.717391304347826,-0.8043478260869565
Q6E3K9,0.4146341463414634,0.43902439024390244,1.3902439024390243,0.07317073170731707,3.8536585365853657,-0.926829268292683,-1.3658536585365855,4.048780487804878,1.3414634146341464,0.8536585365853658,0.024390243902439025,-0.2682926829268293,0.3170731707317073,3.0,3.073170731707317,-0.21951219512195122,0.5121951219512195,6.853658536585366,2.1219512195121952,0.8536585365853658,0.21951219512195122,2.4390243902439024,1.3170731707317074,0.7804878048780488,2.3902439024390243,0.8048780487804879,0.2926829268292683,2.3902439024390243,2.3902439024390243,0.5853658536585366,0.2926829268292683,1.2195121951219512,0.4878048780487805,2.975609756097561,1.829268292682927,-0.4878048780487805,-0.36585365853658536,4.439024390243903,2.4146341463414633,0.5853658536585366,0.34146341463414637,2.5121951219512195,0.8780487804878049,2.5853658536585367,2.0,1.2682926829268293,1.5365853658536586,2.292682926829268,3.658536585365854,0.6341463414634146,1.146341463414634,1.6585365853658536,0.43902439024390244,2.292682926829268,1.5121951219512195,0.24390243902439024,0.17073170731707318,6.365853658536586,1.5365853658536586,-0.024390243902439025,0.4634146341463415,0.0975609756097561,-0.3902439024390244,-0.4634146341463415,3.7804878048780486,-0.12195121951219512,-0.8048780487804879,2.1951219512195124,0.5609756097560976,0.12195121951219512,-0.17073170731707318,0.4146341463414634,-0.17073170731707318,1.5853658536585367,2.8780487804878048,-0.36585365853658536,-0.2682926829268293,5.390243902439025,0.04878048780487805,-0.1951219512195122,0.7317073170731707,-0.8292682926829268,0.6829268292682927,0.12195121951219512,3.5365853658536586,-1.0,-0.5365853658536586,3.097560975609756,1.951219512195122,-0.21951219512195122,0.6341463414634146,-0.975609756097561,0.34146341463414637,1.7560975609756098,3.3902439024390243,0.4146341463414634,1.2439024390243902,5.414634146341464,1.4634146341463414,-0.21951219512195122
P0A3G5,0.35714285714285715,0.9285714285714286,1.0357142857142858,1.6666666666666667,3.5833333333333335,0.7738095238095238,1.119047619047619,1.8095238095238095,1.5714285714285714,0.30952380952380953,0.07142857142857142,0.6309523809523809,0.15476190476190477,1.3452380952380953,2.4404761904761907,0.14285714285714285,0.13095238095238096,4.988095238095238,0.8333333333333334,0.11904761904761904,0.05952380952380952,-0.5,-0.4166666666666667,0.5833333333333334,4.285714285714286,1.0238095238095237,0.17857142857142858,1.3333333333333333,0.39285714285714285,1.3452380952380953,1.119047619047619,0.0,0.5595238095238095,2.369047619047619,2.2857142857142856,0.19047619047619047,-0.023809523809523808,5.583333333333333,1.5238095238095237,1.0833333333333333,0.047619047619047616,0.05952380952380952,-0.07142857142857142,0.39285714285714285,2.5833333333333335,0.5595238095238095,0.5714285714285714,0.16666666666666666,0.39285714285714285,1.0952380952380953,0.6071428571428571,0.05952380952380952,0.32142857142857145,1.9047619047619047,0.6547619047619048,-0.023809523809523808,0.05952380952380952,2.9523809523809526,0.9047619047619048,0.21428571428571427,0.07142857142857142,0.35714285714285715,0.05952380952380952,0.6666666666666666,3.7023809523809526,0.6309523809523809,0.7857142857142857,1.5119047619047619,1.0,0.6666666666666666,0.17857142857142858,-0.3333333333333333,0.5119047619047619,3.011904761904762,2.2738095238095237,-0.023809523809523808,0.09523809523809523,5.809523809523809,1.6785714285714286,0.40476190476190477,-0.07954545454545454,0.625,-0.5,0.9659090909090909,3.7954545454545454,0.22727272727272727,0.75,2.3181818181818183,0.8522727272727273,1.7727272727272727,2.102272727272727,0.8522727272727273,1.0,1.7386363636363635,2.4204545454545454,-0.3181818181818182,-0.8181818181818182,5.204545454545454,1.1477272727272727,1.0909090909090908
P39694,-0.9354838709677419,1.1935483870967742,1.0,3.2580645161290325,1.5806451612903225,1.096774193548387,1.4193548387096775,1.6451612903225807,2.5161290322580645,-1.032258064516129,-0.5161290322580645,0.2903225806451613,-0.5806451612903226,0.4838709677419355,2.193548387096774,-0.12903225806451613,0.06451612903225806,3.6129032258064515,1.1612903225806452,-0.9032258064516129,-0.12903225806451613,0.6774193548387096,-0.1935483870967742,0.6451612903225806,4.161290322580645,-0.2903225806451613,-0.8064516129032258,2.4838709677419355,0.4838709677419355,-0.1935483870967742,1.8709677419354838,0.25806451612903225,0.6774193548387096,4.387096774193548,-0.5806451612903226,-0.25806451612903225,-0.8387096774193549,7.064516129032258,2.870967741935484,-0.45161290322580644,0.0,-0.12903225806451613,0.0967741935483871,-0.0967741935483871,4.193548387096774,-0.03225806451612903,0.3870967741935484,0.9032258064516129,0.967741935483871,0.7096774193548387,1.3225806451612903,-0.12903225806451613,0.3548387096774194,4.516129032258065,0.25806451612903225,-0.1935483870967742,-0.25806451612903225,6.580645161290323,2.870967741935484,0.4838709677419355,-0.25806451612903225,-0.03225806451612903,-0.5806451612903226,0.45161290322580644,3.7096774193548385,0.06451612903225806,0.3548387096774194,2.5161290322580645,0.7419354838709677,1.064516129032258,0.5806451612903226,-0.3548387096774194,1.0,3.161290322580645,2.7419354838709675,-0.41935483870967744,-0.03225806451612903,7.516129032258065,3.2580645161290325,1.0,-0.16129032258064516,0.0,-0.03225806451612903,1.903225806451613,4.903225806451613,-1.1935483870967742,-0.8064516129032258,1.8709677419354838,2.225806451612903,-0.03225806451612903,0.967741935483871,-0.7741935483870968,0.6774193548387096,1.8709677419354838,0.6451612903225806,-0.16129032258064516,0.7096774193548387,6.774193548387097,1.1290322580645162,-0.3225806451612903
Q9RLV9,-0.05263157894736842,1.8771929824561404,1.087719298245614,2.3508771929824563,3.807017543859649,1.2456140350877194,1.9473684210526316,-0.21052631578947367,1.3157894736842106,0.9824561403508771,0.8245614035087719,1.5614035087719298,-0.17543859649122806,0.8596491228070176,2.4210526315789473,0.21052631578947367,-0.07017543859649122,4.894736842105263,1.0526315789473684,0.8421052631578947,0.5964912280701754,-0.631578947368421,-0.3508771929824561,-0.3157894736842105,2.824561403508772,-0.6666666666666666,-1.105263157894737,1.4912280701754386,1.0175438596491229,-0.7192982456140351,-0.40350877192982454,-0.7368421052631579,0.2807017543859649,-0.19298245614035087,1.894736842105263,-0.08771929824561403,0.42105263157894735,1.6842105263157894,-0.43859649122807015,0.42105263157894735,0.10526315789473684,0.6491228070175439,0.631578947368421,0.6842105263157895,2.508771929824561,0.03508771929824561,0.3157894736842105,1.4736842105263157,0.543859649122807,0.9298245614035088,1.263157894736842,0.08771929824561403,0.6842105263157895,3.2280701754385963,3.491228070175439,-0.15789473684210525,0.49122807017543857,5.947368421052632,2.0701754385964914,0.3508771929824561,0.5263157894736842,-0.12280701754385964,0.42105263157894735,0.15789473684210525,4.842105263157895,-0.47368421052631576,-0.5614035087719298,2.4035087719298245,0.6491228070175439,1.5087719298245614,1.087719298245614,-0.3684210526315789,1.4385964912280702,1.0350877192982457,1.7719298245614035,-0.543859649122807,0.40350877192982454,5.105263157894737,1.3333333333333333,0.7543859649122807,0.3333333333333333,1.2982456140350878,1.1228070175438596,0.9824561403508771,5.280701754385965,0.6491228070175439,0.19298245614035087,2.210526315789474,1.0175438596491229,2.1578947368421053,2.263157894736842,0.19298245614035087,1.2105263157894737,0.22807017543859648,0.631578947368421,-0.3684210526315789,0.03508771929824561,0.8947368421052632,0.03508771929824561,1.8070175438596492
P00691,0.5163934426229508,0.8770491803278688,1.3934426229508197,1.1229508196721312,5.827868852459017,0.7377049180327869,0.5163934426229508,1.9426229508196722,0.3524590163934426,2.5737704918032787,3.7295081967213113,1.2868852459016393,2.122950819672131,1.0901639344262295,1.6885245901639345,1.098360655737705,0.38524590163934425,2.6065573770491803,1.0081967213114753,2.4344262295081966,0.9918032786885246,1.459016393442623,1.0573770491803278,-0.05737704918032787,5.89344262295082,1.2377049180327868,1.5901639344262295,2.0737704918032787,-0.6967213114754098,0.8934426229508197,0.9344262295081968,2.122950819672131,0.4426229508196721,-0.39344262295081966,3.5491803278688523,0.8688524590163934,1.6475409836065573,0.29508196721311475,-0.3114754098360656,0.38524590163934425,0.8524590163934426,1.360655737704918,0.5163934426229508,1.0737704918032787,8.827868852459016,0.5327868852459017,0.9426229508196722,0.4180327868852459,0.8852459016393442,2.30327868852459,0.4262295081967213,2.0245901639344264,0.47540983606557374,1.1967213114754098,2.5163934426229506,0.22131147540983606,-0.03278688524590164,1.2049180327868851,0.7295081967213115,2.942622950819672,0.27049180327868855,1.860655737704918,0.6311475409836066,1.2868852459016393,4.459016393442623,0.4918032786885246,0.7868852459016393,0.3114754098360656,1.1229508196721312,2.5737704918032787,2.2950819672131146,1.1557377049180328,2.0901639344262297,2.1147540983606556,3.122950819672131,-0.040983606557377046,-0.28688524590163933,6.729508196721311,0.36065573770491804,0.9590163934426229,0.16393442622950818,1.2131147540983607,0.20491803278688525,0.8032786885245902,4.081967213114754,0.36065573770491804,0.6229508196721312,0.9098360655737705,0.9672131147540983,1.7377049180327868,2.5901639344262297,0.02459016393442623,1.2459016393442623,1.1147540983606556,0.5,0.05737704918032787,-0.00819672131147541,2.19672131147541,0.4426229508196721,1.0163934426229508
P35160,-0.12,0.68,2.4,4.68,0.48,0.48,3.48,2.48,3.08,-1.8,0.16,0.16,-0.2,-0.16,2.16,0.12,0.32,1.88,0.84,-0.96,0.52,4.68,2.08,1.76,13.88,-0.56,0.84,8.36,2.88,3.36,4.2,2.0,4.92,3.56,3.6,0.56,1.24,9.0,6.28,2.4,0.48,2.36,4.4,1.84,2.8,1.0,-0.16,6.2,1.56,-1.36,1.4,0.92,1.12,1.24,4.28,1.4,0.12,9.24,1.28,-0.92,0.16,0.24,0.08,1.32,5.12,-0.28,-0.12,2.12,0.84,0.88,1.16,-0.68,0.96,2.24,-0.08,0.24,0.44,1.12,-0.12,1.4,0.27586206896551724,0.4482758620689655,2.1379310344827585,1.3793103448275863,10.827586206896552,0.8620689655172413,-0.10344827586206896,2.4482758620689653,2.689655172413793,-0.9655172413793104,-0.06896551724137931,-0.5862068965517241,1.3448275862068966,2.2758620689655173,2.4482758620689653,1.0689655172413792,-0.5517241379310345,9.551724137931034,2.8620689655172415,-1.6896551724137931
Q83FF5,1.4,-0.7466666666666667,2.4133333333333336,3.466666666666667,11.226666666666667,-0.16,-0.5866666666666667,6.08,1.8666666666666667,1.24,2.32,1.2,1.1333333333333333,2.64,5.933333333333334,1.7066666666666668,1.3733333333333333,8.533333333333333,2.973333333333333,2.0533333333333332,2.04,2.1733333333333333,4.6,6.84,6.8933333333333335,1.4,1.4133333333333333,7.1066666666666665,1.4266666666666667,3.2,3.28,4.066666666666666,1.4266666666666667,2.506666666666667,6.413333333333333,2.066666666666667,3.1066666666666665,13.4,1.0666666666666667,2.933333333333333,-0.16,-0.37333333333333335,0.9066666666666666,0.3333333333333333,2.12,0.0,0.16,2.7333333333333334,1.5333333333333334,1.56,0.5066666666666667,0.5333333333333333,1.2533333333333334,1.7733333333333334,1.4933333333333334,0.41333333333333333,0.5466666666666666,6.293333333333333,1.6666666666666667,1.2266666666666666,0.64,6.506666666666667,8.72,8.706666666666667,10.6,4.8933333333333335,5.88,1.6933333333333334,8.546666666666667,7.24,4.093333333333334,8.466666666666667,5.946666666666666,6.04,11.533333333333333,3.6266666666666665,3.8266666666666667,20.293333333333333,2.84,5.48,-0.013157894736842105,-0.42105263157894735,0.8026315789473685,1.1578947368421053,5.2368421052631575,0.11842105263157894,-0.6447368421052632,4.315789473684211,4.631578947368421,0.23684210526315788,0.40789473684210525,-1.5394736842105263,2.3289473684210527,4.881578947368421,6.118421052631579,0.75,2.6052631578947367,10.118421052631579,4.473684210526316,1.1578947368421053
O34310,-0.20588235294117646,1.5588235294117647,1.1176470588235294,2.264705882352941,2.1176470588235294,-0.20588235294117646,0.3235294117647059,-0.20588235294117646,1.4705882352941178,-0.20588235294117646,0.058823529411764705,0.0,0.23529411764705882,0.058823529411764705,0.9705882352941176,-0.11764705882352941,-0.5588235294117647,5.264705882352941,0.8529411764705882,-0.5882352941176471,-0.35294117647058826,1.4411764705882353,0.0,-1.6764705882352942,2.6176470588235294,-0.9705882352941176,-1.0294117647058822,0.47058823529411764,2.0588235294117645,2.588235294117647,3.0,-0.8235294117647058,1.588235294117647,3.911764705882353,2.5588235294117645,-0.14705882352941177,-0.23529411764705882,5.029411764705882,3.0588235294117645,1.5588235294117647,0.3235294117647059,2.6470588235294117,1.0294117647058822,0.7352941176470589,2.764705882352941,1.2352941176470589,-0.14705882352941177,2.323529411764706,2.3529411764705883,2.1176470588235294,3.3529411764705883,1.5588235294117647,1.911764705882353,4.411764705882353,4.205882352941177,0.7352941176470589,0.11764705882352941,3.411764705882353,2.3823529411764706,0.4411764705882353,0.7058823529411765,0.6764705882352942,-1.1176470588235294,0.6470588235294118,4.4411764705882355,0.23529411764705882,0.5588235294117647,-0.14705882352941177,0.9705882352941176,1.1470588235294117,2.588235294117647,-0.7647058823529411,1.2647058823529411,-0.6176470588235294,4.852941176470588,0.5,0.058823529411764705,5.0,-0.9705882352941176,0.3235294117647059,0.5142857142857142,-0.08571428571428572,-0.5428571428571428,1.8857142857142857,4.428571428571429,0.2857142857142857,0.7428571428571429,0.08571428571428572,0.8857142857142857,3.1714285714285713,3.1142857142857143,-0.34285714285714286,1.0,2.5714285714285716,2.6285714285714286,0.17142857142857143,-0.5142857142857142,4.942857142857143,1.4285714285714286,2.3142857142857145
P39790,0.3076923076923077,0.8461538461538461,1.5192307692307692,2.673076923076923,2.1346153846153846,0.3076923076923077,0.8076923076923077,2.230769230769231,1.4230769230769231,1.5576923076923077,1.4038461538461537,0.5192307692307693,0.5192307692307693,1.7692307692307692,0.057692307692307696,0.17307692307692307,0.17307692307692307,4.096153846153846,-0.28846153846153844,0.3076923076923077,0.038461538461538464,0.6538461538461539,-0.4230769230769231,0.19230769230769232,4.038461538461538,0.21153846153846154,0.5576923076923077,1.0,0.8653846153846154,0.9038461538461539,1.8846153846153846,0.15384615384615385,1.5576923076923077,2.1153846153846154,0.25,0.21153846153846154,-0.5384615384615384,4.519230769230769,1.0961538461538463,0.07692307692307693,0.057692307692307696,1.0384615384615385,0.07692307692307693,1.5,4.0,1.0961538461538463,1.2692307692307692,-1.0384615384615385,0.36538461538461536,-0.17307692307692307,1.2884615384615385,0.46153846153846156,1.1923076923076923,0.8269230769230769,1.1153846153846154,0.019230769230769232,0.25,4.5576923076923075,0.6730769230769231,-1.0,-0.6923076923076923,1.0769230769230769,-0.07692307692307693,1.2884615384615385,3.7884615384615383,0.1346153846153846,0.5192307692307693,0.17307692307692307,1.7115384615384615,1.1538461538461537,1.25,0.38461538461538464,1.4230769230769231,1.8846153846153846,-0.6538461538461539,-0.038461538461538464,-0.07692307692307693,4.923076923076923,1.0192307692307692,0.09615384615384616,0.2,1.3454545454545455,-0.7272727272727273,0.6727272727272727,2.2,0.4727272727272727,0.8727272727272727,0.6363636363636364,0.6727272727272727,1.9272727272727272,2.581818181818182,0.5272727272727272,1.2545454545454546,1.1636363636363636,3.5272727272727273,-0.03636363636363636,0.05454545454545454,2.109090909090909,-0.5454545454545454,0.7636363636363637
P0A5P0,0.4,0.48,1.42,0.72,6.18,0.44,0.86,0.96,0.14,1.98,0.88,0.86,0.68,1.74,1.3,1.02,0.86,1.94,1.26,1.78,-0.8,-0.36,3.7,3.24,4.74,1.86,2.7,1.8,0.94,1.26,0.76,0.86,-0.84,4.96,6.08,0.62,1.1,11.52,6.18,1.34,0.42,2.74,1.54,0.02,2.02,0.36,-0.5,3.22,-0.04,1.98,1.12,1.3,1.2,0.58,1.68,0.92,1.56,4.0,0.62,0.74,0.0,0.2,0.72,-0.34,4.0,-0.58,-1.02,1.44,-0.28,0.62,-0.04,0.02,0.16,0.28,-0.5,0.24,0.2,0.2,-0.2,0.3,-0.5192307692307693,-0.4423076923076923,0.3269230769230769,1.0769230769230769,5.5,-0.038461538461538464,-0.4807692307692308,1.1153846153846154,1.1730769230769231,1.3846153846153846,0.4230769230769231,0.09615384615384616,0.4230769230769231,0.46153846153846156,3.5384615384615383,0.11538461538461539,0.38461538461538464,-0.75,-1.2692307692307692,0.38461538461538464
Q03Q83,3.0,5.989473684210527,6.3052631578947365,7.91578947368421,16.221052631578946,4.663157894736842,3.7578947368421054,10.51578947368421,7.88421052631579,7.031578947368421,9.073684210526316,4.010526315789473,4.989473684210527,9.378947368421052,12.884210526315789,2.7578947368421054,-0.6842105263157895,18.0,8.294736842105262,6.705263157894737,2.8947368421052633,3.0526315789473686,5.063157894736842,5.168421052631579,9.25263157894737,2.6315789473684212,2.831578947368421,7.442105263157894,6.578947368421052,2.094736842105263,3.473684210526316,2.8842105263157896,1.1473684210526316,7.157894736842105,8.147368421052631,4.063157894736842,3.6,15.178947368421053,6.663157894736842,1.9789473684210526,1.6736842105263159,2.9894736842105263,3.263157894736842,1.168421052631579,10.010526315789473,2.4,2.6842105263157894,5.621052631578947,4.673684210526316,1.3789473684210527,1.3894736842105264,1.1157894736842104,1.1894736842105262,3.2736842105263158,3.136842105263158,2.357894736842105,1.4526315789473685,15.021052631578947,4.957894736842105,0.12631578947368421,0.7368421052631579,1.8631578947368421,2.8842105263157896,2.1789473684210527,11.8,1.9578947368421054,1.5789473684210527,6.273684210526316,4.105263157894737,1.7052631578947368,3.263157894736842,0.7157894736842105,1.3263157894736841,5.136842105263158,8.726315789473684,0.7052631578947368,0.23157894736842105,20.105263157894736,7.231578947368421,2.1473684210526316,2.442105263157895,2.2526315789473683,3.610526315789474,2.231578947368421,11.389473684210527,2.2,1.0105263157894737,4.494736842105263,3.431578947368421,3.442105263157895,4.842105263157895,2.305263157894737,2.8842105263157896,4.326315789473684,6.905263157894737,3.094736842105263,1.8631578947368421,11.031578947368422,3.8210526315789473,1.3894736842105264
P00469,2.7358490566037736,0.49056603773584906,2.7547169811320753,4.132075471698113,10.226415094339623,1.3396226415094339,2.0377358490566038,8.377358490566039,1.6037735849056605,2.3962264150943398,2.7358490566037736,-0.6792452830188679,3.2264150943396226,3.1320754716981134,7.754716981132075,1.830188679245283,0.33962264150943394,11.830188679245284,4.056603773584905,3.849056603773585,0.37735849056603776,-0.20754716981132076,0.9056603773584906,0.8113207547169812,3.358490566037736,0.1320754716981132,0.41509433962264153,1.169811320754717,0.39622641509433965,2.150943396226415,1.7547169811320755,-0.16981132075471697,1.2075471698113207,1.7735849056603774,2.7358490566037736,0.11320754716981132,0.5471698113207547,-0.3584905660377358,0.2830188679245283,1.679245283018868,0.4716981132075472,0.37735849056603776,0.5471698113207547,0.8679245283018868,9.283018867924529,1.5849056603773586,1.6226415094339623,1.9433962264150944,1.2264150943396226,2.4339622641509435,4.433962264150943,0.6981132075471698,3.509433962264151,4.132075471698113,4.2075471698113205,1.3018867924528301,1.5849056603773586,3.849056603773585,1.2641509433962264,2.018867924528302,1.3396226415094339,4.320754716981132,2.0377358490566038,3.358490566037736,2.7169811320754715,1.9245283018867925,4.754716981132075,4.09433962264151,-0.49056603773584906,1.2830188679245282,0.8301886792452831,3.7169811320754715,-0.4528301886792453,0.5094339622641509,8.283018867924529,1.4339622641509433,1.320754716981132,6.509433962264151,1.2264150943396226,1.6981132075471699,3.0185185185185186,2.5185185185185186,3.8703703703703702,2.4074074074074074,11.518518518518519,1.2592592592592593,0.5555555555555556,10.574074074074074,2.7222222222222223,3.0185185185185186,5.2407407407407405,1.0740740740740742,2.7962962962962963,3.3333333333333335,7.055555555555555,2.2222222222222223,2.037037037037037,10.148148148148149,4.648148148148148,1.9074074074074074
Q08291,-0.3673469387755102,-0.32653061224489793,1.1224489795918366,0.5714285714285714,7.163265306122449,0.02040816326530612,0.40816326530612246,3.7755102040816326,0.22448979591836735,1.163265306122449,0.42857142857142855,-0.7346938775510204,1.3265306122448979,2.204081632653061,-1.0816326530612246,-0.12244897959183673,1.0816326530612246,6.408163265306122,1.6734693877551021,0.4897959183673469,2.183673469387755,4.36734693877551,4.775510204081633,0.5510204081632653,6.163265306122449,4.408163265306122,5.346938775510204,7.469387755102041,3.1020408163265305,2.857142857142857,2.7755102040816326,5.73469387755102,1.1428571428571428,4.877551020408164,7.408163265306122,1.530612244897959,2.183673469387755,9.061224489795919,6.3061224489795915,3.2244897959183674,0.24489795918367346,0.2653061224489796,0.3877551020408163,-0.8775510204081632,2.693877551020408,-1.2244897959183674,-1.4081632653061225,1.8775510204081634,-0.8571428571428571,0.0,-1.0408163265306123,-0.16326530612244897,-0.6326530612244898,0.4897959183673469,1.8775510204081634,-0.3469387755102041,0.08163265306122448,3.693877551020408,0.12244897959183673,0.40816326530612246,0.8979591836734694,3.020408163265306,3.5306122448979593,3.7755102040816326,4.224489795918367,2.2448979591836733,1.8979591836734695,6.36734693877551,1.8571428571428572,2.061224489795918,0.5102040816326531,3.0816326530612246,-0.7346938775510204,6.755102040816326,8.183673469387756,0.8163265306122449,0.7346938775510204,11.89795918367347,2.0408163265306123,0.9795918367346939,0.5490196078431373,0.5882352941176471,0.5490196078431373,-0.11764705882352941,6.0,0.9411764705882353,0.49019607843137253,4.0,2.784313725490196,0.5490196078431373,-0.5686274509803921,1.9411764705882353,1.0392156862745099,1.6666666666666667,3.7450980392156863,0.7058823529411765,1.4313725490196079,9.019607843137255,2.7450980392156863,0.7058823529411765
P07343,-0.5365853658536586,2.451219512195122,3.1707317073170733,2.3536585365853657,9.865853658536585,1.670731707317073,1.2195121951219512,1.8780487804878048,1.8658536585365855,1.2682926829268293,1.8902439024390243,1.4146341463414633,2.6463414634146343,6.487804878048781,7.0,1.3902439024390243,2.268292682926829,10.012195121951219,5.853658536585366,2.5365853658536586,0.34146341463414637,-0.012195121951219513,2.817073170731707,1.4268292682926829,5.463414634146342,0.6463414634146342,1.0731707317073171,5.914634146341464,3.0,1.0,1.2317073170731707,0.9512195121951219,0.24390243902439024,4.378048780487805,7.463414634146342,1.6829268292682926,0.9024390243902439,8.21951219512195,3.8048780487804876,0.7560975609756098,-0.32926829268292684,1.6341463414634145,3.9146341463414633,4.878048780487805,6.963414634146342,2.0,3.524390243902439,3.768292682926829,0.9390243902439024,4.024390243902439,0.7195121951219512,4.219512195121951,1.170731707317073,-0.5,5.7926829268292686,1.5609756097560976,1.9878048780487805,4.195121951219512,-0.14634146341463414,3.6707317073170733,0.7926829268292683,5.097560975609756,3.8292682926829267,5.804878048780488,6.2073170731707314,3.9634146341463414,3.1463414634146343,5.475609756097561,7.0,1.0609756097560976,2.4878048780487805,4.817073170731708,0.9878048780487805,5.548780487804878,9.634146341463415,0.7317073170731707,0.2926829268292683,13.048780487804878,7.2560975609756095,1.024390243902439,-0.14285714285714285,0.5119047619047619,2.5357142857142856,1.25,5.464285714285714,1.5952380952380953,1.4166666666666667,4.380952380952381,2.2738095238095237,0.6428571428571429,0.5357142857142857,0.9166666666666666,0.5952380952380952,4.285714285714286,6.2023809523809526,1.0714285714285714,0.21428571428571427,9.357142857142858,3.369047619047619,0.03571428571428571
P0A3Q0,0.8241758241758241,1.5054945054945055,1.1978021978021978,1.043956043956044,4.175824175824176,0.8571428571428571,1.2417582417582418,2.032967032967033,1.5494505494505495,1.2967032967032968,0.5054945054945055,1.2857142857142858,1.1868131868131868,1.2747252747252746,1.3626373626373627,-0.02197802197802198,0.989010989010989,4.1208791208791204,1.6263736263736264,0.9010989010989011,-0.10989010989010989,-0.34065934065934067,0.5934065934065934,0.8901098901098901,3.8461538461538463,0.23076923076923078,-0.37362637362637363,3.4615384615384617,0.6703296703296703,1.89010989010989,0.7362637362637363,-0.2857142857142857,1.054945054945055,-0.8351648351648352,1.9230769230769231,0.14285714285714285,0.978021978021978,1.4285714285714286,-0.4945054945054945,1.5494505494505495,0.37362637362637363,2.010989010989011,0.7802197802197802,0.9010989010989011,5.087912087912088,1.021978021978022,1.120879120879121,3.5384615384615383,0.8791208791208791,2.4395604395604398,1.4835164835164836,0.7472527472527473,0.4065934065934066,1.6373626373626373,2.802197802197802,0.8681318681318682,1.2747252747252746,4.417582417582418,0.7032967032967034,2.0549450549450547,0.14285714285714285,0.4945054945054945,1.989010989010989,1.010989010989011,5.516483516483516,0.6043956043956044,0.8901098901098901,1.4945054945054945,1.2417582417582418,1.5934065934065933,1.2527472527472527,0.43956043956043955,1.0769230769230769,1.956043956043956,2.3076923076923075,0.0989010989010989,0.03296703296703297,3.2527472527472527,0.2967032967032967,0.967032967032967,0.43956043956043955,0.5054945054945055,-0.0989010989010989,0.23076923076923078,3.956043956043956,0.31868131868131866,-0.38461538461538464,2.3516483516483517,1.2857142857142858,0.8021978021978022,0.08791208791208792,0.5384615384615384,-0.3076923076923077,1.1868131868131868,1.879120879120879,-0.10989010989010989,-0.34065934065934067,4.725274725274725,0.967032967032967,0.10989010989010989
O34853,-0.5641025641025641,0.6410256410256411,2.7435897435897436,4.487179487179487,3.5641025641025643,0.02564102564102564,0.10256410256410256,3.4615384615384617,2.358974358974359,0.7948717948717948,0.48717948717948717,0.10256410256410256,0.6666666666666666,-1.9487179487179487,5.205128205128205,0.46153846153846156,0.7948717948717948,-0.5641025641025641,-1.564102564102564,0.9743589743589743,-0.20512820512820512,2.6666666666666665,2.1025641025641026,4.153846153846154,3.5384615384615383,2.051282051282051,2.3846153846153846,4.230769230769231,2.4615384615384617,-0.6153846153846154,-0.6666666666666666,2.128205128205128,-0.20512820512820512,-0.6153846153846154,3.3846153846153846,-0.38461538461538464,-0.5128205128205128,2.282051282051282,-0.3333333333333333,-0.1282051282051282,0.9743589743589743,1.0256410256410255,0.717948717948718,2.3846153846153846,4.743589743589744,0.3333333333333333,0.5384615384615384,2.8974358974358974,0.05128205128205128,-0.6410256410256411,-0.02564102564102564,0.3076923076923077,0.15384615384615385,2.8974358974358974,3.1794871794871793,0.5384615384615384,0.2564102564102564,4.615384615384615,1.1538461538461537,-0.2564102564102564,0.15384615384615385,0.1282051282051282,0.4358974358974359,0.6666666666666666,3.2051282051282053,-0.1794871794871795,0.10256410256410256,3.4615384615384617,-0.5128205128205128,2.7435897435897436,3.358974358974359,0.15384615384615385,1.641025641025641,4.487179487179487,2.923076923076923,0.9230769230769231,-0.1794871794871795,6.435897435897436,1.435897435897436,1.6153846153846154,0.6904761904761905,2.0952380952380953,-0.09523809523809523,0.40476190476190477,3.357142857142857,0.3333333333333333,0.14285714285714285,3.6904761904761907,2.0,-1.1666666666666667,-0.8571428571428571,0.9761904761904762,-0.23809523809523808,0.19047619047619047,3.119047619047619,-0.5238095238095238,-0.8571428571428571,5.190476190476191,1.5476190476190477,-0.6428571428571429
P0A0C1,0.43529411764705883,0.4470588235294118,1.2470588235294118,1.6235294117647059,3.9058823529411764,0.5176470588235295,0.5294117647058824,2.2470588235294118,-0.3176470588235294,1.2941176470588236,0.8588235294117647,0.2823529411764706,0.4823529411764706,0.9058823529411765,0.47058823529411764,0.4117647058823529,0.3764705882352941,2.2,0.6823529411764706,0.5529411764705883,0.4823529411764706,-0.5176470588235295,0.35294117647058826,1.7647058823529411,3.541176470588235,-0.2,0.17647058823529413,2.2823529411764705,-1.1176470588235294,0.5764705882352941,0.4588235294117647,-0.23529411764705882,-0.25882352941176473,0.9058823529411765,2.376470588235294,0.21176470588235294,0.3764705882352941,3.623529411764706,-0.011764705882352941,0.4823529411764706,0.18823529411764706,0.5058823529411764,0.6470588235294118,1.0,2.635294117647059,0.5058823529411764,0.1411764705882353,1.964705882352941,1.3176470588235294,0.8117647058823529,1.0941176470588236,-0.611764705882353,0.2,1.4705882352941178,-0.21176470588235294,0.25882352941176473,-0.047058823529411764,2.3058823529411763,0.5294117647058824,0.7176470588235294,0.1411764705882353,-0.18823529411764706,0.3176470588235294,0.0,2.7411764705882353,0.058823529411764705,-0.21176470588235294,1.8352941176470587,-0.058823529411764705,1.0470588235294118,0.24705882352941178,0.15294117647058825,0.5647058823529412,1.9058823529411764,0.7411764705882353,0.24705882352941178,0.09411764705882353,2.211764705882353,0.611764705882353,0.4117647058823529,0.9438202247191011,-0.5280898876404494,0.9101123595505618,0.898876404494382,3.7752808988764044,0.19101123595505617,-0.5393258426966292,2.7191011235955056,0.5056179775280899,1.8089887640449438,0.898876404494382,-0.15730337078651685,1.0,0.07865168539325842,2.764044943820225,1.0224719101123596,1.1685393258426966,1.9775280898876404,-0.15730337078651685,1.5730337078651686
P32959,0.0125,1.1875,1.0375,1.75,5.9125,-0.0125,0.525,1.65,2.225,1.0375,1.7,0.15,0.5875,1.85,2.4,-0.4,0.1875,4.5875,1.4125,-0.0375,0.4375,0.2875,0.95,0.625,5.325,-0.2,0.8,0.45,1.1875,0.7875,-0.0875,0.1125,-0.2375,2.6875,1.1875,0.2125,0.4,4.6625,1.8375,0.95,0.025,0.3375,1.075,0.7,4.8,0.4,0.525,-0.075,0.5375,1.45,0.9,0.3375,-0.2,1.7125,1.175,0.425,0.1125,1.4125,-0.1625,1.0875,0.4125,0.35,0.55,0.7,5.7375,0.3375,1.1375,0.5375,1.7,1.4625,0.9125,1.0,0.475,1.6375,-0.6,-0.1875,-0.125,2.6625,0.8875,0.675,0.43209876543209874,0.9629629629629629,1.4320987654320987,2.3333333333333335,3.802469135802469,0.5555555555555556,0.25925925925925924,2.5185185185185186,1.6296296296296295,1.5925925925925926,2.0,0.5555555555555556,0.9259259259259259,3.1728395061728394,1.2222222222222223,0.6419753086419753,0.1111111111111111,4.962962962962963,1.0617283950617284,0.9506172839506173
P34024,0.37735849056603776,0.7547169811320755,1.2830188679245282,2.8867924528301887,1.3018867924528301,0.9245283018867925,1.471698113207547,3.0943396226415096,1.4528301886792452,0.32075471698113206,0.03773584905660377,0.1320754716981132,0.18867924528301888,0.7547169811320755,1.7547169811320755,0.05660377358490566,-0.1509433962264151,2.8679245283018866,0.5283018867924528,0.5660377358490566,0.6226415094339622,0.05660377358490566,0.22641509433962265,1.6226415094339623,4.018867924528302,0.16981132075471697,0.660377358490566,1.471698113207547,1.0566037735849056,1.528301886792453,1.1886792452830188,-0.7358490566037735,0.9811320754716981,1.509433962264151,3.056603773584906,0.07547169811320754,0.11320754716981132,3.5660377358490565,1.4150943396226414,0.9056603773584906,0.5471698113207547,0.8113207547169812,-1.1320754716981132,-0.11320754716981132,3.5660377358490565,0.03773584905660377,-0.6792452830188679,2.3207547169811322,0.1320754716981132,-0.5849056603773585,-0.11320754716981132,-0.05660377358490566,-0.20754716981132076,0.9811320754716981,3.018867924528302,0.07547169811320754,0.03773584905660377,3.509433962264151,-0.07547169811320754,-0.39622641509433965,0.2830188679245283,0.6415094339622641,0.0,-0.6415094339622641,4.849056603773585,0.1320754716981132,0.1509433962264151,-0.4716981132075472,1.0754716981132075,1.2641509433962264,1.2830188679245282,-0.6037735849056604,0.4528301886792453,0.49056603773584906,-0.4339622641509434,-0.11320754716981132,-0.2830188679245283,2.2264150943396226,-1.1132075471698113,1.0566037735849056,-0.16363636363636364,0.45454545454545453,0.5818181818181818,2.109090909090909,3.7636363636363637,0.0,0.5454545454545454,1.3272727272727274,0.6,-0.43636363636363634,0.9454545454545454,0.36363636363636365,-0.05454545454545454,2.9454545454545453,2.4,0.23636363636363636,-0.36363636363636365,3.4363636363636365,0.2909090909090909,-0.7636363636363637
P37608,0.171875,0.484375,0.2578125,0.453125,4.140625,-0.09375,-0.0703125,2.5390625,1.03125,1.25,0.3046875,0.234375,0.5546875,1.375,2.0625,0.3359375,0.234375,3.0625,0.9921875,1.0703125,0.5703125,1.0859375,0.71875,4.125,6.265625,0.7578125,3.6015625,2.234375,4.6875,0.6875,0.03125,2.1015625,0.0546875,1.4375,7.09375,-0.421875,-0.21875,4.0703125,1.2421875,0.65625,-0.6328125,4.0390625,2.3046875,8.140625,5.2734375,2.0703125,5.84375,2.1328125,4.6953125,0.484375,0.078125,4.2421875,0.359375,1.171875,9.6796875,-0.109375,0.1015625,3.828125,-0.4296875,0.7265625,3.1875,4.1484375,1.8828125,5.6875,12.3515625,4.765625,7.0078125,4.5234375,6.1171875,1.7734375,2.875,4.0546875,3.9140625,4.859375,7.890625,2.390625,1.8125,15.4140625,5.109375,2.296875,1.1085271317829457,3.635658914728682,4.178294573643411,2.7286821705426356,9.821705426356589,3.108527131782946,1.8992248062015504,10.2015503875969,6.713178294573644,0.3643410852713178,-0.3023255813953488,3.1705426356589146,1.5271317829457365,6.5813953488372094,13.232558139534884,2.550387596899225,3.054263565891473,17.930232558139537,8.178294573643411,0.5348837209302325
P00644,0.4722222222222222,1.8333333333333333,1.9444444444444444,3.7777777777777777,0.5,1.2777777777777777,2.4166666666666665,1.1666666666666667,3.2777777777777777,0.4444444444444444,-1.1111111111111112,1.25,-0.027777777777777776,0.05555555555555555,4.555555555555555,-0.2222222222222222,0.1111111111111111,4.833333333333333,1.1944444444444444,0.7222222222222222,-0.05555555555555555,0.5833333333333334,-0.05555555555555555,0.5277777777777778,2.6944444444444446,0.2777777777777778,0.4722222222222222,1.0,-0.3333333333333333,0.6111111111111112,0.9722222222222222,0.08333333333333333,0.8055555555555556,-0.6388888888888888,0.8055555555555556,0.5833333333333334,0.16666666666666666,2.5277777777777777,0.4722222222222222,0.25,1.5555555555555556,-2.0555555555555554,1.0833333333333333,1.0277777777777777,3.6666666666666665,-0.2222222222222222,-0.1388888888888889,4.527777777777778,2.611111111111111,3.138888888888889,2.1944444444444446,-1.7777777777777777,3.0,3.5277777777777777,-1.0277777777777777,0.75,0.9722222222222222,7.833333333333333,1.2777777777777777,2.0277777777777777,1.0555555555555556,0.5833333333333334,0.5277777777777778,0.19444444444444445,1.6944444444444444,-0.6111111111111112,0.3333333333333333,4.027777777777778,1.3055555555555556,1.3611111111111112,1.6111111111111112,0.08333333333333333,1.7222222222222223,0.8055555555555556,2.5,0.8611111111111112,0.6111111111111112,1.75,-1.1388888888888888,0.8055555555555556,-0.972972972972973,1.3243243243243243,0.21621621621621623,0.05405405405405406,8.27027027027027,-1.135135135135135,-1.5945945945945945,3.1621621621621623,1.972972972972973,4.162162162162162,2.3783783783783785,0.5675675675675675,1.864864864864865,4.621621621621622,3.5135135135135136,-0.10810810810810811,1.7837837837837838,3.4594594594594597,2.4324324324324325,3.324324324324324
P11540,0.625,4.75,-0.75,-1.75,5.375,1.0,-0.125,3.0,1.375,4.375,1.375,3.5,0.875,3.0,4.875,0.375,0.875,8.125,1.125,3.0,1.0,1.375,2.875,7.75,8.375,1.75,3.125,3.875,0.25,6.5,8.875,1.75,3.375,6.125,3.875,1.625,0.25,7.375,1.375,4.625,1.375,4.75,4.125,2.5,1.875,1.875,2.75,4.5,4.625,1.0,2.375,3.75,0.75,1.375,1.125,2.125,1.0,-3.625,0.75,0.875,0.0,-0.125,1.375,-0.125,5.75,-0.125,0.0,-0.375,0.25,3.0,3.625,-0.125,0.875,3.125,3.875,1.5,0.375,7.0,4.125,2.0,0.375,1.375,1.375,-0.5,-2.375,-2.25,-3.625,5.375,2.0,-1.625,-1.875,-0.25,-0.375,2.625,3.375,1.0,-0.125,7.125,2.375,-1.875
P0A4Y0,0.8589743589743589,0.717948717948718,1.6282051282051282,2.6538461538461537,1.7307692307692308,0.8589743589743589,1.5256410256410255,2.3076923076923075,1.5256410256410255,0.8846153846153846,0.9102564102564102,0.9743589743589743,0.34615384615384615,2.3205128205128207,3.1794871794871793,0.24358974358974358,0.47435897435897434,4.461538461538462,1.5769230769230769,-0.08974358974358974,-0.07692307692307693,2.3333333333333335,2.358974358974359,3.230769230769231,0.8461538461538461,1.2179487179487178,2.141025641025641,1.1538461538461537,1.4743589743589745,-0.11538461538461539,0.6153846153846154,2.0,-0.15384615384615385,-0.8461538461538461,1.141025641025641,0.11538461538461539,0.05128205128205128,0.44871794871794873,-0.3076923076923077,-0.10256410256410256,0.07692307692307693,-0.7307692307692307,1.641025641025641,2.2051282051282053,4.102564102564102,-0.38461538461538464,0.6282051282051282,4.602564102564102,1.2692307692307692,0.7435897435897436,0.6794871794871795,-0.2564102564102564,0.19230769230769232,1.7564102564102564,4.282051282051282,0.11538461538461539,1.0897435897435896,6.884615384615385,1.641025641025641,0.6923076923076923,-0.11538461538461539,0.2948717948717949,0.6153846153846154,0.8076923076923077,0.14102564102564102,0.34615384615384615,-0.3974358974358974,3.717948717948718,0.8974358974358975,0.8205128205128205,1.7564102564102564,0.8589743589743589,0.08974358974358974,1.0512820512820513,3.717948717948718,0.3076923076923077,0.7435897435897436,9.35897435897436,3.1025641025641026,1.3333333333333333,0.3950617283950617,2.617283950617284,2.6666666666666665,2.3333333333333335,5.419753086419753,1.9506172839506173,1.3333333333333333,3.0864197530864197,3.765432098765432,1.7037037037037037,1.2222222222222223,2.246913580246914,1.1604938271604939,5.518518518518518,4.592592592592593,2.259259259259259,1.0246913580246915,8.555555555555555,3.3209876543209877,0.7160493827160493
Q2FZL3,0.10294117647058823,0.2647058823529412,-0.6470588235294118,0.23529411764705882,3.0294117647058822,-0.19117647058823528,0.19117647058823528,2.5588235294117645,0.5294117647058824,-0.5588235294117647,0.058823529411764705,-0.7058823529411765,-0.36764705882352944,2.1470588235294117,2.014705882352941,0.0,0.04411764705882353,5.955882352941177,1.0294117647058822,-0.6617647058823529,0.6617647058823529,0.8235294117647058,-0.058823529411764705,0.23529411764705882,4.5588235294117645,0.25,0.6029411764705882,3.161764705882353,1.0588235294117647,1.5294117647058822,2.573529411764706,-0.08823529411764706,1.2058823529411764,2.661764705882353,1.8823529411764706,0.11764705882352941,0.058823529411764705,5.338235294117647,2.323529411764706,1.2794117647058822,0.17647058823529413,-0.22058823529411764,-0.16176470588235295,0.27941176470588236,4.382352941176471,-0.6764705882352942,-0.29411764705882354,2.8823529411764706,0.7794117647058824,1.2205882352941178,1.161764705882353,-0.5735294117647058,0.36764705882352944,2.6470588235294117,1.088235294117647,0.22058823529411764,-0.07352941176470588,5.647058823529412,1.2794117647058822,0.19117647058823528,0.4852941176470588,0.6323529411764706,-0.5882352941176471,1.1029411764705883,3.5,0.16176470588235295,0.2647058823529412,2.2794117647058822,0.08823529411764706,2.0441176470588234,1.8088235294117647,0.3088235294117647,0.4117647058823529,3.161764705882353,1.8676470588235294,0.22058823529411764,-0.38235294117647056,5.235294117647059,3.1029411764705883,1.2647058823529411,0.4225352112676056,1.0704225352112675,-1.5352112676056338,0.014084507042253521,4.014084507042254,-0.09859154929577464,0.30985915492957744,-0.5633802816901409,1.1408450704225352,0.5070422535211268,1.7746478873239437,0.5915492957746479,0.08450704225352113,2.380281690140845,2.5492957746478875,0.07042253521126761,0.4084507042253521,4.323943661971831,1.5492957746478873,-0.07042253521126761
Q53778,0.4909090909090909,0.6272727272727273,-0.2818181818181818,-0.045454545454545456,4.745454545454545,-0.5545454545454546,-0.3181818181818182,3.190909090909091,0.5454545454545454,1.3545454545454545,0.7090909090909091,0.15454545454545454,0.2909090909090909,1.1818181818181819,3.609090909090909,0.1,-0.02727272727272727,3.6272727272727274,-0.6545454545454545,1.1545454545454545,0.33636363636363636,0.4727272727272727,0.45454545454545453,1.3727272727272728,5.081818181818182,-0.2636363636363636,-0.07272727272727272,2.5,0.5545454545454546,1.6545454545454545,1.0909090909090908,-0.14545454545454545,0.5545454545454546,1.8636363636363635,2.3454545454545452,0.23636363636363636,0.1,4.463636363636364,0.24545454545454545,1.209090909090909,0.2727272727272727,0.4636363636363636,0.4636363636363636,0.39090909090909093,4.9,-0.1,-0.34545454545454546,3.590909090909091,0.5818181818181818,0.6,0.6818181818181818,-0.06363636363636363,0.509090909090909,0.6,2.963636363636364,0.0,0.45454545454545453,3.8454545454545452,0.6727272727272727,0.5181818181818182,0.24545454545454545,0.8545454545454545,0.6727272727272727,1.1727272727272726,4.181818181818182,0.22727272727272727,0.6090909090909091,2.881818181818182,0.9545454545454546,0.9454545454545454,0.9545454545454546,0.7636363636363637,0.3090909090909091,0.8090909090909091,2.090909090909091,-0.16363636363636364,-0.34545454545454546,4.609090909090909,0.9363636363636364,1.018181818181818,0.2882882882882883,1.018018018018018,0.6486486486486487,0.8828828828828829,4.45945945945946,0.22522522522522523,0.8828828828828829,2.1621621621621623,1.045045045045045,0.972972972972973,1.072072072072072,0.4144144144144144,0.7207207207207207,1.9189189189189189,2.18018018018018,0.07207207207207207,0.5315315315315315,3.009009009009009,0.42342342342342343,1.1441441441441442
Q44052,-0.01694915254237288,1.0254237288135593,0.2711864406779661,1.9661016949152543,2.211864406779661,0.3983050847457627,0.652542372881356,1.5677966101694916,1.7627118644067796,2.26271186440678,1.8644067796610169,0.7033898305084746,0.7711864406779662,2.4745762711864407,0.5423728813559322,0.09322033898305085,0.288135593220339,2.6864406779661016,1.9406779661016949,1.3898305084745763,-0.1864406779661017,0.3559322033898305,0.6101694915254238,0.864406779661017,1.576271186440678,0.1440677966101695,0.3813559322033898,0.6016949152542372,1.0508474576271187,0.8898305084745762,0.6186440677966102,0.2796610169491525,0.3983050847457627,1.4406779661016949,0.17796610169491525,0.22033898305084745,0.22033898305084745,1.0508474576271187,0.423728813559322,0.4152542372881356,0.5084745762711864,1.4491525423728813,0.22033898305084745,-0.05084745762711865,3.457627118644068,0.2033898305084746,0.3728813559322034,0.8813559322033898,1.5847457627118644,1.0338983050847457,0.5847457627118644,1.0508474576271187,-0.4830508474576271,1.8983050847457628,1.228813559322034,-0.00847457627118644,0.3474576271186441,3.957627118644068,1.2203389830508475,0.7457627118644068,-0.1271186440677966,0.1694915254237288,0.2796610169491525,0.2796610169491525,4.805084745762712,0.3644067796610169,0.3813559322033898,0.2966101694915254,1.5254237288135593,1.4745762711864407,1.0847457627118644,-0.05084745762711865,1.0677966101694916,1.805084745762712,1.2457627118644068,-0.1440677966101695,-0.13559322033898305,2.5254237288135593,0.4491525423728814,0.559322033898305,-0.058823529411764705,1.3529411764705883,0.773109243697479,0.9243697478991597,2.2605042016806722,0.29411764705882354,0.6470588235294118,-0.42857142857142855,1.2605042016806722,0.7142857142857143,1.4453781512605042,0.7310924369747899,1.0756302521008403,2.4201680672268906,1.0252100840336134,0.17647058823529413,0.23529411764705882,4.61344537815126,1.4873949579831933,0.17647058823529413
P16397,0.04710144927536232,0.5760869565217391,0.2463768115942029,0.17028985507246377,5.3731884057971016,0.16666666666666666,-0.07971014492753623,1.065217391304348,0.5362318840579711,0.8695652173913043,1.1702898550724639,0.16304347826086957,0.8804347826086957,1.6231884057971016,1.3876811594202898,0.21014492753623187,0.17391304347826086,4.007246376811594,1.3007246376811594,0.2210144927536232,-0.10507246376811594,2.6739130434782608,0.5543478260869565,1.4492753623188406,4.692028985507246,1.5579710144927537,2.6594202898550723,0.42028985507246375,3.5217391304347827,0.7971014492753623,1.9855072463768115,1.5108695652173914,1.6884057971014492,3.9855072463768115,1.960144927536232,-0.025362318840579712,0.37318840579710144,6.0,1.960144927536232,0.5688405797101449,0.13043478260869565,0.7536231884057971,0.2826086956521739,0.8514492753623188,4.394927536231884,-0.14855072463768115,0.15942028985507245,0.6521739130434783,1.0507246376811594,1.6666666666666667,1.891304347826087,0.17391304347826086,0.8985507246376812,2.6920289855072466,1.7028985507246377,0.13405797101449277,0.2644927536231884,4.507246376811594,1.6594202898550725,0.8623188405797102,0.11231884057971014,1.2753623188405796,0.43478260869565216,0.9347826086956522,3.880434782608696,0.6557971014492754,0.6666666666666666,1.460144927536232,1.75,2.4927536231884058,2.572463768115942,0.6739130434782609,1.2355072463768115,2.210144927536232,1.6340579710144927,0.025362318840579712,0.4311594202898551,4.079710144927536,1.0144927536231885,1.1884057971014492,-0.24372759856630824,0.4121863799283154,-0.010752688172043012,1.093189964157706,3.6487455197132617,0.41935483870967744,0.4982078853046595,0.8924731182795699,1.992831541218638,2.272401433691756,2.5448028673835124,0.08602150537634409,1.2043010752688172,3.881720430107527,1.917562724014337,0.007168458781362007,0.1971326164874552,6.684587813620071,2.6702508960573477,1.1971326164874552
P42175,0.24680851063829787,0.2297872340425532,0.6808510638297872,0.7446808510638298,2.8468085106382977,0.19148936170212766,0.6510638297872341,0.6936170212765957,0.9744680851063829,1.6212765957446809,2.0808510638297872,-0.00425531914893617,0.902127659574468,1.9191489361702128,2.5446808510638297,0.08936170212765958,0.16595744680851063,2.1702127659574466,1.2553191489361701,1.1531914893617021,0.23404255319148937,1.4382978723404256,0.7404255319148936,1.4297872340425533,5.3446808510638295,0.6553191489361702,0.6425531914893617,2.0127659574468084,0.8340425531914893,1.3914893617021276,1.2,0.948936170212766,0.3872340425531915,1.4,1.9361702127659575,0.39574468085106385,0.1276595744680851,1.9617021276595745,1.4595744680851064,0.7404255319148936,-0.13191489361702127,0.30638297872340425,0.2425531914893617,0.6170212765957447,2.3787234042553194,0.32340425531914896,0.6340425531914894,-0.3404255319148936,0.5361702127659574,0.2936170212765957,0.5148936170212766,0.2297872340425532,0.28085106382978725,1.0638297872340425,0.8085106382978723,-0.07659574468085106,-0.07659574468085106,0.7319148936170212,0.5829787234042553,0.3872340425531915,-0.0425531914893617,0.1829787234042553,1.0680851063829788,0.9106382978723404,4.651063829787234,0.14893617021276595,0.6510638297872341,1.2042553191489362,1.3148936170212766,0.9191489361702128,1.225531914893617,0.5148936170212766,0.7531914893617021,1.0723404255319149,0.9319148936170213,0.2425531914893617,0.20851063829787234,2.8,1.1191489361702127,0.4595744680851064,0.4117647058823529,-0.06722689075630252,0.6470588235294118,1.504201680672269,4.126050420168068,0.453781512605042,0.8613445378151261,1.6512605042016806,0.2605042016806723,2.0714285714285716,2.0546218487394956,0.37815126050420167,1.1638655462184875,2.857142857142857,0.8865546218487395,0.35294117647058826,0.6974789915966386,2.403361344537815,1.5294117647058822,1.2521008403361344
P12012,-0.3291139240506329,5.10126582278481,4.037974683544304,5.89873417721519,4.025316455696203,2.5569620253164556,4.227848101265823,-0.6582278481012658,4.594936708860759,-0.26582278481012656,0.02531645569620253,2.6582278481012658,-0.569620253164557,1.6835443037974684,5.430379746835443,0.7974683544303798,0.1518987341772152,6.784810126582278,3.329113924050633,-0.9873417721518988,-0.22784810126582278,3.7088607594936707,3.4683544303797467,5.848101265822785,2.9367088607594938,2.7088607594936707,3.481012658227848,1.620253164556962,2.949367088607595,0.9240506329113924,0.34177215189873417,2.050632911392405,0.3670886075949367,2.0126582278481013,2.1012658227848102,0.6455696202531646,0.12658227848101267,6.30379746835443,2.6202531645569622,0.22784810126582278,-0.20253164556962025,1.6455696202531647,1.518987341772152,3.050632911392405,2.9240506329113924,0.9240506329113924,1.8734177215189873,0.8354430379746836,2.3164556962025316,-0.21518987341772153,-0.4177215189873418,0.6075949367088608,-0.08860759493670886,0.6835443037974683,0.620253164556962,0.0759493670886076,-0.13924050632911392,3.2025316455696204,1.4683544303797469,-0.2911392405063291,-0.5822784810126582,3.1012658227848102,1.1898734177215189,3.721518987341772,3.1012658227848102,1.2151898734177216,2.7341772151898733,0.05063291139240506,2.240506329113924,-0.34177215189873417,-0.6455696202531646,1.7341772151898733,-0.3291139240506329,0.7848101265822784,2.329113924050633,-0.22784810126582278,0.20253164556962025,4.9113924050632916,2.1012658227848102,-0.3291139240506329,-0.24390243902439024,3.731707317073171,1.8658536585365855,3.658536585365854,1.451219512195122,1.9634146341463414,2.341463414634146,1.6829268292682926,3.3292682926829267,0.7682926829268293,1.4390243902439024,2.097560975609756,0.32926829268292684,0.34146341463414637,3.2439024390243905,0.3170731707317073,-0.08536585365853659,3.9634146341463414,1.7439024390243902,0.024390243902439025
Q03424,0.2786885245901639,0.8524590163934426,0.8688524590163934,1.5901639344262295,1.9508196721311475,0.8032786885245902,0.7049180327868853,-0.06557377049180328,1.9836065573770492,0.36065573770491804,-0.36065573770491804,0.36065573770491804,-0.04918032786885246,2.081967213114754,0.2459016393442623,-0.5081967213114754,-0.4262295081967213,5.672131147540983,1.9836065573770492,0.01639344262295082,-0.32786885245901637,0.32786885245901637,0.5081967213114754,0.8032786885245902,3.1475409836065573,0.21311475409836064,0.5901639344262295,1.2295081967213115,2.4262295081967213,1.5081967213114753,1.639344262295082,0.47540983606557374,0.8688524590163934,4.491803278688525,1.0655737704918034,-0.01639344262295082,0.14754098360655737,6.278688524590164,2.6885245901639343,0.39344262295081966,-0.01639344262295082,1.459016393442623,0.4262295081967213,1.4262295081967213,2.4754098360655736,0.7377049180327869,0.819672131147541,-1.2295081967213115,1.9344262295081966,1.4918032786885247,1.8524590163934427,0.7540983606557377,1.0491803278688525,3.7540983606557377,1.540983606557377,-0.26229508196721313,0.6229508196721312,3.6557377049180326,1.2295081967213115,0.819672131147541,-0.18032786885245902,0.6229508196721312,0.4098360655737705,0.8688524590163934,4.327868852459017,0.16393442622950818,0.8852459016393442,-0.6065573770491803,0.8360655737704918,2.0,2.819672131147541,0.7704918032786885,1.278688524590164,4.180327868852459,1.7704918032786885,0.0,-0.3770491803278688,3.4098360655737703,2.0491803278688523,0.8852459016393442,0.0,0.9523809523809523,0.3968253968253968,1.6984126984126984,1.619047619047619,0.1746031746031746,1.0476190476190477,1.5873015873015872,1.8888888888888888,1.8571428571428572,2.0793650793650795,1.1428571428571428,1.2063492063492063,3.873015873015873,1.6666666666666667,-0.6031746031746031,-0.6666666666666666,5.492063492063492,2.6984126984126986,1.1904761904761905
P16400,1.9375,0.6666666666666666,4.104166666666667,7.8125,11.0625,-0.041666666666666664,1.1458333333333333,8.104166666666666,1.9791666666666667,2.1041666666666665,-0.4166666666666667,2.0416666666666665,1.7083333333333333,6.25,10.041666666666666,-1.0416666666666667,0.7083333333333334,17.625,7.479166666666667,0.4791666666666667,-0.16666666666666666,0.3541666666666667,3.5625,5.416666666666667,6.208333333333333,1.8125,2.4583333333333335,2.8541666666666665,1.4791666666666667,0.7708333333333334,-0.16666666666666666,3.3125,0.16666666666666666,2.0,4.520833333333333,1.3333333333333333,0.6458333333333334,4.6875,3.6041666666666665,0.20833333333333334,-0.14583333333333334,-0.7083333333333334,2.2708333333333335,1.9583333333333333,3.9166666666666665,0.9166666666666666,1.3125,2.7708333333333335,-0.2708333333333333,0.8125,0.4375,2.9583333333333335,1.1041666666666667,0.8541666666666666,-0.16666666666666666,0.7291666666666666,0.6875,3.0,2.0833333333333335,0.7083333333333334,-0.5416666666666666,-0.2916666666666667,1.0,1.7708333333333333,6.520833333333333,-0.14583333333333334,0.3333333333333333,2.5416666666666665,-0.16666666666666666,1.3541666666666667,-1.0,1.75,-0.5,0.4375,0.4583333333333333,-0.1875,-0.08333333333333333,4.5625,2.5,1.7291666666666667,0.12244897959183673,1.3265306122448979,2.7142857142857144,1.469387755102041,5.3061224489795915,0.673469387755102,0.32653061224489793,4.244897959183674,0.5510204081632653,1.653061224489796,0.30612244897959184,1.469387755102041,0.2857142857142857,2.4285714285714284,-0.673469387755102,0.8163265306122449,0.42857142857142855,1.816326530612245,1.2653061224489797,1.0408163265306123
Q2G1N7,0.925,0.3,1.475,0.875,4.775,-0.6,-0.75,6.375,0.5,-1.15,-0.525,-1.0,-0.45,-0.525,4.0,0.6,0.75,3.5,-0.9,-0.175,0.825,-0.25,-0.35,0.4,4.4,0.15,0.075,3.725,1.025,-1.35,0.775,-0.375,0.325,2.525,2.625,0.325,0.525,7.125,1.625,-0.85,0.55,-0.1,2.175,4.325,4.425,0.825,1.175,4.625,1.175,1.275,1.6,-0.325,0.65,1.425,3.075,0.2,0.525,4.475,1.2,1.275,0.875,-0.1,-0.25,2.325,4.85,0.175,0.675,4.75,0.55,0.45,0.55,-1.05,0.975,1.275,4.225,0.275,0.1,5.0,0.9,-0.075,0.675,-0.95,1.45,1.65,4.825,0.275,-0.225,5.05,0.65,1.0,0.5,-1.275,0.1,3.0,3.35,0.25,0.2,7.55,1.05,0.65
Q45479,1.2,7.6,10.55,11.1,12.55,4.85,9.25,5.6,8.1,2.75,0.4,7.2,1.0,-2.0,12.7,4.2,3.25,-5.0,-4.45,3.05,1.7,9.1,9.85,16.1,13.65,8.9,10.35,3.6,0.9,3.7,3.35,10.65,3.55,1.7,13.1,4.7,2.25,-1.0,-2.8,4.8,-0.55,-2.35,3.55,10.65,3.7,1.5,6.35,2.6,4.15,0.1,-0.1,-1.55,0.25,-0.2,5.95,1.15,-0.5,1.1,-1.95,-1.0,5.7,5.45,7.7,4.5,15.55,9.4,13.7,2.55,10.05,-5.25,-1.85,12.0,-1.15,-5.15,20.3,8.55,6.7,7.95,-0.4,-4.65,-0.5833333333333334,8.916666666666666,7.125,6.5,0.7083333333333334,8.291666666666666,8.541666666666666,4.125,10.5,-2.9166666666666665,-4.416666666666667,5.75,-0.75,-8.5,10.333333333333334,3.25,3.625,5.666666666666667,2.7916666666666665,-0.6666666666666666
P26235,0.07575757575757576,4.636363636363637,6.5,8.318181818181818,3.8181818181818183,4.666666666666667,5.984848484848484,1.0,6.863636363636363,-1.3181818181818181,-0.5757575757575758,4.984848484848484,-1.4545454545454546,-0.7272727272727273,3.6818181818181817,0.3333333333333333,1.4242424242424243,7.257575757575758,2.5,-1.4090909090909092,-0.803030303030303,2.8333333333333335,3.0,7.924242424242424,3.515151515151515,3.393939393939394,3.8333333333333335,1.4848484848484849,4.666666666666667,0.0,0.015151515151515152,2.803030303030303,0.6212121212121212,1.8636363636363635,1.8333333333333333,0.19696969696969696,-0.36363636363636365,5.742424242424242,3.1363636363636362,-0.09090909090909091,0.06060606060606061,1.8484848484848484,2.484848484848485,3.9242424242424243,1.3484848484848484,1.4393939393939394,3.0757575757575757,-0.696969696969697,2.772727272727273,-0.10606060606060606,-1.2121212121212122,1.8333333333333333,-0.6666666666666666,-1.0454545454545454,3.590909090909091,-0.030303030303030304,0.7424242424242424,0.8333333333333334,0.3181818181818182,-0.3333333333333333,0.10606060606060606,4.515151515151516,3.0,5.166666666666667,4.96969696969697,4.5606060606060606,3.0757575757575757,1.196969696969697,3.5606060606060606,0.07575757575757576,-0.3333333333333333,4.878787878787879,-0.7121212121212122,0.8333333333333334,1.7121212121212122,0.4090909090909091,0.24242424242424243,0.09090909090909091,2.590909090909091,-0.6666666666666666,0.18840579710144928,1.565217391304348,3.8115942028985508,6.9855072463768115,6.202898550724638,3.0,4.6521739130434785,3.898550724637681,3.9855072463768115,-0.36231884057971014,-0.5652173913043478,1.3043478260869565,0.34782608695652173,0.463768115942029,2.7681159420289854,0.9420289855072463,0.2753623188405797,3.898550724637681,1.0434782608695652,-0.10144927536231885
P15555,0.2535211267605634,0.971830985915493,0.5915492957746479,1.4366197183098592,3.4507042253521125,-0.15492957746478872,0.39436619718309857,1.1549295774647887,1.267605633802817,-0.8028169014084507,0.8028169014084507,0.6619718309859155,0.5915492957746479,0.7746478873239436,0.9577464788732394,0.43661971830985913,0.29577464788732394,5.309859154929577,0.9436619718309859,-0.647887323943662,0.30985915492957744,2.4788732394366195,1.732394366197183,1.1267605633802817,6.859154929577465,1.0422535211267605,1.5492957746478873,2.943661971830986,3.0140845070422535,2.323943661971831,1.6901408450704225,1.056338028169014,1.0704225352112675,3.112676056338028,0.9014084507042254,-0.43661971830985913,0.1267605633802817,5.295774647887324,2.0,1.2535211267605635,0.16901408450704225,-0.09859154929577464,0.8309859154929577,0.3380281690140845,5.887323943661972,-0.16901408450704225,-0.49295774647887325,1.0845070422535212,1.732394366197183,0.647887323943662,-1.267605633802817,0.352112676056338,0.8732394366197183,2.5492957746478875,2.8028169014084505,0.9014084507042254,0.9154929577464789,6.154929577464789,0.9295774647887324,0.8591549295774648,-0.07042253521126761,1.380281690140845,0.5774647887323944,1.0985915492957747,5.267605633802817,-0.1267605633802817,0.7464788732394366,-1.1690140845070423,1.1971830985915493,1.6619718309859155,0.9295774647887324,0.8450704225352113,-0.9154929577464789,0.704225352112676,2.056338028169014,0.028169014084507043,-0.04225352112676056,-0.8309859154929577,0.2676056338028169,0.704225352112676,0.041666666666666664,1.0277777777777777,-0.08333333333333333,1.4027777777777777,5.319444444444445,0.4722222222222222,0.7638888888888888,0.125,1.8055555555555556,1.4861111111111112,1.4027777777777777,0.8333333333333334,0.9305555555555556,1.8055555555555556,1.3055555555555556,-0.18055555555555555,0.0,3.5694444444444446,1.4027777777777777,0.9583333333333334
Q2RKV6,0.18867924528301888,2.3962264150943398,3.207547169811321,6.962264150943396,7.981132075471698,0.05660377358490566,3.2641509433962264,3.7735849056603774,3.660377358490566,4.339622641509434,4.547169811320755,1.4150943396226414,1.5849056603773586,5.69811320754717,5.547169811320755,0.8867924528301887,1.0,6.830188679245283,3.0377358490566038,4.09433962264151,3.30188679245283,4.113207547169812,2.8679245283018866,2.9245283018867925,11.60377358490566,1.4528301886792452,2.5849056603773586,8.018867924528301,3.018867924528302,5.471698113207547,6.283018867924528,3.30188679245283,4.660377358490566,4.962264150943396,5.867924528301887,3.2830188679245285,4.320754716981132,9.981132075471699,2.8679245283018866,4.622641509433962,3.811320754716981,6.339622641509434,4.69811320754717,4.0754716981132075,7.30188679245283,1.320754716981132,2.30188679245283,8.226415094339623,5.377358490566038,2.7735849056603774,2.811320754716981,3.5660377358490565,1.3396226415094339,4.584905660377358,8.754716981132075,2.5283018867924527,0.7169811320754716,9.037735849056604,4.377358490566038,2.3962264150943398,0.24528301886792453,1.8679245283018868,1.528301886792453,3.4339622641509435,3.509433962264151,0.1509433962264151,0.7547169811320755,6.830188679245283,-0.018867924528301886,2.641509433962264,-0.41509433962264153,0.6415094339622641,0.4716981132075472,1.8679245283018868,5.6415094339622645,1.169811320754717,1.3962264150943395,7.433962264150943,1.5660377358490567,2.0754716981132075,0.2631578947368421,0.43859649122807015,1.3508771929824561,1.8421052631578947,4.578947368421052,0.2982456140350877,0.7368421052631579,2.3157894736842106,1.894736842105263,4.333333333333333,2.6140350877192984,0.0,1.1403508771929824,5.298245614035087,2.0701754385964914,0.017543859649122806,0.5263157894736842,7.140350877192983,2.43859649122807,2.754385964912281
P96501,0.4489795918367347,0.5918367346938775,-1.2653061224489797,1.163265306122449,7.26530612244898,-0.6326530612244898,1.7755102040816326,1.510204081632653,2.857142857142857,1.0,1.5918367346938775,0.7959183673469388,-0.6122448979591837,6.612244897959184,5.816326530612245,-0.3673469387755102,0.2857142857142857,9.46938775510204,3.673469387755102,1.3061224489795917,-0.2653061224489796,0.8979591836734694,0.12244897959183673,-1.0204081632653061,7.204081632653061,-0.16326530612244897,0.7959183673469388,1.346938775510204,3.7346938775510203,1.9795918367346939,2.061224489795918,0.08163265306122448,1.9183673469387754,6.204081632653061,5.428571428571429,-0.32653061224489793,-0.8775510204081632,11.204081632653061,3.795918367346939,1.8571428571428572,0.061224489795918366,1.3877551020408163,1.6734693877551021,0.7142857142857143,6.469387755102041,-0.16326530612244897,0.6530612244897959,-0.24489795918367346,2.061224489795918,1.836734693877551,1.7551020408163265,0.6530612244897959,0.7755102040816326,2.5918367346938775,3.061224489795918,0.6938775510204082,0.46938775510204084,6.1020408163265305,1.7346938775510203,1.489795918367347,0.7551020408163265,1.3673469387755102,0.5918367346938775,0.6122448979591837,6.020408163265306,-0.4489795918367347,0.2857142857142857,0.5102040816326531,3.020408163265306,2.2857142857142856,1.836734693877551,0.3673469387755102,1.5510204081632653,3.6530612244897958,2.36734693877551,0.3469387755102041,0.5714285714285714,8.979591836734693,2.183673469387755,0.9591836734693877,-0.40384615384615385,2.9615384615384617,0.4807692307692308,1.9423076923076923,9.615384615384615,-2.1538461538461537,1.6346153846153846,5.096153846153846,4.961538461538462,2.4423076923076925,2.0,1.0384615384615385,0.9038461538461539,6.096153846153846,8.038461538461538,-0.4423076923076923,1.0576923076923077,12.576923076923077,5.384615384615385,1.5961538461538463
Q59118,0.007936507936507936,0.6111111111111112,0.2777777777777778,0.8809523809523809,4.436507936507937,0.1746031746031746,0.29365079365079366,1.3492063492063493,0.373015873015873,0.07142857142857142,0.9603174603174603,-0.2222222222222222,0.6587301587301587,2.3412698412698414,-0.6031746031746031,-0.031746031746031744,0.14285714285714285,6.055555555555555,2.142857142857143,0.5476190476190477,0.8650793650793651,0.5634920634920635,0.6349206349206349,0.047619047619047616,5.428571428571429,0.4603174603174603,0.1984126984126984,1.7142857142857142,1.5,1.4126984126984128,1.507936507936508,0.7777777777777778,0.42857142857142855,2.3253968253968256,0.8809523809523809,0.5555555555555556,0.5079365079365079,5.007936507936508,1.3968253968253967,0.5158730158730159,0.6666666666666666,0.4444444444444444,1.1666666666666667,1.5238095238095237,5.119047619047619,0.9761904761904762,2.007936507936508,2.2857142857142856,0.6746031746031746,1.119047619047619,1.3650793650793651,1.3015873015873016,0.7301587301587301,0.6746031746031746,1.5476190476190477,0.4603174603174603,0.23809523809523808,4.531746031746032,-0.2698412698412698,0.9126984126984127,0.23809523809523808,0.8253968253968254,0.1746031746031746,2.1587301587301586,6.174603174603175,0.5555555555555556,0.5634920634920635,2.5952380952380953,-0.24603174603174602,1.2857142857142858,1.1984126984126984,0.5,0.9365079365079365,2.2063492063492065,2.1984126984126986,0.48412698412698413,0.2857142857142857,4.968253968253968,-0.29365079365079366,0.1111111111111111,0.8923076923076924,1.2307692307692308,1.353846153846154,1.123076923076923,6.323076923076923,1.1384615384615384,0.5076923076923077,3.7153846153846155,1.4307692307692308,2.753846153846154,2.8230769230769233,1.476923076923077,1.4692307692307693,2.4615384615384617,1.853846153846154,0.6923076923076923,0.09230769230769231,5.561538461538461,2.7615384615384615,1.2153846153846153
P81102,-0.2,-2.4,3.8333333333333335,-2.7,11.666666666666666,0.1,-0.8333333333333334,7.566666666666666,1.4,3.0,3.0,1.3333333333333333,1.0666666666666667,6.933333333333334,1.3333333333333333,-0.2,1.5666666666666667,12.633333333333333,4.266666666666667,1.6333333333333333,0.7,0.5333333333333333,1.2333333333333334,3.3,5.566666666666666,1.7333333333333334,1.2666666666666666,3.2,1.1666666666666667,3.033333333333333,2.5,0.8666666666666667,1.1666666666666667,3.7666666666666666,4.0,1.0,0.5,4.633333333333334,2.1,1.1333333333333333,0.3333333333333333,0.1,0.26666666666666666,-0.23333333333333334,2.533333333333333,-0.43333333333333335,-0.16666666666666666,0.5,0.23333333333333334,0.3333333333333333,0.0,-0.23333333333333334,0.36666666666666664,0.5333333333333333,0.03333333333333333,0.23333333333333334,0.3,0.9666666666666667,-0.3,-0.2,0.3333333333333333,1.9,0.03333333333333333,4.033333333333333,1.0333333333333334,-0.7333333333333333,1.5333333333333334,0.3333333333333333,2.4,2.2333333333333334,0.4666666666666667,2.466666666666667,-0.3,3.933333333333333,4.1,0.06666666666666667,0.5333333333333333,3.5,3.033333333333333,1.1666666666666667,0.8125,0.125,1.5,0.40625,5.40625,1.125,-0.34375,4.21875,1.9375,1.75,1.75,-0.3125,0.9375,3.0,-2.46875,0.96875,1.15625,8.5,2.6875,0.375
P07883,0.29411764705882354,0.9215686274509803,0.47058823529411764,1.2745098039215685,3.9019607843137254,0.0196078431372549,1.0392156862745099,1.1568627450980393,1.4509803921568627,0.13725490196078433,0.3137254901960784,-0.0784313725490196,0.0784313725490196,1.7843137254901962,0.47058823529411764,0.17647058823529413,0.4117647058823529,3.4901960784313726,1.6274509803921569,0.0784313725490196,0.0,0.058823529411764705,-0.47058823529411764,0.5686274509803921,5.392156862745098,-0.0196078431372549,0.5294117647058824,-0.7450980392156863,0.9411764705882353,3.2745098039215685,2.843137254901961,-0.17647058823529413,1.0392156862745099,1.2745098039215685,-1.2941176470588236,-0.11764705882352941,-0.21568627450980393,-1.0,-0.27450980392156865,1.5294117647058822,0.39215686274509803,1.5686274509803921,1.0196078431372548,-0.47058823529411764,4.901960784313726,0.7450980392156863,0.8627450980392157,1.4705882352941178,1.7843137254901962,0.09803921568627451,0.5294117647058824,0.9411764705882353,-0.7058823529411765,0.0,1.1568627450980393,0.3137254901960784,-0.0784313725490196,3.0392156862745097,-1.3137254901960784,0.37254901960784315,0.4117647058823529,1.411764705882353,1.2549019607843137,1.392156862745098,4.0,0.7647058823529411,0.6862745098039216,0.5490196078431373,0.27450980392156865,1.9215686274509804,2.215686274509804,0.9215686274509803,1.6666666666666667,1.7450980392156863,0.9019607843137255,0.5294117647058824,0.43137254901960786,1.2156862745098038,0.47058823529411764,0.5686274509803921,-0.12727272727272726,0.45454545454545453,-0.43636363636363634,-1.709090909090909,4.781818181818182,-0.01818181818181818,0.0,1.1090909090909091,0.12727272727272726,1.4545454545454546,1.6545454545454545,-0.01818181818181818,-0.12727272727272726,0.3090909090909091,-0.8909090909090909,0.14545454545454545,0.10909090909090909,0.5636363636363636,-0.9090909090909091,1.1272727272727272
Q5HJF4,0.3597122302158273,0.6474820143884892,0.28776978417266186,1.064748201438849,4.546762589928058,0.5179856115107914,0.39568345323741005,1.20863309352518,0.8705035971223022,0.9784172661870504,1.7194244604316546,0.34532374100719426,0.37410071942446044,2.302158273381295,1.1366906474820144,0.17985611510791366,0.15827338129496402,3.5467625899280577,0.9136690647482014,0.7769784172661871,0.43884892086330934,0.8992805755395683,0.6330935251798561,1.1366906474820144,3.6402877697841727,0.26618705035971224,0.7985611510791367,1.9280575539568345,1.2446043165467626,0.7338129496402878,0.18705035971223022,0.11510791366906475,-0.02877697841726619,1.158273381294964,2.3309352517985613,0.16546762589928057,0.34532374100719426,4.028776978417266,0.9424460431654677,0.6115107913669064,0.014388489208633094,1.0935251798561152,0.7985611510791367,1.158273381294964,2.352517985611511,0.9640287769784173,0.20863309352517986,0.9136690647482014,0.7841726618705036,0.7410071942446043,0.2517985611510791,0.9064748201438849,-0.1079136690647482,2.028776978417266,1.2805755395683454,0.04316546762589928,-0.06474820143884892,4.41726618705036,0.6402877697841727,0.6906474820143885,0.4316546762589928,1.1151079136690647,0.7050359712230215,0.08633093525179857,5.35251798561151,0.5539568345323741,0.4172661870503597,2.4964028776978417,0.841726618705036,1.2374100719424461,1.4028776978417266,0.39568345323741005,0.2446043165467626,1.6258992805755397,2.9424460431654675,0.5179856115107914,0.23741007194244604,4.014388489208633,0.9064748201438849,0.8633093525179856,0.20279720279720279,1.118881118881119,0.42657342657342656,1.3636363636363635,4.475524475524476,0.3006993006993007,0.5804195804195804,1.4825174825174825,0.8181818181818182,2.4335664335664338,2.0489510489510487,0.1258741258741259,0.986013986013986,2.9510489510489513,1.1538461538461537,0.2517482517482518,-0.11188811188811189,6.13986013986014,2.2937062937062938,1.4125874125874125
P46033,0.05952380952380952,1.7023809523809523,2.357142857142857,-0.47619047619047616,4.595238095238095,1.2023809523809523,0.5833333333333334,3.5357142857142856,2.9642857142857144,0.5833333333333334,2.630952380952381,1.4880952380952381,0.7261904761904762,0.5952380952380952,3.6666666666666665,2.238095238095238,0.9047619047619048,4.916666666666667,1.5714285714285714,0.4523809523809524,-0.011904761904761904,0.05952380952380952,0.25,0.2976190476190476,2.8095238095238093,-0.10714285714285714,-0.08333333333333333,1.0595238095238095,0.35714285714285715,1.2261904761904763,1.2380952380952381,-0.5952380952380952,1.1071428571428572,1.369047619047619,1.4404761904761905,0.14285714285714285,0.6071428571428571,1.6785714285714286,0.07142857142857142,0.9642857142857143,0.44047619047619047,3.75,1.5833333333333333,2.4404761904761907,3.9642857142857144,1.9642857142857142,2.7738095238095237,2.642857142857143,-0.047619047619047616,1.9642857142857142,1.7261904761904763,2.6666666666666665,0.3333333333333333,1.4404761904761905,5.035714285714286,1.1785714285714286,1.0952380952380953,5.2976190476190474,1.2380952380952381,2.488095238095238,-0.5714285714285714,0.2619047619047619,-0.36904761904761907,2.9761904761904763,5.154761904761905,2.630952380952381,2.4166666666666665,1.4166666666666667,2.2857142857142856,3.738095238095238,4.154761904761905,1.0119047619047619,2.8333333333333335,3.4166666666666665,3.392857142857143,0.4642857142857143,1.630952380952381,6.583333333333333,1.0714285714285714,1.880952380952381,-0.22727272727272727,1.9431818181818181,1.0795454545454546,0.19318181818181818,5.2272727272727275,0.7159090909090909,1.1022727272727273,2.5568181818181817,1.2045454545454546,1.9090909090909092,0.38636363636363635,0.625,1.2840909090909092,3.0113636363636362,3.0113636363636362,0.38636363636363635,0.9318181818181818,8.193181818181818,2.090909090909091,1.7840909090909092
Q47N75,0.265625,0.515625,1.109375,1.140625,9.6875,-0.15625,-0.125,5.765625,3.75,1.28125,0.875,-0.78125,1.9375,6.453125,4.78125,1.0625,0.984375,11.921875,6.171875,2.1875,1.53125,-0.109375,0.828125,1.46875,11.953125,0.078125,-0.40625,5.140625,2.046875,1.6875,0.84375,0.421875,2.6875,1.625,5.25,1.34375,0.265625,10.96875,2.96875,1.859375,1.109375,4.3125,0.96875,1.65625,8.015625,1.453125,0.265625,6.21875,1.96875,4.140625,2.96875,2.09375,1.453125,1.34375,1.03125,1.546875,1.453125,9.859375,3.296875,3.09375,2.46875,2.203125,3.546875,1.53125,5.921875,1.03125,-0.9375,7.484375,1.859375,1.546875,1.46875,0.0,0.484375,-2.75,7.46875,1.375,1.765625,7.453125,2.046875,0.3125,3.5303030303030303,3.3484848484848486,4.696969696969697,6.318181818181818,9.621212121212121,4.409090909090909,5.7727272727272725,6.818181818181818,3.9545454545454546,5.696969696969697,5.666666666666667,3.772727272727273,2.378787878787879,7.787878787878788,8.772727272727273,4.151515151515151,4.378787878787879,8.666666666666666,5.575757575757576,5.575757575757576
Q45068,0.25301204819277107,2.5903614457831323,2.4698795180722892,3.8433734939759034,3.0120481927710845,1.5542168674698795,2.963855421686747,1.7710843373493976,3.1927710843373496,0.3614457831325301,0.27710843373493976,1.7108433734939759,-0.26506024096385544,1.4457831325301205,2.963855421686747,0.14457831325301204,-0.5542168674698795,4.337349397590361,1.3734939759036144,0.2289156626506024,-0.3493975903614458,2.108433734939759,1.0963855421686748,3.0963855421686746,3.674698795180723,1.2530120481927711,2.5421686746987953,-1.036144578313253,2.5903614457831323,0.21686746987951808,-0.12048192771084337,0.963855421686747,-0.5060240963855421,-0.6506024096385542,4.180722891566265,0.0963855421686747,0.4578313253012048,3.566265060240964,0.43373493975903615,0.25301204819277107,-0.9759036144578314,3.144578313253012,2.746987951807229,4.72289156626506,3.8072289156626504,2.1686746987951806,3.289156626506024,1.3493975903614457,3.9518072289156625,1.3975903614457832,1.3132530120481927,2.2289156626506026,0.04819277108433735,1.5180722891566265,3.746987951807229,0.13253012048192772,0.3132530120481928,4.927710843373494,2.3132530120481927,1.0120481927710843,0.4457831325301205,4.0602409638554215,2.1566265060240966,4.590361445783133,2.8313253012048194,1.4096385542168675,2.4096385542168677,0.8674698795180723,2.0240963855421685,0.3253012048192771,0.04819277108433735,2.4578313253012047,-0.060240963855421686,0.9397590361445783,3.8674698795180724,0.2289156626506024,0.3253012048192771,4.662650602409639,0.9759036144578314,-0.04819277108433735,0.37349397590361444,1.7469879518072289,2.2771084337349397,3.4939759036144578,4.144578313253012,1.4096385542168675,2.216867469879518,0.8674698795180723,2.397590361445783,0.30120481927710846,-0.3132530120481928,1.5542168674698795,0.3253012048192771,1.2530120481927711,2.6144578313253013,0.1566265060240964,0.024096385542168676,4.180722891566265,1.2771084337349397,0.42168674698795183
Q8RP81,0.24675324675324675,3.896103896103896,3.8051948051948052,3.272727272727273,9.948051948051948,3.4155844155844157,-0.5064935064935064,3.727272727272727,6.792207792207792,2.038961038961039,4.753246753246753,2.4545454545454546,5.064935064935065,8.181818181818182,8.558441558441558,1.025974025974026,0.07792207792207792,16.558441558441558,7.48051948051948,0.6233766233766234,-0.987012987012987,6.740259740259741,4.64935064935065,8.337662337662337,10.077922077922079,5.220779220779221,5.3896103896103895,1.5064935064935066,6.597402597402597,5.3896103896103895,4.792207792207792,3.7662337662337664,2.5584415584415585,9.285714285714286,6.181818181818182,1.2337662337662338,2.675324675324675,20.376623376623378,9.61038961038961,5.402597402597403,-0.5454545454545454,4.857142857142857,3.25974025974026,2.5194805194805197,6.571428571428571,2.5324675324675323,1.7662337662337662,2.1298701298701297,4.883116883116883,3.1948051948051948,5.623376623376624,-0.025974025974025976,3.948051948051948,6.857142857142857,6.714285714285714,1.0389610389610389,0.8701298701298701,14.493506493506494,4.701298701298701,4.779220779220779,0.6493506493506493,3.688311688311688,3.935064935064935,0.012987012987012988,8.675324675324676,2.220779220779221,0.45454545454545453,6.636363636363637,6.402597402597403,2.142857142857143,2.2987012987012987,0.11688311688311688,3.5324675324675323,6.532467532467533,10.480519480519481,2.2467532467532467,2.116883116883117,12.558441558441558,7.038961038961039,2.909090909090909,0.05,1.875,1.1,1.5625,5.6375,1.2625,0.95,2.45,2.025,1.4,2.7125,0.6875,1.4625,4.4,6.95,0.4,1.35,10.7625,3.3625,1.8375
Q8G4V2,0.20175438596491227,1.6228070175438596,2.236842105263158,1.8421052631578947,8.359649122807017,1.631578947368421,1.0087719298245614,5.166666666666667,3.956140350877193,0.4298245614035088,0.19298245614035087,-0.9649122807017544,2.008771929824561,3.7017543859649122,4.491228070175438,0.9385964912280702,1.1754385964912282,11.307017543859649,5.254385964912281,1.0701754385964912,0.5701754385964912,2.1491228070175437,0.5526315789473685,2.026315789473684,8.192982456140351,1.280701754385965,1.6491228070175439,2.1491228070175437,1.1666666666666667,1.4473684210526316,2.06140350877193,1.4649122807017543,2.043859649122807,2.6578947368421053,7.052631578947368,1.7456140350877194,1.4736842105263157,5.719298245614035,-0.13157894736842105,1.263157894736842,1.1754385964912282,2.017543859649123,1.5964912280701755,-0.5350877192982456,6.87719298245614,1.4824561403508771,0.7631578947368421,4.175438596491228,3.3333333333333335,1.105263157894737,1.1403508771929824,0.40350877192982454,1.6228070175438596,1.7017543859649122,4.771929824561403,0.7368421052631579,1.2719298245614035,5.342105263157895,3.491228070175439,1.3859649122807018,-0.24561403508771928,0.07017543859649122,0.37719298245614036,0.9736842105263158,7.947368421052632,0.22807017543859648,0.7543859649122807,2.675438596491228,-0.08771929824561403,1.2719298245614035,1.456140350877193,0.38596491228070173,0.34210526315789475,1.1929824561403508,4.280701754385965,0.7982456140350878,0.5614035087719298,4.421052631578948,0.8333333333333334,1.1666666666666667,0.7456140350877193,1.605263157894737,1.8859649122807018,2.7280701754385963,6.7894736842105265,1.4385964912280702,1.236842105263158,6.078947368421052,2.280701754385965,2.0350877192982457,0.49122807017543857,1.7280701754385965,0.7543859649122807,3.2280701754385963,5.947368421052632,0.8245614035087719,0.5701754385964912,7.62280701754386,2.9210526315789473,1.8333333333333333
P43163,0.6571428571428571,1.8571428571428572,2.2,3.5142857142857142,2.4,0.9428571428571428,2.0285714285714285,-0.45714285714285713,3.4571428571428573,2.2,2.4571428571428573,1.0857142857142856,1.4,3.857142857142857,0.8571428571428571,0.22857142857142856,-0.2857142857142857,5.914285714285715,2.8285714285714287,0.8857142857142857,1.0571428571428572,-0.2571428571428571,0.42857142857142855,1.1142857142857143,2.3142857142857145,0.2857142857142857,-0.17142857142857143,1.0285714285714285,1.5142857142857142,1.2857142857142858,1.6285714285714286,-0.11428571428571428,0.7142857142857143,1.9142857142857144,0.4,0.3142857142857143,0.22857142857142856,6.2,1.4857142857142858,0.14285714285714285,-0.5142857142857142,-0.08571428571428572,1.1142857142857143,0.5142857142857142,3.0,0.45714285714285713,0.45714285714285713,1.5142857142857142,1.2,3.3142857142857145,3.257142857142857,0.4857142857142857,1.3142857142857143,2.8285714285714287,2.5428571428571427,0.8285714285714286,0.2,5.142857142857143,1.4857142857142858,1.6285714285714286,0.08571428571428572,0.3142857142857143,0.2,1.7714285714285714,4.114285714285714,-0.5142857142857142,0.6857142857142857,0.7428571428571429,-0.08571428571428572,3.1714285714285713,3.1142857142857143,0.5714285714285714,1.2,1.542857142857143,3.0285714285714285,-0.4857142857142857,-0.8285714285714286,3.942857142857143,0.2857142857142857,2.2,0.8461538461538461,0.358974358974359,-0.6923076923076923,0.4358974358974359,2.1025641025641026,-0.3076923076923077,-0.02564102564102564,-0.23076923076923078,1.564102564102564,3.7948717948717947,2.4615384615384617,-0.38461538461538464,1.0,3.6153846153846154,1.8974358974358974,-0.1794871794871795,0.28205128205128205,4.743589743589744,2.1538461538461537,1.8717948717948718
P0A5T0,-0.4,0.4666666666666667,1.8333333333333333,1.3666666666666667,4.133333333333334,0.9333333333333333,0.7666666666666667,4.2,2.2666666666666666,0.8666666666666667,1.2333333333333334,1.3333333333333333,0.0,4.2,0.4,-0.3,-0.7333333333333333,7.066666666666666,1.8333333333333333,0.4,0.4666666666666667,0.7,1.7666666666666666,1.8666666666666667,5.2,1.7333333333333334,1.1333333333333333,-0.26666666666666666,2.566666666666667,3.566666666666667,4.533333333333333,-0.4666666666666667,2.3,6.633333333333334,1.7,1.6333333333333333,1.1666666666666667,6.0,3.5,2.3,1.2666666666666666,0.6666666666666666,1.0333333333333334,-0.9333333333333333,5.566666666666666,-0.26666666666666666,-0.3333333333333333,2.2666666666666666,-0.06666666666666667,-0.8666666666666667,1.3333333333333333,0.9666666666666667,0.43333333333333335,3.8333333333333335,0.8,-0.13333333333333333,-0.26666666666666666,11.233333333333333,2.466666666666667,-1.3666666666666667,-0.1,0.23333333333333334,3.1,3.4,2.1333333333333333,1.9666666666666666,1.2666666666666666,3.1666666666666665,4.3,0.9,1.6,1.2666666666666666,0.0,3.533333333333333,5.4,1.0666666666666667,0.43333333333333335,9.6,1.8333333333333333,0.8,3.5625,3.25,1.03125,-0.34375,7.53125,2.375,1.96875,7.15625,2.625,2.8125,3.65625,3.15625,2.59375,-0.875,2.0,3.0625,3.03125,1.90625,-2.5625,1.875
P0A668,0.8571428571428571,1.0714285714285714,1.1071428571428572,2.25,2.7142857142857144,0.5714285714285714,1.1785714285714286,1.1428571428571428,2.392857142857143,1.5714285714285714,1.4642857142857142,0.17857142857142858,0.6428571428571429,3.1785714285714284,1.5357142857142858,0.5357142857142857,-0.4642857142857143,3.607142857142857,1.4642857142857142,0.75,0.03571428571428571,0.6428571428571429,0.21428571428571427,1.4285714285714286,2.0357142857142856,0.17857142857142858,0.5714285714285714,0.03571428571428571,2.0357142857142856,1.4285714285714286,1.5357142857142858,0.35714285714285715,0.6785714285714286,4.75,0.21428571428571427,0.39285714285714285,0.10714285714285714,7.678571428571429,2.607142857142857,0.6428571428571429,0.5357142857142857,1.8928571428571428,0.8214285714285714,0.4642857142857143,7.285714285714286,0.7857142857142857,-0.5,4.071428571428571,1.8214285714285714,1.7142857142857142,0.6428571428571429,1.0714285714285714,1.6785714285714286,2.25,3.4285714285714284,0.4642857142857143,0.14285714285714285,8.785714285714286,2.7857142857142856,1.25,0.5357142857142857,1.7142857142857142,1.0,-0.14285714285714285,5.321428571428571,0.07142857142857142,0.6071428571428571,3.4642857142857144,1.75,2.5357142857142856,2.5,0.25,1.2142857142857142,2.5357142857142856,3.142857142857143,0.39285714285714285,0.75,3.7857142857142856,0.9285714285714286,1.4642857142857142,-0.3225806451612903,3.129032258064516,-2.0,-0.3870967741935484,5.612903225806452,1.3548387096774193,2.2580645161290325,1.967741935483871,1.935483870967742,-1.4838709677419355,-0.6129032258064516,2.3870967741935485,-0.5483870967741935,3.870967741935484,1.3870967741935485,0.5806451612903226,-0.4838709677419355,10.129032258064516,2.4516129032258065,-1.1612903225806452
P39046,0.08130081300813008,0.8699186991869918,0.6341463414634146,1.1788617886178863,3.959349593495935,-0.13008130081300814,0.056910569105691054,1.3252032520325203,1.008130081300813,1.4552845528455285,1.0406504065040652,0.08130081300813008,0.34959349593495936,2.2357723577235773,1.016260162601626,0.14634146341463414,0.3821138211382114,5.821138211382114,1.2845528455284554,0.7967479674796748,0.34146341463414637,1.1544715447154472,0.2764227642276423,0.11382113821138211,1.1951219512195121,0.2682926829268293,0.5853658536585366,1.2439024390243902,1.056910569105691,1.5691056910569106,1.6016260162601625,0.056910569105691054,1.4634146341463414,2.731707317073171,0.6829268292682927,0.5121951219512195,0.7235772357723578,4.040650406504065,0.9105691056910569,0.6747967479674797,-0.10569105691056911,1.1544715447154472,0.3902439024390244,0.6910569105691057,2.113821138211382,0.13008130081300814,0.04065040650406504,0.4634146341463415,1.056910569105691,0.8617886178861789,1.91869918699187,0.1951219512195122,1.3333333333333333,2.8780487804878048,1.170731707317073,0.3821138211382114,0.5609756097560976,6.821138211382114,1.7235772357723578,0.4715447154471545,-0.016260162601626018,2.024390243902439,0.8130081300813008,0.9024390243902439,1.3495934959349594,0.4146341463414634,1.065040650406504,-0.016260162601626018,1.8130081300813008,1.9268292682926829,2.2764227642276422,0.7398373983739838,2.5203252032520327,3.5040650406504064,1.4715447154471544,-0.08943089430894309,0.5772357723577236,7.08130081300813,1.7154471544715446,1.2195121951219512,0.3467741935483871,1.6693548387096775,0.3387096774193548,0.782258064516129,2.4838709677419355,0.29838709677419356,0.47580645161290325,0.024193548387096774,1.2338709677419355,1.0161290322580645,2.185483870967742,-0.0967741935483871,1.903225806451613,1.967741935483871,1.75,-0.024193548387096774,0.7419354838709677,4.983870967741935,1.1451612903225807,0.8629032258064516
O05724,2.739130434782609,4.304347826086956,3.0434782608695654,4.3478260869565215,9.521739130434783,2.0434782608695654,3.5652173913043477,7.130434782608695,4.0,2.130434782608696,3.9130434782608696,0.5217391304347826,2.869565217391304,4.3478260869565215,6.6521739130434785,3.4782608695652173,2.4347826086956523,10.26086956521739,2.782608695652174,1.173913043478261,4.739130434782608,7.3478260869565215,4.956521739130435,2.652173913043478,8.521739130434783,5.826086956521739,4.826086956521739,7.478260869565218,2.608695652173913,2.260869565217391,5.304347826086956,5.260869565217392,3.260869565217391,-2.260869565217391,0.0,4.173913043478261,2.9130434782608696,2.608695652173913,-2.739130434782609,2.5652173913043477,-0.9565217391304348,5.434782608695652,4.869565217391305,1.391304347826087,4.956521739130435,3.869565217391304,1.7391304347826086,4.913043478260869,8.391304347826088,0.8695652173913043,3.8260869565217392,3.6956521739130435,2.0869565217391304,8.434782608695652,5.086956521739131,2.260869565217391,0.6521739130434783,16.130434782608695,8.0,-3.9130434782608696,3.1739130434782608,0.7391304347826086,0.8695652173913043,2.260869565217391,7.173913043478261,0.9130434782608695,-2.6956521739130435,10.391304347826088,1.0434782608695652,2.391304347826087,1.173913043478261,-1.0869565217391304,3.0869565217391304,3.869565217391304,1.9565217391304348,2.5652173913043477,1.826086956521739,10.130434782608695,0.9130434782608695,4.043478260869565,0.4782608695652174,0.9130434782608695,2.4347826086956523,2.130434782608696,7.086956521739131,1.6521739130434783,3.1739130434782608,3.6956521739130435,2.0869565217391304,1.9130434782608696,3.0869565217391304,1.0434782608695652,3.5652173913043477,5.695652173913044,3.347826086956522,1.5217391304347827,2.1739130434782608,6.478260869565218,2.4347826086956523,1.0434782608695652
P11701,0.21476510067114093,0.8389261744966443,0.6711409395973155,0.8187919463087249,3.8187919463087248,0.5100671140939598,0.42953020134228187,1.2416107382550337,1.5906040268456376,1.8523489932885906,3.2416107382550337,0.4697986577181208,1.2751677852348993,5.818791946308725,1.0,1.1610738255033557,1.8724832214765101,8.026845637583893,3.5906040268456376,0.18791946308724833,-0.06040268456375839,0.3624161073825503,-0.12080536912751678,-0.2348993288590604,4.342281879194631,-0.2751677852348993,0.2214765100671141,1.25503355704698,0.5503355704697986,1.3288590604026846,1.6979865771812082,-0.18791946308724833,0.9664429530201343,1.4563758389261745,1.4429530201342282,-0.026845637583892617,0.4697986577181208,2.0805369127516777,0.2550335570469799,1.2953020134228188,0.3288590604026846,0.18791946308724833,-0.013422818791946308,0.4228187919463087,3.5436241610738257,-0.2483221476510067,0.053691275167785234,0.8523489932885906,0.33557046979865773,1.651006711409396,1.5503355704697988,-0.09395973154362416,1.0469798657718121,0.7785234899328859,1.4563758389261745,0.026845637583892617,0.10067114093959731,2.738255033557047,0.48322147651006714,1.2483221476510067,0.26174496644295303,1.1073825503355705,1.0939597315436242,0.9664429530201343,3.879194630872483,0.6912751677852349,0.8523489932885906,0.5100671140939598,1.4563758389261745,1.2953020134228188,1.1275167785234899,0.7583892617449665,0.3624161073825503,1.8926174496644295,1.3355704697986577,-0.06711409395973154,-0.33557046979865773,3.302013422818792,0.6442953020134228,0.8993288590604027,0.3422818791946309,1.3355704697986577,0.5369127516778524,0.8859060402684564,4.174496644295302,0.3959731543624161,0.5100671140939598,1.429530201342282,1.2416107382550337,2.2751677852348995,2.6778523489932886,0.6644295302013423,1.2885906040268456,3.0939597315436242,0.026845637583892617,0.4161073825503356,0.1476510067114094,5.302013422818792,1.8389261744966443,1.0738255033557047
P36921,2.5294117647058822,5.823529411764706,3.8823529411764706,8.176470588235293,13.705882352941176,7.705882352941177,7.294117647058823,-1.7647058823529411,8.588235294117647,4.823529411764706,9.0,-1.1176470588235294,8.0,7.647058823529412,5.764705882352941,-0.5882352941176471,1.9411764705882353,11.588235294117647,1.588235294117647,4.0588235294117645,0.7647058823529411,-1.2352941176470589,0.8235294117647058,7.176470588235294,10.176470588235293,-4.411764705882353,-5.0588235294117645,6.823529411764706,1.4705882352941178,1.0,3.1176470588235294,0.058823529411764705,0.8823529411764706,9.588235294117647,11.117647058823529,2.764705882352941,0.058823529411764705,13.529411764705882,8.294117647058824,3.411764705882353,0.8823529411764706,-1.4705882352941178,3.0,6.470588235294118,5.588235294117647,-0.23529411764705882,1.7647058823529411,3.0,2.5294117647058822,3.823529411764706,2.176470588235294,-2.235294117647059,2.5294117647058822,6.470588235294118,3.9411764705882355,1.4705882352941178,4.176470588235294,8.352941176470589,3.6470588235294117,2.0588235294117645,0.6470588235294118,-1.0588235294117647,-2.764705882352941,5.294117647058823,14.823529411764707,1.4705882352941178,-0.17647058823529413,6.117647058823529,-0.058823529411764705,-2.235294117647059,1.8823529411764706,-0.8235294117647058,2.411764705882353,5.764705882352941,6.176470588235294,2.411764705882353,1.8235294117647058,4.9411764705882355,1.7058823529411764,-0.058823529411764705,-0.9411764705882353,5.882352941176471,-0.8823529411764706,-3.9411764705882355,14.588235294117647,1.4705882352941178,0.47058823529411764,2.3529411764705883,2.6470588235294117,7.117647058823529,5.647058823529412,4.9411764705882355,6.235294117647059,12.470588235294118,8.647058823529411,2.588235294117647,4.0,12.176470588235293,7.823529411764706,2.3529411764705883
Q4JVH7,2.263888888888889,7.75,7.305555555555555,4.527777777777778,8.097222222222221,4.444444444444445,3.75,10.63888888888889,8.444444444444445,2.0972222222222223,5.430555555555555,4.069444444444445,4.763888888888889,11.041666666666666,11.76388888888889,2.7222222222222223,3.4027777777777777,21.15277777777778,8.875,1.0694444444444444,3.4027777777777777,5.430555555555555,3.3055555555555554,3.1944444444444446,7.236111111111111,3.236111111111111,3.1527777777777777,3.7083333333333335,3.375,3.9444444444444446,4.444444444444445,4.263888888888889,2.736111111111111,7.5,5.166666666666667,1.8194444444444444,1.1111111111111112,11.791666666666666,4.5,3.2222222222222223,1.5416666666666667,1.7638888888888888,1.7361111111111112,0.5972222222222222,10.194444444444445,0.375,-0.5555555555555556,7.027777777777778,3.236111111111111,2.611111111111111,4.5,0.3055555555555556,4.319444444444445,8.083333333333334,2.611111111111111,1.75,0.7222222222222222,11.73611111111111,5.027777777777778,0.75,1.4305555555555556,5.722222222222222,6.375,6.625,10.291666666666666,6.013888888888889,7.319444444444445,3.9027777777777777,5.944444444444445,8.125,11.26388888888889,5.569444444444445,7.027777777777778,10.930555555555555,9.847222222222221,3.5416666666666665,3.5972222222222223,18.34722222222222,8.597222222222221,5.819444444444445,1.5342465753424657,0.684931506849315,2.452054794520548,3.7260273972602738,8.712328767123287,1.5205479452054795,2.0684931506849313,4.904109589041096,2.0136986301369864,4.1506849315068495,2.1506849315068495,0.2191780821917808,3.0273972602739727,4.575342465753424,4.2465753424657535,1.5753424657534247,0.273972602739726,10.123287671232877,4.3561643835616435,3.9315068493150687
P50846,0.20689655172413793,0.8620689655172413,2.103448275862069,1.9310344827586208,3.896551724137931,0.3793103448275862,0.8275862068965517,2.9310344827586206,3.6551724137931036,-0.5172413793103449,-0.4827586206896552,0.7931034482758621,-0.1724137931034483,3.586206896551724,1.6896551724137931,1.1379310344827587,0.2413793103448276,9.379310344827585,4.448275862068965,0.3448275862068966,0.5517241379310345,-0.6896551724137931,2.0,2.5172413793103448,1.5517241379310345,0.06896551724137931,0.5862068965517241,2.103448275862069,3.2758620689655173,0.5517241379310345,0.06896551724137931,0.034482758620689655,0.6896551724137931,2.103448275862069,0.7241379310344828,0.10344827586206896,0.1724137931034483,6.103448275862069,2.9655172413793105,0.27586206896551724,-0.896551724137931,1.3103448275862069,2.310344827586207,1.6896551724137931,0.7586206896551724,0.4827586206896552,0.3448275862068966,1.2413793103448276,2.310344827586207,1.5172413793103448,1.2413793103448276,0.5862068965517241,1.103448275862069,3.9310344827586206,-0.20689655172413793,0.3103448275862069,-0.6551724137931034,8.620689655172415,3.3448275862068964,0.3448275862068966,0.8275862068965517,2.7586206896551726,3.793103448275862,5.172413793103448,4.689655172413793,2.1379310344827585,1.9310344827586208,1.9655172413793103,3.310344827586207,2.793103448275862,2.3793103448275863,2.896551724137931,1.206896551724138,2.1379310344827585,2.2413793103448274,1.103448275862069,0.2413793103448276,6.517241379310345,2.0,1.3793103448275863,-0.2,2.033333333333333,-0.7,-0.26666666666666666,3.1666666666666665,0.5333333333333333,0.6,-3.9,1.9,-0.4666666666666667,-0.5333333333333333,1.0,-0.5333333333333333,2.1666666666666665,2.533333333333333,-1.0,0.03333333333333333,3.7333333333333334,1.8,-0.36666666666666664
P19080,0.7333333333333333,1.4666666666666666,0.7333333333333333,0.06666666666666667,5.2,-0.6666666666666666,-1.5333333333333334,3.2666666666666666,0.8,3.6,3.466666666666667,0.6,1.6,5.0,2.066666666666667,0.0,-1.0666666666666667,7.6,3.2666666666666666,2.3333333333333335,1.0,1.2,-0.3333333333333333,0.7333333333333333,3.8,0.4666666666666667,-0.26666666666666666,2.6666666666666665,0.26666666666666666,0.4666666666666667,0.4,1.0666666666666667,-1.2,2.6666666666666665,1.4,0.2,-0.6,5.933333333333334,2.2666666666666666,-0.6666666666666666,-0.5333333333333333,0.7333333333333333,1.2666666666666666,1.8,2.533333333333333,-0.06666666666666667,-0.3333333333333333,1.5333333333333334,1.1333333333333333,-1.2666666666666666,-0.8666666666666667,0.5333333333333333,-1.0,0.6,-0.13333333333333333,-0.4,0.06666666666666667,2.7333333333333334,0.4,-1.1333333333333333,0.26666666666666666,1.8666666666666667,1.8666666666666667,1.4666666666666666,-0.13333333333333333,0.8666666666666667,0.6666666666666666,4.133333333333334,2.933333333333333,3.4,0.7333333333333333,1.6,-0.7333333333333333,4.8,-1.6,0.9333333333333333,-0.4666666666666667,6.4,3.0,3.2,0.6470588235294118,-1.2352941176470589,0.8823529411764706,1.1176470588235294,4.117647058823529,0.4117647058823529,0.35294117647058826,4.764705882352941,2.1176470588235294,-0.11764705882352941,0.058823529411764705,-0.47058823529411764,-0.35294117647058826,2.176470588235294,1.0588235294117647,0.5882352941176471,0.29411764705882354,6.647058823529412,0.7058823529411765,-0.47058823529411764
P43440,0.3125,2.825,2.8,3.425,4.2875,1.4625,2.55,0.9875,2.275,0.1625,-0.35,1.625,-0.1,-0.425,1.825,0.3125,0.0125,1.5,0.5875,0.2,0.4125,2.25,1.8125,4.125,1.6625,1.5375,2.3875,2.175,1.6375,0.9,0.325,1.825,0.35,0.2375,2.725,0.3,-0.175,0.6375,-0.075,0.0125,0.125,2.4375,1.5,3.35,2.8375,1.4,2.925,1.7875,1.925,-0.175,0.1625,2.1,0.3125,-0.35,2.05,0.0125,0.05,0.175,-0.4375,0.2125,-0.725,2.1125,1.3125,1.9375,3.325,1.2,2.15,-0.0375,2.3,0.4,-0.2875,2.2,-0.7,0.5625,1.225,-0.825,0.4375,5.2375,0.375,0.8625,0.2222222222222222,3.185185185185185,1.7407407407407407,3.246913580246914,3.765432098765432,1.876543209876543,2.506172839506173,1.5802469135802468,3.7037037037037037,0.5802469135802469,0.35802469135802467,1.654320987654321,0.3333333333333333,0.35802469135802467,3.037037037037037,0.19753086419753085,0.345679012345679,5.111111111111111,1.1111111111111112,0.6419753086419753
Q8Y960,0.37254901960784315,-0.4117647058823529,0.17647058823529413,-0.6862745098039216,4.823529411764706,-0.6666666666666666,-0.7843137254901961,2.1176470588235294,0.09803921568627451,1.0784313725490196,0.49019607843137253,-0.35294117647058826,-0.43137254901960786,3.215686274509804,1.5490196078431373,0.0392156862745098,0.0784313725490196,5.803921568627451,1.8823529411764706,0.6470588235294118,0.3137254901960784,0.09803921568627451,-0.17647058823529413,-0.6862745098039216,3.176470588235294,-0.5686274509803921,-0.803921568627451,3.9411764705882355,0.45098039215686275,-1.2352941176470589,-1.5686274509803921,-0.6862745098039216,-0.8235294117647058,1.588235294117647,2.2745098039215685,-0.0196078431372549,-0.09803921568627451,4.1568627450980395,0.9215686274509803,-0.5686274509803921,0.27450980392156865,-0.6274509803921569,-0.09803921568627451,-0.3333333333333333,5.078431372549019,0.0392156862745098,0.3333333333333333,2.1372549019607843,0.6078431372549019,2.4901960784313726,2.5098039215686274,0.09803921568627451,0.7647058823529411,3.9411764705882355,0.8627450980392157,0.058823529411764705,-0.0196078431372549,6.392156862745098,1.7058823529411764,1.588235294117647,0.2549019607843137,0.09803921568627451,-0.5098039215686274,0.7254901960784313,4.1568627450980395,0.1568627450980392,0.0784313725490196,2.450980392156863,0.37254901960784315,2.1372549019607843,1.7058823529411764,0.39215686274509803,0.8823529411764706,3.019607843137255,2.5686274509803924,0.23529411764705882,0.13725490196078433,4.784313725490196,0.9803921568627451,1.7843137254901962,0.5961538461538461,0.8269230769230769,-0.019230769230769232,0.07692307692307693,3.3461538461538463,0.038461538461538464,-0.15384615384615385,3.8653846153846154,0.7307692307692307,-0.7115384615384616,-0.9615384615384616,-0.019230769230769232,-0.3076923076923077,1.6153846153846154,2.826923076923077,-0.4807692307692308,0.46153846153846156,5.25,0.6923076923076923,-0.7307692307692307
P00649,-0.45454545454545453,3.227272727272727,3.5,5.318181818181818,2.1818181818181817,1.9090909090909092,3.0,3.409090909090909,2.8636363636363638,1.6818181818181819,0.9545454545454546,2.090909090909091,-0.18181818181818182,-1.2272727272727273,2.227272727272727,1.5,-0.6363636363636364,4.136363636363637,-0.18181818181818182,0.8181818181818182,-0.36363636363636365,1.8636363636363635,0.9090909090909091,-0.5,3.090909090909091,1.1818181818181819,-0.36363636363636365,2.6818181818181817,1.1363636363636365,0.36363636363636365,1.2272727272727273,1.0909090909090908,0.5909090909090909,2.3181818181818183,2.727272727272727,-0.22727272727272727,-0.45454545454545453,8.590909090909092,1.7727272727272727,-0.22727272727272727,-0.7272727272727273,1.9545454545454546,0.5909090909090909,2.227272727272727,3.909090909090909,0.8636363636363636,1.1818181818181819,1.4545454545454546,1.5,3.227272727272727,2.227272727272727,1.2727272727272727,1.0909090909090908,3.0454545454545454,3.272727272727273,0.7727272727272727,1.3636363636363635,4.181818181818182,0.18181818181818182,1.9090909090909092,-0.7272727272727273,4.954545454545454,1.0,1.0,5.318181818181818,1.0,0.45454545454545453,-2.272727272727273,1.9090909090909092,4.0,3.6363636363636362,1.1363636363636365,1.9545454545454546,4.409090909090909,1.8636363636363635,0.09090909090909091,0.45454545454545453,7.045454545454546,2.909090909090909,3.727272727272727,0.3333333333333333,1.1666666666666667,-0.3333333333333333,0.6666666666666666,4.708333333333333,0.9583333333333334,1.0,4.291666666666667,0.7083333333333334,2.25,1.7916666666666667,1.375,1.0,-0.25,4.291666666666667,-1.5,-1.625,0.4583333333333333,-2.5416666666666665,2.25
Q45588,0.5806451612903226,0.41935483870967744,1.8709677419354838,3.225806451612903,2.4516129032258065,0.12903225806451613,1.1612903225806452,3.064516129032258,2.3870967741935485,1.967741935483871,0.8387096774193549,0.4838709677419355,1.6451612903225807,3.0,2.4838709677419355,0.6774193548387096,0.6774193548387096,5.225806451612903,0.41935483870967744,0.967741935483871,1.0,0.6451612903225806,-0.3870967741935484,0.5161290322580645,2.7419354838709675,0.5806451612903226,0.06451612903225806,2.2903225806451615,1.8709677419354838,2.6451612903225805,0.8387096774193549,-0.6129032258064516,0.12903225806451613,3.3870967741935485,-0.7741935483870968,-0.6129032258064516,0.5161290322580645,6.870967741935484,2.129032258064516,2.193548387096774,0.06451612903225806,2.0,1.967741935483871,3.3548387096774195,3.3870967741935485,1.1612903225806452,2.032258064516129,2.7096774193548385,-0.3225806451612903,0.5806451612903226,0.7096774193548387,1.1612903225806452,0.2903225806451613,0.6774193548387096,3.4838709677419355,-0.1935483870967742,0.1935483870967742,1.5161290322580645,0.3870967741935484,-0.45161290322580644,0.7741935483870968,1.4838709677419355,1.2580645161290323,0.8709677419354839,4.580645161290323,0.9354838709677419,-0.8064516129032258,2.096774193548387,3.193548387096774,-1.967741935483871,1.4838709677419355,-0.41935483870967744,0.3548387096774194,4.483870967741935,3.5806451612903225,0.6451612903225806,-0.41935483870967744,9.548387096774194,3.3225806451612905,-3.161290322580645,0.2647058823529412,1.2352941176470589,0.3235294117647059,0.6764705882352942,5.705882352941177,0.7352941176470589,-0.7058823529411765,3.0,0.5882352941176471,3.4411764705882355,3.2058823529411766,0.35294117647058826,1.4411764705882353,1.6764705882352942,3.1176470588235294,0.058823529411764705,-0.23529411764705882,0.7941176470588235,0.7352941176470589,2.735294117647059
O34777,0.2631578947368421,-0.3684210526315789,1.368421052631579,-0.5789473684210527,4.052631578947368,-0.21052631578947367,-0.3157894736842105,2.6315789473684212,0.5789473684210527,0.9473684210526315,-0.8421052631578947,-1.6842105263157894,1.4210526315789473,1.7894736842105263,4.105263157894737,0.42105263157894735,0.5789473684210527,5.7368421052631575,1.9473684210526316,1.263157894736842,0.8421052631578947,2.473684210526316,1.4736842105263157,3.6842105263157894,4.2105263157894735,1.105263157894737,1.631578947368421,4.473684210526316,-0.6842105263157895,-0.5789473684210527,-1.1578947368421053,1.4210526315789473,-0.8421052631578947,1.631578947368421,1.5263157894736843,-0.21052631578947367,-0.10526315789473684,0.42105263157894735,-2.0,0.47368421052631576,0.47368421052631576,0.05263157894736842,0.47368421052631576,-0.5263157894736842,10.0,-0.21052631578947367,-0.47368421052631576,3.0,3.3157894736842106,3.1052631578947367,1.2105263157894737,-1.2105263157894737,1.0,2.4210526315789473,4.842105263157895,-0.7894736842105263,-1.9473684210526316,10.105263157894736,3.210526315789474,1.263157894736842,0.0,-2.5789473684210527,2.6315789473684212,4.526315789473684,8.473684210526315,1.2105263157894737,1.6842105263157894,3.8947368421052633,0.3157894736842105,4.7894736842105265,3.789473684210526,0.2631578947368421,1.8421052631578947,6.631578947368421,0.7894736842105263,1.4736842105263157,1.105263157894737,12.0,7.105263157894737,1.7894736842105263,0.3333333333333333,-0.8095238095238095,-1.6666666666666667,-0.23809523809523808,8.571428571428571,-1.8571428571428572,0.047619047619047616,4.904761904761905,1.0476190476190477,0.2857142857142857,-1.1428571428571428,-2.0476190476190474,-1.3333333333333333,1.1428571428571428,6.904761904761905,-0.09523809523809523,0.0,9.095238095238095,1.7142857142857142,0.6666666666666666
P40411,-0.39705882352941174,3.323529411764706,3.985294117647059,5.676470588235294,2.1470588235294117,2.5,3.823529411764706,-0.4264705882352941,3.9558823529411766,0.16176470588235295,-0.36764705882352944,3.1470588235294117,-0.39705882352941174,0.4411764705882353,4.147058823529412,0.6323529411764706,0.3235294117647059,2.0441176470588234,2.176470588235294,0.029411764705882353,-0.4264705882352941,2.6911764705882355,1.5735294117647058,5.411764705882353,4.044117647058823,2.5294117647058822,3.8676470588235294,-0.14705882352941177,2.6911764705882355,-0.5,-0.14705882352941177,3.25,0.22058823529411764,0.8529411764705882,3.75,-0.5882352941176471,0.14705882352941177,2.2794117647058822,0.8970588235294118,-1.0441176470588236,0.23529411764705882,2.338235294117647,2.1911764705882355,3.3823529411764706,4.455882352941177,0.8823529411764706,3.323529411764706,1.0588235294117647,3.838235294117647,-0.23529411764705882,0.7058823529411765,2.6176470588235294,-0.35294117647058826,1.4705882352941178,3.514705882352941,0.7647058823529411,0.5,2.0441176470588234,0.47058823529411764,-0.14705882352941177,0.3088235294117647,3.3676470588235294,5.573529411764706,8.764705882352942,1.838235294117647,3.6470588235294117,6.323529411764706,2.176470588235294,6.411764705882353,0.38235294117647056,0.19117647058823528,3.8529411764705883,0.10294117647058823,0.8970588235294118,4.3088235294117645,0.8823529411764706,0.5588235294117647,5.0588235294117645,2.838235294117647,-0.2647058823529412,0.2222222222222222,-1.2083333333333333,1.4861111111111112,4.041666666666667,3.986111111111111,0.3472222222222222,1.5416666666666667,3.2083333333333335,1.875,1.5555555555555556,1.0,-0.08333333333333333,0.3333333333333333,1.3333333333333333,1.5416666666666667,0.3611111111111111,0.5138888888888888,3.736111111111111,0.8055555555555556,0.9305555555555556
O06493,0.36363636363636365,4.6477272727272725,3.272727272727273,6.761363636363637,4.079545454545454,2.7954545454545454,4.818181818181818,0.8181818181818182,5.375,1.1022727272727273,0.7613636363636364,4.420454545454546,0.5227272727272727,1.7613636363636365,5.295454545454546,0.2727272727272727,0.7613636363636364,4.761363636363637,1.3863636363636365,0.5227272727272727,-0.3522727272727273,5.034090909090909,5.0227272727272725,7.6022727272727275,2.3181818181818183,3.784090909090909,6.295454545454546,2.4204545454545454,3.7613636363636362,-0.3409090909090909,0.03409090909090909,4.3522727272727275,-0.09090909090909091,-0.056818181818181816,6.375,0.8181818181818182,-0.5113636363636364,3.397727272727273,0.4318181818181818,-0.2727272727272727,-0.375,3.625,2.522727272727273,4.215909090909091,3.215909090909091,1.7954545454545454,4.261363636363637,0.20454545454545456,2.227272727272727,-0.125,0.38636363636363635,2.8181818181818183,-0.5681818181818182,0.9886363636363636,2.284090909090909,-0.011363636363636364,-0.09090909090909091,-0.011363636363636364,0.5454545454545454,0.03409090909090909,-0.5909090909090909,5.0227272727272725,2.4431818181818183,4.590909090909091,2.8863636363636362,2.6704545454545454,4.1477272727272725,1.4659090909090908,5.215909090909091,0.125,0.13636363636363635,3.4204545454545454,-0.2840909090909091,-0.7045454545454546,4.295454545454546,-0.13636363636363635,0.36363636363636365,7.920454545454546,1.7954545454545454,-0.10227272727272728,-0.2111111111111111,3.522222222222222,2.0,5.111111111111111,1.1888888888888889,2.7,4.033333333333333,0.7777777777777778,4.511111111111111,-0.6111111111111112,-0.9666666666666667,2.1777777777777776,0.2777777777777778,-0.15555555555555556,-0.3111111111111111,0.2777777777777778,0.43333333333333335,3.1777777777777776,1.288888888888889,-0.16666666666666666
P0A609,-0.7105263157894737,1.0789473684210527,0.8157894736842105,3.1052631578947367,2.1315789473684212,1.0263157894736843,2.026315789473684,0.9736842105263158,-0.07894736842105263,0.2894736842105263,0.5263157894736842,0.868421052631579,-0.13157894736842105,0.23684210526315788,-1.4736842105263157,0.6842105263157895,0.34210526315789475,5.815789473684211,1.0,0.05263157894736842,0.2894736842105263,1.0,0.42105263157894735,0.4473684210526316,2.973684210526316,0.23684210526315788,1.2105263157894737,0.07894736842105263,1.9736842105263157,1.105263157894737,1.5,0.21052631578947367,0.7894736842105263,2.973684210526316,1.2894736842105263,-0.10526315789473684,0.42105263157894735,9.105263157894736,2.4473684210526314,0.8157894736842105,1.131578947368421,2.736842105263158,-0.2631578947368421,0.9210526315789473,2.026315789473684,1.8157894736842106,1.0263157894736843,2.9210526315789473,-0.7105263157894737,3.1315789473684212,2.5789473684210527,1.5526315789473684,2.6578947368421053,2.973684210526316,-2.026315789473684,0.6842105263157895,-0.42105263157894735,7.026315789473684,2.973684210526316,1.9736842105263157,0.23684210526315788,2.236842105263158,1.2105263157894737,1.2894736842105263,8.973684210526315,1.894736842105263,1.7894736842105263,-1.5789473684210527,1.131578947368421,4.842105263157895,2.9473684210526314,0.13157894736842105,3.6842105263157894,4.2894736842105265,0.4473684210526316,0.8157894736842105,1.3421052631578947,12.052631578947368,4.368421052631579,2.0,0.2894736842105263,1.3421052631578947,-0.5,0.4473684210526316,3.710526315789474,1.5,1.868421052631579,-0.07894736842105263,1.631578947368421,0.5,2.263157894736842,0.23684210526315788,0.9473684210526315,5.157894736842105,0.47368421052631576,-0.4473684210526316,0.07894736842105263,6.2105263157894735,3.763157894736842,-0.39473684210526316
P50738,-0.2727272727272727,2.393939393939394,3.878787878787879,4.121212121212121,2.9393939393939394,1.4545454545454546,1.2424242424242424,2.9696969696969697,1.5454545454545454,-1.878787878787879,-2.212121212121212,1.1818181818181819,-2.242424242424242,-3.1818181818181817,2.3636363636363638,1.2121212121212122,0.6666666666666666,2.606060606060606,-1.8484848484848484,-1.0909090909090908,0.0,3.515151515151515,2.9393939393939394,4.818181818181818,4.636363636363637,1.7878787878787878,2.3333333333333335,4.333333333333333,2.5454545454545454,0.09090909090909091,1.1818181818181819,2.3636363636363638,0.24242424242424243,0.7878787878787878,3.909090909090909,0.6666666666666666,0.45454545454545453,1.8484848484848484,-0.9090909090909091,-0.21212121212121213,0.5151515151515151,3.787878787878788,3.5757575757575757,2.272727272727273,5.090909090909091,1.393939393939394,1.696969696969697,1.6666666666666667,0.7575757575757576,-0.9696969696969697,-1.2727272727272727,2.484848484848485,-0.06060606060606061,0.5454545454545454,4.96969696969697,0.45454545454545453,0.45454545454545453,4.363636363636363,-0.36363636363636365,-0.09090909090909091,0.12121212121212122,-0.42424242424242425,2.212121212121212,3.6363636363636362,4.515151515151516,0.3333333333333333,0.8181818181818182,3.3333333333333335,1.9090909090909092,-0.3333333333333333,-0.2727272727272727,-2.393939393939394,-0.48484848484848486,-2.878787878787879,3.5757575757575757,0.18181818181818182,0.18181818181818182,1.878787878787879,-0.06060606060606061,-0.6060606060606061,0.8055555555555556,1.6944444444444444,3.138888888888889,6.527777777777778,4.833333333333333,1.25,2.5555555555555554,4.972222222222222,1.3888888888888888,-1.4722222222222223,-0.5555555555555556,0.2777777777777778,-0.6388888888888888,2.3333333333333335,5.472222222222222,1.3333333333333333,1.3333333333333333,2.75,2.4722222222222223,-1.2222222222222223
P0C0P9,0.041666666666666664,-0.16666666666666666,1.2916666666666667,2.6666666666666665,3.0833333333333335,0.4583333333333333,1.625,0.5833333333333334,1.0833333333333333,1.125,1.7083333333333333,0.2916666666666667,0.0,2.0,4.416666666666667,0.20833333333333334,0.08333333333333333,2.4166666666666665,0.625,0.4583333333333333,0.8333333333333334,0.041666666666666664,-1.0,0.2916666666666667,3.7083333333333335,-0.20833333333333334,-1.0416666666666667,2.9583333333333335,-0.6666666666666666,1.625,1.5,-0.25,0.3333333333333333,3.7916666666666665,1.0833333333333333,0.2916666666666667,-0.2916666666666667,5.708333333333333,3.5833333333333335,0.5833333333333334,0.9166666666666666,0.4583333333333333,-0.20833333333333334,-0.3333333333333333,5.791666666666667,1.1666666666666667,0.9166666666666666,0.75,1.0,2.7083333333333335,1.5833333333333333,0.4166666666666667,-0.08333333333333333,3.625,1.5833333333333333,-0.3333333333333333,0.20833333333333334,5.833333333333333,2.5833333333333335,1.7083333333333333,-0.08333333333333333,0.0,-2.0,-1.25,3.0833333333333335,-0.5,-0.25,-1.75,-0.5,-1.75,0.16666666666666666,-0.16666666666666666,-1.4166666666666667,3.0,0.9583333333333334,-0.041666666666666664,0.375,7.791666666666667,2.3333333333333335,-2.5,0.8571428571428571,1.8571428571428572,0.9285714285714286,1.8571428571428572,4.571428571428571,0.6785714285714286,0.7142857142857143,1.7857142857142858,1.6428571428571428,2.607142857142857,3.5,1.2142857142857142,1.3928571428571428,1.0714285714285714,3.2142857142857144,0.7857142857142857,0.8928571428571429,1.8571428571428572,0.5,1.7142857142857142
A5U697,0.5,0.5681818181818182,0.6590909090909091,-0.6818181818181818,4.5227272727272725,0.38636363636363635,-0.5909090909090909,3.4545454545454546,1.5909090909090908,0.9318181818181818,0.11363636363636363,0.20454545454545456,-0.4318181818181818,2.477272727272727,2.590909090909091,-0.45454545454545453,-0.022727272727272728,6.0,1.8409090909090908,0.5,-0.2727272727272727,0.045454545454545456,0.1590909090909091,0.09090909090909091,4.159090909090909,0.6590909090909091,0.5454545454545454,1.3863636363636365,1.0454545454545454,2.5454545454545454,1.7045454545454546,-0.20454545454545456,0.5909090909090909,3.659090909090909,2.75,0.0,0.29545454545454547,6.181818181818182,2.2045454545454546,1.7727272727272727,0.18181818181818182,-0.09090909090909091,-0.11363636363636363,0.5227272727272727,2.2045454545454546,0.3181818181818182,0.36363636363636365,1.2272727272727273,0.5681818181818182,0.7954545454545454,1.1136363636363635,0.022727272727272728,0.18181818181818182,2.5,1.2272727272727273,0.3181818181818182,-0.045454545454545456,3.1363636363636362,1.6363636363636365,0.5681818181818182,-0.25,0.11363636363636363,0.4772727272727273,1.0909090909090908,3.25,0.022727272727272728,0.4772727272727273,-0.2727272727272727,1.5,2.0,1.8863636363636365,0.3409090909090909,0.13636363636363635,2.6818181818181817,1.9545454545454546,0.1590909090909091,0.09090909090909091,5.545454545454546,2.0,1.2272727272727273,0.36363636363636365,-0.06818181818181818,0.3181818181818182,-0.3181818181818182,2.75,-0.6136363636363636,-0.5454545454545454,0.045454545454545456,1.4318181818181819,1.2954545454545454,1.1136363636363635,-0.045454545454545456,0.022727272727272728,3.772727272727273,0.8863636363636364,0.11363636363636363,-0.18181818181818182,6.409090909090909,2.6818181818181817,0.6818181818181818
Q03VA1,0.5245901639344263,2.3114754098360657,3.5737704918032787,6.475409836065574,14.524590163934427,2.3114754098360657,4.721311475409836,10.19672131147541,4.180327868852459,6.721311475409836,6.770491803278689,2.377049180327869,3.4918032786885247,11.245901639344263,10.770491803278688,2.737704918032787,1.721311475409836,15.967213114754099,7.131147540983607,5.098360655737705,0.06557377049180328,0.9016393442622951,1.9344262295081966,1.6885245901639345,9.59016393442623,0.22950819672131148,1.9180327868852458,6.39344262295082,4.688524590163935,3.4262295081967213,2.901639344262295,0.3114754098360656,0.639344262295082,7.950819672131147,6.327868852459017,0.9180327868852459,1.8032786885245902,15.049180327868852,6.836065573770492,4.278688524590164,0.2786885245901639,3.6721311475409837,2.9344262295081966,3.6065573770491803,8.098360655737705,0.9672131147540983,0.11475409836065574,2.8524590163934427,2.80327868852459,3.098360655737705,5.950819672131147,1.7704918032786885,4.409836065573771,3.7868852459016393,5.688524590163935,0.8688524590163934,1.1147540983606556,8.262295081967213,4.032786885245901,0.5081967213114754,0.6229508196721312,1.7049180327868851,1.6065573770491803,2.1639344262295084,5.934426229508197,0.7213114754098361,-0.19672131147540983,4.557377049180328,3.5245901639344264,3.278688524590164,5.311475409836065,1.098360655737705,2.901639344262295,8.737704918032787,6.770491803278689,0.7704918032786885,0.01639344262295082,12.967213114754099,5.360655737704918,3.4098360655737703,1.5483870967741935,2.467741935483871,0.3548387096774194,0.14516129032258066,14.080645161290322,0.016129032258064516,-0.14516129032258066,4.145161290322581,3.435483870967742,3.129032258064516,1.596774193548387,1.7096774193548387,1.7419354838709677,8.806451612903226,10.096774193548388,0.3064516129032258,-0.03225806451612903,14.758064516129032,6.258064516129032,2.903225806451613
Q8EUR6,3.284090909090909,4.4602272727272725,2.6761363636363638,3.465909090909091,9.869318181818182,4.596590909090909,3.1079545454545454,8.670454545454545,4.090909090909091,5.431818181818182,5.971590909090909,3.210227272727273,4.505681818181818,2.5056818181818183,6.801136363636363,2.9318181818181817,2.1420454545454546,8.346590909090908,3.4943181818181817,4.9772727272727275,1.3352272727272727,3.5568181818181817,2.125,3.4375,9.636363636363637,3.727272727272727,3.846590909090909,5.306818181818182,4.9772727272727275,2.625,3.147727272727273,3.159090909090909,2.0625,5.170454545454546,8.778409090909092,2.477272727272727,2.4488636363636362,13.926136363636363,4.363636363636363,2.539772727272727,0.9147727272727273,2.914772727272727,2.522727272727273,0.9488636363636364,8.971590909090908,1.4715909090909092,0.8181818181818182,2.528409090909091,3.102272727272727,1.6590909090909092,2.625,1.5113636363636365,3.2556818181818183,3.1079545454545454,5.193181818181818,1.1363636363636365,0.42613636363636365,10.193181818181818,3.4886363636363638,1.1193181818181819,1.2784090909090908,1.6931818181818181,3.772727272727273,3.9375,12.806818181818182,1.7272727272727273,1.1761363636363635,5.948863636363637,3.6193181818181817,2.090909090909091,4.323863636363637,1.5738636363636365,3.7556818181818183,6.9772727272727275,10.159090909090908,2.0625,1.9431818181818181,14.159090909090908,6.761363636363637,2.0738636363636362,-0.07386363636363637,1.3181818181818181,1.25,2.1761363636363638,7.028409090909091,0.8977272727272727,1.9147727272727273,1.0056818181818181,4.903409090909091,1.3579545454545454,2.085227272727273,0.022727272727272728,2.147727272727273,5.090909090909091,4.386363636363637,0.4943181818181818,1.2670454545454546,10.568181818181818,5.869318181818182,1.4886363636363635
P33113,0.30864197530864196,0.5555555555555556,1.3580246913580247,2.2098765432098766,3.5185185185185186,0.5679012345679012,1.0617283950617284,3.8271604938271606,0.9876543209876543,0.024691358024691357,0.6049382716049383,0.38271604938271603,-0.037037037037037035,0.9382716049382716,2.3580246913580245,0.38271604938271603,0.25925925925925924,4.444444444444445,0.06172839506172839,0.024691358024691357,0.18518518518518517,0.5432098765432098,0.9876543209876543,1.9506172839506173,3.3950617283950617,0.5432098765432098,1.037037037037037,0.691358024691358,0.08641975308641975,0.6790123456790124,0.5308641975308642,1.1358024691358024,0.13580246913580246,0.6666666666666666,0.9012345679012346,0.04938271604938271,0.13580246913580246,1.123456790123457,-0.30864197530864196,0.6172839506172839,-0.20987654320987653,0.41975308641975306,1.0617283950617284,1.1604938271604939,7.567901234567901,0.6666666666666666,0.8641975308641975,3.7037037037037037,0.2716049382716049,0.691358024691358,0.48148148148148145,0.4074074074074074,-0.3333333333333333,2.8641975308641974,3.382716049382716,0.0,-0.037037037037037035,7.074074074074074,2.765432098765432,1.0617283950617284,0.5555555555555556,0.7901234567901234,1.3580246913580247,0.8395061728395061,5.901234567901234,-0.6296296296296297,0.1111111111111111,4.827160493827161,0.9012345679012346,1.7654320987654322,1.5185185185185186,1.5555555555555556,1.4197530864197532,2.0987654320987654,5.45679012345679,0.9012345679012346,0.6419753086419753,9.098765432098766,2.45679012345679,1.2098765432098766,1.7294117647058824,0.058823529411764705,2.388235294117647,1.8,5.211764705882353,-0.07058823529411765,0.6235294117647059,3.988235294117647,0.0,3.1058823529411765,2.458823529411765,0.7411764705882353,0.8117647058823529,4.529411764705882,6.847058823529411,0.24705882352941178,0.8,8.776470588235295,3.6470588235294117,2.1176470588235294
Q5HKP9,1.1,-0.8,1.3,3.9,5.4,-1.5,-0.5,6.9,1.1,1.8,1.9,2.2,1.2,3.6,1.2,-0.3,-0.7,6.1,1.1,2.9,-0.5,5.5,6.0,9.3,0.1,3.5,4.0,5.9,6.1,0.5,-1.1,4.2,-0.7,-1.3,6.8,0.3,-0.7,1.0,2.4,1.3,0.1,3.8,1.0,1.0,4.1,1.5,1.7,2.9,3.0,1.6,0.6,2.3,0.5,1.4,4.8,-1.6,-0.3,6.6,-0.1,-0.4,1.7,2.6,0.0,0.3,4.2,0.9,-1.3,3.9,2.1,-2.4,-0.9,1.2,-1.5,-1.5,5.7,1.9,0.2,0.4,-0.7,-2.2,0.7272727272727273,1.4545454545454546,3.727272727272727,4.545454545454546,4.636363636363637,-1.4545454545454546,1.6363636363636365,4.363636363636363,3.1818181818181817,-0.8181818181818182,0.36363636363636365,-0.09090909090909091,-0.18181818181818182,-3.727272727272727,5.909090909090909,1.0,0.9090909090909091,4.7272727272727275,1.3636363636363635,-0.5454545454545454
P47481,0.2550335570469799,0.7919463087248322,1.1543624161073827,0.46308724832214765,8.865771812080537,0.8926174496644296,0.40939597315436244,3.9194630872483223,1.74496644295302,0.30201342281879195,1.2483221476510067,0.825503355704698,1.1543624161073827,2.6040268456375837,-0.26174496644295303,0.7986577181208053,0.33557046979865773,11.36241610738255,2.5906040268456376,0.9463087248322147,0.08053691275167785,-0.2348993288590604,0.30201342281879195,0.10738255033557047,8.10738255033557,0.26174496644295303,0.8926174496644296,3.2684563758389262,1.5771812080536913,1.087248322147651,0.6174496644295302,0.5503355704697986,0.6778523489932886,4.449664429530201,2.1812080536912752,-0.03355704697986577,0.7046979865771812,7.630872483221476,2.389261744966443,0.8389261744966443,0.31543624161073824,1.0469798657718121,2.9194630872483223,4.993288590604027,9.704697986577182,2.208053691275168,2.3959731543624163,3.5838926174496644,3.959731543624161,1.389261744966443,1.912751677852349,0.2348993288590604,1.7986577181208054,4.919463087248322,5.583892617449664,0.8926174496644296,2.0939597315436242,13.885906040268456,5.395973154362416,1.4563758389261745,0.5503355704697986,-0.40939597315436244,0.8590604026845637,-1.0604026845637584,7.932885906040268,0.4966442953020134,-0.8456375838926175,2.7583892617449663,2.2013422818791946,-0.6308724832214765,0.2483221476510067,0.1610738255033557,0.26174496644295303,1.8187919463087248,2.2751677852348995,0.87248322147651,0.47651006711409394,11.456375838926174,1.6644295302013423,-0.5637583892617449,0.8322147651006712,3.912751677852349,3.865771812080537,3.3691275167785233,8.21476510067114,2.5503355704697985,1.2013422818791946,3.2885906040268456,3.751677852348993,1.4026845637583893,2.6040268456375837,2.1879194630872485,2.2818791946308723,5.906040268456376,3.697986577181208,1.5906040268456376,1.4899328859060403,12.993288590604028,5.409395973154362,1.429530201342282
P22094,-0.5319148936170213,6.702127659574468,3.7872340425531914,7.531914893617022,1.8085106382978724,3.723404255319149,5.659574468085107,1.5957446808510638,5.872340425531915,0.851063829787234,-0.14893617021276595,4.297872340425532,0.14893617021276595,-2.6382978723404253,6.085106382978723,-0.06382978723404255,0.851063829787234,2.404255319148936,0.8936170212765957,1.127659574468085,0.7872340425531915,4.659574468085107,4.574468085106383,8.297872340425531,-0.14893617021276595,2.8085106382978724,6.723404255319149,1.2340425531914894,3.6382978723404253,1.6170212765957446,0.7446808510638298,3.8297872340425534,0.574468085106383,1.1702127659574468,3.3617021276595747,1.297872340425532,1.2340425531914894,1.3191489361702127,0.3829787234042553,-0.19148936170212766,0.3191489361702128,3.4893617021276597,2.234042553191489,3.4680851063829787,1.0,1.6595744680851063,2.0,1.2765957446808511,2.425531914893617,0.0425531914893617,0.5531914893617021,3.021276595744681,-0.0851063829787234,0.9787234042553191,2.5106382978723403,0.7446808510638298,0.3191489361702128,2.8085106382978724,1.0851063829787233,0.02127659574468085,0.1702127659574468,1.6595744680851063,-0.1276595744680851,1.8297872340425532,1.446808510638298,1.2553191489361701,1.702127659574468,-0.7446808510638298,0.5531914893617021,-0.02127659574468085,-0.7021276595744681,1.425531914893617,0.19148936170212766,0.2127659574468085,-0.14893617021276595,-0.0851063829787234,0.06382978723404255,1.8936170212765957,0.9361702127659575,0.0,-0.39215686274509803,5.921568627450981,2.4705882352941178,5.196078431372549,3.8627450980392157,3.7450980392156863,5.568627450980392,1.2156862745098038,3.843137254901961,-0.9607843137254902,-0.5490196078431373,4.411764705882353,0.39215686274509803,-2.4313725490196076,2.3333333333333335,1.2156862745098038,1.2549019607843137,-3.6470588235294117,-1.2745098039215685,0.1568627450980392
A6QIG2,0.8207547169811321,1.009433962264151,0.32075471698113206,1.2075471698113207,4.113207547169812,0.27358490566037735,1.028301886792453,1.7264150943396226,1.0566037735849056,1.7547169811320755,2.5283018867924527,0.41509433962264153,0.9150943396226415,2.8773584905660377,3.0849056603773586,0.7358490566037735,0.24528301886792453,6.877358490566038,1.5754716981132075,1.179245283018868,0.9245283018867925,1.028301886792453,0.9716981132075472,-0.10377358490566038,4.660377358490566,0.10377358490566038,0.1792452830188679,2.943396226415094,1.4528301886792452,2.188679245283019,2.3773584905660377,0.46226415094339623,0.6320754716981132,3.660377358490566,3.0283018867924527,0.39622641509433965,-0.2169811320754717,7.915094339622642,1.9056603773584906,1.490566037735849,0.9056603773584906,0.39622641509433965,1.028301886792453,1.0849056603773586,4.773584905660377,0.12264150943396226,0.4811320754716981,3.0660377358490565,1.0188679245283019,2.9339622641509435,3.188679245283019,-0.25471698113207547,1.0188679245283019,2.990566037735849,3.30188679245283,0.6886792452830188,0.0,6.4245283018867925,1.0,1.7641509433962264,0.5660377358490566,0.3584905660377358,0.5377358490566038,1.320754716981132,4.443396226415095,0.6792452830188679,0.6037735849056604,2.650943396226415,1.2830188679245282,1.8867924528301887,2.509433962264151,0.12264150943396226,1.0,3.3867924528301887,2.339622641509434,0.2169811320754717,-0.4528301886792453,6.952830188679245,1.4056603773584906,1.0849056603773586,0.7363636363636363,0.6363636363636364,1.1636363636363636,1.9454545454545455,4.763636363636364,0.12727272727272726,0.7727272727272727,3.3363636363636364,1.2818181818181817,1.7545454545454546,2.6818181818181817,0.44545454545454544,0.9090909090909091,3.881818181818182,2.8,0.4909090909090909,-0.02727272727272727,7.254545454545455,1.3818181818181818,1.1454545454545455
P55111,0.06060606060606061,0.2828282828282828,-0.030303030303030304,0.7575757575757576,2.8383838383838382,0.13131313131313133,0.42424242424242425,1.696969696969697,1.2222222222222223,1.0505050505050506,1.2121212121212122,-0.06060606060606061,0.3939393939393939,2.707070707070707,1.393939393939394,-0.36363636363636365,-0.04040404040404041,5.474747474747475,1.696969696969697,0.31313131313131315,0.40404040404040403,0.18181818181818182,0.31313131313131315,0.2727272727272727,3.212121212121212,0.10101010101010101,0.1414141414141414,-0.1919191919191919,1.4848484848484849,0.32323232323232326,0.7474747474747475,0.2727272727272727,0.6060606060606061,2.272727272727273,-0.010101010101010102,-0.030303030303030304,0.020202020202020204,5.232323232323233,1.8181818181818181,0.13131313131313133,0.15151515151515152,0.41414141414141414,0.13131313131313133,0.24242424242424243,4.03030303030303,-0.04040404040404041,0.36363636363636365,0.30303030303030304,0.1717171717171717,1.6464646464646464,1.0101010101010102,0.13131313131313133,1.1414141414141414,0.2222222222222222,1.5252525252525253,0.1414141414141414,-0.030303030303030304,2.2222222222222223,0.13131313131313133,0.5353535353535354,0.5050505050505051,1.1818181818181819,-1.202020202020202,1.1111111111111112,4.767676767676767,0.8181818181818182,0.696969696969697,-0.5151515151515151,1.3232323232323233,1.878787878787879,2.090909090909091,1.4343434343434343,0.050505050505050504,1.797979797979798,2.5454545454545454,-0.3434343434343434,0.13131313131313133,5.262626262626263,-0.6464646464646465,1.9090909090909092,-0.2647058823529412,1.0294117647058822,0.0196078431372549,-0.029411764705882353,2.9411764705882355,0.17647058823529413,0.4117647058823529,-0.0392156862745098,0.5294117647058824,0.29411764705882354,0.2647058823529412,0.30392156862745096,0.5882352941176471,1.5392156862745099,1.5098039215686274,-0.4215686274509804,-0.00980392156862745,2.5392156862745097,1.3823529411764706,-0.06862745098039216
A5U654,-0.11627906976744186,2.697674418604651,1.0232558139534884,0.813953488372093,6.023255813953488,0.7441860465116279,-0.5581395348837209,-2.488372093023256,2.5348837209302326,0.9302325581395349,1.3488372093023255,1.558139534883721,1.2790697674418605,3.116279069767442,3.744186046511628,-0.06976744186046512,-0.4418604651162791,7.4186046511627906,2.6511627906976742,0.6744186046511628,-0.23255813953488372,2.255813953488372,-0.3488372093023256,0.5348837209302325,4.604651162790698,0.7209302325581395,0.32558139534883723,-0.06976744186046512,0.046511627906976744,-1.5348837209302326,0.8837209302325582,0.5348837209302325,0.7209302325581395,2.627906976744186,2.0,0.3023255813953488,-0.11627906976744186,7.558139534883721,1.2325581395348837,-0.627906976744186,0.6511627906976745,2.953488372093023,1.6046511627906976,-0.046511627906976744,3.4186046511627906,1.6744186046511629,2.9069767441860463,-0.5813953488372093,3.7906976744186047,1.4883720930232558,0.7209302325581395,1.5348837209302326,0.5813953488372093,2.558139534883721,5.511627906976744,0.20930232558139536,0.7441860465116279,5.5813953488372094,2.0232558139534884,0.13953488372093023,-0.27906976744186046,1.1395348837209303,0.9069767441860465,0.7209302325581395,3.9302325581395348,0.20930232558139536,0.4418604651162791,0.9534883720930233,-0.6511627906976745,2.7674418604651163,2.744186046511628,1.0465116279069768,1.9767441860465116,4.0,3.9069767441860463,0.5348837209302325,0.32558139534883723,6.790697674418604,1.5348837209302326,1.9767441860465116,0.09302325581395349,1.2790697674418605,1.930232558139535,2.2790697674418605,3.6511627906976742,1.1162790697674418,0.4186046511627907,-1.697674418604651,1.7674418604651163,0.6046511627906976,-0.16279069767441862,1.558139534883721,-0.16279069767441862,1.4883720930232558,2.511627906976744,0.2558139534883721,0.2558139534883721,7.627906976744186,2.488372093023256,-0.11627906976744186
P26829,-0.0967741935483871,0.5591397849462365,0.11827956989247312,0.9032258064516129,4.258064516129032,0.40860215053763443,-0.11827956989247312,1.5483870967741935,1.3440860215053763,0.06451612903225806,-0.22580645161290322,-0.1827956989247312,0.3225806451612903,2.075268817204301,1.064516129032258,-0.5161290322580645,-0.07526881720430108,6.78494623655914,2.4623655913978495,0.1827956989247312,0.3225806451612903,0.7956989247311828,0.6881720430107527,0.6774193548387096,3.4516129032258065,-0.07526881720430108,0.1935483870967742,2.2795698924731185,1.4086021505376345,1.6129032258064515,1.3333333333333333,0.07526881720430108,0.3548387096774194,1.967741935483871,1.010752688172043,0.26881720430107525,0.17204301075268819,4.89247311827957,1.1827956989247312,0.5376344086021505,-0.6021505376344086,0.7526881720430108,2.4408602150537635,2.5698924731182795,3.021505376344086,1.2365591397849462,1.4623655913978495,-0.25806451612903225,1.7849462365591398,0.4731182795698925,1.010752688172043,1.2580645161290323,0.5268817204301075,0.6989247311827957,3.78494623655914,0.7311827956989247,0.8817204301075269,3.225806451612903,0.2903225806451613,1.0,-0.3763440860215054,2.5483870967741935,2.6236559139784945,1.7526881720430108,3.010752688172043,2.3118279569892475,1.032258064516129,0.4838709677419355,2.5591397849462365,-0.41935483870967744,0.3548387096774194,2.032258064516129,1.89247311827957,2.3010752688172045,3.043010752688172,0.5376344086021505,0.8924731182795699,7.118279569892473,1.6666666666666667,-0.7741935483870968,0.08247422680412371,2.5670103092783507,0.4948453608247423,0.6701030927835051,5.556701030927835,1.3711340206185567,1.5463917525773196,1.6391752577319587,1.6494845360824741,1.6701030927835052,1.5876288659793814,1.8453608247422681,2.2061855670103094,3.443298969072165,4.536082474226804,0.9278350515463918,0.3711340206185567,12.288659793814434,3.711340206185567,1.1134020618556701
Q4A6A2,0.7851851851851852,3.2666666666666666,0.8666666666666667,1.5703703703703704,5.2444444444444445,1.288888888888889,0.9407407407407408,4.125925925925926,3.740740740740741,-0.35555555555555557,1.7925925925925925,-0.17777777777777778,2.051851851851852,4.711111111111111,2.785185185185185,0.8,0.9185185185185185,12.562962962962963,5.837037037037037,-0.2814814814814815,0.6666666666666666,1.488888888888889,0.9481481481481482,2.7333333333333334,6.318518518518519,2.3703703703703702,1.7185185185185186,4.7407407407407405,1.6296296296296295,2.0074074074074075,1.5777777777777777,2.4296296296296296,1.9925925925925927,3.6148148148148147,3.9185185185185185,1.8592592592592592,1.7481481481481482,10.34074074074074,3.074074074074074,1.8888888888888888,0.6,1.325925925925926,0.8222222222222222,0.5185185185185185,5.074074074074074,2.2222222222222223,0.5777777777777777,3.2,3.511111111111111,-1.037037037037037,1.0666666666666667,0.674074074074074,1.9333333333333333,3.859259259259259,5.725925925925926,0.34814814814814815,0.15555555555555556,14.311111111111112,3.4962962962962965,0.1925925925925926,1.2962962962962963,1.9703703703703703,-0.45925925925925926,4.814814814814815,11.281481481481482,1.9925925925925927,1.7925925925925925,9.503703703703703,3.748148148148148,2.1925925925925926,2.3185185185185184,2.637037037037037,3.2962962962962963,4.814814814814815,7.674074074074074,1.8148148148148149,2.1555555555555554,13.562962962962963,4.562962962962963,2.4518518518518517,1.6838235294117647,3.463235294117647,2.5441176470588234,1.786764705882353,11.426470588235293,2.198529411764706,0.022058823529411766,7.132352941176471,4.338235294117647,1.4485294117647058,1.3014705882352942,0.03676470588235294,4.235294117647059,2.235294117647059,4.345588235294118,2.0808823529411766,1.3161764705882353,14.242647058823529,3.7058823529411766,1.1544117647058822
P0A672,0.2222222222222222,-0.4444444444444444,1.2777777777777777,1.5833333333333333,5.194444444444445,0.6944444444444444,1.0,3.361111111111111,1.9444444444444444,-0.2222222222222222,0.08333333333333333,0.7222222222222222,0.05555555555555555,1.5,2.5277777777777777,-0.05555555555555555,-0.027777777777777776,3.861111111111111,-0.6388888888888888,-0.2222222222222222,0.2222222222222222,0.8888888888888888,2.7777777777777777,2.3055555555555554,5.222222222222222,1.0277777777777777,1.0555555555555556,2.861111111111111,1.4166666666666667,0.2222222222222222,0.6944444444444444,0.8888888888888888,0.5277777777777778,2.0277777777777777,3.9166666666666665,0.75,0.5555555555555556,1.2222222222222223,0.8888888888888888,0.3888888888888889,0.9722222222222222,0.7777777777777778,-0.19444444444444445,-0.19444444444444445,5.027777777777778,-0.027777777777777776,-0.3888888888888889,3.361111111111111,-1.4444444444444444,-0.25,-0.16666666666666666,0.3055555555555556,-0.2222222222222222,2.9722222222222223,3.2222222222222223,0.0,0.5277777777777778,7.138888888888889,0.8888888888888888,0.4722222222222222,0.19444444444444445,0.1111111111111111,0.3888888888888889,0.19444444444444445,2.1944444444444446,-0.5555555555555556,-0.3611111111111111,3.6666666666666665,1.25,-0.1388888888888889,-0.16666666666666666,0.0,-0.3333333333333333,3.5277777777777777,0.16666666666666666,0.3888888888888889,0.19444444444444445,7.694444444444445,2.8055555555555554,-0.2777777777777778,-0.027777777777777776,1.6111111111111112,2.111111111111111,1.1944444444444444,4.444444444444445,0.7222222222222222,0.1388888888888889,2.6944444444444446,1.8055555555555556,3.0833333333333335,2.7222222222222223,1.0,1.0277777777777777,3.0833333333333335,2.611111111111111,0.3333333333333333,0.1388888888888889,7.833333333333333,2.388888888888889,2.5277777777777777
O32271,0.15853658536585366,2.8048780487804876,1.6829268292682926,3.0853658536585367,5.158536585365853,2.6707317073170733,2.4146341463414633,2.5365853658536586,3.0365853658536586,1.2560975609756098,1.329268292682927,1.5975609756097562,1.1585365853658536,3.524390243902439,4.646341463414634,0.926829268292683,0.18292682926829268,9.890243902439025,2.158536585365854,1.048780487804878,0.04878048780487805,1.0853658536585367,0.8048780487804879,1.1219512195121952,4.573170731707317,0.18292682926829268,-0.6341463414634146,1.2560975609756098,0.6951219512195121,-0.07317073170731707,1.4146341463414633,-0.2804878048780488,1.1341463414634145,3.5,2.2560975609756095,0.036585365853658534,0.2926829268292683,8.609756097560975,2.317073170731707,0.012195121951219513,0.1951219512195122,2.3658536585365852,-0.5,2.6097560975609757,4.146341463414634,1.951219512195122,2.707317073170732,-1.5,2.207317073170732,-0.21951219512195122,0.5365853658536586,2.182926829268293,-0.8048780487804879,0.10975609756097561,5.012195121951219,0.8292682926829268,0.3902439024390244,7.524390243902439,0.9634146341463414,0.36585365853658536,0.34146341463414637,0.6585365853658537,-0.47560975609756095,-1.0365853658536586,5.304878048780488,0.45121951219512196,-0.8780487804878049,1.2195121951219512,1.9878048780487805,-2.475609756097561,-0.6951219512195121,0.10975609756097561,-0.6951219512195121,1.975609756097561,1.6219512195121952,0.5,0.45121951219512196,7.7439024390243905,2.3902439024390243,-1.0365853658536586,0.03614457831325301,0.7108433734939759,0.10843373493975904,0.25301204819277107,3.7710843373493974,0.21686746987951808,-0.3373493975903614,2.2650602409638556,1.5662650602409638,0.8433734939759037,0.5662650602409639,-0.12048192771084337,0.4457831325301205,1.3493975903614457,1.4819277108433735,0.37349397590361444,1.0481927710843373,3.4698795180722892,0.8554216867469879,0.5301204819277109
P37957,-0.3125,1.78125,2.25,4.125,2.15625,-0.0625,1.84375,2.4375,1.875,-0.28125,-1.28125,0.28125,0.125,0.1875,-1.1875,-1.1875,-0.5625,6.0,1.0625,-0.34375,-0.21875,-1.0625,0.0,0.0625,4.78125,-0.84375,0.1875,0.09375,-0.96875,1.625,1.21875,-0.0625,1.625,1.8125,1.34375,-0.21875,-0.3125,1.625,0.28125,-0.3125,0.3125,0.75,1.03125,1.625,1.9375,0.09375,0.34375,2.0,-2.03125,0.375,0.15625,1.09375,0.625,4.21875,4.65625,0.59375,0.5,10.0,2.75,0.21875,0.28125,2.03125,-0.125,-0.25,3.15625,0.71875,0.75,1.65625,0.15625,0.0,0.71875,1.53125,0.96875,1.6875,0.625,-0.3125,-0.4375,4.15625,1.53125,-0.0625,0.38235294117647056,0.8235294117647058,1.0294117647058822,1.6764705882352942,4.647058823529412,-0.7941176470588235,0.7058823529411765,2.235294117647059,1.2352941176470589,0.29411764705882354,1.6764705882352942,0.4117647058823529,0.8529411764705882,2.3529411764705883,4.264705882352941,-0.7941176470588235,0.17647058823529413,6.176470588235294,0.5,0.23529411764705882
Q83GH3,2.5375,5.5375,4.0875,6.575,9.4625,4.9375,5.2,10.5625,2.25,0.7625,2.9625,4.0875,2.7875,7.325,8.5625,3.9125,0.8875,13.925,2.6625,-0.85,0.1375,3.075,4.4625,5.2125,12.1125,4.175,2.4875,6.0,2.7125,2.2375,3.4875,2.2375,3.05,5.2125,9.7125,2.425,3.2125,13.775,4.0125,1.3,1.9875,5.9625,4.725,6.8125,7.25,5.5625,3.25,1.4125,4.1125,8.425,7.6875,4.05,6.425,4.0125,7.1,2.4625,5.3875,10.4625,5.35,8.4625,0.0375,0.075,2.45,2.15,8.7875,1.675,2.0625,3.975,1.2375,2.875,1.95,1.825,1.425,2.8125,3.875,1.1,0.8625,4.4,2.0,1.8125,1.5,0.7125,1.5125,-0.775,8.0125,0.85,0.125,2.2,1.8375,-0.2875,-0.3625,0.0875,0.6375,3.575,4.3,0.7125,0.9,4.4875,4.5625,-0.25
O52866,1.2340425531914894,3.0,3.127659574468085,4.0212765957446805,5.808510638297872,1.6595744680851063,5.404255319148936,6.23404255319149,-2.574468085106383,6.446808510638298,3.9574468085106385,4.829787234042553,2.74468085106383,2.1914893617021276,5.0638297872340425,2.0,2.1702127659574466,2.3617021276595747,4.531914893617022,5.553191489361702,-0.5531914893617021,2.425531914893617,5.23404255319149,5.468085106382978,5.659574468085107,1.574468085106383,3.404255319148936,4.297872340425532,-0.19148936170212766,8.361702127659575,4.297872340425532,6.9361702127659575,4.042553191489362,9.085106382978724,5.617021276595745,1.6808510638297873,1.3617021276595744,9.76595744680851,5.276595744680851,5.212765957446808,-0.1702127659574468,-0.02127659574468085,-0.02127659574468085,1.3404255319148937,2.6382978723404253,0.23404255319148937,-0.1276595744680851,0.5531914893617021,0.10638297872340426,-0.44680851063829785,-0.23404255319148937,0.48936170212765956,-0.2765957446808511,-0.7021276595744681,-0.9361702127659575,-0.0425531914893617,0.1276595744680851,-0.9148936170212766,0.3404255319148936,-0.3404255319148936,0.19148936170212766,-0.44680851063829785,-0.19148936170212766,-0.2127659574468085,4.0638297872340425,0.10638297872340426,0.425531914893617,0.8936170212765957,-0.1276595744680851,0.7659574468085106,0.0,0.3191489361702128,0.2127659574468085,-0.48936170212765956,-0.14893617021276595,0.1276595744680851,-0.14893617021276595,0.851063829787234,-0.3617021276595745,0.5531914893617021,0.5416666666666666,3.4375,4.541666666666667,0.7916666666666666,5.541666666666667,1.8541666666666667,1.0208333333333333,5.791666666666667,-0.7916666666666666,2.7916666666666665,1.3125,3.6458333333333335,3.25,-1.5416666666666667,4.0625,0.9791666666666666,1.0,10.75,2.3125,1.3125
P19579,0.375,0.19444444444444445,1.25,3.8194444444444446,3.75,0.06944444444444445,0.6111111111111112,3.3194444444444446,1.5,-0.1527777777777778,0.3611111111111111,-0.3333333333333333,-0.25,0.7083333333333334,2.0833333333333335,0.6527777777777778,-0.2777777777777778,4.638888888888889,0.7361111111111112,-0.2777777777777778,-0.1111111111111111,0.9166666666666666,-0.5,0.3888888888888889,3.75,0.4305555555555556,0.041666666666666664,2.6527777777777777,0.18055555555555555,1.6944444444444444,1.5833333333333333,0.375,0.08333333333333333,1.6666666666666667,1.0972222222222223,0.25,0.4583333333333333,4.944444444444445,0.3333333333333333,1.2361111111111112,0.0,-0.3194444444444444,0.9861111111111112,2.236111111111111,2.861111111111111,0.5138888888888888,1.1666666666666667,0.3194444444444444,1.8194444444444444,0.9166666666666666,1.5555555555555556,-0.2638888888888889,1.0277777777777777,2.861111111111111,0.9166666666666666,-0.3194444444444444,-0.1111111111111111,7.305555555555555,2.861111111111111,0.0,0.3194444444444444,0.4305555555555556,0.6527777777777778,0.2222222222222222,4.916666666666667,0.09722222222222222,0.5416666666666666,0.06944444444444445,-0.18055555555555555,1.1805555555555556,1.6111111111111112,0.7777777777777778,0.5416666666666666,0.3611111111111111,1.9305555555555556,-0.25,0.5277777777777778,4.444444444444445,-0.1111111111111111,0.3194444444444444,0.1643835616438356,0.4794520547945205,0.7671232876712328,-0.0136986301369863,5.575342465753424,0.3287671232876712,0.8767123287671232,2.5616438356164384,0.8356164383561644,2.780821917808219,2.2739726027397262,0.5342465753424658,0.5616438356164384,4.2465753424657535,2.3424657534246576,0.0410958904109589,0.1232876712328767,6.465753424657534,1.917808219178082,1.1369863013698631
P22629,0.4230769230769231,1.5384615384615385,1.8846153846153846,2.6153846153846154,1.6538461538461537,0.5384615384615384,1.2307692307692308,1.8461538461538463,3.076923076923077,-0.07692307692307693,0.3076923076923077,0.23076923076923078,0.34615384615384615,1.4230769230769231,0.3076923076923077,-0.23076923076923078,-0.5769230769230769,6.538461538461538,2.3461538461538463,0.4230769230769231,-0.6923076923076923,1.4615384615384615,0.07692307692307693,0.7692307692307693,5.115384615384615,1.0,1.2692307692307692,-0.8461538461538461,1.8461538461538463,0.23076923076923078,1.0384615384615385,1.3846153846153846,0.7307692307692307,3.0384615384615383,3.769230769230769,0.19230769230769232,1.1538461538461537,5.076923076923077,2.3076923076923075,0.5384615384615384,-0.2692307692307692,-0.46153846153846156,-0.07692307692307693,-0.2692307692307692,0.9615384615384616,-0.23076923076923078,0.038461538461538464,-0.2692307692307692,0.3076923076923077,1.3461538461538463,1.2692307692307692,0.0,0.8461538461538461,0.7307692307692307,0.9230769230769231,-0.15384615384615385,0.19230769230769232,3.076923076923077,-0.34615384615384615,0.6923076923076923,-0.5,1.9615384615384615,-0.2692307692307692,-1.3461538461538463,4.076923076923077,0.34615384615384615,-0.6923076923076923,-0.6153846153846154,2.1153846153846154,1.1153846153846154,0.19230769230769232,0.8076923076923077,0.7307692307692307,0.5384615384615384,4.3076923076923075,0.038461538461538464,-0.34615384615384615,-0.2692307692307692,0.5,0.3076923076923077,0.06896551724137931,1.3103448275862069,-0.2413793103448276,0.8275862068965517,3.4482758620689653,-0.1724137931034483,0.3448275862068966,0.7241379310344828,1.3448275862068966,0.896551724137931,2.6206896551724137,0.5172413793103449,0.5172413793103449,4.241379310344827,1.7586206896551724,0.0,0.0,7.310344827586207,2.689655172413793,-0.13793103448275862
O33635,0.027237354085603113,0.10116731517509728,0.20233463035019456,0.0,3.922178988326848,1.0233463035019454,0.6964980544747081,1.754863813229572,0.7042801556420234,2.501945525291829,3.2217898832684826,0.7354085603112841,1.6381322957198443,6.038910505836576,0.16342412451361868,0.2490272373540856,0.4669260700389105,7.7587548638132295,2.992217898832685,0.6926070038910506,0.3229571984435798,0.31906614785992216,0.11284046692607004,0.7587548638132295,3.9766536964980546,0.16731517509727625,0.23735408560311283,0.5875486381322957,1.0505836575875487,1.5252918287937742,2.0739299610894943,0.22568093385214008,1.2957198443579767,2.5992217898832686,1.0155642023346303,0.2178988326848249,0.14007782101167315,3.536964980544747,0.9299610894941635,0.8793774319066148,0.14785992217898833,0.4396887159533074,0.08949416342412451,1.0505836575875487,3.536964980544747,-0.07782101167315175,0.43190661478599224,0.8599221789883269,1.0700389105058365,1.443579766536965,1.595330739299611,-0.2918287937743191,0.7042801556420234,1.961089494163424,0.7392996108949417,0.0038910505836575876,-0.04669260700389105,3.4280155642023344,0.8287937743190662,0.5642023346303502,0.11673151750972763,0.40077821011673154,0.3424124513618677,1.3968871595330739,3.3813229571984436,-0.023346303501945526,0.3540856031128405,0.9922178988326849,1.0583657587548638,1.583657587548638,1.7509727626459144,-0.11673151750972763,0.8832684824902723,2.198443579766537,1.7587548638132295,0.038910505836575876,0.19455252918287938,3.6964980544747084,1.3307392996108949,1.046692607003891,0.12840466926070038,0.6381322957198443,-0.06614785992217899,0.7898832684824902,3.7782101167315174,0.31906614785992216,0.4708171206225681,0.6809338521400778,0.9066147859922179,1.284046692607004,1.284046692607004,0.19455252918287938,0.4591439688715953,1.3073929961089494,2.132295719844358,-0.12840466926070038,-0.019455252918287938,3.4202334630350193,0.41245136186770426,0.8132295719844358
P39570,-0.3968253968253968,3.0,1.6349206349206349,5.4603174603174605,3.9682539682539684,1.7619047619047619,3.8095238095238093,1.9523809523809523,3.9523809523809526,-0.36507936507936506,-0.746031746031746,2.492063492063492,-0.4603174603174603,-0.8571428571428571,4.920634920634921,-0.15873015873015872,0.6984126984126984,4.365079365079365,1.380952380952381,-0.25396825396825395,-0.5555555555555556,4.746031746031746,2.3333333333333335,6.063492063492063,1.253968253968254,3.1587301587301586,4.285714285714286,0.23809523809523808,2.9523809523809526,-0.42857142857142855,-0.8412698412698413,4.380952380952381,-0.1111111111111111,-0.6349206349206349,4.111111111111111,0.47619047619047616,-0.015873015873015872,-0.4126984126984127,-1.7777777777777777,-0.30158730158730157,-0.14285714285714285,3.4603174603174605,2.857142857142857,5.888888888888889,4.888888888888889,1.6507936507936507,2.9682539682539684,0.12698412698412698,1.9523809523809523,-0.4603174603174603,-0.1111111111111111,1.6507936507936507,-0.36507936507936506,-1.4761904761904763,2.4126984126984126,0.015873015873015872,0.1746031746031746,3.3015873015873014,1.0317460317460319,0.06349206349206349,-0.23809523809523808,4.095238095238095,3.253968253968254,4.746031746031746,3.5873015873015874,2.634920634920635,3.2857142857142856,0.6190476190476191,4.26984126984127,-0.14285714285714285,0.19047619047619047,3.1587301587301586,-0.6349206349206349,-0.3333333333333333,3.2222222222222223,-0.015873015873015872,-0.31746031746031744,2.3492063492063493,1.2222222222222223,0.5079365079365079,0.12121212121212122,2.242424242424242,0.6060606060606061,3.378787878787879,2.257575757575758,1.2878787878787878,2.4242424242424243,2.212121212121212,2.287878787878788,0.4696969696969697,0.07575757575757576,0.6212121212121212,0.07575757575757576,-0.48484848484848486,1.7424242424242424,0.5454545454545454,0.24242424242424243,0.3939393939393939,1.0909090909090908,0.18181818181818182
Q06852,0.13274336283185842,1.2256637168141593,0.9424778761061947,1.2986725663716814,3.767699115044248,0.19469026548672566,0.5265486725663717,1.8628318584070795,1.6946902654867257,0.9911504424778761,1.2101769911504425,0.5088495575221239,0.5619469026548672,2.559734513274336,2.088495575221239,0.2013274336283186,0.2079646017699115,5.466814159292035,1.8539823008849559,0.5309734513274337,0.09734513274336283,1.1415929203539823,0.7146017699115044,1.170353982300885,3.683628318584071,0.26327433628318586,0.5973451327433629,1.5132743362831858,1.5066371681415929,1.1460176991150441,1.4955752212389382,0.46017699115044247,0.6592920353982301,2.561946902654867,2.3185840707964602,0.17256637168141592,0.1172566371681416,4.504424778761062,1.5309734513274336,0.5486725663716814,0.11283185840707964,0.9933628318584071,0.7278761061946902,0.8960176991150443,3.980088495575221,0.1747787610619469,0.47123893805309736,1.2123893805309736,1.5287610619469028,0.9358407079646017,1.2986725663716814,0.3561946902654867,0.7013274336283186,3.09070796460177,1.8030973451327434,0.11061946902654868,0.09955752212389381,5.079646017699115,2.232300884955752,0.4247787610619469,0.1592920353982301,0.5154867256637168,2.7079646017699117,1.7853982300884956,8.269911504424778,0.18805309734513273,-0.1415929203539823,0.6924778761061947,0.5154867256637168,4.267699115044247,2.6238938053097347,0.17920353982300885,2.2765486725663715,7.163716814159292,8.205752212389381,1.9955752212389382,0.911504424778761,11.84070796460177,5.977876106194691,0.5951327433628318,-0.054945054945054944,0.42637362637362636,0.8835164835164835,1.0527472527472528,5.048351648351648,0.11428571428571428,-0.06373626373626373,0.3648351648351648,0.6,2.5142857142857142,1.9120879120879122,-0.02197802197802198,1.098901098901099,3.3626373626373627,3.967032967032967,1.0153846153846153,0.5648351648351648,7.010989010989011,2.7010989010989013,0.5076923076923077
P42252,0.4358974358974359,0.5384615384615384,4.435897435897436,6.897435897435898,4.0,2.871794871794872,2.58974358974359,5.102564102564102,2.41025641025641,-2.3333333333333335,-3.0,2.2564102564102564,-1.3333333333333333,-0.3076923076923077,7.230769230769231,1.4615384615384615,0.41025641025641024,1.564102564102564,1.1025641025641026,-1.564102564102564,0.4358974358974359,4.102564102564102,7.051282051282051,9.41025641025641,1.8717948717948718,2.5384615384615383,5.461538461538462,6.487179487179487,4.743589743589744,0.358974358974359,-0.15384615384615385,3.7435897435897436,0.358974358974359,-1.4615384615384615,3.8461538461538463,1.1538461538461537,0.5641025641025641,1.564102564102564,0.1282051282051282,0.48717948717948717,1.0769230769230769,5.871794871794871,4.743589743589744,7.769230769230769,4.17948717948718,4.487179487179487,5.589743589743589,2.3846153846153846,3.076923076923077,-0.6923076923076923,0.7435897435897436,4.846153846153846,0.5897435897435898,3.4358974358974357,3.769230769230769,0.7948717948717948,0.9487179487179487,1.794871794871795,1.0,-0.3076923076923077,1.0256410256410255,4.128205128205129,5.923076923076923,8.461538461538462,4.769230769230769,3.871794871794872,5.589743589743589,4.256410256410256,6.410256410256411,-0.46153846153846156,1.2820512820512822,4.153846153846154,-0.3076923076923077,0.8974358974358975,5.435897435897436,1.0256410256410255,0.1794871794871795,2.5128205128205128,1.1794871794871795,-0.6410256410256411,-0.41025641025641024,3.8205128205128207,6.384615384615385,7.051282051282051,4.051282051282051,3.3076923076923075,4.384615384615385,4.256410256410256,5.512820512820513,1.9230769230769231,1.0769230769230769,3.5384615384615383,0.9487179487179487,1.5128205128205128,2.4615384615384617,2.0256410256410255,0.28205128205128205,4.871794871794871,2.5641025641025643,0.5128205128205128
O07628,1.4444444444444444,2.3333333333333335,2.111111111111111,0.2222222222222222,-3.7777777777777777,1.5555555555555556,0.5555555555555556,3.6666666666666665,2.111111111111111,-2.0,-2.7777777777777777,1.0,-1.8888888888888888,2.0,2.4444444444444446,0.7777777777777778,0.4444444444444444,6.333333333333333,0.3333333333333333,-1.0,0.7777777777777778,0.5555555555555556,1.1111111111111112,2.3333333333333335,0.4444444444444444,0.5555555555555556,1.4444444444444444,5.333333333333333,1.2222222222222223,3.5555555555555554,2.6666666666666665,0.8888888888888888,0.8888888888888888,6.444444444444445,3.4444444444444446,-1.1111111111111112,-0.3333333333333333,9.0,2.7777777777777777,2.7777777777777777,2.4444444444444446,0.8888888888888888,1.4444444444444444,-1.3333333333333333,6.222222222222222,-2.111111111111111,-5.777777777777778,5.111111111111111,1.0,1.8888888888888888,3.5555555555555554,-0.5555555555555556,3.0,0.4444444444444444,2.0,0.7777777777777778,0.0,5.888888888888889,0.5555555555555556,1.1111111111111112,1.5555555555555556,-3.111111111111111,2.2222222222222223,2.4444444444444446,6.111111111111111,-2.6666666666666665,-3.2222222222222223,6.0,1.0,0.7777777777777778,2.0,-1.6666666666666667,0.7777777777777778,-2.0,1.0,1.8888888888888888,1.3333333333333333,2.7777777777777777,-3.5555555555555554,0.6666666666666666,-2.090909090909091,4.2727272727272725,7.454545454545454,8.909090909090908,0.7272727272727273,2.8181818181818183,5.909090909090909,4.7272727272727275,6.090909090909091,0.9090909090909091,-0.9090909090909091,3.3636363636363638,-0.6363636363636364,1.3636363636363635,6.0,1.9090909090909092,0.7272727272727273,2.1818181818181817,1.6363636363636365,1.3636363636363635
P42086,0.38961038961038963,4.3896103896103895,3.5714285714285716,6.090909090909091,2.7012987012987013,1.3116883116883118,3.8051948051948052,2.103896103896104,4.311688311688312,-0.2727272727272727,-0.05194805194805195,3.3896103896103895,0.7012987012987013,-1.12987012987013,0.948051948051948,0.987012987012987,-0.24675324675324675,3.5584415584415585,0.5844155844155844,0.4025974025974026,-0.1038961038961039,3.3636363636363638,3.116883116883117,6.376623376623376,2.883116883116883,3.2467532467532467,4.467532467532467,-0.05194805194805195,4.35064935064935,-0.7532467532467533,-1.6753246753246753,3.0779220779220777,-1.103896103896104,-0.6753246753246753,0.4025974025974026,0.11688311688311688,0.1038961038961039,3.987012987012987,1.5844155844155845,-0.7402597402597403,0.19480519480519481,2.7532467532467533,3.155844155844156,3.168831168831169,2.5454545454545454,1.844155844155844,3.1948051948051948,2.2467532467532467,2.4285714285714284,-0.5324675324675324,-0.5064935064935064,3.064935064935065,-0.2597402597402597,-1.025974025974026,0.35064935064935066,-0.4805194805194805,0.37662337662337664,2.168831168831169,1.2857142857142858,-0.44155844155844154,-0.36363636363636365,4.896103896103896,3.987012987012987,8.220779220779221,2.5714285714285716,3.6493506493506493,5.8311688311688314,-1.2207792207792207,5.623376623376624,-0.5064935064935064,-0.8181818181818182,4.142857142857143,-0.12987012987012986,0.6753246753246753,2.779220779220779,-0.12987012987012986,0.07792207792207792,7.7272727272727275,2.4545454545454546,-0.935064935064935,0.0,1.625,-0.125,2.75,3.625,1.1375,1.925,0.5625,1.7125,-0.6125,-0.85,1.4375,-0.675,-0.525,1.6125,0.1,-0.0625,3.425,1.4625,-0.0875
P35154,3.625,5.55,1.925,1.025,12.225,1.725,3.45,13.225,6.4,3.3,0.75,2.775,1.55,2.4,8.075,4.0,1.725,11.2,1.6,3.425,0.375,1.85,1.825,1.425,8.1,0.65,2.4,7.7,4.325,-1.375,-2.15,-0.275,-2.1,3.625,3.35,0.7,0.3,10.475,2.5,0.6,0.825,0.525,1.675,1.525,8.425,0.775,1.525,4.4,0.85,0.675,0.275,1.775,0.325,2.925,3.35,0.65,0.975,7.275,1.3,1.125,1.425,-1.85,0.175,1.15,9.2,-0.75,-0.85,7.35,-0.15,0.6,1.75,-0.7,0.175,3.025,3.675,0.375,-0.3,10.275,3.175,0.8,1.9024390243902438,1.9268292682926829,3.1951219512195124,1.1219512195121952,6.097560975609756,-0.4146341463414634,0.975609756097561,6.585365853658536,2.5365853658536586,0.07317073170731707,0.7804878048780488,1.4634146341463414,1.1951219512195121,1.4390243902439024,9.170731707317072,1.4146341463414633,1.3414634146341464,12.0,1.4634146341463414,0.5853658536585366
Q11010,0.08695652173913043,1.8198757763975155,1.1614906832298137,0.8012422360248447,3.577639751552795,0.7639751552795031,0.8198757763975155,4.248447204968944,0.8074534161490683,0.2981366459627329,1.4409937888198758,0.9192546583850931,1.4906832298136645,1.6149068322981366,2.2732919254658386,-0.3167701863354037,0.11180124223602485,6.049689440993789,1.6149068322981366,0.38509316770186336,0.8881987577639752,3.1925465838509317,1.3540372670807452,1.1677018633540373,3.8633540372670807,1.968944099378882,0.937888198757764,4.670807453416149,2.751552795031056,0.5590062111801242,0.7763975155279503,2.37888198757764,-0.006211180124223602,0.36645962732919257,4.440993788819876,0.7763975155279503,0.36645962732919257,4.031055900621118,1.1987577639751552,0.8571428571428571,0.9316770186335404,0.9130434782608695,0.18633540372670807,-0.2857142857142857,6.819875776397516,-0.13043478260869565,0.42857142857142855,2.590062111801242,1.1055900621118013,0.7763975155279503,0.453416149068323,0.2857142857142857,0.20496894409937888,0.10559006211180125,2.186335403726708,0.018633540372670808,0.07453416149068323,4.527950310559007,0.5217391304347826,0.8385093167701864,0.2857142857142857,0.8571428571428571,0.782608695652174,0.639751552795031,4.3105590062111805,0.2608695652173913,0.4472049689440994,2.217391304347826,1.3416149068322982,0.7577639751552795,0.36645962732919257,0.6708074534161491,0.37888198757763975,1.6459627329192548,2.2422360248447206,0.4472049689440994,0.2484472049689441,3.8509316770186337,0.937888198757764,0.7577639751552795,0.2331288343558282,-0.1411042944785276,0.37423312883435583,0.7116564417177914,3.4171779141104293,-0.4110429447852761,-0.4049079754601227,1.6319018404907975,1.0552147239263803,1.2760736196319018,0.6625766871165644,0.024539877300613498,0.294478527607362,1.7546012269938651,1.7239263803680982,-0.024539877300613498,0.24539877300613497,4.061349693251533,0.9938650306748467,0.5705521472392638
Q04707,0.23308270676691728,0.8421052631578947,1.3458646616541354,3.6842105263157894,6.533834586466165,1.3383458646616542,2.082706766917293,2.082706766917293,1.9022556390977443,1.0075187969924813,1.8571428571428572,1.105263157894737,0.9849624060150376,1.781954887218045,3.3759398496240602,0.556390977443609,0.7969924812030075,1.3157894736842106,0.9548872180451128,1.0075187969924813,0.045112781954887216,0.7293233082706767,1.4887218045112782,2.1203007518796992,9.090225563909774,0.6240601503759399,1.330827067669173,2.4210526315789473,2.3609022556390977,1.9699248120300752,2.0,0.518796992481203,1.6917293233082706,3.6315789473684212,4.3007518796992485,0.3533834586466165,0.5639097744360902,4.2105263157894735,0.45112781954887216,1.2330827067669172,0.8721804511278195,1.0601503759398496,0.3157894736842105,0.631578947368421,7.293233082706767,0.6165413533834586,1.0902255639097744,2.7593984962406015,2.3233082706766917,1.6766917293233083,2.6766917293233083,0.7443609022556391,2.3157894736842106,4.7894736842105265,2.0,-0.2556390977443609,-0.5939849624060151,5.917293233082707,1.556390977443609,1.593984962406015,-0.44360902255639095,1.0827067669172932,0.11278195488721804,1.5112781954887218,8.586466165413533,0.41353383458646614,1.2030075187969924,0.2781954887218045,2.037593984962406,0.8872180451127819,1.2330827067669172,-0.43609022556390975,0.5338345864661654,2.4135338345864663,1.0526315789473684,-0.13533834586466165,0.09022556390977443,6.7518796992481205,0.3007518796992481,0.8947368421052632,-0.014598540145985401,0.7372262773722628,-0.12408759124087591,0.35766423357664234,4.737226277372263,0.49635036496350365,0.5620437956204379,-0.051094890510948905,1.3795620437956204,1.2773722627737227,1.802919708029197,0.0072992700729927005,0.6715328467153284,3.153284671532847,-0.4306569343065693,0.24817518248175183,0.15328467153284672,4.291970802919708,0.9197080291970803,0.7883211678832117
Q10744,0.3037974683544304,0.10126582278481013,0.21518987341772153,1.5696202531645569,2.848101265822785,-0.5443037974683544,0.34177215189873417,2.7848101265822787,0.5063291139240507,1.7215189873417722,1.2911392405063291,-0.10126582278481013,0.5063291139240507,3.607594936708861,2.1139240506329116,-0.05063291139240506,-0.13924050632911392,5.987341772151899,2.240506329113924,0.9873417721518988,0.7468354430379747,1.3924050632911393,1.4177215189873418,0.9240506329113924,5.151898734177215,0.5063291139240507,0.21518987341772153,3.3417721518987342,1.9620253164556962,1.7721518987341771,1.1772151898734178,0.6835443037974683,0.5189873417721519,1.6455696202531647,3.1139240506329116,0.6075949367088608,0.6835443037974683,4.531645569620253,1.240506329113924,1.5822784810126582,0.17721518987341772,0.6962025316455697,-0.22784810126582278,-0.6455696202531646,3.9240506329113924,-0.5189873417721519,-1.1265822784810127,3.2278481012658227,1.2151898734177216,1.4177215189873418,0.45569620253164556,-0.012658227848101266,0.45569620253164556,0.02531645569620253,2.2658227848101267,0.012658227848101266,0.35443037974683544,4.962025316455696,0.0379746835443038,1.0253164556962024,0.17721518987341772,0.9367088607594937,0.2911392405063291,-0.16455696202531644,5.620253164556962,0.189873417721519,0.5189873417721519,1.5949367088607596,1.3164556962025316,1.7721518987341771,1.5569620253164558,0.5569620253164557,0.22784810126582278,1.1898734177215189,3.5443037974683542,-0.0759493670886076,0.21518987341772153,5.468354430379747,1.0632911392405062,1.8481012658227849,0.03614457831325301,1.6385542168674698,1.108433734939759,0.6746987951807228,5.746987951807229,0.2289156626506024,-0.03614457831325301,3.1927710843373496,1.4698795180722892,1.6144578313253013,1.6385542168674698,0.9036144578313253,0.3493975903614458,3.6506024096385543,3.0481927710843375,0.21686746987951808,0.6144578313253012,4.759036144578313,2.7951807228915664,1.4216867469879517
O07151,0.5384615384615384,3.830769230769231,2.6846153846153844,3.3615384615384616,6.7615384615384615,2.723076923076923,2.523076923076923,3.169230769230769,3.8,0.7923076923076923,2.5,2.1,2.0923076923076924,6.1923076923076925,3.5153846153846153,1.4461538461538461,0.6076923076923076,12.061538461538461,4.546153846153846,1.6384615384615384,0.26153846153846155,1.823076923076923,1.7153846153846153,1.976923076923077,10.046153846153846,0.6846153846153846,0.5615384615384615,5.176923076923077,2.707692307692308,2.0076923076923077,1.5307692307692307,0.16153846153846155,2.046153846153846,4.438461538461539,4.576923076923077,1.4384615384615385,1.9615384615384615,7.938461538461539,2.576923076923077,2.5923076923076924,2.5538461538461537,1.5461538461538462,3.9,4.576923076923077,11.392307692307693,1.1384615384615384,1.976923076923077,6.8076923076923075,0.8461538461538461,1.2153846153846153,1.646153846153846,1.4692307692307693,0.05384615384615385,2.9076923076923076,6.030769230769231,2.246153846153846,3.0384615384615383,6.515384615384615,1.4076923076923078,1.8461538461538463,0.8692307692307693,1.8,2.753846153846154,0.7615384615384615,7.7615384615384615,2.2,0.7615384615384615,4.092307692307692,1.5076923076923077,1.8846153846153846,2.953846153846154,1.4,0.7692307692307693,2.6846153846153844,6.561538461538461,1.7769230769230768,0.8538461538461538,9.784615384615385,2.6,2.723076923076923,0.8863636363636364,2.8484848484848486,3.5833333333333335,3.4015151515151514,10.818181818181818,3.606060606060606,1.9242424242424243,6.992424242424242,5.696969696969697,-0.25,1.9242424242424243,1.9015151515151516,1.9621212121212122,5.53030303030303,8.416666666666666,3.007575757575758,2.3484848484848486,12.68939393939394,5.151515151515151,0.5833333333333334
P0C1D7,-0.06611570247933884,0.859504132231405,0.5785123966942148,1.7107438016528926,2.5289256198347108,0.4628099173553719,0.5371900826446281,-0.04132231404958678,2.0165289256198347,-0.04132231404958678,0.2066115702479339,0.4793388429752066,-0.0743801652892562,2.28099173553719,0.8760330578512396,0.03305785123966942,-0.1652892561983471,4.7272727272727275,1.677685950413223,-0.4214876033057851,0.35537190082644626,1.1983471074380165,-0.38016528925619836,0.6942148760330579,3.371900826446281,0.2975206611570248,0.8016528925619835,0.8925619834710744,0.6446280991735537,1.6528925619834711,1.7768595041322315,0.7520661157024794,1.0082644628099173,1.71900826446281,1.71900826446281,-0.14049586776859505,0.2231404958677686,2.0165289256198347,-0.256198347107438,1.3636363636363635,0.08264462809917356,0.5867768595041323,-0.06611570247933884,-0.6363636363636364,3.43801652892562,0.24793388429752067,0.11570247933884298,0.03305785123966942,0.9090909090909091,1.7272727272727273,1.3388429752066116,0.6942148760330579,0.9421487603305785,1.5206611570247934,1.1983471074380165,0.15702479338842976,0.2975206611570248,2.628099173553719,0.6446280991735537,1.2231404958677685,0.14049586776859505,1.2066115702479339,0.5206611570247934,1.4132231404958677,3.165289256198347,0.71900826446281,0.71900826446281,1.4958677685950412,1.7851239669421488,2.7107438016528924,2.727272727272727,0.859504132231405,1.7520661157024793,3.2231404958677685,1.9090909090909092,0.19834710743801653,-0.2644628099173554,5.115702479338843,2.0165289256198347,1.4132231404958677,-0.0975609756097561,2.813008130081301,0.8455284552845529,1.6585365853658536,4.796747967479675,0.8861788617886179,0.975609756097561,1.0975609756097562,1.2276422764227641,2.6016260162601625,2.845528455284553,1.2520325203252032,1.6422764227642277,2.317073170731707,3.4878048780487805,0.22764227642276422,0.04878048780487805,4.2682926829268295,2.032520325203252,1.4796747967479675
Q07428,-0.15384615384615385,-0.15384615384615385,1.1538461538461537,1.5384615384615385,6.230769230769231,-0.6923076923076923,-0.6923076923076923,4.769230769230769,4.846153846153846,0.6923076923076923,3.076923076923077,-0.23076923076923078,1.0,5.3076923076923075,4.384615384615385,-0.3076923076923077,0.8461538461538461,9.461538461538462,4.615384615384615,0.5384615384615384,0.23076923076923078,0.6153846153846154,3.230769230769231,5.538461538461538,5.384615384615385,0.5384615384615384,3.076923076923077,1.3846153846153846,3.1538461538461537,0.3076923076923077,2.6923076923076925,0.23076923076923078,0.0,1.8461538461538463,4.230769230769231,0.5384615384615384,-0.07692307692307693,10.23076923076923,3.6923076923076925,1.6923076923076923,0.7692307692307693,1.1538461538461537,3.5384615384615383,2.6923076923076925,5.769230769230769,2.3076923076923075,2.0,5.0,2.8461538461538463,2.8461538461538463,2.3076923076923075,1.3076923076923077,1.3076923076923077,3.0,6.230769230769231,2.076923076923077,1.1538461538461537,7.615384615384615,0.38461538461538464,1.3076923076923077,-0.15384615384615385,5.461538461538462,1.6153846153846154,-2.076923076923077,5.769230769230769,3.4615384615384617,2.769230769230769,-1.3846153846153846,6.461538461538462,-5.846153846153846,1.0769230769230769,2.1538461538461537,-0.9230769230769231,6.769230769230769,4.0,-0.15384615384615385,1.0,12.461538461538462,6.076923076923077,-1.6153846153846154,1.2142857142857142,-2.0,4.5,4.357142857142857,7.428571428571429,1.8571428571428572,1.7857142857142858,7.5,5.857142857142857,-2.2857142857142856,3.7142857142857144,0.35714285714285715,2.357142857142857,6.214285714285714,5.5,2.857142857142857,1.4285714285714286,11.714285714285714,3.857142857142857,-3.7857142857142856
O07002,-0.2765957446808511,8.47872340425532,6.117021276595745,14.904255319148936,5.191489361702128,6.51063829787234,10.127659574468085,1.7872340425531914,10.085106382978724,0.1276595744680851,0.20212765957446807,7.553191489361702,0.48936170212765956,0.010638297872340425,7.925531914893617,0.18085106382978725,1.3085106382978724,4.75531914893617,2.1382978723404253,0.46808510638297873,-0.26595744680851063,5.0638297872340425,0.9787234042553191,5.6063829787234045,2.1702127659574466,3.3297872340425534,4.617021276595745,-0.02127659574468085,3.127659574468085,0.05319148936170213,-0.32978723404255317,3.3085106382978724,-0.2872340425531915,0.02127659574468085,2.595744680851064,0.24468085106382978,-0.1702127659574468,-0.44680851063829785,0.5531914893617021,-0.18085106382978725,0.3617021276595745,4.191489361702128,2.074468085106383,4.946808510638298,1.2659574468085106,2.882978723404255,4.3936170212765955,-0.05319148936170213,4.98936170212766,-0.11702127659574468,-0.02127659574468085,3.3404255319148937,-0.8404255319148937,0.13829787234042554,3.0638297872340425,-0.3617021276595745,-0.0851063829787234,3.265957446808511,1.2872340425531914,-0.0425531914893617,0.5212765957446809,4.968085106382978,2.9148936170212765,7.031914893617022,2.297872340425532,3.382978723404255,5.595744680851064,2.1382978723404253,4.287234042553192,0.05319148936170213,-0.3191489361702128,3.6595744680851063,-0.2127659574468085,0.14893617021276595,2.095744680851064,0.39361702127659576,0.40425531914893614,2.2872340425531914,1.0212765957446808,0.2872340425531915,0.09574468085106383,1.8829787234042554,3.0106382978723403,4.808510638297872,3.393617021276596,1.5957446808510638,2.6382978723404253,1.0106382978723405,2.148936170212766,-0.07446808510638298,-0.11702127659574468,1.2765957446808511,-0.23404255319148937,0.0851063829787234,2.106382978723404,0.7872340425531915,0.5425531914893617,-2.148936170212766,-0.648936170212766,-0.1702127659574468
P0A574,1.4912280701754386,0.7543859649122807,3.280701754385965,2.807017543859649,10.456140350877194,1.5087719298245614,1.2105263157894737,4.666666666666667,3.6315789473684212,0.017543859649122806,4.947368421052632,-0.5789473684210527,1.2456140350877194,6.035087719298246,5.052631578947368,0.7543859649122807,2.0526315789473686,10.631578947368421,4.649122807017544,1.894736842105263,-0.3684210526315789,4.578947368421052,2.807017543859649,5.543859649122807,1.4385964912280702,3.175438596491228,5.43859649122807,2.3859649122807016,6.280701754385965,2.9649122807017543,2.6315789473684212,2.9298245614035086,3.4210526315789473,5.245614035087719,3.6315789473684212,1.4210526315789473,1.1578947368421053,14.24561403508772,6.4035087719298245,1.4736842105263157,-0.3684210526315789,1.4035087719298245,2.263157894736842,3.6140350877192984,2.5789473684210527,2.263157894736842,1.7017543859649122,2.3684210526315788,4.807017543859649,4.964912280701754,4.666666666666667,3.508771929824561,1.9298245614035088,3.6315789473684212,2.210526315789474,0.8421052631578947,1.543859649122807,9.614035087719298,4.228070175438597,2.8947368421052633,0.14035087719298245,0.8596491228070176,1.1228070175438596,0.6666666666666666,3.7017543859649122,0.3508771929824561,1.4736842105263157,2.0350877192982457,0.3333333333333333,0.45614035087719296,1.0526315789473684,0.03508771929824561,0.24561403508771928,3.3157894736842106,2.912280701754386,0.14035087719298245,0.17543859649122806,4.2631578947368425,1.087719298245614,-0.05263157894736842,1.2982456140350878,3.6140350877192984,2.1403508771929824,4.894736842105263,5.9298245614035086,3.087719298245614,2.6666666666666665,-0.12280701754385964,5.052631578947368,1.2456140350877194,-0.7368421052631579,2.3684210526315788,-0.40350877192982454,3.245614035087719,7.771929824561403,1.5789473684210527,1.2982456140350878,11.280701754385966,6.526315789473684,1.5964912280701755
O34559,0.84375,0.46875,0.078125,1.28125,3.4375,-0.53125,-1.734375,2.359375,1.421875,1.421875,1.265625,0.140625,0.75,0.28125,1.75,0.390625,-0.09375,1.34375,-0.953125,0.53125,0.359375,1.28125,0.453125,1.4375,4.640625,0.390625,0.96875,-0.03125,0.140625,1.15625,0.703125,1.0625,0.171875,2.4375,1.9375,0.3125,0.453125,6.3125,1.171875,1.03125,0.015625,0.15625,0.0625,0.75,4.9375,0.015625,0.3125,0.84375,-0.0625,2.1875,1.3125,-0.21875,0.703125,1.375,1.8125,0.046875,0.375,1.140625,0.6875,1.59375,0.0,0.625,0.9375,1.328125,3.875,0.5625,0.578125,1.890625,0.859375,1.03125,0.515625,0.65625,-0.640625,1.90625,0.84375,0.28125,0.171875,3.046875,1.140625,0.515625,-0.19402985074626866,0.31343283582089554,0.5373134328358209,0.04477611940298507,2.91044776119403,-0.1044776119402985,0.05970149253731343,-0.04477611940298507,0.6865671641791045,1.6567164179104477,1.4328358208955223,0.29850746268656714,0.4925373134328358,1.9104477611940298,2.582089552238806,-0.014925373134328358,-0.07462686567164178,2.8059701492537314,0.8059701492537313,0.7761194029850746
P0C2S1,0.09467455621301775,0.8402366863905325,0.5680473372781065,1.0591715976331362,2.3727810650887573,0.4556213017751479,0.7692307692307693,0.9230769230769231,0.8994082840236687,1.2307692307692308,1.4201183431952662,0.5088757396449705,0.621301775147929,1.970414201183432,0.48520710059171596,-0.0650887573964497,-0.1834319526627219,2.8461538461538463,1.2366863905325445,0.6094674556213018,0.0,1.0710059171597632,0.7455621301775148,0.05917159763313609,3.201183431952663,0.21301775147928995,0.4437869822485207,0.6331360946745562,0.8047337278106509,1.0059171597633136,0.9171597633136095,0.3905325443786982,0.6153846153846154,1.183431952662722,0.6923076923076923,-0.023668639053254437,0.10059171597633136,3.923076923076923,1.0,0.11242603550295859,0.28994082840236685,2.1183431952662723,1.8047337278106508,2.1538461538461537,6.171597633136095,1.467455621301775,1.621301775147929,2.1301775147928996,1.6863905325443787,4.023668639053255,2.9763313609467454,1.514792899408284,1.5562130177514792,4.745562130177515,3.0414201183431953,-0.011834319526627219,0.5502958579881657,4.414201183431953,1.5502958579881656,2.2662721893491122,0.07100591715976332,1.4911242603550297,0.23668639053254437,1.0946745562130178,4.100591715976331,0.8047337278106509,1.3431952662721893,1.1183431952662721,1.6923076923076923,2.0414201183431953,0.4911242603550296,1.3254437869822486,0.9230769230769231,0.9644970414201184,3.2840236686390534,0.2781065088757396,0.3727810650887574,2.502958579881657,0.9881656804733728,1.21301775147929,0.41420118343195267,0.4437869822485207,-0.6035502958579881,-0.2781065088757396,4.668639053254438,0.7100591715976331,0.7692307692307693,0.650887573964497,1.7455621301775148,1.0887573964497042,1.5976331360946745,0.48520710059171596,0.9467455621301775,2.2781065088757395,1.2485207100591715,-0.28994082840236685,0.047337278106508875,6.0,1.4792899408284024,0.7869822485207101
P45702,0.48091603053435117,0.8473282442748091,0.33587786259541985,0.9007633587786259,5.099236641221374,-0.022900763358778626,0.21374045801526717,1.1450381679389312,1.3358778625954197,1.4045801526717556,1.1603053435114503,0.7938931297709924,0.916030534351145,1.5725190839694656,0.5343511450381679,-0.030534351145038167,0.3893129770992366,6.2748091603053435,1.4274809160305344,1.083969465648855,-0.40458015267175573,0.061068702290076333,0.09923664122137404,1.5877862595419847,3.183206106870229,0.03816793893129771,0.11450381679389313,-0.1297709923664122,0.8854961832061069,1.4045801526717556,1.5648854961832062,0.1297709923664122,0.8473282442748091,1.6870229007633588,2.6793893129770994,-0.061068702290076333,0.04580152671755725,4.4961832061068705,1.4045801526717556,0.9389312977099237,0.9618320610687023,0.6946564885496184,0.04580152671755725,1.3740458015267176,5.755725190839694,0.12213740458015267,0.1297709923664122,2.3435114503816794,0.6335877862595419,1.6717557251908397,1.8091603053435115,-0.12213740458015267,0.8549618320610687,1.3129770992366412,2.687022900763359,0.3282442748091603,0.2824427480916031,4.572519083969466,-0.33587786259541985,1.2213740458015268,-0.15267175572519084,0.7022900763358778,0.7175572519083969,1.2061068702290076,3.366412213740458,0.3893129770992366,0.7251908396946565,1.8931297709923665,1.1221374045801527,1.6106870229007633,1.3358778625954197,0.6030534351145038,0.44274809160305345,4.068702290076335,1.9236641221374047,0.45038167938931295,0.4732824427480916,6.152671755725191,2.4122137404580153,0.6412213740458015,0.26717557251908397,1.4580152671755726,0.8702290076335878,1.7557251908396947,2.5343511450381677,0.5801526717557252,0.4580152671755725,1.9389312977099236,0.7862595419847328,2.351145038167939,1.6259541984732824,0.9847328244274809,0.8091603053435115,1.8931297709923665,3.2061068702290076,-0.07633587786259542,0.6793893129770993,3.885496183206107,1.2213740458015268,1.6106870229007633
P25953,0.04918032786885246,0.3442622950819672,1.4918032786885247,0.9180327868852459,5.327868852459017,-0.39344262295081966,-1.2622950819672132,3.442622950819672,0.03278688524590164,-0.8688524590163934,-0.3442622950819672,0.3442622950819672,0.26229508196721313,1.2295081967213115,0.7213114754098361,-0.08196721311475409,0.47540983606557374,6.409836065573771,1.4754098360655739,-0.8524590163934426,0.47540983606557374,-0.8032786885245902,0.18032786885245902,0.9672131147540983,5.967213114754099,0.5737704918032787,0.19672131147540983,1.6557377049180328,1.7377049180327868,0.32786885245901637,0.5409836065573771,-0.32786885245901637,0.9508196721311475,1.5737704918032787,1.2459016393442623,0.01639344262295082,0.6885245901639344,4.0,1.0327868852459017,0.39344262295081966,-0.19672131147540983,0.5901639344262295,-0.08196721311475409,2.0327868852459017,5.508196721311475,-0.18032786885245902,1.3934426229508197,3.557377049180328,1.360655737704918,0.04918032786885246,-0.03278688524590164,0.9344262295081968,1.0327868852459017,2.6065573770491803,0.7704918032786885,0.06557377049180328,0.4426229508196721,8.59016393442623,1.360655737704918,0.5573770491803278,-0.22950819672131148,3.0655737704918034,2.377049180327869,1.819672131147541,4.262295081967213,0.5901639344262295,1.3770491803278688,2.262295081967213,3.3442622950819674,1.0,-0.2459016393442623,2.2950819672131146,-0.5245901639344263,3.180327868852459,3.9836065573770494,-0.04918032786885246,0.8852459016393442,8.442622950819672,3.721311475409836,0.4262295081967213,0.16129032258064516,0.0,0.0967741935483871,0.7741935483870968,2.2419354838709675,0.1935483870967742,-0.2903225806451613,1.5161290322580645,0.5161290322580645,1.2419354838709677,1.435483870967742,0.3709677419354839,0.8548387096774194,2.0,2.0806451612903225,0.11290322580645161,-0.08064516129032258,3.467741935483871,0.532258064516129,1.096774193548387
P19580,0.6341463414634146,0.2926829268292683,1.9634146341463414,3.524390243902439,3.3048780487804876,0.35365853658536583,1.4634146341463414,4.2926829268292686,1.0609756097560976,-0.9146341463414634,-0.18292682926829268,0.5,-0.06097560975609756,0.6951219512195121,4.670731707317073,0.4024390243902439,0.8048780487804879,3.768292682926829,1.1097560975609757,-0.45121951219512196,0.4024390243902439,0.6707317073170732,0.06097560975609756,1.329268292682927,4.548780487804878,0.24390243902439024,0.10975609756097561,1.5975609756097562,2.268292682926829,0.6463414634146342,1.646341463414634,-0.10975609756097561,0.5975609756097561,3.7560975609756095,1.7926829268292683,-0.12195121951219512,-0.1951219512195122,7.2073170731707314,2.6951219512195124,0.13414634146341464,0.573170731707317,1.4024390243902438,0.43902439024390244,0.8902439024390244,5.012195121951219,-0.18292682926829268,-0.3170731707317073,3.475609756097561,1.1585365853658536,0.3170731707317073,1.0,0.5609756097560976,0.14634146341463414,1.6341463414634145,3.1219512195121952,0.2682926829268293,0.024390243902439025,7.2926829268292686,0.8658536585365854,0.23170731707317074,-0.3048780487804878,1.024390243902439,0.2804878048780488,1.1341463414634145,4.341463414634147,0.36585365853658536,0.6951219512195121,1.048780487804878,2.2560975609756095,1.3780487804878048,1.9268292682926829,0.7439024390243902,0.8536585365853658,1.524390243902439,-0.024390243902439025,0.10975609756097561,0.2073170731707317,6.926829268292683,2.024390243902439,1.0121951219512195,0.29069767441860467,0.6627906976744186,1.255813953488372,1.5348837209302326,5.034883720930233,0.7790697674418605,0.7906976744186046,1.3372093023255813,0.8604651162790697,0.08139534883720931,0.4069767441860465,0.7209302325581395,-0.22093023255813954,2.5930232558139537,1.4186046511627908,0.3953488372093023,0.46511627906976744,5.209302325581396,1.0,0.29069767441860467
P56968,1.2380952380952381,1.3095238095238095,2.2857142857142856,0.19047619047619047,8.80952380952381,0.09523809523809523,0.23809523809523808,7.071428571428571,1.2142857142857142,3.142857142857143,2.0952380952380953,-0.023809523809523808,1.5476190476190477,4.476190476190476,0.21428571428571427,0.2857142857142857,1.0476190476190477,8.071428571428571,3.0952380952380953,3.0714285714285716,1.0238095238095237,1.7619047619047619,1.3571428571428572,1.5476190476190477,5.190476190476191,1.8095238095238095,0.6904761904761905,3.5476190476190474,0.38095238095238093,1.5238095238095237,3.0714285714285716,1.1904761904761905,1.1904761904761905,3.642857142857143,4.214285714285714,0.47619047619047616,1.2380952380952381,10.142857142857142,4.357142857142857,1.3571428571428572,0.7619047619047619,0.9285714285714286,3.7142857142857144,3.142857142857143,7.261904761904762,0.7380952380952381,2.619047619047619,3.7142857142857144,1.2380952380952381,1.5,4.0,1.0,2.1904761904761907,4.261904761904762,3.0952380952380953,3.119047619047619,2.5714285714285716,8.976190476190476,3.4285714285714284,1.1666666666666667,0.35714285714285715,0.5476190476190477,3.642857142857143,-0.6666666666666666,8.833333333333334,0.0,-2.6666666666666665,5.309523809523809,1.619047619047619,1.880952380952381,1.6666666666666667,-0.6428571428571429,1.5238095238095237,3.380952380952381,2.2857142857142856,0.8809523809523809,1.0476190476190477,5.285714285714286,3.0,1.6666666666666667,0.9545454545454546,2.2954545454545454,2.659090909090909,2.75,2.7045454545454546,0.9772727272727273,0.045454545454545456,-1.0227272727272727,1.8181818181818181,2.8863636363636362,3.659090909090909,0.045454545454545456,1.4318181818181819,3.477272727272727,6.181818181818182,1.0681818181818181,1.25,8.75,3.840909090909091,2.7954545454545454
P46712,0.726027397260274,2.041095890410959,2.9315068493150687,-0.4383561643835616,10.0,3.904109589041096,1.5205479452054795,7.397260273972603,6.178082191780822,5.082191780821918,4.178082191780822,-0.136986301369863,2.6301369863013697,9.301369863013699,6.890410958904109,2.4383561643835616,1.8630136986301369,18.91780821917808,8.794520547945206,2.0,1.1917808219178083,1.8356164383561644,2.8767123287671232,1.0273972602739727,6.890410958904109,2.808219178082192,1.4794520547945205,3.26027397260274,5.041095890410959,3.1095890410958904,1.273972602739726,0.9452054794520548,1.8493150684931507,3.6027397260273974,6.013698630136986,2.547945205479452,3.0136986301369864,11.835616438356164,4.068493150684931,1.3424657534246576,1.2191780821917808,8.712328767123287,7.164383561643835,10.780821917808218,12.73972602739726,7.164383561643835,7.397260273972603,6.095890410958904,9.082191780821917,4.0,1.7671232876712328,4.726027397260274,3.095890410958904,8.191780821917808,12.123287671232877,4.5479452054794525,3.506849315068493,24.068493150684933,8.58904109589041,0.4931506849315068,0.3013698630136986,3.0136986301369864,2.191780821917808,2.6986301369863015,8.575342465753424,2.493150684931507,0.9178082191780822,3.4383561643835616,6.1506849315068495,-1.082191780821918,2.780821917808219,0.7397260273972602,2.643835616438356,8.67123287671233,6.602739726027397,1.452054794520548,2.0821917808219177,14.219178082191782,6.8493150684931505,-0.8356164383561644,-2.027027027027027,7.081081081081081,5.621621621621622,4.594594594594595,9.513513513513514,4.972972972972973,1.445945945945946,5.243243243243243,8.08108108108108,4.702702702702703,3.364864864864865,2.081081081081081,3.27027027027027,8.986486486486486,12.432432432432432,-0.7297297297297297,1.972972972972973,17.10810810810811,8.175675675675675,3.918918918918919
P08954,0.3090909090909091,1.6,1.018181818181818,1.5272727272727273,1.7818181818181817,1.1090909090909091,0.9818181818181818,3.036363636363636,2.109090909090909,1.3454545454545455,1.4181818181818182,0.9272727272727272,1.0727272727272728,1.2,1.1272727272727272,0.10909090909090909,0.32727272727272727,1.7454545454545454,0.2909090909090909,0.45454545454545453,0.8,0.2909090909090909,0.6727272727272727,1.0909090909090908,4.218181818181818,-0.09090909090909091,0.4909090909090909,1.981818181818182,1.4727272727272727,1.3818181818181818,1.2363636363636363,-0.6727272727272727,0.6727272727272727,0.32727272727272727,4.0,0.09090909090909091,0.07272727272727272,5.4,0.2545454545454545,1.0,0.6,1.018181818181818,0.6545454545454545,-0.07272727272727272,3.8545454545454545,0.0,0.36363636363636365,2.1272727272727274,2.981818181818182,0.14545454545454545,1.490909090909091,-0.01818181818181818,0.6363636363636364,1.5636363636363637,2.2181818181818183,0.14545454545454545,0.07272727272727272,4.490909090909091,0.8363636363636363,0.4,0.2727272727272727,0.6909090909090909,0.7818181818181819,-0.8727272727272727,4.381818181818182,0.2545454545454545,0.0,2.2363636363636363,0.6,1.290909090909091,2.0,0.38181818181818183,0.7636363636363637,2.0,1.1090909090909091,-0.03636363636363636,-0.14545454545454545,5.036363636363636,0.7818181818181819,0.4727272727272727,0.3728813559322034,0.5423728813559322,1.4576271186440677,1.3220338983050848,4.0508474576271185,-0.7457627118644068,0.01694915254237288,2.2711864406779663,0.6440677966101694,0.01694915254237288,1.0508474576271187,-0.5423728813559322,0.7288135593220338,1.6271186440677967,1.2203389830508475,0.2711864406779661,-0.2711864406779661,5.169491525423729,0.11864406779661017,0.15254237288135594
Q2QBT0,-1.0,0.0,4.0,6.0,2.0,0.0,2.0,6.0,4.0,2.0,0.0,-2.0,0.0,0.0,6.0,2.0,0.0,6.0,2.0,2.0,0.0,0.0,0.0,0.0,4.0,1.0,6.0,2.0,1.0,0.0,3.0,0.0,2.0,6.0,2.0,3.0,0.0,9.0,4.0,-2.0,1.0,4.0,4.0,4.0,9.0,4.0,1.0,4.0,9.0,9.0,9.0,1.0,9.0,16.0,64.0,1.0,1.0,16.0,9.0,9.0,0.0,3.0,-2.0,2.0,6.0,2.0,2.0,-6.0,2.0,4.0,4.0,2.0,3.0,-12.0,-8.0,0.0,2.0,3.0,-3.0,4.0,-1.0,6.0,0.0,4.0,-12.0,2.0,3.0,-12.0,6.0,-3.0,-9.0,3.0,-6.0,0.0,6.0,-6.0,0.0,6.0,6.0,0.0
P13375,0.13924050632911392,0.9367088607594937,1.2531645569620253,1.2658227848101267,9.848101265822784,1.3670886075949367,1.1518987341772151,0.8860759493670886,2.3797468354430378,1.7215189873417722,2.7721518987341773,0.7341772151898734,2.481012658227848,2.6455696202531644,4.493670886075949,1.1645569620253164,0.9240506329113924,7.050632911392405,3.278481012658228,0.6455696202531646,-0.3924050632911392,2.2531645569620253,1.8987341772151898,3.4936708860759493,7.6835443037974684,2.7088607594936707,1.9746835443037976,4.3924050632911396,4.69620253164557,2.2278481012658227,1.4936708860759493,0.08860759493670886,2.949367088607595,2.3037974683544302,5.531645569620253,0.7848101265822784,-0.34177215189873417,10.949367088607595,3.962025316455696,1.5949367088607596,-0.02531645569620253,6.215189873417722,6.3924050632911396,5.6075949367088604,8.860759493670885,5.037974683544304,4.012658227848101,6.8354430379746836,5.0,4.341772151898734,3.4683544303797467,4.69620253164557,1.8734177215189873,4.443037974683544,4.860759493670886,2.4177215189873418,1.9367088607594938,9.936708860759493,3.3797468354430378,4.075949367088608,3.5063291139240507,6.8734177215189876,5.784810126582278,7.2025316455696204,12.39240506329114,1.3670886075949367,4.544303797468355,7.987341772151899,3.0632911392405062,4.430379746835443,4.848101265822785,5.430379746835443,5.417721518987341,3.4050632911392404,8.582278481012658,3.9367088607594938,4.2025316455696204,12.544303797468354,3.949367088607595,3.430379746835443,0.9156626506024096,5.63855421686747,3.9518072289156625,7.120481927710843,11.578313253012048,1.963855421686747,2.2289156626506026,6.746987951807229,6.385542168674699,3.9518072289156625,2.253012048192771,3.891566265060241,2.6506024096385543,5.831325301204819,8.506024096385541,2.9518072289156625,2.3855421686746987,14.698795180722891,4.843373493975903,3.5903614457831323
P46339,-0.11764705882352941,0.0,2.196078431372549,4.705882352941177,4.294117647058823,1.8823529411764706,3.4705882352941178,2.9215686274509802,2.549019607843137,1.0980392156862746,0.9215686274509803,1.6666666666666667,-0.09803921568627451,0.9019607843137255,1.2352941176470589,-0.0196078431372549,-0.45098039215686275,-0.2549019607843137,1.2352941176470589,-0.0196078431372549,-0.37254901960784315,4.098039215686274,2.9019607843137254,7.254901960784314,4.196078431372549,2.823529411764706,4.568627450980392,-0.5294117647058824,5.392156862745098,-0.47058823529411764,-1.4509803921568627,3.411764705882353,-0.45098039215686275,-1.803921568627451,2.7450980392156863,-0.9411764705882353,-0.8235294117647058,-1.9215686274509804,-0.39215686274509803,-0.0196078431372549,-0.0392156862745098,4.254901960784314,2.6862745098039214,7.196078431372549,5.607843137254902,3.607843137254902,5.607843137254902,1.0196078431372548,4.901960784313726,1.4901960784313726,-0.0196078431372549,4.470588235294118,-0.27450980392156865,0.23529411764705882,-0.5686274509803921,0.11764705882352941,0.058823529411764705,3.1176470588235294,0.23529411764705882,0.7450980392156863,-0.5098039215686274,1.0,3.3529411764705883,7.647058823529412,8.156862745098039,1.9803921568627452,3.450980392156863,1.411764705882353,5.254901960784314,-1.0588235294117647,-1.8235294117647058,2.4901960784313726,-0.6274509803921569,-0.7058823529411765,4.176470588235294,-0.5098039215686274,0.7254901960784313,2.8627450980392157,1.3333333333333333,-0.3333333333333333,0.07272727272727272,1.5818181818181818,1.981818181818182,4.345454545454546,4.545454545454546,0.9636363636363636,2.2181818181818183,1.4363636363636363,4.581818181818182,-0.3090909090909091,0.05454545454545454,2.0,0.41818181818181815,-0.9454545454545454,2.7636363636363637,-0.12727272727272726,0.23636363636363636,1.7454545454545454,-0.509090909090909,-0.38181818181818183
Q9ZFB5,0.04918032786885246,2.0491803278688523,2.6885245901639343,4.426229508196721,2.1311475409836067,0.5245901639344263,2.2131147540983607,1.540983606557377,2.2131147540983607,0.26229508196721313,-0.4262295081967213,0.9508196721311475,0.2459016393442623,-0.03278688524590164,4.081967213114754,0.08196721311475409,0.36065573770491804,3.819672131147541,0.22950819672131148,-0.2459016393442623,0.09836065573770492,1.721311475409836,3.6721311475409837,5.442622950819672,2.6557377049180326,1.7540983606557377,2.6885245901639343,1.3442622950819672,2.819672131147541,-0.06557377049180328,-0.5081967213114754,2.0655737704918034,-0.13114754098360656,-2.2131147540983607,3.9836065573770494,0.45901639344262296,0.08196721311475409,2.4262295081967213,-1.6557377049180328,-0.6557377049180327,-0.08196721311475409,2.1475409836065573,1.3278688524590163,3.9836065573770494,4.885245901639344,0.8032786885245902,2.4098360655737703,1.7868852459016393,2.4098360655737703,-1.2622950819672132,-1.0491803278688525,0.6229508196721312,-0.32786885245901637,-1.2459016393442623,-0.5901639344262295,0.5245901639344263,0.04918032786885246,4.721311475409836,-0.4426229508196721,-1.180327868852459,0.4918032786885246,4.098360655737705,3.5245901639344264,3.3114754098360657,4.213114754098361,1.721311475409836,1.7049180327868851,2.901639344262295,4.213114754098361,0.2459016393442623,0.0,2.5245901639344264,0.32786885245901637,-0.04918032786885246,4.508196721311475,1.0,0.04918032786885246,1.901639344262295,0.03278688524590164,0.47540983606557374,0.5409836065573771,2.3278688524590163,2.0163934426229506,3.8360655737704916,1.278688524590164,1.3278688524590163,2.2459016393442623,4.426229508196721,2.442622950819672,-0.21311475409836064,-1.459016393442623,1.1311475409836065,-0.7377049180327869,-0.9508196721311475,3.5901639344262297,0.6229508196721312,0.32786885245901637,2.180327868852459,-0.03278688524590164,-0.639344262295082
P0C0I6,0.43243243243243246,1.054054054054054,-1.2972972972972974,1.6756756756756757,2.2972972972972974,0.6756756756756757,1.3513513513513513,3.810810810810811,0.2702702702702703,0.2702702702702703,-0.4594594594594595,0.13513513513513514,-0.7837837837837838,0.6756756756756757,4.783783783783784,-0.6486486486486487,0.0,4.135135135135135,-0.32432432432432434,0.0,1.0810810810810811,0.2972972972972973,-0.6486486486486487,-1.7297297297297298,5.918918918918919,0.6486486486486487,-0.02702702702702703,1.8918918918918919,0.8378378378378378,0.43243243243243246,0.5675675675675675,-1.1891891891891893,0.918918918918919,0.918918918918919,2.972972972972973,0.2702702702702703,0.0,4.405405405405405,0.7837837837837838,0.972972972972973,0.6216216216216216,0.43243243243243246,-1.8918918918918919,-1.1891891891891893,2.4594594594594597,-0.6756756756756757,-1.2972972972972974,-0.3783783783783784,-0.7297297297297297,1.3243243243243243,2.4054054054054053,-0.6216216216216216,2.5945945945945947,0.8108108108108109,1.2432432432432432,-0.1891891891891892,0.10810810810810811,6.108108108108108,-2.3513513513513513,0.05405405405405406,1.2162162162162162,-0.35135135135135137,0.4864864864864865,1.3783783783783783,7.54054054054054,-0.2972972972972973,0.4594594594594595,2.972972972972973,0.8918918918918919,1.5405405405405406,1.864864864864865,-0.02702702702702703,1.2162162162162162,2.864864864864865,4.1891891891891895,0.10810810810810811,0.0,7.324324324324325,1.162162162162162,1.2702702702702702,1.736842105263158,0.6842105263157895,-0.8157894736842105,2.8947368421052633,7.184210526315789,-0.10526315789473684,1.131578947368421,3.289473684210526,1.236842105263158,1.368421052631579,0.868421052631579,-0.2631578947368421,0.868421052631579,2.0,2.6315789473684212,0.42105263157894735,0.8421052631578947,4.868421052631579,0.23684210526315788,1.8157894736842106
Q53062,0.4189189189189189,1.0945945945945945,2.027027027027027,2.810810810810811,6.972972972972973,1.2432432432432432,0.47297297297297297,3.2162162162162162,0.581081081081081,1.1081081081081081,2.391891891891892,0.2702702702702703,2.1486486486486487,1.8513513513513513,1.5675675675675675,1.0945945945945945,0.918918918918919,8.324324324324325,0.5945945945945946,0.20270270270270271,0.2702702702702703,1.337837837837838,1.1891891891891893,0.013513513513513514,1.6486486486486487,1.027027027027027,0.9054054054054054,0.5135135135135135,1.445945945945946,0.21621621621621623,0.6756756756756757,0.5405405405405406,0.5,1.4189189189189189,1.3783783783783783,0.013513513513513514,-0.527027027027027,4.824324324324325,1.7837837837837838,0.22972972972972974,0.28378378378378377,1.4864864864864864,1.445945945945946,2.310810810810811,2.8378378378378377,1.2027027027027026,0.36486486486486486,2.5135135135135136,2.2972972972972974,0.14864864864864866,0.33783783783783783,1.3513513513513513,0.8648648648648649,0.43243243243243246,0.7162162162162162,0.12162162162162163,0.43243243243243246,4.04054054054054,0.06756756756756757,-0.013513513513513514,-0.7297297297297297,2.175675675675676,0.8918918918918919,3.5135135135135136,2.5405405405405403,1.7162162162162162,0.5945945945945946,0.5135135135135135,2.5135135135135136,0.8783783783783784,1.7567567567567568,2.0,0.7972972972972973,2.189189189189189,4.8108108108108105,0.8918918918918919,0.5405405405405406,3.9594594594594597,0.9459459459459459,0.9324324324324325,-0.23376623376623376,-0.19480519480519481,1.6753246753246753,0.12987012987012986,3.4935064935064934,0.11688311688311688,0.2727272727272727,1.5194805194805194,1.077922077922078,0.2597402597402597,0.19480519480519481,-0.14285714285714285,-0.025974025974025976,1.4025974025974026,0.33766233766233766,0.5844155844155844,0.11688311688311688,5.415584415584416,1.5584415584415585,0.09090909090909091
P13267,0.5018050541516246,0.45126353790613716,0.0036101083032490976,-0.07220216606498195,4.393501805054152,0.19133574007220217,-0.26714801444043323,3.357400722021661,0.4657039711191336,0.07942238267148015,0.23826714801444043,0.032490974729241874,0.2815884476534296,0.7581227436823105,2.07942238267148,-0.07220216606498195,0.018050541516245487,4.772563176895307,0.7653429602888087,0.22743682310469315,0.5018050541516246,1.4584837545126355,0.9205776173285198,1.227436823104693,4.747292418772563,0.5379061371841155,0.6642599277978339,2.371841155234657,0.44404332129963897,1.3826714801444044,1.4584837545126355,0.36823104693140796,0.4151624548736462,2.3898916967509027,2.55956678700361,0.7509025270758123,0.7906137184115524,8.050541516245488,1.6859205776173285,1.6642599277978338,0.05776173285198556,0.631768953068592,0.9711191335740073,0.6967509025270758,4.541516245487364,0.10108303249097472,-0.5018050541516246,2.7689530685920576,0.296028880866426,1.3357400722021662,0.2888086642599278,0.27075812274368233,1.2527075812274369,2.07942238267148,1.2671480144404332,0.9061371841155235,0.7436823104693141,3.812274368231047,0.6498194945848376,1.4909747292418774,1.2454873646209386,1.7075812274368232,1.595667870036101,1.227436823104693,6.184115523465704,1.483754512635379,1.332129963898917,3.3285198555956677,1.8628158844765343,0.9314079422382672,2.375451263537906,0.9602888086642599,2.003610108303249,3.3176895306859207,4.003610108303249,1.2815884476534296,1.220216606498195,8.425992779783394,2.5703971119133575,1.339350180505415,-0.16487455197132617,1.5985663082437276,1.946236559139785,1.6559139784946237,6.473118279569892,1.114695340501792,1.07168458781362,3.7777777777777777,2.8853046594982077,1.7132616487455197,0.8781362007168458,0.9605734767025089,1.3046594982078854,2.738351254480287,3.949820788530466,0.5089605734767025,1.6272401433691757,7.96415770609319,2.974910394265233,1.3548387096774193
Q2NJZ2,0.6451612903225806,2.1483870967741936,0.3741935483870968,0.9741935483870968,5.6,0.8,0.7548387096774194,3.2774193548387096,3.0193548387096776,-0.3096774193548387,0.4129032258064516,-1.0451612903225806,1.767741935483871,3.3548387096774195,2.161290322580645,0.5161290322580645,0.8580645161290322,10.290322580645162,4.903225806451613,-0.09032258064516129,0.6967741935483871,1.096774193548387,0.2,2.2451612903225806,4.838709677419355,1.4645161290322581,1.961290322580645,3.6838709677419357,0.7935483870967742,1.5935483870967742,1.0064516129032257,1.7161290322580645,1.8193548387096774,3.361290322580645,3.7161290322580647,1.270967741935484,1.335483870967742,7.812903225806451,2.703225806451613,1.6580645161290322,0.32903225806451614,1.4387096774193548,1.103225806451613,0.22580645161290322,5.070967741935484,2.264516129032258,0.05161290322580645,3.587096774193548,3.2516129032258063,0.864516129032258,1.9935483870967743,0.7161290322580646,2.735483870967742,4.225806451612903,4.232258064516129,0.2709677419354839,-0.0064516129032258064,13.425806451612903,4.2,0.6838709677419355,0.9096774193548387,1.9548387096774194,-0.5612903225806452,3.6838709677419357,9.341935483870968,1.2451612903225806,1.0193548387096774,7.961290322580645,2.638709677419355,3.47741935483871,2.503225806451613,2.9483870967741934,3.0387096774193547,4.735483870967742,6.67741935483871,1.3612903225806452,1.8258064516129033,13.070967741935483,3.0838709677419356,3.7225806451612904,1.0379746835443038,2.4240506329113924,0.6645569620253164,1.2531645569620253,8.234177215189874,0.6075949367088608,-0.34810126582278483,5.506329113924051,2.9050632911392404,0.8607594936708861,1.5379746835443038,0.4430379746835443,2.7531645569620253,3.1139240506329116,7.012658227848101,1.139240506329114,1.0822784810126582,13.854430379746836,3.3734177215189876,1.0822784810126582
P75361,1.2688172043010753,2.086021505376344,0.12365591397849462,2.3010752688172045,5.026881720430108,2.4838709677419355,2.6666666666666665,2.4838709677419355,1.7956989247311828,0.7526881720430108,0.6451612903225806,1.3870967741935485,0.8870967741935484,0.978494623655914,6.06989247311828,0.8763440860215054,0.543010752688172,8.978494623655914,2.521505376344086,1.4086021505376345,0.16666666666666666,0.489247311827957,0.6129032258064516,1.5483870967741935,9.666666666666666,2.870967741935484,5.026881720430108,11.349462365591398,0.5806451612903226,2.763440860215054,2.236559139784946,2.360215053763441,1.0483870967741935,11.82258064516129,19.725806451612904,0.8064516129032258,1.1720430107526882,14.075268817204302,7.532258064516129,3.349462365591398,-0.005376344086021506,0.27419354838709675,-0.005376344086021506,0.40860215053763443,6.155913978494624,1.6720430107526882,3.2311827956989245,4.623655913978495,0.3655913978494624,1.3602150537634408,0.7741935483870968,1.2849462365591398,0.946236559139785,4.887096774193548,6.908602150537634,0.15591397849462366,0.3924731182795699,10.376344086021506,3.89247311827957,1.6881720430107527,0.08064516129032258,0.2849462365591398,0.4838709677419355,0.9301075268817204,9.005376344086022,2.870967741935484,4.89247311827957,9.865591397849462,0.3763440860215054,2.1559139784946235,1.7956989247311828,1.9731182795698925,1.010752688172043,9.876344086021506,15.849462365591398,0.7043010752688172,0.8978494623655914,16.93010752688172,5.693548387096774,2.8655913978494625,-0.02127659574468085,1.0585106382978724,2.478723404255319,2.6968085106382977,9.191489361702128,1.1702127659574468,1.824468085106383,6.941489361702128,3.547872340425532,0.925531914893617,1.148936170212766,1.75,0.8723404255319149,5.132978723404255,10.909574468085106,0.4574468085106383,0.6648936170212766,16.97872340425532,4.367021276595745,1.5372340425531914
P0C0H0,0.4383561643835616,1.2876712328767124,3.780821917808219,4.575342465753424,2.7945205479452055,2.767123287671233,2.8493150684931505,4.575342465753424,3.9863013698630136,0.4383561643835616,1.4657534246575343,2.0684931506849313,0.7808219178082192,0.410958904109589,3.6986301369863015,0.8767123287671232,-0.0821917808219178,5.931506849315069,0.6712328767123288,0.1643835616438356,0.3835616438356164,0.7397260273972602,-0.2876712328767123,0.8493150684931506,1.36986301369863,0.6164383561643836,0.9178082191780822,4.767123287671233,0.9452054794520548,0.8493150684931506,1.5068493150684932,1.1506849315068493,1.9452054794520548,1.6575342465753424,4.63013698630137,0.9315068493150684,0.5342465753424658,4.082191780821918,1.3424657534246576,-0.1917808219178082,0.0410958904109589,0.7534246575342466,-0.5205479452054794,0.958904109589041,1.7123287671232876,0.7808219178082192,1.7671232876712328,0.4794520547945205,0.6438356164383562,0.2465753424657534,0.5205479452054794,0.3835616438356164,-0.7123287671232876,-0.1506849315068493,3.0684931506849313,-0.0547945205479452,-0.0958904109589041,0.3698630136986301,-0.6301369863013698,-0.1917808219178082,0.684931506849315,0.5753424657534246,1.7534246575342465,3.780821917808219,1.5342465753424657,0.8493150684931506,1.4109589041095891,2.712328767123288,0.2876712328767123,0.6301369863013698,0.2191780821917808,0.1506849315068493,0.9178082191780822,0.5753424657534246,3.6301369863013697,0.4657534246575342,0.4931506849315068,1.4931506849315068,1.1232876712328768,0.3835616438356164,0.42857142857142855,2.2467532467532467,1.8311688311688312,6.298701298701299,3.831168831168831,2.6623376623376624,5.363636363636363,2.779220779220779,3.2987012987012987,1.0649350649350648,0.012987012987012988,3.064935064935065,-0.05194805194805195,2.051948051948052,2.2337662337662336,-0.22077922077922077,-0.012987012987012988,2.324675324675325,1.2987012987012987,0.09090909090909091
P12876,5.3,-3.4,7.9,8.4,20.4,6.3,5.4,4.7,7.9,7.9,9.1,-5.0,10.2,9.2,20.3,5.4,2.5,23.0,12.7,6.5,1.6,2.9,6.3,3.6,8.8,2.7,-0.8,9.8,7.6,0.5,3.5,0.8,1.0,9.5,13.2,2.8,3.0,13.1,6.4,3.1,1.5,0.7,0.6,1.4,13.8,1.8,2.4,-1.2,-0.9,-0.6,6.7,1.9,2.0,6.9,-1.2,1.3,1.0,15.4,3.3,-0.1,-0.1,0.7,4.4,0.9,7.9,2.6,1.9,7.1,6.4,0.0,4.4,1.4,4.7,12.7,-3.7,1.0,0.2,20.6,11.7,-0.9,3.0,-0.5384615384615384,8.0,5.538461538461538,10.076923076923077,3.6923076923076925,2.923076923076923,14.076923076923077,10.538461538461538,10.692307692307692,11.23076923076923,-3.0,8.76923076923077,12.0,14.076923076923077,3.6153846153846154,2.769230769230769,18.76923076923077,11.153846153846153,9.23076923076923
P32081,0.0,-1.6666666666666667,0.0,0.0,3.6666666666666665,0.3333333333333333,2.3333333333333335,4.333333333333333,1.3333333333333333,1.0,1.3333333333333333,4.0,-8.0,7.0,2.0,-0.3333333333333333,-1.6666666666666667,12.333333333333334,6.333333333333333,0.6666666666666666,5.333333333333333,7.0,5.0,-5.666666666666667,14.666666666666666,6.333333333333333,-0.3333333333333333,-10.0,5.666666666666667,-1.0,7.0,1.3333333333333333,7.666666666666667,-4.0,9.0,4.0,6.0,4.666666666666667,1.6666666666666667,-1.6666666666666667,4.666666666666667,4.666666666666667,4.333333333333333,5.333333333333333,12.333333333333334,2.6666666666666665,2.6666666666666665,-0.6666666666666666,4.666666666666667,9.666666666666666,4.666666666666667,2.6666666666666665,4.666666666666667,-4.0,9.0,5.333333333333333,7.0,7.666666666666667,-2.6666666666666665,9.0,1.0,0.6666666666666666,4.333333333333333,2.6666666666666665,1.6666666666666667,2.3333333333333335,3.3333333333333335,6.666666666666667,5.666666666666667,2.0,5.333333333333333,2.6666666666666665,2.0,1.6666666666666667,5.333333333333333,2.6666666666666665,1.6666666666666667,12.333333333333334,3.3333333333333335,0.3333333333333333,-1.4,-2.4,-0.6,-1.6,7.4,-3.4,-0.8,-2.6,2.6,0.4,-0.2,-4.2,2.2,10.2,3.6,-0.2,1.4,13.6,8.4,-4.0
P29767,-0.10416666666666667,0.7291666666666666,0.23958333333333334,0.7864583333333334,3.5885416666666665,0.026041666666666668,0.020833333333333332,0.484375,1.2760416666666667,1.3125,1.4010416666666667,0.041666666666666664,0.8958333333333334,1.8177083333333333,1.7916666666666667,0.18229166666666666,-0.234375,4.010416666666667,0.6354166666666666,0.5729166666666666,0.13020833333333334,0.9947916666666666,0.09375,0.5885416666666666,3.8072916666666665,0.11979166666666667,0.3229166666666667,0.234375,1.015625,0.6302083333333334,0.7395833333333334,0.265625,0.3958333333333333,1.3489583333333333,1.1302083333333333,0.13541666666666666,-0.19791666666666666,4.21875,1.0364583333333333,0.296875,0.026041666666666668,0.5625,0.08854166666666667,0.2552083333333333,3.2395833333333335,-0.18229166666666666,0.3541666666666667,-0.21354166666666666,0.3645833333333333,0.71875,1.2552083333333333,0.18229166666666666,0.671875,1.4739583333333333,0.796875,-0.13541666666666666,-0.421875,1.0677083333333333,0.6875,0.4270833333333333,-0.036458333333333336,0.359375,0.010416666666666666,0.3802083333333333,1.921875,0.203125,0.5364583333333334,0.703125,0.34375,1.2239583333333333,1.0520833333333333,0.4270833333333333,0.7760416666666666,1.3333333333333333,0.7916666666666666,-0.203125,-0.11458333333333333,2.9114583333333335,0.203125,0.7395833333333334,0.22448979591836735,0.6479591836734694,0.23979591836734693,-0.00510204081632653,3.066326530612245,0.22448979591836735,0.04591836734693878,1.5,1.7959183673469388,1.0357142857142858,0.8214285714285714,0.2193877551020408,0.3826530612244898,2.576530612244898,1.3826530612244898,0.17346938775510204,0.17857142857142858,4.913265306122449,1.7142857142857142,0.07142857142857142
Q3AB78,0.12121212121212122,4.848484848484849,2.212121212121212,0.3333333333333333,13.666666666666666,3.393939393939394,0.030303030303030304,5.090909090909091,11.272727272727273,4.2727272727272725,3.4242424242424243,1.5757575757575757,1.1818181818181819,17.181818181818183,15.090909090909092,2.0606060606060606,2.8181818181818183,25.03030303030303,16.424242424242426,3.9393939393939394,0.6666666666666666,4.121212121212121,2.515151515151515,4.696969696969697,7.363636363636363,3.5454545454545454,3.0303030303030303,6.363636363636363,4.545454545454546,4.363636363636363,3.727272727272727,0.15151515151515152,3.8484848484848486,6.121212121212121,11.242424242424242,1.0606060606060606,0.7272727272727273,17.303030303030305,7.484848484848484,1.7878787878787878,0.6666666666666666,2.0303030303030303,1.2424242424242424,-1.2424242424242424,5.484848484848484,-0.48484848484848486,-0.7878787878787878,3.757575757575758,1.7575757575757576,1.7878787878787878,0.6666666666666666,0.24242424242424243,1.4242424242424243,3.484848484848485,4.787878787878788,-0.09090909090909091,0.30303030303030304,12.333333333333334,5.515151515151516,0.5757575757575758,-0.30303030303030304,0.8484848484848485,0.6666666666666666,-0.42424242424242425,7.0,-1.4848484848484849,-1.4848484848484849,1.393939393939394,3.9696969696969697,-0.8181818181818182,-0.09090909090909091,-1.0303030303030303,0.21212121212121213,2.090909090909091,1.6666666666666667,0.06060606060606061,0.5757575757575758,10.0,4.151515151515151,-0.9393939393939394,-0.08571428571428572,2.0285714285714285,2.2,1.7142857142857142,13.942857142857143,1.0571428571428572,-3.8285714285714287,4.428571428571429,5.914285714285715,0.6,3.4857142857142858,0.6571428571428571,1.4857142857142858,5.8,7.6,1.9428571428571428,2.6285714285714286,15.571428571428571,7.0285714285714285,0.22857142857142856
Q88Z97,1.1984126984126984,5.103174603174603,3.4206349206349205,5.031746031746032,11.277777777777779,2.7222222222222223,3.8253968253968256,6.801587301587301,2.761904761904762,3.753968253968254,3.5238095238095237,2.134920634920635,1.7698412698412698,3.746031746031746,10.198412698412698,2.5555555555555554,1.5793650793650793,7.849206349206349,3.9047619047619047,3.9206349206349205,1.2301587301587302,1.7142857142857142,1.873015873015873,1.0555555555555556,5.0396825396825395,1.007936507936508,0.3492063492063492,4.428571428571429,1.6746031746031746,3.1666666666666665,3.5396825396825395,1.2063492063492063,2.3174603174603177,3.7777777777777777,1.507936507936508,0.9444444444444444,0.6746031746031746,4.674603174603175,0.9444444444444444,2.5714285714285716,1.2222222222222223,2.4126984126984126,2.3253968253968256,0.6507936507936508,12.841269841269842,3.7063492063492065,1.0158730158730158,4.420634920634921,3.0555555555555554,2.126984126984127,2.4206349206349205,2.484126984126984,0.9761904761904762,1.3650793650793651,8.531746031746032,1.3253968253968254,1.992063492063492,4.658730158730159,1.119047619047619,1.2063492063492063,0.07142857142857142,1.4206349206349207,2.5714285714285716,3.7936507936507935,6.0,1.3492063492063493,2.253968253968254,4.833333333333333,1.8650793650793651,0.9285714285714286,1.119047619047619,1.2380952380952381,1.1984126984126984,3.4365079365079363,4.912698412698413,1.6984126984126984,1.5396825396825398,6.920634920634921,2.753968253968254,1.0,0.3488372093023256,2.9844961240310077,3.4031007751937983,3.0697674418604652,11.093023255813954,2.37984496124031,0.4108527131782946,7.488372093023256,7.9689922480620154,2.1782945736434107,1.2868217054263567,0.1937984496124031,2.7906976744186047,6.945736434108527,5.875968992248062,2.441860465116279,2.550387596899225,16.186046511627907,8.387596899224807,1.0387596899224807
P06546,-0.26,0.605,0.135,0.43,4.57,-0.095,-0.29,0.055,2.18,1.075,0.73,-0.315,0.49,1.195,0.805,-0.24,0.175,4.82,1.075,0.595,0.315,0.88,0.45,0.585,3.76,0.235,0.125,0.62,1.105,0.955,1.27,0.18,0.685,1.875,1.605,0.17,0.135,4.03,1.13,0.545,0.19,0.205,0.17,0.73,3.63,-0.005,0.015,1.635,1.015,0.89,1.605,-0.21,0.715,1.65,1.76,-0.005,-0.035,3.95,0.55,0.155,0.14,0.715,0.18,-0.36,4.575,0.13,-0.145,1.43,1.42,1.025,1.75,-0.385,0.705,2.69,2.87,-0.045,0.315,6.095,1.585,0.235,0.3251231527093596,0.9261083743842364,0.3448275862068966,0.08866995073891626,4.330049261083744,0.06403940886699508,-0.16748768472906403,1.5960591133004927,1.5024630541871922,0.8719211822660099,1.8275862068965518,-0.07881773399014778,0.7832512315270936,2.1773399014778323,2.5714285714285716,-0.08374384236453201,0.28078817733990147,6.0344827586206895,1.4975369458128078,0.31527093596059114
P42177,-0.38235294117647056,2.0588235294117645,4.0,4.735294117647059,4.0,1.1470588235294117,3.3529411764705883,0.17647058823529413,2.1176470588235294,0.5882352941176471,0.7941176470588235,1.7941176470588236,-0.058823529411764705,-0.3235294117647059,4.0588235294117645,0.4411764705882353,-0.5294117647058824,4.235294117647059,-0.9411764705882353,0.20588235294117646,0.2647058823529412,2.676470588235294,2.8823529411764706,5.264705882352941,4.705882352941177,2.4705882352941178,3.323529411764706,0.14705882352941177,4.647058823529412,0.9117647058823529,0.8823529411764706,2.823529411764706,0.14705882352941177,-0.8823529411764706,5.117647058823529,0.47058823529411764,0.4411764705882353,0.23529411764705882,0.7941176470588235,0.7647058823529411,-0.14705882352941177,-0.7647058823529411,3.3529411764705883,5.764705882352941,1.588235294117647,1.5588235294117647,2.764705882352941,2.8529411764705883,4.205882352941177,-0.029411764705882353,-1.1176470588235294,1.1470588235294117,-0.058823529411764705,-1.0588235294117647,1.911764705882353,-0.5,-1.2941176470588236,3.235294117647059,0.8529411764705882,-0.11764705882352941,0.029411764705882353,1.0294117647058822,1.911764705882353,2.0294117647058822,3.2058823529411766,0.7647058823529411,0.8823529411764706,3.823529411764706,2.1470588235294117,0.8529411764705882,0.5,0.4411764705882353,-1.0588235294117647,1.9411764705882353,3.676470588235294,-0.08823529411764706,0.4411764705882353,1.1764705882352942,1.7058823529411764,0.0,1.135135135135135,2.2972972972972974,5.027027027027027,7.945945945945946,3.6486486486486487,2.72972972972973,4.027027027027027,6.945945945945946,1.7837837837837838,0.8378378378378378,0.02702702702702703,2.945945945945946,0.43243243243243246,1.027027027027027,2.135135135135135,0.5675675675675675,0.3783783783783784,1.2702702702702702,1.0810810810810811,0.35135135135135137
P54559,-0.1527777777777778,4.513888888888889,4.569444444444445,8.569444444444445,5.486111111111111,3.0694444444444446,9.305555555555555,-0.1111111111111111,7.222222222222222,-2.0694444444444446,-1.6111111111111112,5.833333333333333,-0.6944444444444444,-0.5833333333333334,6.416666666666667,0.6111111111111112,0.125,-0.4583333333333333,0.4027777777777778,-0.6527777777777778,-0.027777777777777776,9.555555555555555,5.708333333333333,15.125,1.9861111111111112,4.805555555555555,11.708333333333334,-1.6805555555555556,8.13888888888889,-2.1944444444444446,-1.1944444444444444,11.597222222222221,-0.8611111111111112,-0.6111111111111112,4.430555555555555,-0.7916666666666666,0.4166666666666667,-2.1527777777777777,-0.06944444444444445,-0.9305555555555556,-0.041666666666666664,3.8194444444444446,3.4166666666666665,9.180555555555555,2.6805555555555554,2.625,6.708333333333333,0.7777777777777778,2.3055555555555554,0.3888888888888889,0.6805555555555556,5.583333333333333,0.6944444444444444,1.7638888888888888,0.8333333333333334,0.1388888888888889,0.0,1.9305555555555556,0.8888888888888888,0.2222222222222222,0.2361111111111111,5.638888888888889,3.4444444444444446,11.333333333333334,-0.041666666666666664,3.4444444444444446,10.180555555555555,-1.0694444444444444,3.8472222222222223,0.2916666666666667,0.3472222222222222,7.125,1.3611111111111112,1.1805555555555556,2.0555555555555554,-0.4305555555555556,0.2222222222222222,-1.0,0.4861111111111111,-0.18055555555555555,0.3472222222222222,5.569444444444445,2.7916666666666665,9.416666666666666,4.194444444444445,3.138888888888889,7.972222222222222,0.4305555555555556,3.861111111111111,0.2916666666666667,-0.18055555555555555,6.055555555555555,-0.5833333333333334,-0.5833333333333334,3.6666666666666665,0.2777777777777778,-0.06944444444444445,-0.3055555555555556,-0.18055555555555555,-0.4027777777777778
P50849,0.9007633587786259,2.564885496183206,4.465648854961832,2.9618320610687023,9.19083969465649,1.916030534351145,1.213740458015267,5.763358778625954,5.793893129770993,1.4427480916030535,3.549618320610687,2.5267175572519083,1.9236641221374047,7.229007633587786,5.755725190839694,1.4045801526717556,1.6106870229007633,13.778625954198473,6.351145038167939,0.9541984732824428,0.26717557251908397,3.6106870229007635,1.5954198473282444,1.0,8.748091603053435,1.1450381679389312,-0.9770992366412213,4.412213740458015,4.709923664122138,0.7175572519083969,1.0916030534351144,1.702290076335878,1.0916030534351144,4.175572519083969,4.572519083969466,1.251908396946565,1.633587786259542,14.34351145038168,4.061068702290076,-0.2748091603053435,1.2595419847328244,1.1526717557251909,3.6412213740458017,4.190839694656488,10.366412213740459,1.8091603053435115,2.549618320610687,3.053435114503817,3.763358778625954,3.2213740458015265,3.7404580152671754,1.4809160305343512,1.8931297709923665,6.9465648854961835,3.931297709923664,1.251908396946565,1.1297709923664123,14.145038167938932,6.106870229007634,3.099236641221374,0.8091603053435115,5.816793893129771,4.404580152671755,3.8244274809160306,8.86259541984733,3.5877862595419847,2.687022900763359,3.5572519083969465,7.343511450381679,-0.10687022900763359,3.1068702290076335,3.954198473282443,0.816793893129771,8.389312977099237,7.603053435114504,1.748091603053435,0.9007633587786259,18.267175572519083,7.6106870229007635,0.2366412213740458,2.7557251908396947,3.1603053435114505,4.3816793893129775,6.106870229007634,13.061068702290076,3.5419847328244276,4.221374045801527,5.244274809160306,8.290076335877863,2.4122137404580153,5.801526717557252,2.1526717557251906,3.3587786259541983,10.404580152671755,9.923664122137405,3.183206106870229,1.465648854961832,19.6793893129771,9.82442748091603,2.0916030534351147
P0C046,-0.4444444444444444,-1.8888888888888888,1.1111111111111112,3.111111111111111,3.888888888888889,-2.111111111111111,0.1111111111111111,2.6666666666666665,1.6666666666666667,0.8888888888888888,2.111111111111111,-1.6666666666666667,2.7777777777777777,1.7777777777777777,0.5555555555555556,0.4444444444444444,0.2222222222222222,5.555555555555555,0.2222222222222222,0.5555555555555556,-0.6666666666666666,-0.7777777777777778,0.1111111111111111,-0.6666666666666666,3.7777777777777777,1.0,-0.3333333333333333,2.3333333333333335,0.1111111111111111,0.7777777777777778,0.3333333333333333,-0.5555555555555556,-0.3333333333333333,2.6666666666666665,3.6666666666666665,-0.4444444444444444,0.0,7.0,2.6666666666666665,0.5555555555555556,-0.1111111111111111,1.5555555555555556,0.3333333333333333,-3.4444444444444446,5.333333333333333,0.3333333333333333,-1.4444444444444444,-0.8888888888888888,0.5555555555555556,3.6666666666666665,3.111111111111111,0.5555555555555556,0.1111111111111111,0.6666666666666666,3.3333333333333335,0.0,0.4444444444444444,1.6666666666666667,-0.7777777777777778,2.4444444444444446,0.0,2.111111111111111,0.3333333333333333,0.8888888888888888,4.777777777777778,2.888888888888889,-1.4444444444444444,5.222222222222222,0.4444444444444444,1.7777777777777777,1.2222222222222223,0.1111111111111111,0.0,0.5555555555555556,2.888888888888889,-0.3333333333333333,0.0,6.111111111111111,1.1111111111111112,2.0,-1.2727272727272727,0.45454545454545453,-1.0,-1.1818181818181819,5.545454545454546,-1.6363636363636365,-1.6363636363636365,0.45454545454545453,0.36363636363636365,1.2727272727272727,1.4545454545454546,0.36363636363636365,1.0909090909090908,2.3636363636363638,3.1818181818181817,-0.8181818181818182,-0.2727272727272727,6.454545454545454,0.9090909090909091,1.0
P0C0J0,0.7971014492753623,0.5797101449275363,0.5797101449275363,1.7971014492753623,3.4782608695652173,0.43478260869565216,0.21739130434782608,2.9130434782608696,2.0579710144927534,1.2318840579710144,2.4347826086956523,0.014492753623188406,0.9710144927536232,1.855072463768116,2.869565217391304,0.6521739130434783,0.5652173913043478,6.811594202898551,2.0,0.6521739130434783,-0.21739130434782608,1.4202898550724639,1.1159420289855073,0.2463768115942029,4.231884057971015,0.37681159420289856,0.13043478260869565,1.2173913043478262,1.1594202898550725,2.36231884057971,2.028985507246377,1.0869565217391304,0.8695652173913043,1.2463768115942029,1.7971014492753623,0.3333333333333333,0.11594202898550725,5.028985507246377,0.9130434782608695,1.4492753623188406,0.2608695652173913,0.8840579710144928,0.043478260869565216,1.2753623188405796,3.072463768115942,-0.13043478260869565,0.463768115942029,0.6666666666666666,0.391304347826087,1.6956521739130435,1.6376811594202898,0.5797101449275363,0.2608695652173913,2.0434782608695654,0.7971014492753623,0.11594202898550725,-0.2753623188405797,3.3768115942028984,1.7391304347826086,0.6231884057971014,0.11594202898550725,0.7971014492753623,-0.14492753623188406,1.2173913043478262,4.3478260869565215,0.391304347826087,0.8405797101449275,-0.07246376811594203,1.0144927536231885,1.0724637681159421,1.826086956521739,0.2608695652173913,0.2753623188405797,0.6956521739130435,2.2028985507246377,-0.2318840579710145,0.10144927536231885,4.101449275362318,0.17391304347826086,0.855072463768116,0.19444444444444445,1.9444444444444444,1.3888888888888888,1.7916666666666667,4.805555555555555,1.1388888888888888,1.8194444444444444,0.7777777777777778,1.375,3.375,3.5833333333333335,1.6527777777777777,1.75,2.611111111111111,2.4722222222222223,0.25,0.5555555555555556,4.569444444444445,1.25,2.2083333333333335
P45870,0.38461538461538464,0.6538461538461539,0.9615384615384616,2.6153846153846154,4.461538461538462,0.9230769230769231,1.3076923076923077,2.076923076923077,1.6538461538461537,-0.19230769230769232,-0.07692307692307693,0.11538461538461539,0.07692307692307693,1.1923076923076923,3.8461538461538463,0.5384615384615384,0.038461538461538464,4.384615384615385,-0.15384615384615385,-0.6538461538461539,0.0,0.23076923076923078,0.11538461538461539,0.8846153846153846,4.6923076923076925,0.07692307692307693,0.2692307692307692,2.1923076923076925,0.0,1.1153846153846154,0.7692307692307693,0.38461538461538464,0.34615384615384615,1.3076923076923077,0.6923076923076923,0.038461538461538464,0.0,3.1923076923076925,1.5,1.0,0.5384615384615384,0.0,0.19230769230769232,0.11538461538461539,3.730769230769231,1.0769230769230769,1.0384615384615385,2.1153846153846154,0.07692307692307693,0.9615384615384616,1.3846153846153846,0.4230769230769231,1.0,3.5,0.5769230769230769,0.19230769230769232,-0.4230769230769231,3.3846153846153846,2.0,0.34615384615384615,1.0384615384615385,-2.423076923076923,1.0769230769230769,-0.9230769230769231,4.846153846153846,-0.7307692307692307,-1.5769230769230769,5.615384615384615,0.3076923076923077,-0.23076923076923078,-0.4230769230769231,-1.1538461538461537,0.11538461538461539,2.8461538461538463,3.576923076923077,0.6923076923076923,-0.11538461538461539,5.423076923076923,2.230769230769231,-1.3846153846153846,0.43333333333333335,-0.2,0.2,0.13333333333333333,6.2,0.3333333333333333,-0.6333333333333333,2.8333333333333335,-0.13333333333333333,1.2666666666666666,1.1333333333333333,0.6333333333333333,0.1,2.7,0.03333333333333333,0.23333333333333334,0.3,6.666666666666667,1.5666666666666667,1.5666666666666667
O53079,0.33695652173913043,-0.010869565217391304,-0.22826086956521738,-0.16304347826086957,3.989130434782609,0.05434782608695652,-0.2391304347826087,2.467391304347826,0.8913043478260869,1.0869565217391304,1.391304347826087,0.10869565217391304,-0.13043478260869565,2.782608695652174,2.891304347826087,-0.010869565217391304,-0.2391304347826087,6.891304347826087,2.032608695652174,-0.21739130434782608,-0.29347826086956524,1.5869565217391304,-0.09782608695652174,1.4565217391304348,2.4456521739130435,0.21739130434782608,0.07608695652173914,-0.10869565217391304,1.6956521739130435,0.9782608695652174,0.967391304347826,0.4782608695652174,0.3695652173913043,1.858695652173913,2.597826086956522,-0.30434782608695654,0.43478260869565216,7.108695652173913,1.6195652173913044,0.5543478260869565,-0.532608695652174,0.0,0.2717391304347826,1.9456521739130435,4.086956521739131,-0.2826086956521739,0.5,0.5978260869565217,1.1195652173913044,0.6630434782608695,1.315217391304348,-0.05434782608695652,0.9565217391304348,2.5217391304347827,2.152173913043478,-0.31521739130434784,-0.010869565217391304,6.760869565217392,1.5326086956521738,0.021739130434782608,-0.07608695652173914,1.6304347826086956,0.31521739130434784,0.9456521739130435,3.760869565217391,0.4891304347826087,0.7391304347826086,0.9782608695652174,1.6630434782608696,0.8913043478260869,1.6956521739130435,0.9130434782608695,0.41304347826086957,3.652173913043478,2.652173913043478,0.010869565217391304,0.10869565217391304,6.989130434782608,2.152173913043478,0.391304347826087,0.11702127659574468,0.6702127659574468,1.627659574468085,1.7553191489361701,3.74468085106383,0.5,0.7553191489361702,3.0425531914893615,2.6914893617021276,0.20212765957446807,0.40425531914893614,0.5957446808510638,0.2872340425531915,4.01063829787234,0.5531914893617021,0.26595744680851063,0.6382978723404256,8.159574468085106,3.382978723404255,-0.09574468085106383
P22222,0.4444444444444444,1.8686868686868687,1.5454545454545454,2.8585858585858586,3.0505050505050506,1.3333333333333333,1.5252525252525253,1.0303030303030303,2.7676767676767677,1.6363636363636365,2.212121212121212,1.404040404040404,1.5858585858585859,4.191919191919192,-1.4141414141414141,0.4444444444444444,0.24242424242424243,7.747474747474747,3.292929292929293,0.48484848484848486,0.1919191919191919,1.3232323232323233,0.21212121212121213,1.1313131313131313,4.555555555555555,-0.29292929292929293,0.21212121212121213,1.1818181818181819,1.4747474747474747,2.0505050505050506,1.707070707070707,1.0,0.9191919191919192,2.282828282828283,2.323232323232323,-0.13131313131313133,0.2727272727272727,3.676767676767677,0.8080808080808081,1.4444444444444444,0.1414141414141414,-0.21212121212121213,0.45454545454545453,2.101010101010101,3.3636363636363638,0.1111111111111111,0.3939393939393939,1.202020202020202,0.1717171717171717,1.7171717171717171,2.272727272727273,0.16161616161616163,1.2727272727272727,2.5656565656565657,1.7474747474747474,-0.18181818181818182,0.12121212121212122,5.424242424242424,1.4343434343434343,0.898989898989899,-0.3333333333333333,0.6161616161616161,-0.42424242424242425,0.5353535353535354,2.717171717171717,0.47474747474747475,0.1414141414141414,0.5959595959595959,0.9292929292929293,1.494949494949495,1.6767676767676767,0.3838383838383838,0.9494949494949495,1.8585858585858586,0.8080808080808081,-0.1919191919191919,-0.010101010101010102,4.767676767676767,0.7676767676767676,1.0101010101010102,0.9313725490196079,0.24509803921568626,-0.22549019607843138,0.9901960784313726,4.823529411764706,0.1568627450980392,0.35294117647058826,2.019607843137255,1.1274509803921569,1.2647058823529411,1.6666666666666667,-0.12745098039215685,1.5784313725490196,3.127450980392157,4.284313725490196,0.6666666666666666,-0.0784313725490196,6.735294117647059,1.2941176470588236,0.7450980392156863
P15917,0.16556291390728478,0.6821192052980133,0.7682119205298014,0.8211920529801324,4.71523178807947,0.3443708609271523,0.271523178807947,2.3046357615894038,0.9271523178807947,1.9271523178807948,1.966887417218543,0.9271523178807947,0.8874172185430463,2.4966887417218544,2.185430463576159,-0.019867549668874173,0.271523178807947,6.509933774834437,1.2450331125827814,1.1059602649006623,0.6887417218543046,0.5033112582781457,-0.039735099337748346,-0.16556291390728478,5.741721854304636,-0.33774834437086093,-1.033112582781457,3.7549668874172184,0.4105960264900662,1.271523178807947,1.3642384105960266,-0.2052980132450331,0.7549668874172185,0.5562913907284768,2.5033112582781456,-0.2847682119205298,0.304635761589404,5.66887417218543,0.3576158940397351,1.423841059602649,0.7086092715231788,-0.2980132450331126,-0.7218543046357616,0.10596026490066225,4.602649006622516,-0.10596026490066225,-0.0728476821192053,3.609271523178808,0.5562913907284768,0.15894039735099338,-0.2185430463576159,-0.5298013245033113,0.059602649006622516,2.377483443708609,2.1059602649006623,-0.3509933774834437,0.3841059602649007,6.860927152317881,1.4172185430463575,0.33774834437086093,0.31788079470198677,0.1390728476821192,-0.09933774834437085,1.0529801324503312,4.28476821192053,-0.25165562913907286,-0.09271523178807947,3.066225165562914,0.847682119205298,0.8874172185430463,0.9205298013245033,0.23841059602649006,0.5033112582781457,2.2980132450331126,2.827814569536424,-0.09933774834437085,0.16556291390728478,5.655629139072848,1.0264900662251655,0.40397350993377484,0.38064516129032255,1.4580645161290322,0.33548387096774196,0.8451612903225807,4.329032258064516,0.4838709677419355,0.2129032258064516,2.0193548387096776,0.5096774193548387,1.961290322580645,2.0064516129032257,0.9290322580645162,0.8709677419354839,2.2129032258064516,3.3806451612903228,-0.025806451612903226,-0.16774193548387098,5.67741935483871,1.4709677419354839,1.064516129032258
P81101,1.5925925925925926,3.185185185185185,1.3703703703703705,2.8518518518518516,12.296296296296296,0.3333333333333333,0.18518518518518517,7.851851851851852,2.2222222222222223,4.703703703703703,2.111111111111111,-0.07407407407407407,-1.5925925925925926,3.888888888888889,10.814814814814815,1.1851851851851851,0.6296296296296297,17.62962962962963,6.333333333333333,5.111111111111111,0.9629629629629629,6.518518518518518,4.37037037037037,10.703703703703704,14.88888888888889,3.0,5.296296296296297,7.444444444444445,8.814814814814815,5.444444444444445,5.296296296296297,3.7777777777777777,4.222222222222222,11.0,6.518518518518518,0.18518518518518517,1.8148148148148149,19.77777777777778,9.11111111111111,4.962962962962963,1.7407407407407407,7.296296296296297,-0.3333333333333333,7.296296296296297,14.518518518518519,2.5185185185185186,2.8518518518518516,6.518518518518518,10.88888888888889,-1.2592592592592593,2.111111111111111,3.7037037037037037,2.7777777777777777,12.703703703703704,9.222222222222221,0.07407407407407407,2.1481481481481484,25.962962962962962,13.37037037037037,-1.2592592592592593,2.5185185185185186,-1.8518518518518519,1.1481481481481481,1.5185185185185186,16.925925925925927,0.8888888888888888,-0.37037037037037035,4.444444444444445,1.8518518518518519,4.111111111111111,4.62962962962963,-0.7777777777777778,3.185185185185185,13.518518518518519,15.037037037037036,1.7037037037037037,4.481481481481482,22.14814814814815,8.666666666666666,4.62962962962963,2.3333333333333335,2.925925925925926,2.2222222222222223,-2.0,14.037037037037036,-3.962962962962963,-5.185185185185185,10.444444444444445,6.074074074074074,-1.8518518518518519,2.037037037037037,-1.6666666666666667,2.5925925925925926,9.444444444444445,15.074074074074074,2.5185185185185186,0.7407407407407407,21.185185185185187,10.555555555555555,2.2222222222222223
Q6TYB1,-0.2127659574468085,0.6382978723404256,0.7872340425531915,1.3191489361702127,2.8085106382978724,0.2978723404255319,0.2765957446808511,2.723404255319149,1.574468085106383,0.48936170212765956,0.574468085106383,-0.2978723404255319,0.425531914893617,2.1702127659574466,0.0,-0.10638297872340426,0.14893617021276595,7.531914893617022,2.617021276595745,0.7446808510638298,0.0425531914893617,0.574468085106383,0.2978723404255319,1.2553191489361701,3.9361702127659575,0.723404255319149,0.9574468085106383,1.0212765957446808,0.3191489361702128,0.9148936170212766,0.9361702127659575,0.7659574468085106,0.3191489361702128,0.2127659574468085,0.06382978723404255,0.1276595744680851,-0.10638297872340426,0.3404255319148936,-0.574468085106383,0.5957446808510638,0.0425531914893617,0.6382978723404256,0.48936170212765956,-0.8723404255319149,4.297872340425532,-0.5106382978723404,0.02127659574468085,2.6595744680851063,-0.3617021276595745,-0.8085106382978723,-0.23404255319148937,-0.48936170212765956,-0.5106382978723404,0.2978723404255319,0.7872340425531915,0.1702127659574468,0.3829787234042553,5.425531914893617,1.1702127659574468,-0.5106382978723404,-0.10638297872340426,0.1276595744680851,-0.2978723404255319,0.3829787234042553,3.893617021276596,0.5531914893617021,0.9361702127659575,1.9148936170212767,0.3829787234042553,1.4893617021276595,1.6382978723404256,0.1702127659574468,0.46808510638297873,0.6808510638297872,0.23404255319148937,0.0425531914893617,0.0,1.0212765957446808,-0.23404255319148937,0.7021276595744681,-0.058823529411764705,0.7058823529411765,0.49019607843137253,1.6274509803921569,4.529411764705882,0.29411764705882354,0.1568627450980392,2.6862745098039214,0.9019607843137255,1.0980392156862746,0.7254901960784313,-0.5294117647058824,0.6274509803921569,1.7254901960784315,1.9019607843137254,0.39215686274509803,-0.0392156862745098,5.019607843137255,0.1568627450980392,1.196078431372549
Q05622,-0.018518518518518517,0.7407407407407407,0.5,0.9629629629629629,2.8703703703703702,0.8888888888888888,1.3518518518518519,1.7962962962962963,1.6111111111111112,1.3148148148148149,1.537037037037037,0.9444444444444444,0.7037037037037037,3.388888888888889,2.1296296296296298,-0.35185185185185186,-1.2037037037037037,6.7407407407407405,2.740740740740741,0.7777777777777778,1.6481481481481481,0.8518518518518519,-1.3888888888888888,0.9259259259259259,4.981481481481482,0.3888888888888889,1.1666666666666667,3.6666666666666665,0.2777777777777778,1.3148148148148149,2.074074074074074,0.3888888888888889,1.2962962962962963,1.5740740740740742,2.574074074074074,0.3888888888888889,0.12962962962962962,5.2407407407407405,0.8333333333333334,1.3148148148148149,-0.5185185185185185,0.4074074074074074,-0.7407407407407407,0.9629629629629629,2.8518518518518516,-0.35185185185185186,-0.7592592592592593,2.314814814814815,0.0,0.16666666666666666,1.462962962962963,-0.5185185185185185,1.3703703703703705,1.5185185185185186,2.0555555555555554,-0.07407407407407407,-0.16666666666666666,6.407407407407407,0.5925925925925926,0.0,0.3333333333333333,0.7962962962962963,0.2962962962962963,0.46296296296296297,3.611111111111111,-0.3333333333333333,-0.7037037037037037,4.537037037037037,2.240740740740741,0.14814814814814814,1.1111111111111112,0.18518518518518517,0.5,2.111111111111111,2.259259259259259,0.2962962962962963,-0.018518518518518517,7.611111111111111,2.0,-0.018518518518518517,0.24074074074074073,0.9444444444444444,0.5555555555555556,1.2777777777777777,3.537037037037037,0.35185185185185186,0.5555555555555556,2.740740740740741,1.1666666666666667,0.46296296296296297,1.0185185185185186,0.5370370370370371,-0.2037037037037037,2.462962962962963,2.6666666666666665,-0.2222222222222222,-0.2037037037037037,5.314814814814815,1.3518518518518519,-0.16666666666666666
P22326,0.8378378378378378,1.662162162162162,4.202702702702703,3.324324324324324,6.5,1.6216216216216217,4.391891891891892,5.256756756756757,2.9324324324324325,0.6216216216216216,-0.5540540540540541,1.945945945945946,-0.08108108108108109,1.5135135135135136,6.918918918918919,1.837837837837838,1.4054054054054055,8.45945945945946,2.7837837837837838,1.5675675675675675,0.4594594594594595,2.054054054054054,1.2162162162162162,0.9459459459459459,7.891891891891892,0.918918918918919,0.44594594594594594,4.081081081081081,4.108108108108108,1.864864864864865,0.7162162162162162,1.1216216216216217,1.3243243243243243,1.8918918918918919,5.418918918918919,1.7837837837837838,1.0945945945945945,7.756756756756757,1.9324324324324325,1.7567567567567568,1.1486486486486487,3.135135135135135,1.054054054054054,4.081081081081081,8.054054054054054,1.0945945945945945,1.7837837837837838,2.364864864864865,3.0405405405405403,3.4324324324324325,2.8783783783783785,0.06756756756756757,1.635135135135135,4.45945945945946,5.905405405405405,1.5675675675675675,2.0,9.91891891891892,2.918918918918919,2.7027027027027026,0.6621621621621622,-0.8243243243243243,0.5945945945945946,-0.22972972972972974,7.675675675675675,-0.24324324324324326,-0.8513513513513513,3.8378378378378377,3.418918918918919,-0.35135135135135137,-1.4054054054054055,-0.5540540540540541,1.337837837837838,-0.24324324324324326,5.945945945945946,0.8648648648648649,1.2567567567567568,6.945945945945946,2.0945945945945947,0.5945945945945946,0.9210526315789473,0.5131578947368421,1.2894736842105263,2.776315789473684,8.513157894736842,0.6578947368421053,0.3815789473684211,1.7105263157894737,4.355263157894737,3.0657894736842106,3.5,0.7763157894736842,3.3157894736842106,6.434210526315789,7.934210526315789,1.368421052631579,1.1842105263157894,13.460526315789474,6.75,2.8947368421052633
P0A5P2,0.6666666666666666,3.8333333333333335,3.25,7.0,1.9166666666666667,2.6666666666666665,3.9166666666666665,3.0,2.6666666666666665,-3.4166666666666665,-2.1666666666666665,3.0833333333333335,-0.6666666666666666,1.3333333333333333,1.9166666666666667,0.9166666666666666,-0.5833333333333334,3.3333333333333335,0.9166666666666666,-3.1666666666666665,0.5,-0.3333333333333333,2.25,5.25,1.1666666666666667,1.25,2.4166666666666665,5.5,4.25,-0.25,0.0,0.8333333333333334,-0.08333333333333333,1.9166666666666667,1.25,0.8333333333333334,0.16666666666666666,7.75,2.6666666666666665,-0.9166666666666666,0.3333333333333333,-1.9166666666666667,0.75,-1.8333333333333333,4.916666666666667,0.0,-1.3333333333333333,0.75,2.5833333333333335,3.0,2.1666666666666665,0.08333333333333333,1.0833333333333333,4.333333333333333,3.8333333333333335,0.08333333333333333,0.25,5.583333333333333,3.3333333333333335,2.0,-0.16666666666666666,1.9166666666666667,2.25,2.5,5.166666666666667,0.8333333333333334,0.5833333333333334,4.666666666666667,1.5833333333333333,5.25,3.3333333333333335,0.3333333333333333,1.4166666666666667,4.083333333333333,3.8333333333333335,0.16666666666666666,1.1666666666666667,3.3333333333333335,2.3333333333333335,3.9166666666666665,0.42857142857142855,0.14285714285714285,-0.9285714285714286,1.3571428571428572,2.9285714285714284,0.0,-0.7142857142857143,2.142857142857143,0.8571428571428571,-0.7142857142857143,-0.9285714285714286,0.0,0.14285714285714285,1.5714285714285714,-2.0,0.07142857142857142,-0.7857142857142857,6.142857142857143,1.0,-1.0
O34742,-0.02857142857142857,5.371428571428571,4.828571428571428,5.6,5.171428571428572,3.2857142857142856,5.257142857142857,-1.8571428571428572,5.371428571428571,-0.34285714285714286,-2.257142857142857,5.6,-0.02857142857142857,-4.3428571428571425,5.457142857142857,-0.5714285714285714,-0.8571428571428571,2.3142857142857145,1.6571428571428573,0.17142857142857143,-0.2571428571428571,5.857142857142857,5.371428571428571,7.742857142857143,7.285714285714286,4.685714285714286,6.9714285714285715,3.5428571428571427,6.371428571428571,1.4857142857142858,-0.08571428571428572,5.542857142857143,0.2857142857142857,-1.0571428571428572,4.3428571428571425,0.4857142857142857,0.9142857142857143,-0.2,0.22857142857142856,1.1142857142857143,-0.9142857142857143,-0.5142857142857142,2.6,4.2,8.628571428571428,0.6571428571428571,0.9428571428571428,1.542857142857143,5.457142857142857,-1.3714285714285714,-1.4,1.0,-0.02857142857142857,1.0,4.771428571428571,-0.17142857142857143,0.6285714285714286,3.7714285714285714,2.742857142857143,0.08571428571428572,-0.8857142857142857,2.8285714285714287,1.9142857142857144,5.857142857142857,7.885714285714286,2.6285714285714286,4.828571428571428,0.4857142857142857,8.085714285714285,-0.5714285714285714,-0.7714285714285715,4.314285714285714,-0.08571428571428572,-1.6,3.085714285714286,-0.4,-0.11428571428571428,3.942857142857143,1.1142857142857143,0.0,-0.3333333333333333,2.0256410256410255,1.9230769230769231,3.230769230769231,6.435897435897436,2.2564102564102564,3.5384615384615383,1.7435897435897436,4.6923076923076925,0.41025641025641024,-0.02564102564102564,3.0256410256410255,0.5128205128205128,1.5128205128205128,5.0256410256410255,-0.02564102564102564,0.02564102564102564,2.128205128205128,1.1794871794871795,0.15384615384615385
P82594,0.9272727272727272,0.8545454545454545,1.2363636363636363,1.8181818181818181,0.9454545454545454,0.23636363636363636,0.45454545454545453,2.4,0.2545454545454545,0.9272727272727272,0.6909090909090909,0.5636363636363636,0.23636363636363636,2.981818181818182,-0.5272727272727272,0.8181818181818182,0.23636363636363636,6.127272727272727,1.4363636363636363,-0.03636363636363636,0.12727272727272726,0.6363636363636364,0.6727272727272727,1.1636363636363636,4.218181818181818,0.5272727272727272,0.509090909090909,-0.09090909090909091,0.36363636363636365,1.3454545454545455,1.8181818181818181,0.3090909090909091,1.3454545454545455,1.709090909090909,1.1818181818181819,-0.03636363636363636,0.0,0.7090909090909091,-0.38181818181818183,0.9272727272727272,-0.07272727272727272,1.3636363636363635,-0.3090909090909091,0.2545454545454545,3.3454545454545452,0.2545454545454545,0.5818181818181818,0.7090909090909091,1.6727272727272726,1.2545454545454546,1.509090909090909,0.7818181818181819,0.7636363636363637,2.8181818181818183,1.3454545454545455,-0.6,-0.07272727272727272,4.581818181818182,0.8909090909090909,0.5636363636363636,-0.5272727272727272,1.3818181818181818,0.5454545454545454,1.2363636363636363,3.618181818181818,0.8545454545454545,0.6363636363636364,0.4727272727272727,1.4,0.8,1.7636363636363637,0.8363636363636363,0.34545454545454546,0.8727272727272727,1.0909090909090908,-0.6727272727272727,-0.2727272727272727,1.0727272727272728,-0.8727272727272727,0.509090909090909,0.20689655172413793,1.2413793103448276,0.4482758620689655,0.7758620689655172,2.3620689655172415,0.7413793103448276,0.9137931034482759,1.0,1.1551724137931034,2.586206896551724,3.0517241379310347,0.8448275862068966,1.5172413793103448,2.793103448275862,1.0344827586206897,0.15517241379310345,-0.6551724137931034,4.862068965517241,0.8275862068965517,1.7758620689655173
O33654,-0.14285714285714285,3.3333333333333335,3.4523809523809526,5.583333333333333,3.0476190476190474,1.869047619047619,3.6547619047619047,1.7261904761904763,3.619047619047619,-0.5357142857142857,0.0,1.8214285714285714,-0.07142857142857142,-1.3452380952380953,3.5,0.2857142857142857,-0.21428571428571427,0.47619047619047616,-0.5238095238095238,-0.7261904761904762,0.09523809523809523,4.404761904761905,3.107142857142857,4.654761904761905,2.2857142857142856,2.130952380952381,3.0476190476190474,1.9047619047619047,4.25,-0.10714285714285714,-0.047619047619047616,2.4761904761904763,0.35714285714285715,2.0714285714285716,1.9285714285714286,0.4523809523809524,0.6071428571428571,4.678571428571429,2.8214285714285716,0.17857142857142858,-0.023809523809523808,1.5714285714285714,0.3333333333333333,2.0595238095238093,2.9047619047619047,1.5,1.5714285714285714,-0.32142857142857145,3.2976190476190474,-0.9285714285714286,-1.3928571428571428,1.130952380952381,-0.2261904761904762,0.9285714285714286,2.2023809523809526,-0.2261904761904762,0.23809523809523808,1.7023809523809523,1.7857142857142858,-0.7142857142857143,-0.2619047619047619,2.119047619047619,1.869047619047619,3.5357142857142856,3.25,1.1071428571428572,1.4404761904761905,0.9880952380952381,3.0714285714285716,-0.2976190476190476,-0.42857142857142855,-0.25,-0.5714285714285714,0.10714285714285714,1.1785714285714286,0.0,-0.07142857142857142,1.5,1.0357142857142858,-0.2261904761904762,-0.25,1.9431818181818181,0.9886363636363636,2.840909090909091,3.227272727272727,1.0795454545454546,2.2613636363636362,1.1590909090909092,2.2386363636363638,1.1022727272727273,1.4090909090909092,1.5909090909090908,0.3068181818181818,2.5795454545454546,3.0113636363636362,-0.03409090909090909,-0.022727272727272728,4.193181818181818,1.8295454545454546,0.3977272727272727
P39141,-0.16176470588235295,1.5294117647058822,2.823529411764706,5.661764705882353,3.0,0.9264705882352942,2.9411764705882355,1.7205882352941178,3.573529411764706,-1.4411764705882353,-0.8382352941176471,0.8235294117647058,-0.39705882352941174,-0.4852941176470588,4.897058823529412,0.7058823529411765,0.8823529411764706,3.1911764705882355,1.2205882352941178,-0.6176470588235294,0.4264705882352941,3.2941176470588234,3.6323529411764706,5.264705882352941,3.6323529411764706,1.8529411764705883,3.338235294117647,4.470588235294118,4.235294117647059,1.1323529411764706,0.22058823529411764,1.7205882352941178,0.38235294117647056,1.2058823529411764,3.2941176470588234,1.6470588235294117,0.6029411764705882,3.2205882352941178,2.088235294117647,0.7647058823529411,-0.35294117647058826,3.073529411764706,1.0735294117647058,2.926470588235294,2.838235294117647,1.4558823529411764,1.8970588235294117,1.4264705882352942,2.514705882352941,-1.2647058823529411,-1.161764705882353,1.3676470588235294,-1.2205882352941178,0.7647058823529411,1.1911764705882353,-1.4705882352941178,-0.1323529411764706,6.029411764705882,1.6470588235294117,-0.45588235294117646,0.5735294117647058,4.882352941176471,2.485294117647059,4.367647058823529,3.0441176470588234,2.485294117647059,3.3823529411764706,2.014705882352941,4.411764705882353,-0.11764705882352941,0.8676470588235294,3.514705882352941,-0.7647058823529411,-0.3235294117647059,4.205882352941177,1.3235294117647058,0.5,4.735294117647059,1.1764705882352942,-0.08823529411764706,0.7605633802816901,2.436619718309859,1.619718309859155,4.098591549295775,2.7746478873239435,1.8028169014084507,2.4788732394366195,1.267605633802817,2.915492957746479,-0.6619718309859155,0.014084507042253521,1.1690140845070423,0.1267605633802817,2.3661971830985915,3.943661971830986,0.5774647887323944,0.5633802816901409,5.971830985915493,2.8732394366197185,-0.4225352112676056
P29141,-0.2980132450331126,0.6622516556291391,0.5099337748344371,0.08609271523178808,7.417218543046357,-0.019867549668874173,0.013245033112582781,1.7748344370860927,1.0397350993377483,1.205298013245033,0.6225165562913907,-0.26490066225165565,0.5496688741721855,1.0794701986754967,2.119205298013245,0.09271523178807947,-0.2251655629139073,4.675496688741722,1.1059602649006623,0.304635761589404,0.5894039735099338,1.609271523178808,0.0,-0.8079470198675497,4.814569536423841,1.3774834437086092,1.185430463576159,0.7814569536423841,2.1125827814569536,0.9867549668874173,2.3509933774834435,1.3708609271523178,2.1125827814569536,2.3245033112582782,2.801324503311258,-0.4900662251655629,0.423841059602649,4.675496688741722,2.1059602649006623,0.5496688741721855,0.2980132450331126,0.7880794701986755,0.013245033112582781,0.15894039735099338,1.1920529801324504,0.1456953642384106,0.5562913907284768,0.7350993377483444,1.2582781456953642,0.6357615894039735,1.218543046357616,0.423841059602649,0.6490066225165563,0.8145695364238411,0.4966887417218543,-0.033112582781456956,0.059602649006622516,3.7086092715231787,-0.0728476821192053,0.40397350993377484,-0.08609271523178808,1.4834437086092715,0.09933774834437085,0.2251655629139073,4.19205298013245,0.8211920529801324,1.1655629139072847,0.7748344370860927,1.390728476821192,0.9403973509933775,2.2913907284768213,0.8278145695364238,1.5165562913907285,2.19205298013245,0.7549668874172185,-0.2119205298013245,0.06622516556291391,3.576158940397351,0.9470198675496688,0.8145695364238411,0.07236842105263158,0.9736842105263158,0.07894736842105263,0.506578947368421,4.881578947368421,0.8026315789473685,0.868421052631579,0.08552631578947369,1.388157894736842,1.3486842105263157,1.8092105263157894,0.05921052631578947,1.3289473684210527,1.855263157894737,1.6710526315789473,-0.7105263157894737,0.3881578947368421,5.006578947368421,0.7368421052631579,0.5526315789473685
A6QG59,1.0869565217391304,1.4782608695652173,0.21739130434782608,2.3043478260869565,1.3043478260869565,0.8260869565217391,1.0434782608695652,3.782608695652174,2.739130434782609,0.43478260869565216,0.2608695652173913,0.7391304347826086,0.6086956521739131,2.3043478260869565,2.8260869565217392,0.391304347826087,-0.2608695652173913,5.434782608695652,2.4347826086956523,-0.391304347826087,0.8695652173913043,0.34782608695652173,-0.8695652173913043,0.6956521739130435,6.043478260869565,-0.30434782608695654,0.30434782608695654,-0.13043478260869565,-1.0434782608695652,2.3043478260869565,3.260869565217391,-0.13043478260869565,1.3043478260869565,2.0,0.6521739130434783,0.17391304347826086,0.4782608695652174,3.9565217391304346,-0.391304347826087,1.0434782608695652,0.6521739130434783,-1.173913043478261,-1.0869565217391304,0.5217391304347826,5.521739130434782,-0.21739130434782608,-1.0434782608695652,0.5652173913043478,-0.5217391304347826,2.9130434782608696,3.0869565217391304,-1.565217391304348,1.3478260869565217,0.5217391304347826,1.7391304347826086,0.0,0.391304347826087,3.9565217391304346,0.21739130434782608,2.217391304347826,0.5217391304347826,0.0,0.13043478260869565,0.4782608695652174,4.869565217391305,-0.2608695652173913,-0.17391304347826086,4.3478260869565215,1.2608695652173914,1.3043478260869565,1.0869565217391304,0.7391304347826086,0.30434782608695654,3.1739130434782608,2.9130434782608696,0.08695652173913043,0.5217391304347826,6.608695652173913,1.6521739130434783,0.17391304347826086,0.5652173913043478,-1.434782608695652,0.9130434782608695,1.6956521739130435,4.304347826086956,-2.1739130434782608,-0.5217391304347826,4.608695652173913,2.0434782608695654,-0.782608695652174,0.34782608695652173,-1.6956521739130435,0.7391304347826086,1.434782608695652,2.9130434782608696,0.08695652173913043,0.6521739130434783,6.391304347826087,1.0434782608695652,-0.5217391304347826
Q9Z4Q7,0.15789473684210525,1.4736842105263157,0.2894736842105263,1.894736842105263,3.8947368421052633,0.631578947368421,0.7105263157894737,2.8684210526315788,2.736842105263158,0.5263157894736842,1.3157894736842106,-0.6052631578947368,1.0526315789473684,2.526315789473684,-1.8157894736842106,-0.02631578947368421,-0.3684210526315789,6.2368421052631575,2.1052631578947367,-0.07894736842105263,-0.07894736842105263,1.394736842105263,0.13157894736842105,-0.02631578947368421,3.789473684210526,0.5263157894736842,0.5,0.10526315789473684,0.868421052631579,1.5,2.1578947368421053,0.3684210526315789,1.236842105263158,1.0263157894736843,0.631578947368421,-0.13157894736842105,0.05263157894736842,4.2368421052631575,-0.42105263157894735,1.263157894736842,-0.5263157894736842,0.13157894736842105,0.02631578947368421,-0.23684210526315788,4.342105263157895,-0.2631578947368421,-0.8157894736842105,-0.9473684210526315,0.7631578947368421,0.631578947368421,1.1578947368421053,-0.8947368421052632,-0.23684210526315788,0.5789473684210527,2.0,-0.47368421052631576,-0.34210526315789475,3.526315789473684,-0.5,0.3157894736842105,0.5526315789473685,1.4736842105263157,1.631578947368421,3.736842105263158,-1.105263157894737,1.4210526315789473,1.394736842105263,3.3684210526315788,2.736842105263158,-0.15789473684210525,0.6052631578947368,0.8947368421052632,-0.10526315789473684,3.3947368421052633,0.07894736842105263,0.18421052631578946,0.05263157894736842,8.421052631578947,3.0789473684210527,-0.631578947368421,-0.025,0.125,0.9,0.8,3.375,0.225,-0.875,2.125,1.6,-0.55,-1.25,-0.1,-0.45,3.075,-0.9,0.225,-0.175,7.0,2.45,-0.35
P04957,-0.5,1.0263157894736843,0.7105263157894737,1.6578947368421053,2.4210526315789473,1.1842105263157894,1.4210526315789473,1.0789473684210527,1.9210526315789473,0.3157894736842105,0.23684210526315788,0.42105263157894735,0.5789473684210527,-2.0526315789473686,0.10526315789473684,-0.02631578947368421,0.05263157894736842,-0.18421052631578946,-0.13157894736842105,0.10526315789473684,0.3157894736842105,0.9736842105263158,0.34210526315789475,0.5,4.315789473684211,0.6842105263157895,0.8421052631578947,-0.02631578947368421,0.9210526315789473,3.8421052631578947,2.0,0.5,1.394736842105263,3.0526315789473686,2.8684210526315788,0.4473684210526316,0.10526315789473684,3.8947368421052633,-0.34210526315789475,1.4473684210526316,-0.02631578947368421,1.1842105263157894,0.5263157894736842,1.631578947368421,7.421052631578948,1.0263157894736843,1.0263157894736843,-0.7105263157894737,1.5263157894736843,2.289473684210526,3.736842105263158,-0.5,1.7105263157894737,0.9210526315789473,-2.6578947368421053,-0.7631578947368421,-1.0263157894736843,1.894736842105263,-1.8421052631578947,2.4473684210526314,2.1842105263157894,2.3157894736842106,1.5,-0.8947368421052632,11.263157894736842,2.5789473684210527,1.4473684210526316,2.0789473684210527,2.8421052631578947,4.631578947368421,5.7368421052631575,2.1578947368421053,3.6052631578947367,2.1842105263157894,5.473684210526316,-0.18421052631578946,0.02631578947368421,3.9210526315789473,1.2894736842105263,3.6578947368421053,0.1,0.3,-0.175,0.75,9.1,1.0,0.8,0.2,2.95,2.325,2.15,0.4,-0.625,0.85,0.35,-0.575,-1.45,-1.525,0.25,2.0
P39116,0.7297297297297297,1.6891891891891893,0.36486486486486486,1.2027027027027026,2.4594594594594597,0.6216216216216216,1.0135135135135136,0.3918918918918919,1.7567567567567568,1.3918918918918919,1.7567567567567568,0.6486486486486487,1.054054054054054,2.77027027027027,0.7567567567567568,0.06756756756756757,0.06756756756756757,3.6486486486486487,1.635135135135135,0.8243243243243243,-0.05405405405405406,1.027027027027027,0.47297297297297297,0.32432432432432434,1.7702702702702702,0.36486486486486486,0.7162162162162162,-1.1756756756756757,2.2972972972972974,-0.5945945945945946,1.2297297297297298,0.1891891891891892,0.8378378378378378,1.4864864864864864,1.8918918918918919,0.13513513513513514,0.43243243243243246,3.4594594594594597,0.9864864864864865,-0.33783783783783783,0.10810810810810811,0.8513513513513513,0.5135135135135135,0.33783783783783783,2.3513513513513513,0.5945945945945946,1.054054054054054,-0.24324324324324326,0.7837837837837838,1.8513513513513513,1.7972972972972974,1.0405405405405406,1.2432432432432432,1.527027027027027,1.9594594594594594,0.5,0.3783783783783784,2.2162162162162162,0.28378378378378377,1.0675675675675675,1.2162162162162162,1.5405405405405406,-0.43243243243243246,0.8648648648648649,4.878378378378378,0.7297297297297297,1.4324324324324325,1.635135135135135,0.7162162162162162,2.0135135135135136,1.8918918918918919,0.8783783783783784,0.13513513513513514,0.7432432432432432,3.554054054054054,-0.20270270270270271,0.4594594594594595,4.972972972972973,-0.04054054054054054,1.7297297297297298,0.0945945945945946,1.554054054054054,0.25675675675675674,-0.013513513513513514,2.675675675675676,0.013513513513513514,0.10810810810810811,0.7432432432432432,2.5675675675675675,1.7432432432432432,1.9594594594594594,0.0945945945945946,1.5810810810810811,1.2702702702702702,-0.14864864864864866,0.20270270270270271,0.24324324324324326,1.6216216216216217,-0.10810810810810811,0.3108108108108108
P0A4N1,0.4025974025974026,1.9610389610389611,2.064935064935065,2.987012987012987,3.4415584415584415,-0.05194805194805195,1.0909090909090908,2.6623376623376624,2.1298701298701297,-0.025974025974025976,0.23376623376623376,0.935064935064935,0.1038961038961039,0.2597402597402597,3.5194805194805197,0.922077922077922,0.3116883116883117,4.116883116883117,1.7012987012987013,0.2597402597402597,-0.2077922077922078,2.688311688311688,3.155844155844156,4.792207792207792,5.51948051948052,2.0259740259740258,3.4805194805194803,1.7012987012987013,3.2857142857142856,0.8441558441558441,0.37662337662337664,2.064935064935065,-0.33766233766233766,0.2857142857142857,2.116883116883117,0.5974025974025974,0.19480519480519481,1.6363636363636365,0.19480519480519481,0.5454545454545454,0.1038961038961039,3.5324675324675323,3.7012987012987013,7.2727272727272725,5.454545454545454,3.5454545454545454,5.9480519480519485,2.2987012987012987,6.2727272727272725,-0.07792207792207792,-0.8051948051948052,4.0,-0.5454545454545454,-0.6363636363636364,1.8181818181818181,0.012987012987012988,0.09090909090909091,1.5974025974025974,-0.45454545454545453,0.3116883116883117,0.4025974025974026,0.8701298701298701,2.5844155844155843,3.935064935064935,5.597402597402597,0.2077922077922078,2.1818181818181817,1.2337662337662338,3.5714285714285716,-1.025974025974026,-1.1818181818181819,2.012987012987013,-0.24675324675324675,-1.1168831168831168,2.883116883116883,-0.2727272727272727,0.7012987012987013,1.5844155844155845,0.0,0.0,-0.5584415584415584,2.012987012987013,1.844155844155844,4.35064935064935,4.64935064935065,0.7662337662337663,2.7012987012987013,0.8051948051948052,5.285714285714286,-0.6233766233766234,-0.5454545454545454,2.272727272727273,-0.38961038961038963,-1.3116883116883118,2.4155844155844157,-0.09090909090909091,-0.12987012987012986,1.4545454545454546,0.44155844155844154,-0.4025974025974026
Q04FF6,-0.36893203883495146,1.8932038834951457,1.7766990291262137,2.4563106796116503,9.58252427184466,1.2135922330097086,0.30097087378640774,6.456310679611651,4.203883495145631,0.24271844660194175,0.970873786407767,-1.145631067961165,3.3689320388349513,3.3300970873786406,4.718446601941747,1.2718446601941749,1.4077669902912622,13.650485436893204,6.310679611650485,0.8058252427184466,0.6407766990291263,1.3203883495145632,1.233009708737864,1.4854368932038835,8.679611650485437,0.8543689320388349,1.3592233009708738,3.3592233009708736,1.5922330097087378,0.8446601941747572,1.7184466019417475,1.6310679611650485,0.883495145631068,2.087378640776699,5.330097087378641,1.6019417475728155,1.4174757281553398,4.330097087378641,-0.7766990291262136,0.8543689320388349,1.3300970873786409,1.3495145631067962,1.145631067961165,-0.6213592233009708,8.524271844660195,1.5922330097087378,0.7087378640776699,4.300970873786408,3.0970873786407767,1.1359223300970873,2.0485436893203883,0.3883495145631068,2.145631067961165,1.3786407766990292,8.368932038834952,1.6893203883495145,0.912621359223301,8.29126213592233,2.320388349514563,1.941747572815534,0.9029126213592233,0.6019417475728155,2.1844660194174756,2.087378640776699,9.96116504854369,1.3398058252427185,1.2135922330097086,2.7572815533980584,2.1262135922330097,1.058252427184466,1.7572815533980584,0.20388349514563106,0.8640776699029126,2.9223300970873787,5.252427184466019,1.1650485436893203,1.3398058252427185,8.281553398058252,2.6310679611650487,0.5728155339805825,0.75,2.375,2.8173076923076925,4.634615384615385,9.682692307692308,2.0,1.5288461538461537,9.701923076923077,4.6923076923076925,3.3076923076923075,1.8461538461538463,2.5288461538461537,2.298076923076923,4.076923076923077,9.096153846153847,1.9903846153846154,1.6923076923076923,13.89423076923077,4.634615384615385,2.6346153846153846
P39045,0.4020618556701031,1.3402061855670102,0.9896907216494846,1.2989690721649485,3.484536082474227,0.21649484536082475,0.4639175257731959,1.6391752577319587,1.8865979381443299,1.0618556701030928,0.4742268041237113,0.7835051546391752,0.15463917525773196,2.515463917525773,0.7731958762886598,-0.030927835051546393,-0.1134020618556701,6.371134020618556,1.7938144329896908,0.18556701030927836,-0.27835051546391754,0.4639175257731959,0.1958762886597938,0.31958762886597936,3.783505154639175,0.30927835051546393,0.36082474226804123,0.041237113402061855,1.4329896907216495,0.6391752577319587,0.8350515463917526,0.061855670103092786,0.6391752577319587,0.865979381443299,0.8350515463917526,-0.23711340206185566,-0.05154639175257732,4.958762886597938,0.6494845360824743,0.6082474226804123,-0.13402061855670103,1.2989690721649485,0.13402061855670103,0.061855670103092786,2.7422680412371134,-0.3402061855670103,-0.1134020618556701,1.2164948453608246,1.4123711340206186,0.041237113402061855,0.5463917525773195,-0.041237113402061855,0.2268041237113402,1.958762886597938,0.9175257731958762,-0.4020618556701031,-0.25773195876288657,5.154639175257732,1.1546391752577319,-0.2268041237113402,0.030927835051546393,0.15463917525773196,-0.4536082474226804,0.6082474226804123,3.9072164948453607,-0.4536082474226804,-0.36082474226804123,1.1958762886597938,1.4123711340206186,-0.030927835051546393,-0.09278350515463918,-0.17525773195876287,-0.26804123711340205,1.6701030927835052,1.9793814432989691,0.0,0.010309278350515464,5.288659793814433,1.6701030927835052,0.05154639175257732,0.6,0.56,0.72,1.06,3.44,0.03,0.62,1.45,2.29,0.89,1.28,0.17,0.48,3.09,1.02,0.45,0.96,5.23,2.19,0.25
P02968,0.48,0.92,-1.96,1.74,9.4,-0.68,2.54,0.92,3.2,1.64,1.96,1.12,0.14,8.1,7.3,-0.52,0.54,11.08,4.52,2.16,0.56,0.9,-0.18,0.48,8.26,-0.7,1.0,2.24,4.14,2.54,2.64,-0.08,2.24,6.5,6.08,0.08,-0.72,11.52,4.6,1.3,0.42,2.46,0.0,1.06,6.9,0.66,0.72,0.24,3.16,2.18,1.92,0.64,0.64,3.78,4.38,0.52,0.3,6.74,2.34,1.46,0.52,1.86,0.18,0.4,6.06,-0.7,0.56,-0.04,3.14,1.8,2.4,0.16,1.38,3.08,2.16,0.62,1.0,9.16,1.5,0.56,-0.7777777777777778,2.8518518518518516,-0.2777777777777778,2.425925925925926,9.462962962962964,0.2037037037037037,2.259259259259259,4.277777777777778,5.055555555555555,1.9259259259259258,1.2037037037037037,1.2037037037037037,-0.24074074074074073,5.722222222222222,8.24074074074074,-0.6851851851851852,0.3148148148148148,13.24074074074074,4.592592592592593,0.7592592592592593
P0A5Q4,0.17142857142857143,0.7428571428571429,0.4857142857142857,2.8,-2.3142857142857145,0.42857142857142855,0.8571428571428571,1.0,0.9428571428571428,-0.11428571428571428,-0.8285714285714286,-0.08571428571428572,-0.5142857142857142,1.8571428571428572,2.057142857142857,-0.14285714285714285,0.2571428571428571,5.4,1.2857142857142858,-0.05714285714285714,0.17142857142857143,-0.2,0.6,-1.5142857142857142,5.371428571428571,1.1428571428571428,-0.14285714285714285,2.7142857142857144,1.0285714285714285,1.6285714285714286,1.7142857142857142,-0.7714285714285715,0.4,2.257142857142857,0.08571428571428572,0.08571428571428572,-0.08571428571428572,5.714285714285714,2.7714285714285714,0.8,0.17142857142857143,0.14285714285714285,0.3142857142857143,1.2571428571428571,4.485714285714286,-0.22857142857142856,0.3142857142857143,0.8,0.7714285714285715,1.457142857142857,1.6285714285714286,-0.2571428571428571,0.8,0.4,1.2857142857142858,0.08571428571428572,0.11428571428571428,3.1142857142857143,0.8571428571428571,1.0857142857142856,0.7428571428571429,0.6,1.4,0.14285714285714285,4.114285714285714,0.8285714285714286,0.2571428571428571,2.142857142857143,1.0857142857142856,-0.05714285714285714,-0.2571428571428571,0.11428571428571428,0.08571428571428572,1.0571428571428572,1.3142857142857143,0.0,0.2857142857142857,5.0,1.6285714285714286,0.17142857142857143,-0.2894736842105263,1.9210526315789473,1.763157894736842,2.8157894736842106,3.026315789473684,1.4473684210526316,1.9210526315789473,1.7105263157894737,2.1052631578947367,1.6842105263157894,2.236842105263158,1.7105263157894737,0.7368421052631579,3.0526315789473686,2.710526315789474,0.2894736842105263,0.47368421052631576,5.605263157894737,2.526315789473684,1.394736842105263
O69282,0.6888888888888889,3.6444444444444444,2.5555555555555554,4.288888888888889,6.288888888888889,1.4555555555555555,0.9666666666666667,2.3666666666666667,1.988888888888889,1.7444444444444445,2.477777777777778,2.111111111111111,2.0555555555555554,6.2555555555555555,4.5,-0.4888888888888889,-0.3888888888888889,10.566666666666666,2.911111111111111,0.9777777777777777,0.6,1.5,1.0888888888888888,1.0,7.266666666666667,0.9444444444444444,0.4666666666666667,3.2888888888888888,1.0333333333333334,2.411111111111111,2.3555555555555556,-0.1111111111111111,0.4222222222222222,2.0,3.477777777777778,1.011111111111111,1.0555555555555556,7.811111111111111,3.3444444444444446,2.577777777777778,1.4333333333333333,1.1777777777777778,1.2,2.066666666666667,6.8,0.5333333333333333,0.8777777777777778,1.1111111111111112,0.6888888888888889,1.988888888888889,2.1,-0.5333333333333333,2.6777777777777776,3.977777777777778,4.466666666666667,0.9777777777777777,1.1,9.833333333333334,3.411111111111111,0.2,2.0,0.4,1.8444444444444446,2.088888888888889,9.077777777777778,2.311111111111111,2.2222222222222223,3.7777777777777777,3.4444444444444446,2.6333333333333333,1.0,0.3111111111111111,1.4555555555555555,3.7666666666666666,3.3333333333333335,1.0555555555555556,2.0,7.3,2.888888888888889,1.2666666666666666,0.08888888888888889,1.7444444444444445,0.7555555555555555,1.1,6.2444444444444445,0.8555555555555555,0.2,2.0,2.2222222222222223,1.4,1.0555555555555556,0.2,0.6111111111111112,3.7444444444444445,2.088888888888889,-0.36666666666666664,0.36666666666666664,7.111111111111111,3.533333333333333,1.3222222222222222
P33673,1.16,0.3,0.36,1.76,1.72,0.24,0.9,0.98,1.38,-0.02,-0.36,0.02,-0.24,0.0,0.1,-0.38,0.68,4.12,0.72,0.16,0.46,0.3,0.1,-0.82,2.32,-0.24,-0.9,0.34,1.22,1.34,1.28,0.16,0.64,2.06,2.26,-0.18,0.12,4.4,1.94,1.16,-0.02,-0.18,-0.56,-0.72,3.04,0.06,-0.44,-0.42,1.16,0.88,0.96,-0.6,0.46,1.62,0.58,-0.02,0.24,3.32,0.86,0.62,-0.22,0.26,-0.18,-0.74,4.14,0.16,0.26,1.04,1.0,2.06,1.96,0.2,0.54,1.78,1.74,0.18,0.64,5.54,1.56,1.06,0.11764705882352941,0.7058823529411765,-0.09803921568627451,0.8431372549019608,4.352941176470588,0.6274509803921569,0.8823529411764706,1.1568627450980393,0.3137254901960784,0.8431372549019608,0.7450980392156863,0.9019607843137255,-0.17647058823529413,3.764705882352941,1.411764705882353,0.19607843137254902,0.058823529411764705,4.215686274509804,1.8431372549019607,0.1568627450980392
Q5HKQ0,0.9305555555555556,0.9444444444444444,3.4027777777777777,5.194444444444445,1.4305555555555556,0.8055555555555556,2.7222222222222223,7.333333333333333,2.6527777777777777,1.9027777777777777,2.5833333333333335,1.3888888888888888,1.9166666666666667,2.7083333333333335,4.888888888888889,1.8333333333333333,1.2916666666666667,6.638888888888889,2.6805555555555554,-0.20833333333333334,0.5555555555555556,0.3472222222222222,-0.7638888888888888,-1.5138888888888888,1.7777777777777777,0.25,1.0138888888888888,1.6666666666666667,0.2638888888888889,0.3055555555555556,-0.18055555555555555,1.1666666666666667,0.2638888888888889,1.0416666666666667,3.7083333333333335,0.7361111111111112,1.3333333333333333,5.583333333333333,0.875,-0.041666666666666664,0.4305555555555556,-0.9583333333333334,0.2777777777777778,1.2361111111111112,0.041666666666666664,1.3611111111111112,1.0,0.7638888888888888,-0.9027777777777778,0.5277777777777778,0.20833333333333334,0.041666666666666664,-1.0694444444444444,-0.6111111111111112,2.6805555555555554,0.6388888888888888,1.0555555555555556,0.9166666666666666,-0.08333333333333333,0.4722222222222222,1.125,1.4722222222222223,2.6805555555555554,6.805555555555555,2.486111111111111,1.7916666666666667,4.125,3.263888888888889,2.0833333333333335,1.0,0.06944444444444445,1.8333333333333333,-0.19444444444444445,1.9166666666666667,3.2222222222222223,0.7083333333333334,0.4861111111111111,3.888888888888889,0.7638888888888888,0.6666666666666666,0.04054054054054054,1.554054054054054,2.189189189189189,7.364864864864865,3.6486486486486487,1.8783783783783783,3.175675675675676,0.527027027027027,2.554054054054054,0.1891891891891892,0.6081081081081081,2.2162162162162162,0.7297297297297297,1.0945945945945945,1.5945945945945945,0.33783783783783783,0.5945945945945946,-1.4324324324324325,0.7567567567567568,0.05405405405405406
P80696,1.3333333333333333,-4.333333333333333,-3.3333333333333335,2.6666666666666665,3.0,-5.0,-3.3333333333333335,6.333333333333333,1.3333333333333333,-10.0,-5.0,-10.0,-4.666666666666667,1.3333333333333333,4.0,0.0,0.3333333333333333,7.333333333333333,2.6666666666666665,-7.0,-2.0,3.6666666666666665,-6.0,0.0,2.0,0.6666666666666666,1.3333333333333333,0.3333333333333333,1.3333333333333333,5.333333333333333,1.3333333333333333,1.3333333333333333,1.3333333333333333,9.0,2.6666666666666665,0.0,-0.6666666666666666,8.666666666666666,5.333333333333333,1.3333333333333333,-3.0,-0.3333333333333333,2.6666666666666665,3.6666666666666665,-3.3333333333333335,-0.3333333333333333,0.6666666666666666,-4.0,3.0,5.333333333333333,4.0,-2.6666666666666665,2.3333333333333335,1.0,3.0,-2.0,-0.3333333333333333,6.0,2.6666666666666665,4.333333333333333,0.0,7.0,0.0,2.3333333333333335,5.333333333333333,3.3333333333333335,3.6666666666666665,0.6666666666666666,4.666666666666667,2.0,6.0,3.6666666666666665,3.6666666666666665,8.666666666666666,-1.6666666666666667,0.0,2.0,8.0,5.333333333333333,1.3333333333333333,-4.0,-2.0,0.0,3.3333333333333335,1.0,1.3333333333333333,1.6666666666666667,-8.0,-0.6666666666666666,-0.6666666666666666,2.6666666666666665,0.0,0.0,6.0,3.0,-0.3333333333333333,0.0,9.0,1.6666666666666667,-4.0
O52351,1.6853932584269662,4.033707865168539,2.707865168539326,7.359550561797753,7.617977528089888,2.730337078651685,5.842696629213483,3.4157303370786516,7.629213483146067,0.25842696629213485,-0.6966292134831461,4.258426966292135,-0.21348314606741572,0.6741573033707865,6.719101123595506,1.1235955056179776,0.6853932584269663,5.550561797752809,2.4719101123595504,-0.0449438202247191,0.7528089887640449,4.359550561797753,4.247191011235955,5.741573033707865,5.382022471910112,1.5168539325842696,3.943820224719101,1.5617977528089888,5.910112359550562,0.0,-0.4157303370786517,3.044943820224719,0.7528089887640449,0.48314606741573035,7.606741573033708,0.6067415730337079,-0.2247191011235955,4.932584269662922,0.9775280898876404,0.14606741573033707,0.6067415730337079,3.0,2.5280898876404496,6.48314606741573,7.932584269662922,2.337078651685393,4.044943820224719,2.4157303370786516,5.719101123595506,1.0898876404494382,1.2247191011235956,3.337078651685393,1.247191011235955,0.47191011235955055,4.629213483146067,1.0112359550561798,0.43820224719101125,6.438202247191011,0.42696629213483145,0.6067415730337079,0.5280898876404494,4.067415730337078,2.853932584269663,5.49438202247191,7.280898876404494,1.7415730337078652,4.235955056179775,3.3146067415730336,3.606741573033708,3.0,2.0224719101123596,3.0786516853932584,0.9550561797752809,2.0112359550561796,4.898876404494382,1.101123595505618,0.8089887640449438,3.707865168539326,-0.6404494382022472,1.8089887640449438,0.6630434782608695,0.7934782608695652,0.5108695652173914,1.6521739130434783,6.836956521739131,-0.6086956521739131,0.021739130434782608,3.2934782608695654,1.7282608695652173,1.25,0.7934782608695652,0.2391304347826087,-0.16304347826086957,1.8804347826086956,2.652173913043478,-0.15217391304347827,0.010869565217391304,5.413043478260869,-0.10869565217391304,0.9239130434782609
Q10765,3.409090909090909,4.712121212121212,5.48989898989899,6.383838383838384,16.303030303030305,3.904040404040404,4.944444444444445,10.313131313131313,3.0555555555555554,4.338383838383838,6.691919191919192,3.51010101010101,4.02020202020202,6.03030303030303,10.94949494949495,4.555555555555555,4.52020202020202,11.702020202020202,2.792929292929293,5.96969696969697,0.7525252525252525,4.02020202020202,2.525252525252525,1.02020202020202,7.570707070707071,3.257575757575758,0.7676767676767676,2.51010101010101,3.191919191919192,1.7575757575757576,2.8686868686868685,1.8080808080808082,2.8535353535353534,2.6414141414141414,3.525252525252525,2.7626262626262625,1.5707070707070707,7.722222222222222,2.7222222222222223,0.6161616161616161,2.3282828282828283,2.308080808080808,3.303030303030303,3.9292929292929295,9.166666666666666,3.9696969696969697,3.9292929292929295,4.388888888888889,1.7676767676767677,3.0606060606060606,2.8737373737373737,1.97979797979798,1.707070707070707,4.111111111111111,6.08080808080808,2.212121212121212,2.606060606060606,4.545454545454546,2.5555555555555554,1.7272727272727273,1.2323232323232323,3.323232323232323,2.5505050505050506,2.287878787878788,12.171717171717171,2.823232323232323,1.6666666666666667,8.818181818181818,4.909090909090909,1.5252525252525253,1.378787878787879,3.2373737373737375,1.9898989898989898,4.05050505050505,8.954545454545455,2.4494949494949494,2.0303030303030303,9.924242424242424,3.7222222222222223,1.4545454545454546,-0.04020100502512563,1.8693467336683418,1.0402010050251256,1.1256281407035176,7.728643216080402,0.12060301507537688,-0.05527638190954774,3.527638190954774,3.7889447236180906,0.20100502512562815,1.3718592964824121,0.12060301507537688,1.8844221105527639,4.477386934673367,4.261306532663316,0.8291457286432161,0.8693467336683417,10.155778894472363,3.698492462311558,0.7839195979899497
P95246,0.010638297872340425,0.30851063829787234,0.7021276595744681,2.0425531914893615,3.6595744680851063,0.6914893617021277,0.9361702127659575,-0.19148936170212766,0.18085106382978725,1.1702127659574468,1.1382978723404256,0.7872340425531915,0.648936170212766,1.627659574468085,1.7234042553191489,0.031914893617021274,-0.06382978723404255,4.148936170212766,1.7127659574468086,0.5638297872340425,-0.19148936170212766,1.425531914893617,1.4893617021276595,2.021276595744681,3.1914893617021276,1.2234042553191489,1.2127659574468086,0.18085106382978725,0.7659574468085106,1.8191489361702127,1.7765957446808511,0.8936170212765957,0.648936170212766,1.3191489361702127,0.851063829787234,0.30851063829787234,0.3191489361702128,1.2340425531914894,-0.10638297872340426,1.074468085106383,0.13829787234042554,1.2659574468085106,1.053191489361702,0.5106382978723404,4.0,0.46808510638297873,0.8829787234042553,1.2553191489361701,0.776595744680851,1.4787234042553192,0.8404255319148937,0.7340425531914894,0.6914893617021277,1.0212765957446808,-0.010638297872340425,0.26595744680851063,0.3191489361702128,2.0851063829787235,0.43617021276595747,1.0106382978723405,0.2127659574468085,1.5106382978723405,0.4148936170212766,0.6382978723404256,4.0212765957446805,1.1808510638297873,1.3191489361702127,1.2553191489361701,1.7127659574468086,0.7340425531914894,1.074468085106383,0.9787234042553191,0.6382978723404256,2.404255319148936,-0.05319148936170213,0.2978723404255319,-0.2127659574468085,1.7765957446808511,1.872340425531915,0.5212765957446809,0.06315789473684211,-0.18947368421052632,0.3894736842105263,0.37894736842105264,3.473684210526316,-0.021052631578947368,0.25263157894736843,1.9473684210526316,1.2736842105263158,1.4210526315789473,1.0526315789473684,-0.3894736842105263,0.8842105263157894,1.8,0.9473684210526315,0.28421052631578947,-0.25263157894736843,5.042105263157895,1.4526315789473685,0.6210526315789474
Q98R33,1.275229357798165,2.458715596330275,1.3761467889908257,2.889908256880734,5.174311926605505,1.4954128440366972,2.18348623853211,3.1192660550458715,0.8990825688073395,1.2844036697247707,2.4862385321100917,0.5963302752293578,1.3944954128440368,2.5871559633027523,4.412844036697248,0.5779816513761468,0.5688073394495413,5.495412844036697,1.238532110091743,1.7064220183486238,0.7614678899082569,2.8623853211009176,1.2110091743119267,2.63302752293578,5.5963302752293576,1.3211009174311927,1.311926605504587,5.220183486238532,0.7981651376146789,0.7247706422018348,1.4128440366972477,1.5871559633027523,0.7155963302752294,2.6422018348623855,1.7339449541284404,1.018348623853211,0.8256880733944955,5.752293577981652,0.8073394495412844,0.22935779816513763,1.5596330275229358,3.4128440366972477,3.688073394495413,2.908256880733945,11.293577981651376,3.7889908256880735,3.0091743119266057,6.165137614678899,3.44954128440367,5.385321100917431,4.504587155963303,2.8440366972477062,4.348623853211009,5.018348623853211,7.440366972477064,2.5137614678899083,2.8623853211009176,11.431192660550458,2.9541284403669725,3.6605504587155964,2.128440366972477,6.064220183486238,6.192660550458716,6.935779816513762,10.0,6.220183486238532,4.394495412844036,6.293577981651376,4.834862385321101,8.706422018348624,7.5504587155963305,5.669724770642202,4.862385321100917,4.522935779816514,12.0,3.1926605504587156,4.5963302752293576,13.36697247706422,5.0,7.440366972477064,0.22727272727272727,1.509090909090909,0.7363636363636363,0.8181818181818182,13.854545454545455,1.0272727272727273,-0.43636363636363634,6.390909090909091,4.918181818181818,2.0545454545454547,1.3,0.6727272727272727,1.7272727272727273,4.890909090909091,8.354545454545455,2.1636363636363636,3.190909090909091,8.854545454545455,5.218181818181818,2.2545454545454544
P09333,0.12105263157894737,1.1631578947368422,0.6473684210526316,0.9842105263157894,3.2578947368421054,0.5210526315789473,0.3157894736842105,2.068421052631579,1.9473684210526316,1.1736842105263159,1.3526315789473684,0.29473684210526313,0.6526315789473685,2.294736842105263,2.126315789473684,-0.25263157894736843,0.39473684210526316,6.026315789473684,1.3736842105263158,0.531578947368421,0.33157894736842103,1.268421052631579,0.6052631578947368,0.8578947368421053,3.9842105263157896,0.2789473684210526,0.4421052631578947,1.3578947368421053,1.8526315789473684,1.1578947368421053,1.563157894736842,-0.3526315789473684,0.8105263157894737,1.9684210526315788,2.873684210526316,-0.07368421052631578,0.25263157894736843,5.973684210526316,1.2578947368421052,0.8105263157894737,-0.32105263157894737,0.8631578947368421,0.3157894736842105,0.5157894736842106,3.7526315789473683,0.3368421052631579,0.32105263157894737,1.5315789473684212,1.736842105263158,0.45789473684210524,1.3263157894736841,-0.6,0.5105263157894737,2.4210526315789473,2.4473684210526314,-0.43157894736842106,-0.010526315789473684,7.1,1.7,0.3105263157894737,-0.04736842105263158,1.194736842105263,0.3526315789473684,0.23684210526315788,3.5473684210526315,0.3684210526315789,0.46842105263157896,1.8157894736842106,2.0789473684210527,1.0052631578947369,1.431578947368421,0.45789473684210524,0.6052631578947368,2.6842105263157894,1.9263157894736842,0.11578947368421053,0.16842105263157894,6.094736842105263,2.031578947368421,0.30526315789473685,-0.05670103092783505,1.2268041237113403,0.8247422680412371,0.5773195876288659,3.231958762886598,0.5154639175257731,0.41237113402061853,1.3814432989690721,2.1804123711340204,2.015463917525773,2.4278350515463916,0.4845360824742268,1.211340206185567,3.8762886597938144,1.231958762886598,0.005154639175257732,-0.030927835051546393,6.494845360824742,2.6804123711340204,0.9536082474226805
P39802,0.9047619047619048,1.7619047619047619,2.380952380952381,2.0,6.714285714285714,2.5714285714285716,4.285714285714286,3.8095238095238093,4.095238095238095,1.2380952380952381,1.6666666666666667,0.8095238095238095,1.7619047619047619,1.0952380952380953,4.9523809523809526,1.4761904761904763,1.2857142857142858,7.809523809523809,3.2857142857142856,0.8571428571428571,1.0476190476190477,3.142857142857143,4.714285714285714,4.333333333333333,5.666666666666667,2.5238095238095237,1.7619047619047619,3.0952380952380953,3.0952380952380953,4.904761904761905,3.8095238095238093,2.0952380952380953,3.0476190476190474,3.3333333333333335,0.2857142857142857,1.8095238095238095,-0.19047619047619047,6.666666666666667,1.6666666666666667,5.428571428571429,0.3333333333333333,0.7142857142857143,1.8571428571428572,-0.047619047619047616,3.142857142857143,1.0476190476190477,-1.0,0.8571428571428571,2.857142857142857,0.47619047619047616,-0.3333333333333333,0.8571428571428571,0.0,-1.5238095238095237,1.9047619047619047,0.7142857142857143,0.47619047619047616,3.9523809523809526,0.23809523809523808,1.3333333333333333,-0.09523809523809523,0.47619047619047616,-0.09523809523809523,0.6190476190476191,5.619047619047619,-0.14285714285714285,-0.38095238095238093,0.19047619047619047,-0.14285714285714285,-0.19047619047619047,1.5714285714285714,-0.047619047619047616,1.1428571428571428,4.0476190476190474,-1.8571428571428572,-0.38095238095238093,0.09523809523809523,6.904761904761905,3.0476190476190474,-0.38095238095238093,1.0,-0.22727272727272727,2.8181818181818183,2.090909090909091,4.7272727272727275,0.2727272727272727,1.7272727272727273,5.045454545454546,3.4545454545454546,1.2272727272727273,2.727272727272727,0.045454545454545456,0.9090909090909091,3.3636363636363638,2.6363636363636362,1.2272727272727273,0.22727272727272727,9.590909090909092,2.090909090909091,1.9545454545454546
P26831,0.17142857142857143,0.726984126984127,0.10793650793650794,0.26031746031746034,4.041269841269841,0.044444444444444446,0.07301587301587302,1.5206349206349206,1.1777777777777778,0.7174603174603175,0.7142857142857143,0.07936507936507936,0.273015873015873,1.2857142857142858,0.8920634920634921,0.09841269841269841,0.2761904761904762,4.031746031746032,0.707936507936508,0.45714285714285713,-0.07936507936507936,0.3142857142857143,-0.18412698412698414,-0.06031746031746032,3.2698412698412698,-0.031746031746031744,0.13333333333333333,1.3238095238095238,0.8317460317460318,1.253968253968254,1.2793650793650793,0.006349206349206349,0.5079365079365079,1.6349206349206349,1.434920634920635,-0.050793650793650794,0.22857142857142856,3.5015873015873016,0.8634920634920635,0.7587301587301587,0.3746031746031746,0.9523809523809523,-0.3396825396825397,0.044444444444444446,4.276190476190476,0.2222222222222222,-0.17142857142857143,1.4857142857142858,1.2444444444444445,1.4,1.438095238095238,0.11746031746031746,0.7682539682539683,2.3555555555555556,2.473015873015873,-0.09523809523809523,0.2,4.780952380952381,1.4285714285714286,0.6476190476190476,0.43492063492063493,0.7841269841269841,0.01904761904761905,0.3682539682539683,3.958730158730159,0.5238095238095238,0.4222222222222222,2.1174603174603175,1.1396825396825396,1.6095238095238096,1.6317460317460317,0.5206349206349207,0.580952380952381,2.688888888888889,2.4,0.2761904761904762,0.11746031746031746,5.485714285714286,1.546031746031746,0.7047619047619048,0.1792452830188679,0.2830188679245283,0.4025157232704403,0.7232704402515723,5.062893081761007,0.6540880503144654,0.8553459119496856,2.4056603773584904,1.4339622641509433,1.39937106918239,1.4025157232704402,0.48427672955974843,0.789308176100629,4.248427672955975,2.808176100628931,0.1509433962264151,0.0880503144654088,7.339622641509434,2.779874213836478,0.949685534591195
Q8EWP5,3.4074074074074074,1.5185185185185186,0.5185185185185185,9.37037037037037,10.074074074074074,2.259259259259259,5.62962962962963,-0.4444444444444444,4.148148148148148,3.2222222222222223,3.0,-2.962962962962963,1.1481481481481481,6.481481481481482,11.962962962962964,1.6296296296296295,0.8148148148148148,14.851851851851851,6.2592592592592595,1.8888888888888888,0.4444444444444444,0.48148148148148145,2.6296296296296298,1.0,13.0,3.0,1.962962962962963,4.962962962962963,6.444444444444445,2.3703703703703702,5.074074074074074,0.5185185185185185,1.6666666666666667,4.777777777777778,6.888888888888889,1.1481481481481481,0.07407407407407407,14.592592592592593,3.5185185185185186,0.2222222222222222,2.814814814814815,9.222222222222221,1.8888888888888888,4.0,18.0,0.2962962962962963,3.4074074074074074,7.333333333333333,5.148148148148148,5.555555555555555,6.037037037037037,3.6296296296296298,1.8888888888888888,4.851851851851852,5.666666666666667,2.2222222222222223,0.4074074074074074,12.333333333333334,2.4074074074074074,4.037037037037037,0.6296296296296297,10.11111111111111,7.37037037037037,6.444444444444445,12.185185185185185,4.185185185185185,1.5185185185185186,11.962962962962964,10.703703703703704,3.3333333333333335,5.444444444444445,5.037037037037037,3.5555555555555554,6.851851851851852,5.2592592592592595,4.666666666666667,3.037037037037037,18.22222222222222,7.037037037037037,3.4074074074074074,4.766666666666667,4.6,6.4,6.666666666666667,17.4,5.066666666666666,5.433333333333334,16.166666666666668,14.2,0.13333333333333333,7.4,0.9333333333333333,5.066666666666666,11.666666666666666,11.0,3.6666666666666665,0.7,23.833333333333332,12.033333333333333,-0.9666666666666667
P41019,0.23809523809523808,2.3174603174603177,2.7301587301587302,1.1587301587301588,8.492063492063492,1.2698412698412698,-1.0793650793650793,2.8412698412698414,3.3015873015873014,1.4603174603174602,2.111111111111111,-0.25396825396825395,1.5238095238095237,4.904761904761905,3.4603174603174605,1.7142857142857142,0.2857142857142857,6.857142857142857,3.6666666666666665,1.3333333333333333,1.4444444444444444,2.7777777777777777,1.7777777777777777,4.317460317460317,5.015873015873016,1.9841269841269842,1.5555555555555556,2.5873015873015874,1.3174603174603174,1.5873015873015872,2.4126984126984126,0.5555555555555556,2.2063492063492065,2.3015873015873014,0.8571428571428571,1.5873015873015872,1.2063492063492063,8.19047619047619,2.5238095238095237,0.9365079365079365,0.07936507936507936,-0.12698412698412698,2.7142857142857144,1.6031746031746033,7.492063492063492,0.42857142857142855,-0.23809523809523808,4.333333333333333,2.6825396825396823,0.9206349206349206,2.238095238095238,-1.1428571428571428,1.253968253968254,1.619047619047619,6.841269841269841,1.5396825396825398,0.9047619047619048,4.714285714285714,1.873015873015873,1.4603174603174602,-0.25396825396825395,5.015873015873016,1.2698412698412698,3.0634920634920637,6.031746031746032,1.6507936507936507,3.1587301587301586,-0.6825396825396826,5.253968253968254,2.507936507936508,2.9682539682539684,2.8095238095238093,1.3492063492063493,3.8412698412698414,4.698412698412699,0.4603174603174603,1.0952380952380953,11.095238095238095,4.142857142857143,2.0317460317460316,-0.6,0.36923076923076925,1.4153846153846155,0.8307692307692308,3.046153846153846,0.5538461538461539,-0.5692307692307692,1.1846153846153846,2.123076923076923,1.0153846153846153,1.7692307692307692,0.9230769230769231,0.046153846153846156,4.430769230769231,4.7846153846153845,-0.9230769230769231,-0.8307692307692308,9.307692307692308,2.4615384615384617,1.0307692307692307
P47437,0.8543046357615894,2.642384105960265,0.5298013245033113,1.1456953642384107,5.185430463576159,1.185430463576159,-0.39072847682119205,4.582781456953643,2.7350993377483444,0.40397350993377484,0.41721854304635764,-0.41721854304635764,1.8940397350993377,2.6754966887417218,1.4701986754966887,1.0066225165562914,0.9403973509933775,9.33774834437086,3.8874172185430464,0.09271523178807947,0.9271523178807947,0.8741721854304636,0.24503311258278146,1.9470198675496688,6.225165562913907,1.781456953642384,1.4966887417218544,5.370860927152318,2.4701986754966887,1.1788079470198676,0.6688741721854304,1.1258278145695364,2.4635761589403975,3.7019867549668874,5.258278145695364,1.2119205298013245,0.847682119205298,12.132450331125828,3.218543046357616,1.6291390728476822,1.6887417218543046,2.006622516556291,1.5231788079470199,1.880794701986755,6.688741721854305,2.9205298013245033,0.23178807947019867,6.006622516556291,4.072847682119205,0.4966887417218543,2.165562913907285,1.8278145695364238,3.1125827814569536,3.1059602649006623,6.8344370860927155,1.9735099337748345,1.390728476821192,12.973509933774835,4.211920529801325,0.2913907284768212,0.09271523178807947,-0.19205298013245034,-1.4768211920529801,2.4966887417218544,7.490066225165563,0.11920529801324503,1.1920529801324504,6.231788079470198,2.2649006622516556,2.4304635761589406,0.8807947019867549,0.8278145695364238,2.615894039735099,2.6754966887417218,5.662251655629139,-0.006622516556291391,0.5099337748344371,8.42384105960265,1.7748344370860927,2.2450331125827816,1.0394736842105263,2.4342105263157894,1.7105263157894737,3.0592105263157894,7.717105263157895,0.868421052631579,0.8223684210526315,4.8881578947368425,3.2697368421052633,0.8157894736842105,1.888157894736842,-0.08552631578947369,3.013157894736842,3.6776315789473686,5.644736842105263,2.013157894736842,1.6578947368421053,13.203947368421053,3.7171052631578947,0.6447368421052632
O34344,0.16666666666666666,0.9,1.6,3.1,2.2666666666666666,-0.23333333333333334,1.2,3.3333333333333335,2.966666666666667,-0.4666666666666667,-0.7666666666666667,-0.36666666666666664,-0.5,0.9666666666666667,3.566666666666667,-0.3333333333333333,0.0,5.633333333333334,1.4333333333333333,-0.6666666666666666,0.36666666666666664,-0.4666666666666667,-0.03333333333333333,0.7666666666666667,5.6,-0.5333333333333333,-0.6666666666666666,1.3666666666666667,1.5333333333333334,1.6333333333333333,1.5333333333333334,-1.9333333333333333,0.6666666666666666,1.9,1.3333333333333333,-0.03333333333333333,0.3,6.733333333333333,2.1666666666666665,0.7,0.6333333333333333,1.1,0.23333333333333334,2.3666666666666667,5.2,-0.26666666666666666,-0.36666666666666664,3.8666666666666667,1.5666666666666667,1.2666666666666666,1.8333333333333333,1.2,0.26666666666666666,1.7666666666666666,1.8,-0.16666666666666666,0.3,7.066666666666666,1.1,0.7,-0.03333333333333333,1.1333333333333333,0.3333333333333333,0.9,1.4,-0.1,0.16666666666666666,1.3333333333333333,1.6333333333333333,1.5666666666666667,2.6333333333333333,0.3,1.2666666666666666,3.5,2.433333333333333,-0.5666666666666667,-0.26666666666666666,6.566666666666666,1.5666666666666667,1.1333333333333333,1.606060606060606,0.48484848484848486,0.18181818181818182,1.8484848484848484,2.1818181818181817,-0.09090909090909091,0.3333333333333333,2.3636363636363638,1.2121212121212122,1.3636363636363635,1.8484848484848484,0.0,0.7272727272727273,2.4545454545454546,2.515151515151515,0.24242424242424243,-0.09090909090909091,3.9696969696969697,0.8181818181818182,0.09090909090909091
P39843,-0.17142857142857143,5.8,3.7142857142857144,8.971428571428572,4.3,2.357142857142857,7.642857142857143,0.6571428571428571,7.557142857142857,-2.5285714285714285,-2.2142857142857144,6.542857142857143,-0.6857142857142857,-0.5857142857142857,5.957142857142857,-0.18571428571428572,-0.2571428571428571,-0.5,1.2857142857142858,-1.2857142857142858,-0.3,10.228571428571428,6.585714285714285,14.542857142857143,2.5714285714285716,5.857142857142857,11.685714285714285,-1.5571428571428572,10.642857142857142,-3.085714285714286,-2.0285714285714285,12.314285714285715,-1.042857142857143,-1.8142857142857143,5.0,-1.2714285714285714,0.2857142857142857,-0.8142857142857143,1.6714285714285715,-1.0714285714285714,-0.38571428571428573,4.142857142857143,4.4714285714285715,10.742857142857142,1.4428571428571428,4.6571428571428575,8.042857142857143,0.9714285714285714,4.9,0.4857142857142857,0.5285714285714286,6.5,0.05714285714285714,0.9285714285714286,0.9857142857142858,0.9,0.44285714285714284,-1.6285714285714286,0.37142857142857144,-0.05714285714285714,-0.05714285714285714,6.414285714285715,5.685714285714286,14.585714285714285,1.7714285714285714,4.5285714285714285,12.428571428571429,-1.0857142857142856,5.285714285714286,0.6857142857142857,0.5571428571428572,8.414285714285715,1.1714285714285715,1.542857142857143,2.7285714285714286,-0.02857142857142857,0.08571428571428572,0.4857142857142857,0.5142857142857142,0.08571428571428572,0.08571428571428572,7.214285714285714,4.671428571428572,13.228571428571428,3.757142857142857,3.2714285714285714,11.957142857142857,-0.6714285714285714,6.4714285714285715,-1.3428571428571427,-1.1571428571428573,9.128571428571428,-0.9714285714285714,-0.08571428571428572,5.714285714285714,-0.05714285714285714,0.18571428571428572,3.257142857142857,-0.7,-0.5428571428571428
P39793,0.13372093023255813,0.75,1.122093023255814,2.5872093023255816,5.604651162790698,0.7616279069767442,1.308139534883721,1.4709302325581395,1.5290697674418605,0.6802325581395349,1.0465116279069768,0.2441860465116279,0.37790697674418605,1.0174418604651163,2.0813953488372094,0.3081395348837209,0.16279069767441862,1.4825581395348837,0.5348837209302325,0.6395348837209303,0.05813953488372093,0.8313953488372093,0.313953488372093,1.4186046511627908,7.959302325581396,0.6976744186046512,0.6046511627906976,1.9825581395348837,1.5348837209302326,1.7151162790697674,1.9127906976744187,0.3372093023255814,1.447674418604651,3.9127906976744184,2.883720930232558,0.26744186046511625,0.6686046511627907,5.872093023255814,1.2616279069767442,1.308139534883721,0.19186046511627908,0.9709302325581395,0.4418604651162791,1.7965116279069768,8.05232558139535,0.8604651162790697,1.2616279069767442,1.0813953488372092,2.7209302325581395,0.9593023255813954,1.5465116279069768,0.4186046511627907,0.8313953488372093,2.7325581395348837,1.069767441860465,-0.25,-0.2558139534883721,5.52906976744186,0.6104651162790697,1.3953488372093024,-0.029069767441860465,0.37209302325581395,0.08139534883720931,0.686046511627907,4.906976744186046,0.1686046511627907,0.7965116279069767,-0.47093023255813954,0.9418604651162791,0.8488372093023255,1.3895348837209303,-0.26744186046511625,0.6569767441860465,2.0,0.13953488372093023,0.0872093023255814,0.0,3.046511627906977,0.005813953488372093,0.7151162790697675,0.8806818181818182,0.75,1.9659090909090908,7.426136363636363,6.670454545454546,0.45454545454545453,3.221590909090909,0.6477272727272727,0.9545454545454546,5.244318181818182,7.204545454545454,0.13068181818181818,3.7613636363636362,8.477272727272727,1.8409090909090908,0.3068181818181818,0.4772727272727273,12.795454545454545,5.340909090909091,4.244318181818182
Q44856,-0.23076923076923078,2.3846153846153846,0.6153846153846154,2.230769230769231,4.461538461538462,0.23076923076923078,-0.07692307692307693,1.0769230769230769,2.5384615384615383,3.5384615384615383,3.1538461538461537,0.23076923076923078,0.07692307692307693,1.9230769230769231,5.0,0.46153846153846156,0.0,3.1538461538461537,4.6923076923076925,1.3076923076923077,2.5384615384615383,8.153846153846153,5.384615384615385,6.0,7.615384615384615,3.8461538461538463,3.5384615384615383,10.615384615384615,4.846153846153846,-0.38461538461538464,0.8461538461538461,0.6153846153846154,3.076923076923077,6.769230769230769,4.076923076923077,2.0,2.923076923076923,7.538461538461538,2.769230769230769,-3.0,-0.6923076923076923,3.6153846153846154,1.6153846153846154,4.615384615384615,9.846153846153847,0.07692307692307693,0.15384615384615385,5.6923076923076925,1.0769230769230769,0.07692307692307693,1.5384615384615385,-1.1538461538461537,0.3076923076923077,0.38461538461538464,15.384615384615385,2.1538461538461537,1.3846153846153846,12.538461538461538,1.0,0.6153846153846154,1.0769230769230769,0.6153846153846154,1.3076923076923077,4.615384615384615,5.384615384615385,-1.0769230769230769,-0.46153846153846156,3.3076923076923075,1.6923076923076923,-1.0769230769230769,0.15384615384615385,0.6153846153846154,0.0,3.769230769230769,4.846153846153846,2.0,0.5384615384615384,11.692307692307692,0.6153846153846154,0.38461538461538464,-0.5,-1.4375,0.5625,0.5,14.8125,1.625,1.3125,1.8125,0.9375,3.1875,5.25,-0.3125,3.625,7.5,4.0625,1.9375,1.4375,19.5625,4.875,1.625
P0A5L8,0.43478260869565216,-0.17391304347826086,-0.2826086956521739,-1.3695652173913044,2.5217391304347827,0.45652173913043476,-0.17391304347826086,4.065217391304348,0.5652173913043478,0.6521739130434783,-0.9347826086956522,0.8478260869565217,-0.5217391304347826,1.5217391304347827,1.3695652173913044,-0.43478260869565216,-0.3695652173913043,7.3478260869565215,0.717391304347826,0.30434782608695654,0.6521739130434783,1.7608695652173914,2.391304347826087,2.9130434782608696,1.7173913043478262,0.8913043478260869,1.4130434782608696,2.5652173913043477,-0.391304347826087,0.21739130434782608,-0.13043478260869565,1.434782608695652,0.3695652173913043,0.6739130434782609,4.869565217391305,1.326086956521739,0.21739130434782608,4.391304347826087,0.17391304347826086,0.06521739130434782,0.5869565217391305,1.7826086956521738,1.3043478260869565,0.9565217391304348,4.0,1.6521739130434783,0.45652173913043476,3.217391304347826,2.4130434782608696,-0.32608695652173914,-0.5217391304347826,1.0869565217391304,0.32608695652173914,1.0434782608695652,2.130434782608696,0.8260869565217391,0.2826086956521739,4.3478260869565215,2.1956521739130435,0.782608695652174,1.1956521739130435,0.7391304347826086,-0.3695652173913043,1.326086956521739,4.543478260869565,0.2608695652173913,0.5217391304347826,4.195652173913044,0.2391304347826087,1.6521739130434783,0.7608695652173914,-0.08695652173913043,1.3043478260869565,2.391304347826087,0.8913043478260869,-0.1956521739130435,-1.5217391304347827,2.608695652173913,1.2608695652173914,0.717391304347826,0.7959183673469388,-0.2653061224489796,0.0,0.12244897959183673,6.040816326530612,-0.08163265306122448,-0.9591836734693877,3.306122448979592,0.24489795918367346,0.9183673469387755,0.12244897959183673,-0.42857142857142855,0.7142857142857143,0.6938775510204082,2.3469387755102042,0.4489795918367347,0.7346938775510204,7.795918367346939,1.653061224489796,0.02040816326530612
P53663,0.013513513513513514,0.9864864864864865,0.32432432432432434,0.9324324324324325,4.324324324324325,0.918918918918919,0.17567567567567569,0.44594594594594594,0.1891891891891892,3.1621621621621623,3.0135135135135136,0.3918918918918919,1.7297297297297298,1.864864864864865,-0.3108108108108108,-0.04054054054054054,-0.013513513513513514,3.418918918918919,-0.44594594594594594,2.0,0.12162162162162163,0.7837837837837838,-0.0945945945945946,-0.33783783783783783,4.445945945945946,1.3783783783783783,-0.05405405405405406,0.7027027027027027,0.0945945945945946,3.7837837837837838,3.77027027027027,0.21621621621621623,1.2837837837837838,0.5945945945945946,-1.2162162162162162,-0.0945945945945946,0.12162162162162163,2.0,-2.0405405405405403,2.6486486486486487,0.581081081081081,0.581081081081081,0.05405405405405406,-0.06756756756756757,3.8378378378378377,-0.43243243243243246,-0.08108108108108109,2.0135135135135136,0.6081081081081081,0.9324324324324325,1.4054054054054055,-0.13513513513513514,0.6081081081081081,1.2567567567567568,0.8108108108108109,0.21621621621621623,0.1891891891891892,3.7837837837837838,2.054054054054054,0.7297297297297297,-0.06756756756756757,0.04054054054054054,-0.24324324324324326,0.14864864864864866,4.324324324324325,0.7702702702702703,1.2972972972972974,2.445945945945946,0.7297297297297297,1.5810810810810811,0.8648648648648649,0.5135135135135135,0.16216216216216217,2.7972972972972974,2.4324324324324325,-0.1891891891891892,-0.17567567567567569,5.797297297297297,1.7972972972972974,1.0405405405405406,0.6103896103896104,0.11688311688311688,0.935064935064935,1.2337662337662338,3.9220779220779223,0.03896103896103896,0.2597402597402597,3.0259740259740258,0.7532467532467533,1.9350649350649352,1.2597402597402598,0.45454545454545453,0.7272727272727273,1.5324675324675325,-0.1038961038961039,0.4025974025974026,0.22077922077922077,3.6233766233766236,-0.5714285714285714,0.8181818181818182
P0A5B7,1.1111111111111112,-0.5555555555555556,1.7222222222222223,1.1111111111111112,9.444444444444445,1.1111111111111112,2.0,3.7777777777777777,1.5,2.0555555555555554,2.1666666666666665,3.5555555555555554,0.8333333333333334,2.0555555555555554,2.9444444444444446,1.2777777777777777,0.1111111111111111,3.388888888888889,-0.3333333333333333,1.8333333333333333,0.6666666666666666,-0.7222222222222222,-0.5555555555555556,-0.1111111111111111,7.666666666666667,-0.4444444444444444,-0.05555555555555555,3.6666666666666665,-0.2777777777777778,-0.8888888888888888,1.5,-1.5,1.2222222222222223,-0.9444444444444444,0.5555555555555556,-0.16666666666666666,0.3888888888888889,2.0,0.9444444444444444,0.05555555555555555,3.1666666666666665,1.1111111111111112,1.7777777777777777,-2.2222222222222223,14.0,-0.3333333333333333,-2.9444444444444446,5.888888888888889,3.2222222222222223,3.7222222222222223,6.111111111111111,-2.8333333333333335,4.833333333333333,7.833333333333333,4.444444444444445,0.7222222222222222,1.0555555555555556,13.055555555555555,7.0,2.7777777777777777,-0.16666666666666666,3.0555555555555554,3.1666666666666665,0.4444444444444444,6.722222222222222,1.0555555555555556,-0.16666666666666666,1.7222222222222223,1.8333333333333333,3.611111111111111,3.5555555555555554,1.5,0.3333333333333333,2.611111111111111,6.333333333333333,-1.1111111111111112,1.8888888888888888,2.7222222222222223,2.2777777777777777,0.16666666666666666,1.6818181818181819,-1.2272727272727273,1.1818181818181819,3.8636363636363638,11.545454545454545,0.045454545454545456,-2.227272727272727,6.136363636363637,3.6818181818181817,-0.5454545454545454,2.1363636363636362,-4.954545454545454,2.909090909090909,8.272727272727273,-0.13636363636363635,-1.0909090909090908,-0.09090909090909091,19.136363636363637,8.772727272727273,-0.4090909090909091
P23648,0.16981132075471697,1.490566037735849,3.6037735849056602,5.188679245283019,2.509433962264151,1.3584905660377358,2.2641509433962264,5.735849056603773,2.547169811320755,3.7547169811320753,3.0943396226415096,1.1320754716981132,1.4150943396226414,1.3584905660377358,2.7358490566037736,1.3018867924528301,0.7735849056603774,2.4339622641509435,0.2830188679245283,2.4150943396226414,0.11320754716981132,0.09433962264150944,0.2641509433962264,0.7358490566037735,5.339622641509434,-0.22641509433962265,-0.24528301886792453,2.339622641509434,1.4339622641509433,0.6981132075471698,0.8679245283018868,-0.32075471698113206,0.7547169811320755,3.150943396226415,1.509433962264151,-0.07547169811320754,-0.4339622641509434,7.622641509433962,1.830188679245283,0.5283018867924528,-0.22641509433962265,0.9433962264150944,1.2264150943396226,1.3018867924528301,5.660377358490566,0.33962264150943394,0.5660377358490566,1.7169811320754718,1.9811320754716981,1.0943396226415094,1.849056603773585,0.49056603773584906,0.7924528301886793,3.792452830188679,2.207547169811321,-0.09433962264150944,0.4528301886792453,6.188679245283019,2.2830188679245285,0.6415094339622641,-0.6792452830188679,0.7358490566037735,-0.2641509433962264,0.11320754716981132,2.6792452830188678,0.4528301886792453,0.03773584905660377,0.9245283018867925,0.9245283018867925,0.3018867924528302,0.20754716981132076,-0.018867924528301886,0.1320754716981132,1.528301886792453,1.3018867924528301,-0.4339622641509434,-0.018867924528301886,5.2075471698113205,1.1320754716981132,0.22641509433962265,0.4107142857142857,1.2857142857142858,0.03571428571428571,0.75,5.321428571428571,0.5,0.6428571428571429,-0.16071428571428573,1.0357142857142858,1.4642857142857142,1.2678571428571428,0.5714285714285714,0.2857142857142857,2.4464285714285716,2.2857142857142856,-0.08928571428571429,0.125,3.3392857142857144,0.6785714285714286,1.125
O31097,0.045454545454545456,1.2424242424242424,0.5303030303030303,1.3333333333333333,2.5303030303030303,0.12121212121212122,0.6666666666666666,1.803030303030303,0.696969696969697,1.5303030303030303,2.287878787878788,-0.030303030303030304,0.9242424242424242,2.8484848484848486,0.7272727272727273,-0.3333333333333333,-0.3939393939393939,5.696969696969697,1.5909090909090908,0.3333333333333333,0.2878787878787879,0.4393939393939394,0.9242424242424242,0.9696969696969697,4.409090909090909,0.045454545454545456,0.21212121212121213,0.9696969696969697,0.5909090909090909,2.0454545454545454,2.8333333333333335,-0.48484848484848486,1.1666666666666667,3.393939393939394,2.6666666666666665,0.36363636363636365,0.3484848484848485,6.893939393939394,2.878787878787879,1.2727272727272727,0.07575757575757576,0.9090909090909091,0.5,1.4393939393939394,4.681818181818182,-0.015151515151515152,0.3333333333333333,0.9242424242424242,0.015151515151515152,2.484848484848485,2.106060606060606,0.36363636363636365,0.6666666666666666,2.3333333333333335,3.227272727272727,0.21212121212121213,-0.045454545454545456,4.46969696969697,0.8939393939393939,1.0757575757575757,0.015151515151515152,0.6666666666666666,0.7424242424242424,2.4545454545454546,4.303030303030303,0.5606060606060606,0.9545454545454546,-0.15151515151515152,0.25757575757575757,3.0454545454545454,3.106060606060606,0.7121212121212122,1.3484848484848484,3.0,2.6818181818181817,-0.12121212121212122,0.015151515151515152,4.7272727272727275,0.7878787878787878,2.242424242424242,0.2753623188405797,2.0579710144927534,0.6231884057971014,-0.14492753623188406,5.217391304347826,1.0869565217391304,0.7101449275362319,0.7101449275362319,1.0434782608695652,2.289855072463768,2.739130434782609,1.2608695652173914,1.0869565217391304,2.449275362318841,1.8695652173913044,0.3188405797101449,0.6231884057971014,4.956521739130435,1.5072463768115942,1.1304347826086956
Q9AGJ6,0.3333333333333333,0.7927927927927928,1.2072072072072073,1.1441441441441442,4.252252252252252,0.5045045045045045,0.8108108108108109,4.2342342342342345,1.045045045045045,1.6216216216216217,2.4054054054054053,0.8288288288288288,0.7567567567567568,2.972972972972973,1.8018018018018018,0.7387387387387387,0.5585585585585585,5.261261261261262,1.945945945945946,1.3153153153153154,0.6756756756756757,1.972972972972973,1.90990990990991,2.765765765765766,5.063063063063063,2.171171171171171,2.1981981981981984,3.5675675675675675,2.7387387387387387,2.5765765765765765,2.900900900900901,1.7207207207207207,1.5855855855855856,3.4504504504504503,2.5855855855855854,0.7747747747747747,0.5945945945945946,6.900900900900901,1.990990990990991,1.7747747747747749,0.13513513513513514,2.9279279279279278,1.3513513513513513,3.963963963963964,6.576576576576577,1.954954954954955,1.7837837837837838,1.5495495495495495,4.063063063063063,3.0,3.2612612612612613,1.0990990990990992,1.2342342342342343,4.0,2.171171171171171,1.063063063063063,0.9459459459459459,7.225225225225225,3.5405405405405403,2.2972972972972974,0.7657657657657657,2.3063063063063063,2.6216216216216215,3.5315315315315314,5.036036036036036,2.189189189189189,2.1531531531531534,3.1621621621621623,2.873873873873874,3.6396396396396398,3.7387387387387387,2.6126126126126126,2.369369369369369,3.990990990990991,1.3423423423423424,1.2162162162162162,0.9459459459459459,6.702702702702703,2.8828828828828827,2.6666666666666665,1.2432432432432432,-0.15315315315315314,0.5945945945945946,1.3423423423423424,7.684684684684685,0.6666666666666666,0.23423423423423423,2.8828828828828827,1.7117117117117118,1.5855855855855856,1.4324324324324325,-0.5405405405405406,1.5585585585585586,1.3423423423423424,2.5495495495495497,0.972972972972973,0.990990990990991,4.801801801801802,2.324324324324324,1.954954954954955
P0A312,1.6,0.4,2.8,2.4,7.8,3.2,4.2,4.4,2.4,7.6,8.0,1.0,-0.2,7.2,3.4,0.2,0.4,8.6,3.4,4.0,-1.0,2.4,-1.6,-0.2,3.2,2.0,2.4,5.6,1.4,0.2,2.2,1.0,-0.2,5.6,2.6,-1.0,0.6,9.0,4.2,-1.4,0.6,3.0,3.4,4.0,-0.6,2.0,2.4,2.6,-0.6,4.0,3.4,1.4,2.0,-0.2,2.8,1.6,3.0,-4.4,2.8,1.0,-1.2,-0.2,-1.4,-0.8,3.6,-3.4,-0.8,1.6,1.6,4.0,1.6,-1.6,0.0,1.2,3.2,0.4,3.6,6.2,2.8,0.2,1.4,2.4,-0.4,3.8,4.8,1.0,0.2,9.0,-3.8,3.8,2.8,2.6,0.2,-1.2,6.4,1.4,2.6,-2.8,-1.4,3.0
Q07833,0.23464912280701755,0.8267543859649122,0.017543859649122806,0.8991228070175439,3.932017543859649,0.39035087719298245,0.5241228070175439,2.0833333333333335,0.7368421052631579,1.4298245614035088,1.537280701754386,0.25219298245614036,0.6600877192982456,2.098684210526316,1.9671052631578947,-0.10526315789473684,-0.23464912280701755,4.491228070175438,1.0504385964912282,0.7916666666666666,0.17105263157894737,1.2587719298245614,0.25877192982456143,0.9078947368421053,4.326754385964913,0.5833333333333334,0.4100877192982456,0.4298245614035088,1.2280701754385965,2.2916666666666665,2.1907894736842106,0.6535087719298246,1.3135964912280702,2.625,1.2785087719298245,-0.2807017543859649,0.3399122807017544,4.467105263157895,1.1030701754385965,1.2587719298245614,0.1425438596491228,0.5285087719298246,0.4934210526315789,0.8991228070175439,3.9035087719298245,0.19517543859649122,0.046052631578947366,2.0350877192982457,0.631578947368421,1.6096491228070176,1.1162280701754386,0.2807017543859649,0.9517543859649122,1.5175438596491229,1.7149122807017543,-0.05482456140350877,-0.03070175438596491,1.3793859649122806,0.013157894736842105,1.2741228070175439,0.1513157894736842,0.5021929824561403,0.26096491228070173,0.5921052631578947,3.800438596491228,-0.1074561403508772,-0.08552631578947369,1.6513157894736843,0.3508771929824561,1.368421052631579,0.9780701754385965,0.19298245614035087,0.7741228070175439,1.1798245614035088,1.3486842105263157,-0.07894736842105263,-0.13815789473684212,2.530701754385965,0.4057017543859649,0.7719298245614035,0.24782608695652175,0.2108695652173913,0.24782608695652175,0.8913043478260869,4.771739130434782,-0.10652173913043478,0.10217391304347827,0.5217391304347826,0.3695652173913043,1.6391304347826088,1.1282608695652174,0.2956521739130435,0.9760869565217392,1.208695652173913,2.0956521739130434,-0.14782608695652175,0.03260869565217391,2.3086956521739133,0.02608695652173913,0.9782608695652174
O53078,-0.34,0.72,0.64,-0.18,4.16,0.82,0.24,2.34,1.66,2.18,1.52,0.1,1.2,1.9,-0.5,0.04,0.38,5.08,2.48,1.22,-0.4,0.8,1.76,1.7,5.88,0.22,-0.18,1.76,0.78,0.2,0.2,0.48,0.84,-0.16,2.08,0.3,0.5,2.36,0.56,0.7,0.78,1.6,0.72,2.16,4.74,1.18,1.28,0.74,1.7,2.56,1.8,0.8,2.26,3.74,1.1,0.08,0.5,6.52,3.74,0.82,0.1,0.34,0.56,1.76,4.94,0.02,0.88,3.02,0.52,0.94,1.5,0.08,0.68,2.64,2.06,0.4,0.58,8.18,2.64,1.18,0.75,0.9423076923076923,0.34615384615384615,0.3076923076923077,5.4423076923076925,-0.11538461538461539,0.38461538461538464,1.1730769230769231,0.7115384615384616,1.2115384615384615,1.1923076923076923,0.75,0.40384615384615385,3.8461538461538463,2.3461538461538463,-0.019230769230769232,0.5192307692307693,5.3076923076923075,1.6153846153846154,0.17307692307692307
P0A4G4,0.19230769230769232,2.3461538461538463,1.4230769230769231,2.4038461538461537,2.25,0.8653846153846154,2.25,0.6346153846153846,3.75,0.4230769230769231,0.28846153846153844,0.6730769230769231,-0.4230769230769231,1.2307692307692308,3.076923076923077,0.4423076923076923,0.4230769230769231,7.0576923076923075,1.1730769230769231,0.07692307692307693,-0.019230769230769232,1.3076923076923077,0.21153846153846154,-0.09615384615384616,4.596153846153846,0.28846153846153844,0.4423076923076923,1.0384615384615385,0.8846153846153846,0.8846153846153846,0.36538461538461536,-0.23076923076923078,0.8076923076923077,2.7884615384615383,1.0,0.3076923076923077,0.07692307692307693,4.9423076923076925,1.8653846153846154,0.75,0.38461538461538464,1.8076923076923077,1.5192307692307692,1.4038461538461537,4.980769230769231,-0.057692307692307696,-0.3076923076923077,3.1538461538461537,1.5769230769230769,1.4038461538461537,1.3076923076923077,-0.057692307692307696,0.9038461538461539,2.7884615384615383,2.3846153846153846,0.7307692307692307,0.34615384615384615,4.769230769230769,1.0769230769230769,1.8269230769230769,0.1346153846153846,2.4423076923076925,1.2115384615384615,2.3461538461538463,6.769230769230769,0.9230769230769231,1.6153846153846154,3.173076923076923,0.9038461538461539,2.076923076923077,1.9615384615384615,1.1153846153846154,1.7692307692307692,2.326923076923077,1.7115384615384615,-0.5769230769230769,-0.038461538461538464,6.769230769230769,0.4230769230769231,1.3653846153846154,0.019230769230769232,1.1730769230769231,0.4807692307692308,1.9038461538461537,4.230769230769231,0.21153846153846154,0.09615384615384616,1.1153846153846154,1.8846153846153846,1.1153846153846154,0.4807692307692308,-0.9807692307692307,-0.2692307692307692,2.9615384615384617,1.25,0.28846153846153844,0.0,7.6923076923076925,1.5961538461538463,0.07692307692307693
O31652,-0.6851851851851852,1.6481481481481481,2.814814814814815,5.0,3.4814814814814814,2.5925925925925926,3.8703703703703702,1.1111111111111112,3.759259259259259,0.5925925925925926,0.9444444444444444,2.1481481481481484,-0.5925925925925926,3.2222222222222223,-0.8703703703703703,-0.16666666666666666,-0.3148148148148148,0.4444444444444444,3.2777777777777777,-0.35185185185185186,-0.4074074074074074,6.444444444444445,6.185185185185185,8.351851851851851,5.37037037037037,6.074074074074074,8.814814814814815,3.388888888888889,7.814814814814815,-0.24074074074074073,2.0555555555555554,6.425925925925926,3.537037037037037,2.3518518518518516,10.018518518518519,1.5185185185185186,0.1111111111111111,7.055555555555555,7.185185185185185,0.3333333333333333,0.1111111111111111,10.537037037037036,10.296296296296296,15.24074074074074,6.981481481481482,7.425925925925926,13.314814814814815,1.6296296296296295,10.25925925925926,0.09259259259259259,1.2962962962962963,8.166666666666666,0.35185185185185186,0.07407407407407407,2.5185185185185186,1.7962962962962963,1.0,1.3518518518518519,2.7037037037037037,1.0185185185185186,1.0740740740740742,2.3518518518518516,4.37037037037037,5.351851851851852,5.814814814814815,5.111111111111111,4.7592592592592595,5.574074074074074,2.3518518518518516,-0.9074074074074074,0.3888888888888889,4.314814814814815,-0.6296296296296297,1.037037037037037,6.018518518518518,2.2962962962962963,1.6481481481481481,5.87037037037037,-0.35185185185185186,0.2037037037037037,0.3333333333333333,3.7777777777777777,4.2592592592592595,9.055555555555555,2.2777777777777777,3.9074074074074074,7.111111111111111,2.4444444444444446,2.5555555555555554,0.3888888888888889,-0.35185185185185186,4.425925925925926,-0.6481481481481481,-0.5,6.0,1.2037037037037037,1.7592592592592593,1.2037037037037037,-1.8518518518518519,-0.037037037037037035
P81100,0.1724137931034483,1.4827586206896552,0.4482758620689655,0.41379310344827586,4.482758620689655,0.4482758620689655,0.9655172413793104,2.9310344827586206,2.5517241379310347,1.3448275862068966,1.0344827586206897,-1.103448275862069,0.41379310344827586,3.0,1.4482758620689655,0.6551724137931034,0.9655172413793104,6.517241379310345,2.4482758620689653,0.3448275862068966,0.13793103448275862,0.7586206896551724,-2.4827586206896552,-0.6551724137931034,0.7586206896551724,-0.27586206896551724,-0.3448275862068966,-1.3103448275862069,0.27586206896551724,-0.3793103448275862,-0.8275862068965517,-0.896551724137931,-0.4482758620689655,-1.6206896551724137,1.6551724137931034,-0.4827586206896552,0.27586206896551724,4.206896551724138,0.7586206896551724,-0.1724137931034483,0.06896551724137931,1.3103448275862069,-0.9310344827586207,-1.6206896551724137,5.620689655172414,-0.20689655172413793,-1.7241379310344827,1.2413793103448276,1.7586206896551724,2.310344827586207,2.4827586206896552,0.13793103448275862,1.793103448275862,3.7586206896551726,3.2758620689655173,-0.13793103448275862,-0.3448275862068966,7.103448275862069,3.5517241379310347,1.3448275862068966,0.06896551724137931,-0.3448275862068966,1.1379310344827587,1.5517241379310345,2.7586206896551726,-0.3793103448275862,0.3793103448275862,1.9310344827586208,0.8620689655172413,0.5172413793103449,1.2413793103448276,0.6206896551724138,0.13793103448275862,1.7241379310344827,3.9655172413793105,0.13793103448275862,0.7586206896551724,6.137931034482759,0.20689655172413793,-0.41379310344827586,-0.18181818181818182,0.21212121212121213,-0.15151515151515152,-1.1515151515151516,4.333333333333333,-0.42424242424242425,-2.0303030303030303,0.3939393939393939,1.0,1.393939393939394,1.8181818181818181,-0.696969696969697,0.696969696969697,0.8484848484848485,3.9393939393939394,-0.48484848484848486,0.42424242424242425,4.787878787878788,0.45454545454545453,1.2424242424242424
P39603,-2.5714285714285716,3.7142857142857144,4.428571428571429,6.857142857142857,3.142857142857143,2.2857142857142856,3.142857142857143,4.0,3.857142857142857,1.0,-0.5714285714285714,2.5714285714285716,-0.2857142857142857,-4.285714285714286,-1.1428571428571428,-0.42857142857142855,-1.2857142857142858,4.142857142857143,0.0,2.142857142857143,1.0,1.1428571428571428,1.5714285714285714,5.0,4.714285714285714,1.8571428571428572,3.2857142857142856,6.714285714285714,1.8571428571428572,1.5714285714285714,2.0,2.0,1.8571428571428572,0.42857142857142855,2.0,0.0,0.14285714285714285,0.2857142857142857,1.4285714285714286,1.4285714285714286,-1.0,5.142857142857143,4.571428571428571,2.5714285714285716,3.4285714285714284,3.0,3.0,5.714285714285714,5.714285714285714,3.0,0.42857142857142855,4.142857142857143,-0.7142857142857143,0.2857142857142857,4.0,-1.8571428571428572,-0.14285714285714285,-2.2857142857142856,-0.7142857142857143,1.8571428571428572,0.0,4.285714285714286,5.857142857142857,7.428571428571429,2.7142857142857144,3.142857142857143,3.857142857142857,2.2857142857142856,3.4285714285714284,0.2857142857142857,1.4285714285714286,3.142857142857143,1.1428571428571428,0.8571428571428571,6.0,-0.2857142857142857,0.2857142857142857,6.142857142857143,-0.42857142857142855,0.42857142857142855,-1.2222222222222223,-3.6666666666666665,1.2222222222222223,4.888888888888889,4.333333333333333,0.2222222222222222,0.8888888888888888,4.333333333333333,-4.333333333333333,-0.2222222222222222,0.3333333333333333,-1.6666666666666667,1.2222222222222223,0.3333333333333333,-1.3333333333333333,-1.8888888888888888,-0.2222222222222222,5.0,-0.5555555555555556,-0.3333333333333333
Q45882,0.35714285714285715,2.0625,0.625,2.2410714285714284,7.294642857142857,0.375,0.5535714285714286,2.3392857142857144,3.625,-0.07142857142857142,0.6071428571428571,0.7142857142857143,1.0803571428571428,2.2589285714285716,2.3035714285714284,0.07142857142857142,0.4017857142857143,6.321428571428571,1.9821428571428572,0.49107142857142855,1.2232142857142858,1.5714285714285714,0.11607142857142858,1.3214285714285714,7.196428571428571,1.2678571428571428,1.9553571428571428,5.017857142857143,2.1875,0.5357142857142857,-0.22321428571428573,1.9196428571428572,1.625,0.13392857142857142,6.5625,1.0446428571428572,0.25892857142857145,6.0625,-0.22321428571428573,1.1875,0.7232142857142857,0.8035714285714286,0.8214285714285714,1.2767857142857142,6.901785714285714,0.25,0.9017857142857143,0.11607142857142858,1.4821428571428572,0.4732142857142857,1.4642857142857142,1.2232142857142858,1.6964285714285714,0.7946428571428571,-0.375,-0.36607142857142855,-0.7053571428571429,2.955357142857143,0.6607142857142857,0.7053571428571429,0.8214285714285714,0.75,-0.7232142857142857,0.2767857142857143,5.6875,0.9285714285714286,0.5803571428571429,0.6071428571428571,1.4910714285714286,0.5178571428571429,1.4107142857142858,1.1785714285714286,1.6964285714285714,0.7946428571428571,-0.35714285714285715,-0.026785714285714284,-1.3928571428571428,4.633928571428571,-0.20535714285714285,0.875,0.808695652173913,0.8869565217391304,0.3565217391304348,1.3652173913043477,6.591304347826087,-0.017391304347826087,1.0347826086956522,1.3217391304347825,2.026086956521739,0.7739130434782608,2.243478260869565,1.3652173913043477,1.626086956521739,0.06956521739130435,2.4347826086956523,-0.2,-0.6695652173913044,6.530434782608696,-0.08695652173913043,1.1652173913043478
P11001,0.3786407766990291,0.7702265372168284,0.3656957928802589,0.22006472491909385,4.077669902912621,0.17475728155339806,0.09385113268608414,1.6634304207119741,1.0679611650485437,1.7605177993527508,2.168284789644013,0.2168284789644013,1.103559870550162,3.6893203883495147,1.5857605177993528,0.1715210355987055,0.5016181229773463,5.666666666666667,2.0679611650485437,0.8381877022653722,0.22330097087378642,0.343042071197411,-0.2750809061488673,-0.5760517799352751,3.9805825242718447,0.025889967637540454,-0.0970873786407767,1.3042071197411003,0.6019417475728155,1.2718446601941749,0.9546925566343042,0.06796116504854369,0.4563106796116505,1.2588996763754046,0.8640776699029126,-0.1262135922330097,-0.032362459546925564,2.3333333333333335,0.20711974110032363,1.0420711974110033,0.0744336569579288,0.7508090614886731,0.04854368932038835,0.28802588996763756,3.7702265372168284,0.11650485436893204,0.3333333333333333,1.116504854368932,0.7443365695792881,1.4401294498381878,1.7313915857605178,0.05177993527508091,0.7605177993527508,1.896440129449838,1.5889967637540454,0.05177993527508091,0.019417475728155338,3.472491909385113,0.970873786407767,0.7313915857605178,0.2524271844660194,0.9741100323624595,0.06472491909385113,0.24271844660194175,5.1877022653721685,0.6213592233009708,0.33980582524271846,-0.1423948220064725,0.7087378640776699,1.103559870550162,1.5016181229773462,0.10032362459546926,0.919093851132686,0.33980582524271846,2.8349514563106797,-0.025889967637540454,-0.05825242718446602,0.42718446601941745,-0.517799352750809,1.2653721682847896,0.3022508038585209,0.9196141479099679,-0.18971061093247588,-0.1832797427652733,5.019292604501608,0.617363344051447,0.2765273311897106,0.594855305466238,0.729903536977492,1.0064308681672025,1.6913183279742765,0.06430868167202572,0.752411575562701,1.1607717041800643,3.517684887459807,0.04823151125401929,0.04823151125401929,-0.01607717041800643,-1.2733118971061093,0.8392282958199357
Q6YPH3,1.1758241758241759,-1.3406593406593406,1.164835164835165,1.4175824175824177,6.472527472527473,-0.3076923076923077,1.10989010989011,4.065934065934066,1.098901098901099,0.6813186813186813,0.9560439560439561,0.24175824175824176,0.6703296703296703,2.857142857142857,6.373626373626373,1.2747252747252746,1.1318681318681318,8.45054945054945,2.9450549450549453,-0.4065934065934066,2.1538461538461537,2.5054945054945055,2.4395604395604398,3.89010989010989,16.483516483516482,1.3956043956043955,1.2747252747252746,10.31868131868132,4.428571428571429,4.021978021978022,3.1648351648351647,2.681318681318681,3.1648351648351647,2.208791208791209,5.681318681318682,2.3846153846153846,-0.46153846153846156,13.56043956043956,3.2747252747252746,3.4395604395604398,3.3076923076923075,3.010989010989011,1.5494505494505495,1.9230769230769231,9.835164835164836,2.5714285714285716,-0.38461538461538464,6.263736263736264,3.087912087912088,1.879120879120879,2.1538461538461537,0.7582417582417582,-1.0,1.7912087912087913,5.670329670329671,2.5824175824175826,2.681318681318681,8.912087912087912,1.7692307692307692,2.967032967032967,0.5714285714285714,1.879120879120879,2.21978021978022,-0.1978021978021978,5.8791208791208796,1.098901098901099,-1.1978021978021978,3.89010989010989,1.967032967032967,0.26373626373626374,0.14285714285714285,-0.6593406593406593,1.4505494505494505,-0.16483516483516483,4.736263736263736,2.076923076923077,0.5824175824175825,6.714285714285714,2.230769230769231,0.6043956043956044,2.8260869565217392,9.73913043478261,7.521739130434782,7.1521739130434785,16.315217391304348,6.913043478260869,5.869565217391305,9.01086956521739,10.565217391304348,6.804347826086956,4.641304347826087,8.173913043478262,0.4673913043478261,8.152173913043478,11.641304347826088,5.619565217391305,6.271739130434782,20.652173913043477,9.565217391304348,6.021739130434782
P0C047,-0.1,1.2,0.8,-0.9,5.8,-1.0,0.6,1.3,1.5,4.4,3.2,2.3,-1.0,5.1,3.3,0.2,1.3,6.5,3.1,2.1,-0.6,1.3,1.8,1.5,3.4,0.1,0.7,3.0,2.0,4.9,5.3,3.8,0.9,6.2,2.1,0.6,-0.1,7.4,3.2,1.7,1.2,1.2,0.5,-1.1,5.8,-0.8,-1.2,-0.8,1.8,0.6,1.0,-0.2,0.2,4.9,4.2,-0.6,1.3,2.8,4.1,0.6,-0.6,1.6,2.4,0.5,4.8,0.4,1.9,4.1,2.6,2.2,0.7,1.2,-2.0,0.3,0.4,0.1,0.8,5.5,0.8,2.5,1.7857142857142858,-0.07142857142857142,-0.7142857142857143,1.7857142857142858,5.285714285714286,-1.7142857142857142,-0.07142857142857142,3.7142857142857144,1.2857142857142858,1.2857142857142858,3.2142857142857144,-0.5,2.0714285714285716,3.642857142857143,2.7857142857142856,1.2142857142857142,0.5714285714285714,7.928571428571429,1.9285714285714286,1.6428571428571428
Q59634,-0.09210526315789473,0.19078947368421054,0.625,0.019736842105263157,3.9210526315789473,0.4276315789473684,0.4934210526315789,1.4210526315789473,1.006578947368421,0.7697368421052632,1.118421052631579,0.13815789473684212,0.3223684210526316,2.2960526315789473,0.5723684210526315,-0.05263157894736842,0.19078947368421054,4.118421052631579,1.25,0.4605263157894737,-0.039473684210526314,0.9736842105263158,0.506578947368421,0.4868421052631579,3.789473684210526,-0.02631578947368421,0.35526315789473684,0.5460526315789473,0.7368421052631579,0.8486842105263158,0.7105263157894737,0.7828947368421053,0.21052631578947367,0.013157894736842105,1.0986842105263157,0.07236842105263158,0.3157894736842105,1.9013157894736843,0.03289473684210526,0.506578947368421,0.23684210526315788,0.2236842105263158,-0.02631578947368421,1.0592105263157894,4.671052631578948,0.1513157894736842,0.23026315789473684,0.40789473684210525,0.35526315789473684,1.131578947368421,0.7631578947368421,0.4407894736842105,0.18421052631578946,1.263157894736842,1.1842105263157894,-0.02631578947368421,0.24342105263157895,2.0460526315789473,0.9342105263157895,0.9013157894736842,0.3092105263157895,0.29605263157894735,-0.4276315789473684,-0.40789473684210525,4.473684210526316,-0.13157894736842105,0.28289473684210525,0.8421052631578947,0.42105263157894735,1.138157894736842,0.8618421052631579,-0.02631578947368421,0.743421052631579,1.138157894736842,2.3684210526315788,-0.039473684210526314,0.0,4.144736842105263,0.9144736842105263,0.5657894736842105,0.05161290322580645,0.4838709677419355,0.34838709677419355,0.16774193548387098,3.6451612903225805,0.05161290322580645,-0.18064516129032257,1.4516129032258065,0.967741935483871,1.070967741935484,1.1935483870967742,-0.3032258064516129,0.9225806451612903,2.4064516129032256,1.238709677419355,0.12903225806451613,-0.12903225806451613,4.84516129032258,1.2967741935483872,0.6516129032258065
P43439,0.3442622950819672,0.16393442622950818,0.11475409836065574,0.04918032786885246,6.295081967213115,0.3770491803278688,1.540983606557377,3.221311475409836,1.139344262295082,1.4426229508196722,0.7131147540983607,0.7131147540983607,0.7049180327868853,2.3114754098360657,1.8114754098360655,0.12295081967213115,0.22950819672131148,8.114754098360656,2.0737704918032787,0.9180327868852459,0.1557377049180328,0.1721311475409836,0.8934426229508197,0.4098360655737705,5.516393442622951,0.08196721311475409,1.2622950819672132,2.1311475409836067,0.9918032786885246,0.8524590163934426,0.8278688524590164,0.04918032786885246,1.040983606557377,1.6639344262295082,3.081967213114754,0.1721311475409836,0.21311475409836064,8.12295081967213,1.2295081967213115,0.48360655737704916,0.6065573770491803,3.221311475409836,2.4262295081967213,3.4344262295081966,5.368852459016393,2.942622950819672,3.122950819672131,2.3934426229508197,3.1311475409836067,0.6147540983606558,0.7295081967213115,2.9672131147540983,0.8278688524590164,-1.319672131147541,3.3442622950819674,1.2950819672131149,1.2622950819672132,6.827868852459017,1.0,0.11475409836065574,0.5819672131147541,3.581967213114754,2.5655737704918034,4.680327868852459,4.729508196721311,2.8688524590163933,3.3360655737704916,1.9672131147540983,2.081967213114754,-0.7049180327868853,-0.23770491803278687,2.2950819672131146,-0.07377049180327869,-1.3934426229508197,5.622950819672131,0.7622950819672131,1.2295081967213115,2.4344262295081966,0.0,-0.23770491803278687,0.7142857142857143,3.5952380952380953,2.2936507936507935,5.436507936507937,5.555555555555555,2.4206349206349205,3.3015873015873014,0.753968253968254,1.7380952380952381,1.0555555555555556,1.1666666666666667,3.1904761904761907,-0.1111111111111111,-1.2619047619047619,3.1587301587301586,0.4126984126984127,0.7222222222222222,3.007936507936508,-0.5952380952380952,0.7857142857142857
P24011,0.18032786885245902,4.442622950819672,1.9672131147540983,5.131147540983607,2.540983606557377,2.5081967213114753,4.098360655737705,1.819672131147541,0.5737704918032787,0.9672131147540983,1.0,3.6557377049180326,1.2950819672131149,0.639344262295082,5.491803278688525,0.3442622950819672,0.32786885245901637,-0.5081967213114754,0.5573770491803278,0.47540983606557374,0.2786885245901639,2.3114754098360657,2.3278688524590163,2.4262295081967213,4.065573770491803,1.1147540983606556,0.8688524590163934,3.0327868852459017,1.9672131147540983,0.7213114754098361,0.4098360655737705,1.3934426229508197,-0.32786885245901637,1.1639344262295082,3.0655737704918034,0.4918032786885246,-0.819672131147541,3.8688524590163933,0.819672131147541,0.21311475409836064,2.0163934426229506,3.1475409836065573,1.4918032786885247,1.360655737704918,7.114754098360656,2.3442622950819674,2.737704918032787,5.409836065573771,2.5245901639344264,1.901639344262295,2.180327868852459,2.4098360655737703,0.9180327868852459,3.4262295081967213,5.213114754098361,0.0,0.04918032786885246,7.885245901639344,3.5081967213114753,0.08196721311475409,0.14754098360655737,2.1311475409836067,0.3442622950819672,2.262295081967213,4.672131147540983,0.8852459016393442,0.8032786885245902,1.4098360655737705,0.9508196721311475,1.4098360655737705,2.0163934426229506,0.819672131147541,0.5409836065573771,3.639344262295082,2.557377049180328,0.7704918032786885,0.18032786885245902,7.754098360655738,2.19672131147541,0.8852459016393442,-0.08064516129032258,0.3064516129032258,0.7096774193548387,-0.5483870967741935,5.5,0.22580645161290322,-0.5,1.403225806451613,0.3548387096774194,2.0806451612903225,2.0,0.6612903225806451,0.8548387096774194,3.306451612903226,1.2096774193548387,0.08064516129032258,0.27419354838709675,4.967741935483871,0.04838709677419355,1.1612903225806452
P22346,0.2887323943661972,1.352112676056338,0.5563380281690141,-0.04929577464788732,5.035211267605634,-0.08450704225352113,-0.11267605633802817,3.471830985915493,1.267605633802817,1.1056338028169015,0.6126760563380281,0.2676056338028169,0.19718309859154928,1.028169014084507,2.464788732394366,0.4084507042253521,-0.2535211267605634,4.161971830985915,1.0633802816901408,0.8802816901408451,0.4225352112676056,1.1690140845070423,1.0211267605633803,-0.5211267605633803,5.387323943661972,0.8661971830985915,0.5422535211267606,1.6126760563380282,0.6549295774647887,1.3873239436619718,1.5985915492957747,0.8873239436619719,0.9436619718309859,2.2183098591549295,1.7816901408450705,0.0,-0.43661971830985913,5.359154929577465,0.7535211267605634,0.21830985915492956,0.035211267605633804,1.7887323943661972,0.9225352112676056,0.6126760563380281,5.140845070422535,1.091549295774648,0.5774647887323944,2.704225352112676,1.880281690140845,2.788732394366197,3.056338028169014,1.0,2.063380281690141,3.563380281690141,3.1267605633802815,0.1056338028169014,0.08450704225352113,3.5,0.795774647887324,2.063380281690141,0.19718309859154928,1.5352112676056338,-0.9084507042253521,0.4014084507042254,6.612676056338028,0.4507042253521127,0.4225352112676056,2.316901408450704,-0.028169014084507043,2.0492957746478875,1.6549295774647887,0.4859154929577465,0.8380281690140845,1.9295774647887325,2.112676056338028,0.2323943661971831,0.3873239436619718,1.6267605633802817,1.0070422535211268,1.3309859154929577,0.47586206896551725,0.2,0.8827586206896552,0.3931034482758621,4.972413793103448,-0.09655172413793103,0.1724137931034483,2.882758620689655,0.9379310344827586,0.896551724137931,0.5172413793103449,-0.30344827586206896,0.4827586206896552,2.717241379310345,1.013793103448276,0.6413793103448275,0.15172413793103448,5.972413793103448,2.303448275862069,0.8896551724137931
A5HZZ9,1.1244979919678715,0.8273092369477911,0.40562248995983935,0.4779116465863454,5.405622489959839,0.4738955823293173,0.3373493975903614,2.497991967871486,1.6746987951807228,0.25301204819277107,1.6265060240963856,0.06827309236947791,1.0401606425702812,0.9678714859437751,0.7269076305220884,0.39357429718875503,0.3293172690763052,6.257028112449799,0.5381526104417671,0.8955823293172691,0.6224899598393574,0.6546184738955824,-0.12048192771084337,0.20883534136546184,4.514056224899599,0.46987951807228917,0.17670682730923695,1.9518072289156627,1.1124497991967872,0.5863453815261044,0.5903614457831325,0.30120481927710846,0.6385542168674698,0.21686746987951808,1.2008032128514057,-0.05220883534136546,0.27710843373493976,4.706827309236948,0.1285140562248996,0.7911646586345381,0.7108433734939759,1.2570281124497993,-0.5261044176706827,0.36947791164658633,5.63855421686747,0.40963855421686746,-0.41365461847389556,3.7991967871485945,2.0240963855421685,1.2449799196787148,0.5461847389558233,-0.5341365461847389,0.5341365461847389,0.6224899598393574,3.465863453815261,-0.10843373493975904,-0.1566265060240964,4.746987951807229,0.6224899598393574,0.9718875502008032,1.1204819277108433,1.2409638554216869,0.7911646586345381,0.5662650602409639,4.963855421686747,0.2248995983935743,0.3614457831325301,3.1004016064257027,1.570281124497992,0.5341365461847389,0.9879518072289156,0.040160642570281124,0.4899598393574297,0.9156626506024096,4.160642570281125,0.14859437751004015,0.27710843373493976,5.598393574297189,0.6666666666666666,0.9759036144578314,1.012,0.316,-0.868,0.188,4.548,0.144,0.104,1.828,0.908,0.332,0.984,-0.232,0.96,0.248,2.072,0.052,0.132,3.188,0.032,0.772
P19368,1.2,0.8222222222222222,-0.022222222222222223,1.4,6.177777777777778,-0.4,0.5555555555555556,3.7333333333333334,0.35555555555555557,1.6222222222222222,1.2666666666666666,0.4444444444444444,1.1111111111111112,1.8666666666666667,3.2888888888888888,0.4888888888888889,0.1111111111111111,5.5777777777777775,1.2,2.2222222222222223,1.8222222222222222,3.022222222222222,4.044444444444444,1.7333333333333334,10.222222222222221,3.3777777777777778,2.4,3.9555555555555557,2.2,3.533333333333333,3.888888888888889,1.9555555555555555,3.2888888888888888,4.377777777777778,7.111111111111111,1.8666666666666667,2.7555555555555555,7.2,2.8666666666666667,3.3333333333333335,0.8444444444444444,1.6666666666666667,0.9333333333333333,-0.4,5.533333333333333,2.533333333333333,1.6444444444444444,6.022222222222222,0.8666666666666667,1.6,2.422222222222222,1.6666666666666667,2.6444444444444444,5.866666666666666,7.6,2.6222222222222222,1.6222222222222222,7.777777777777778,3.0444444444444443,1.9333333333333333,1.288888888888889,4.377777777777778,2.066666666666667,4.066666666666666,4.377777777777778,2.888888888888889,3.8444444444444446,2.0,1.8666666666666667,-0.17777777777777778,-0.7555555555555555,3.6444444444444444,-1.4666666666666666,0.6666666666666666,6.844444444444444,1.2,1.6,6.0,0.4,0.7555555555555555,2.326530612244898,2.4693877551020407,2.489795918367347,2.4285714285714284,9.83673469387755,0.9183673469387755,1.346938775510204,10.16326530612245,1.2040816326530612,2.8979591836734695,4.510204081632653,0.8775510204081632,2.2448979591836733,0.5918367346938775,3.836734693877551,2.7551020408163267,2.7755102040816326,7.836734693877551,2.2653061224489797,2.0816326530612246
O31760,0.8415841584158416,2.7524752475247523,2.485148514851485,2.287128712871287,4.653465346534653,1.7326732673267327,1.6237623762376239,1.3663366336633664,1.8217821782178218,0.48514851485148514,0.10891089108910891,0.8514851485148515,0.7326732673267327,0.7029702970297029,1.9306930693069306,0.8217821782178217,0.8217821782178217,5.663366336633663,2.089108910891089,0.40594059405940597,0.5544554455445545,1.6534653465346534,0.8910891089108911,1.6435643564356435,4.455445544554456,1.2673267326732673,0.8811881188118812,1.2574257425742574,0.13861386138613863,-0.49504950495049505,0.5445544554455446,0.6435643564356436,1.1386138613861385,-0.32673267326732675,1.0495049504950495,0.1188118811881188,0.10891089108910891,8.01980198019802,0.7920792079207921,0.06930693069306931,0.297029702970297,1.4158415841584158,0.9900990099009901,2.4554455445544554,3.8613861386138613,0.8811881188118812,0.297029702970297,2.732673267326733,0.9702970297029703,0.37623762376237624,0.32673267326732675,0.6138613861386139,0.0594059405940594,1.0495049504950495,1.316831683168317,-0.0297029702970297,0.40594059405940597,4.01980198019802,1.2277227722772277,0.40594059405940597,0.49504950495049505,0.297029702970297,0.9801980198019802,1.4653465346534653,5.920792079207921,-0.2871287128712871,-0.45544554455445546,2.217821782178218,1.2871287128712872,0.8415841584158416,0.5247524752475248,0.1782178217821782,-0.19801980198019803,2.237623762376238,2.099009900990099,0.4752475247524752,0.6633663366336634,6.425742574257426,1.386138613861386,0.19801980198019803,0.2871287128712871,-0.297029702970297,0.4158415841584158,0.7029702970297029,4.8316831683168315,-0.4752475247524752,-0.504950495049505,1.5940594059405941,0.9504950495049505,-0.1782178217821782,-0.15841584158415842,-0.5247524752475248,-0.1188118811881188,1.3663366336633664,2.772277227722772,0.10891089108910891,0.04950495049504951,5.574257425742574,1.7425742574257426,-0.21782178217821782
O08362,0.6428571428571429,-0.15714285714285714,4.942857142857143,5.042857142857143,9.385714285714286,2.1142857142857143,4.1571428571428575,3.7142857142857144,-1.5142857142857142,2.3,1.7571428571428571,2.857142857142857,3.6142857142857143,-1.0,4.085714285714285,1.1714285714285715,1.3571428571428572,3.0428571428571427,0.9714285714285714,2.4,-0.2571428571428571,-0.2,1.5,2.142857142857143,8.642857142857142,0.6,-0.5,3.1142857142857143,1.2285714285714286,0.8285714285714286,-0.17142857142857143,1.1142857142857143,-0.4857142857142857,1.3285714285714285,4.228571428571429,-0.14285714285714285,0.6714285714285714,7.985714285714286,4.871428571428571,0.21428571428571427,0.5142857142857142,1.3571428571428572,0.6571428571428571,-1.2,9.614285714285714,0.8,-0.4857142857142857,2.557142857142857,1.4428571428571428,-2.4285714285714284,-0.9142857142857143,0.24285714285714285,-0.9857142857142858,1.4428571428571428,5.6571428571428575,1.0857142857142856,1.1428571428571428,10.928571428571429,4.057142857142857,-0.02857142857142857,2.557142857142857,4.371428571428571,7.5285714285714285,9.085714285714285,7.714285714285714,3.0142857142857142,7.642857142857143,12.1,2.914285714285714,6.542857142857143,3.5428571428571427,6.142857142857143,1.7,8.071428571428571,11.928571428571429,5.142857142857143,3.157142857142857,12.014285714285714,7.542857142857143,4.957142857142857,1.5857142857142856,1.8285714285714285,4.871428571428571,8.742857142857142,13.32857142857143,5.242857142857143,5.128571428571429,4.4,0.8142857142857143,6.585714285714285,3.3714285714285714,5.3,1.9,-1.6857142857142857,3.6285714285714286,4.257142857142857,3.3857142857142857,3.8857142857142857,4.4,4.985714285714286
P0A670,-0.08823529411764706,1.588235294117647,1.5588235294117647,3.6176470588235294,3.4705882352941178,-0.23529411764705882,0.7352941176470589,-0.4117647058823529,3.2058823529411766,0.23529411764705882,1.2352941176470589,0.2647058823529412,0.6470588235294118,3.1470588235294117,1.088235294117647,0.35294117647058826,-0.14705882352941177,6.0588235294117645,3.2058823529411766,0.23529411764705882,-0.23529411764705882,1.911764705882353,-0.6764705882352942,-0.8529411764705882,-1.411764705882353,0.7352941176470589,0.38235294117647056,-2.1176470588235294,2.2058823529411766,1.9411764705882353,2.911764705882353,0.4117647058823529,1.2058823529411764,5.705882352941177,-0.4411764705882353,-0.17647058823529413,-0.08823529411764706,7.852941176470588,2.9705882352941178,1.0588235294117647,0.7647058823529411,0.9411764705882353,0.7058823529411765,1.1470588235294117,5.147058823529412,0.47058823529411764,0.7352941176470589,2.3823529411764706,1.8823529411764706,1.5588235294117647,0.20588235294117646,0.8529411764705882,0.4411764705882353,2.3529411764705883,1.7647058823529411,0.7941176470588235,-0.058823529411764705,7.352941176470588,1.3823529411764706,1.2058823529411764,0.08823529411764706,1.4411764705882353,0.0,-0.029411764705882353,3.7058823529411766,-0.47058823529411764,-0.029411764705882353,2.7058823529411766,1.1470588235294117,1.6470588235294117,1.2352941176470589,0.38235294117647056,0.6764705882352942,2.4411764705882355,0.5882352941176471,0.17647058823529413,0.6764705882352942,5.264705882352941,0.6176470588235294,0.9705882352941176,-0.23529411764705882,2.5588235294117645,-1.4411764705882353,0.029411764705882353,5.823529411764706,1.1764705882352942,1.3529411764705883,2.0294117647058822,1.2647058823529411,-0.5882352941176471,0.23529411764705882,1.5588235294117647,0.029411764705882353,3.3823529411764706,1.8529411764705883,0.5588235294117647,-0.3235294117647059,8.647058823529411,1.7647058823529411,-0.38235294117647056
O68575,2.761904761904762,4.142857142857143,3.8095238095238093,8.619047619047619,3.8095238095238093,3.4285714285714284,6.285714285714286,0.11904761904761904,8.428571428571429,0.11904761904761904,3.119047619047619,3.761904761904762,2.0714285714285716,2.6666666666666665,7.142857142857143,2.0238095238095237,-2.0,9.571428571428571,5.9523809523809526,0.7142857142857143,0.47619047619047616,1.5238095238095237,1.6904761904761905,2.4047619047619047,8.30952380952381,2.7142857142857144,2.4285714285714284,1.8095238095238095,3.1904761904761907,-1.619047619047619,-0.9523809523809523,2.4523809523809526,0.8809523809523809,3.3333333333333335,1.9047619047619047,2.0,1.8571428571428572,11.595238095238095,3.0714285714285716,-0.6666666666666666,0.14285714285714285,-0.6666666666666666,1.0238095238095237,0.30952380952380953,6.404761904761905,0.6428571428571429,-0.38095238095238093,2.642857142857143,0.47619047619047616,-0.9761904761904762,-0.023809523809523808,-0.7142857142857143,1.1428571428571428,2.9285714285714284,1.5476190476190477,0.9047619047619048,1.2142857142857142,8.476190476190476,1.9047619047619047,0.5,-0.047619047619047616,0.7380952380952381,0.42857142857142855,2.5,9.833333333333334,3.0,0.9047619047619048,9.071428571428571,0.16666666666666666,3.5714285714285716,1.5238095238095237,1.3571428571428572,1.7857142857142858,3.3095238095238093,7.238095238095238,4.857142857142857,2.0476190476190474,8.404761904761905,4.880952380952381,3.2142857142857144,-0.06666666666666667,-1.0222222222222221,0.7555555555555555,0.044444444444444446,7.511111111111111,-0.3333333333333333,-1.3333333333333333,2.3555555555555556,0.0,0.2222222222222222,0.4444444444444444,-1.9777777777777779,-0.2,0.37777777777777777,2.3555555555555556,0.044444444444444446,0.9555555555555556,6.155555555555556,-0.7111111111111111,0.5111111111111111
P37386,0.3,0.9266666666666666,0.3333333333333333,0.4666666666666667,3.2866666666666666,-0.1,-0.6666666666666666,1.42,1.44,0.56,1.0666666666666667,-0.16,0.46,3.6466666666666665,2.86,-0.22,-0.08666666666666667,9.653333333333334,2.7266666666666666,0.2866666666666667,0.3466666666666667,1.78,1.84,2.6266666666666665,4.133333333333334,1.3,1.1533333333333333,2.453333333333333,2.2333333333333334,0.12,0.7066666666666667,1.84,0.86,2.22,3.0933333333333333,0.6266666666666667,0.30666666666666664,2.02,1.52,-0.41333333333333333,-0.26666666666666666,3.18,2.0933333333333333,4.066666666666666,3.4266666666666667,2.466666666666667,2.72,1.94,4.98,0.24,0.7533333333333333,2.4066666666666667,0.14,3.2733333333333334,4.38,-0.2,-0.12,10.1,3.6666666666666665,0.3333333333333333,0.36666666666666664,0.5933333333333334,1.4,0.9866666666666667,0.6133333333333333,0.46,0.5466666666666666,2.473333333333333,1.1533333333333333,0.16666666666666666,0.08666666666666667,0.31333333333333335,0.35333333333333333,1.4666666666666666,2.4066666666666667,0.21333333333333335,0.43333333333333335,6.113333333333333,1.7666666666666666,0.6666666666666666,-0.7077922077922078,3.2142857142857144,1.948051948051948,5.123376623376624,4.8311688311688314,2.1233766233766236,3.279220779220779,1.8506493506493507,5.012987012987013,1.3181818181818181,1.6428571428571428,2.668831168831169,1.5844155844155845,3.896103896103896,4.98051948051948,0.17532467532467533,0.6038961038961039,8.96103896103896,4.785714285714286,1.7922077922077921
P20910,0.41,1.02,1.55,2.13,2.08,0.92,1.03,1.63,3.12,0.67,0.34,0.84,0.24,3.44,0.34,0.05,-0.08,7.68,3.24,0.24,0.13,0.83,1.26,1.38,2.87,0.79,0.81,0.65,2.53,2.31,2.45,0.47,1.15,5.34,-0.84,0.09,0.1,8.07,4.05,0.91,0.07,1.02,0.56,1.77,2.41,0.29,1.03,-0.35,1.47,2.43,1.95,0.81,0.76,3.31,2.63,0.64,-0.44,4.0,2.27,1.05,0.63,1.28,0.47,1.38,3.78,0.49,1.02,1.27,1.02,2.8,2.74,1.18,1.25,3.08,2.16,0.34,-0.23,6.98,2.22,1.9,-0.02,0.85,0.36,0.67,2.59,0.37,0.09,0.75,1.34,2.31,2.07,0.74,0.85,1.98,3.09,-0.05,-0.24,2.92,1.42,1.48
P37105,0.189873417721519,0.20253164556962025,0.31645569620253167,-0.31645569620253167,8.848101265822784,-0.012658227848101266,-1.2025316455696202,3.2911392405063293,3.2658227848101267,-0.35443037974683544,-0.5316455696202531,-0.4936708860759494,-0.0379746835443038,2.240506329113924,3.8734177215189876,-0.0379746835443038,-0.0379746835443038,9.645569620253164,3.7341772151898733,-0.4050632911392405,0.12658227848101267,1.518987341772152,1.8481012658227849,3.7974683544303796,4.367088607594937,-0.24050632911392406,1.1898734177215189,1.6455696202531647,3.240506329113924,0.6962025316455697,0.5316455696202531,-0.17721518987341772,0.9367088607594937,4.632911392405063,4.177215189873418,0.6455696202531646,-0.569620253164557,9.974683544303797,3.0126582278481013,0.6582278481012658,0.8481012658227848,2.5063291139240507,2.050632911392405,2.607594936708861,8.759493670886076,0.7468354430379747,1.240506329113924,3.2025316455696204,2.481012658227848,0.9620253164556962,2.1645569620253164,0.5316455696202531,1.139240506329114,4.658227848101266,7.493670886075949,0.5822784810126582,0.11392405063291139,15.08860759493671,4.556962025316456,0.9240506329113924,1.2025316455696202,1.5569620253164558,2.6962025316455698,2.0759493670886076,11.20253164556962,0.7721518987341772,0.5949367088607594,4.6075949367088604,3.9873417721518987,2.8354430379746836,2.5822784810126582,1.5569620253164558,2.721518987341772,5.658227848101266,5.151898734177215,1.9873417721518987,2.3164556962025316,11.063291139240507,3.8607594936708862,3.0253164556962027,0.925,2.1875,1.95,1.9125,9.425,1.45,0.4375,3.5625,4.0125,1.975,2.2125,2.0,1.1875,5.9375,4.4,0.3,0.4875,11.3375,5.1125,1.975
P23453,0.375,0.375,0.48214285714285715,1.1964285714285714,5.464285714285714,-0.03571428571428571,0.48214285714285715,1.0535714285714286,1.4821428571428572,1.2321428571428572,1.375,-0.17857142857142858,0.9285714285714286,2.5357142857142856,0.9107142857142857,0.21428571428571427,0.017857142857142856,6.375,3.0,1.4107142857142858,0.19642857142857142,0.8392857142857143,-0.5,0.7857142857142857,3.5357142857142856,0.875,0.4642857142857143,2.9642857142857144,1.9464285714285714,-1.2321428571428572,-0.625,0.19642857142857142,-0.17857142857142858,-1.0357142857142858,2.5714285714285716,0.6964285714285714,0.4107142857142857,6.910714285714286,0.5178571428571429,-1.2857142857142858,0.16071428571428573,0.9285714285714286,0.48214285714285715,0.375,5.303571428571429,-0.14285714285714285,-0.7678571428571429,2.1964285714285716,1.5178571428571428,-0.14285714285714285,1.1607142857142858,0.017857142857142856,0.16071428571428573,0.9464285714285714,0.4642857142857143,-0.14285714285714285,-0.07142857142857142,6.678571428571429,1.7142857142857142,0.23214285714285715,0.8392857142857143,0.23214285714285715,-0.8571428571428571,0.5535714285714286,5.053571428571429,0.6607142857142857,-1.0535714285714286,2.142857142857143,0.8214285714285714,0.3392857142857143,1.0892857142857142,0.0,-0.32142857142857145,1.9464285714285714,2.107142857142857,0.375,0.3392857142857143,4.696428571428571,1.3392857142857142,0.21428571428571427,0.8793103448275862,0.39655172413793105,0.9310344827586207,0.8448275862068966,4.724137931034483,0.9827586206896551,1.103448275862069,3.5344827586206895,1.9137931034482758,0.6551724137931034,1.103448275862069,0.10344827586206896,0.8448275862068966,3.293103448275862,1.896551724137931,0.5,0.25862068965517243,8.379310344827585,2.3793103448275863,-0.08620689655172414
Q9ZEP5,0.6571428571428571,-0.05714285714285714,1.542857142857143,2.657142857142857,1.3714285714285714,0.8571428571428571,1.5142857142857142,0.7714285714285715,3.0285714285714285,1.3714285714285714,1.5714285714285714,0.5142857142857142,0.6571428571428571,2.742857142857143,2.3714285714285714,0.08571428571428572,-0.7714285714285715,5.0285714285714285,2.8285714285714287,0.3142857142857143,0.9714285714285714,0.4,0.8,0.45714285714285713,2.4857142857142858,0.17142857142857143,0.2,0.34285714285714286,1.9142857142857144,2.1714285714285713,2.742857142857143,-0.4,1.3714285714285714,5.0,-0.37142857142857144,1.2571428571428571,0.5428571428571428,7.714285714285714,3.7142857142857144,0.37142857142857144,0.45714285714285713,2.2285714285714286,1.5714285714285714,2.0285714285714285,2.4857142857142858,1.1714285714285715,1.2285714285714286,-0.6,2.9714285714285715,0.5714285714285714,2.057142857142857,1.2857142857142858,0.7142857142857143,3.2,1.5142857142857142,0.34285714285714286,0.17142857142857143,7.0285714285714285,1.9714285714285715,0.17142857142857143,0.3142857142857143,0.34285714285714286,-0.02857142857142857,-0.8285714285714286,4.914285714285715,-0.6285714285714286,-1.1142857142857143,1.457142857142857,0.45714285714285713,1.1714285714285715,1.6571428571428573,0.05714285714285714,0.45714285714285713,1.1428571428571428,0.6857142857142857,0.22857142857142856,0.6,4.771428571428571,-0.34285714285714286,0.11428571428571428,0.3142857142857143,0.2571428571428571,1.1714285714285715,0.9714285714285714,4.142857142857143,0.2571428571428571,0.08571428571428572,1.3428571428571427,-0.08571428571428572,4.314285714285714,4.085714285714285,0.2,1.8571428571428572,3.4285714285714284,0.5428571428571428,1.1142857142857143,-0.08571428571428572,3.2,1.0,2.142857142857143
P49022,-0.07647058823529412,0.7294117647058823,0.6352941176470588,0.5764705882352941,4.747058823529412,0.23529411764705882,0.5647058823529412,2.6058823529411765,1.388235294117647,0.1411764705882353,0.2823529411764706,0.2,0.5705882352941176,2.0588235294117645,2.1176470588235294,0.12941176470588237,0.08823529411764706,4.758823529411765,1.0647058823529412,0.1588235294117647,0.041176470588235294,0.2529411764705882,0.7352941176470589,1.1,6.882352941176471,1.2,2.511764705882353,2.7941176470588234,1.3588235294117648,2.7294117647058824,1.9470588235294117,0.9058823529411765,1.2647058823529411,5.252941176470588,4.329411764705882,0.0058823529411764705,-0.11764705882352941,8.941176470588236,3.2941176470588234,2.4058823529411764,0.1411764705882353,-0.029411764705882353,0.4588235294117647,0.9,6.458823529411765,1.2823529411764707,2.2058823529411766,2.6705882352941175,0.788235294117647,1.964705882352941,1.4764705882352942,0.7705882352941177,1.5176470588235293,4.423529411764706,3.947058823529412,0.16470588235294117,-0.03529411764705882,9.188235294117646,3.1470588235294117,1.535294117647059,-0.11176470588235295,0.38823529411764707,-0.12352941176470589,0.5529411764705883,4.576470588235294,0.7294117647058823,1.0,1.7176470588235293,1.0529411764705883,1.1470588235294117,0.5588235294117647,0.5529411764705883,0.4764705882352941,3.6411764705882352,2.847058823529412,-0.14705882352941177,-0.07647058823529412,6.1,1.6764705882352942,1.035294117647059,0.4619883040935672,2.198830409356725,2.08187134502924,3.3333333333333335,3.52046783625731,1.345029239766082,2.3567251461988303,1.5029239766081872,2.508771929824561,0.14619883040935672,0.15204678362573099,1.631578947368421,0.1695906432748538,0.29239766081871343,2.953216374269006,0.07017543859649122,0.13450292397660818,3.2748538011695905,0.04093567251461988,0.14619883040935672
Q8GFE2,0.41818181818181815,2.036363636363636,0.6909090909090909,1.490909090909091,1.9272727272727272,0.4,0.5818181818181818,1.6545454545454545,2.3636363636363638,1.309090909090909,1.4363636363636363,0.38181818181818183,1.5454545454545454,4.9818181818181815,1.6363636363636365,0.6,1.6,7.4363636363636365,3.109090909090909,-0.03636363636363636,-0.05454545454545454,3.018181818181818,-0.41818181818181815,1.7636363636363637,4.945454545454545,1.2545454545454546,1.709090909090909,1.2,1.2181818181818183,0.8363636363636363,0.9090909090909091,1.709090909090909,1.1818181818181819,4.163636363636364,2.8181818181818183,-0.7636363636363637,0.43636363636363634,7.890909090909091,1.3272727272727274,0.7272727272727273,0.8727272727272727,1.6,0.2545454545454545,0.7636363636363637,3.5636363636363635,1.1272727272727272,0.9818181818181818,1.7818181818181817,2.272727272727273,0.5636363636363636,0.34545454545454546,0.8363636363636363,-0.12727272727272726,3.018181818181818,1.8545454545454545,0.4727272727272727,-0.14545454545454545,5.3090909090909095,2.1636363636363636,0.05454545454545454,0.2909090909090909,1.1090909090909091,0.43636363636363634,1.490909090909091,4.490909090909091,0.34545454545454546,1.2,1.0909090909090908,0.5454545454545454,3.5636363636363635,3.1272727272727274,0.6545454545454545,1.0545454545454545,1.7818181818181817,3.4363636363636365,0.23636363636363636,0.7090909090909091,3.7454545454545456,1.3454545454545455,1.6727272727272726,-0.7543859649122807,0.3333333333333333,0.7017543859649122,0.0,3.1403508771929824,-0.03508771929824561,-0.03508771929824561,3.0,1.5964912280701755,1.9649122807017543,1.7894736842105263,0.10526315789473684,1.2456140350877194,2.6315789473684212,1.7017543859649122,-0.2807017543859649,-0.543859649122807,5.298245614035087,1.1929824561403508,0.5263157894736842
P82599,0.0,1.625,-0.5,-0.375,5.375,0.5,0.875,2.625,1.5,6.625,7.125,0.875,4.25,7.125,2.625,0.0,-1.5,8.625,4.5,4.125,-0.375,-0.375,0.75,-1.375,-1.25,-1.375,-3.375,1.125,4.625,2.25,4.25,0.0,1.75,6.5,0.5,-0.125,0.25,5.875,3.625,0.625,-0.25,1.0,-0.5,-1.125,4.25,-1.0,-1.0,2.375,2.75,0.875,-0.625,-1.625,0.75,4.25,3.25,0.375,0.125,7.125,2.875,1.0,-1.0,0.0,0.0,1.25,5.5,0.125,-1.5,-1.875,0.75,3.5,4.375,-0.875,1.125,4.625,0.125,-0.5,0.25,7.25,3.0,2.25,0.8,0.1,0.6,-1.9,5.1,1.0,1.2,-2.3,2.9,0.6,0.4,-1.1,0.1,2.3,-0.9,-0.3,0.4,1.7,2.1,-0.1
P0A3S3,-0.09090909090909091,0.5227272727272727,-0.3409090909090909,2.0,2.7045454545454546,0.18181818181818182,0.5227272727272727,4.295454545454546,1.7954545454545454,0.5227272727272727,-0.6590909090909091,0.09090909090909091,-0.29545454545454547,2.7954545454545454,0.5,0.3409090909090909,0.0,5.4772727272727275,1.8636363636363635,0.2727272727272727,-0.25,1.3409090909090908,0.6363636363636364,1.3181818181818181,3.6363636363636362,0.8636363636363636,0.7954545454545454,-0.6363636363636364,2.1818181818181817,1.7954545454545454,1.9772727272727273,0.8636363636363636,0.8863636363636364,2.9318181818181817,2.25,-0.022727272727272728,0.4772727272727273,5.2727272727272725,2.0454545454545454,0.8636363636363636,0.3409090909090909,-0.8409090909090909,-1.0681818181818181,1.7727272727272727,4.0,-0.25,0.3409090909090909,1.5909090909090908,0.18181818181818182,3.75,3.022727272727273,-0.5909090909090909,1.2954545454545454,4.0227272727272725,2.0454545454545454,-0.25,0.20454545454545456,3.4545454545454546,1.8636363636363635,2.272727272727273,0.45454545454545453,0.7727272727272727,-0.29545454545454547,-0.022727272727272728,3.590909090909091,0.45454545454545453,0.5681818181818182,1.0454545454545454,1.1136363636363635,3.3181818181818183,2.522727272727273,0.36363636363636365,0.9545454545454546,2.272727272727273,1.9318181818181819,-0.5,0.1590909090909091,2.9545454545454546,0.022727272727272728,2.0,-0.0625,0.5625,-0.8333333333333334,-0.020833333333333332,3.9166666666666665,-0.6875,-0.041666666666666664,2.3125,1.4583333333333333,0.22916666666666666,1.0,0.125,0.4583333333333333,2.2083333333333335,1.4166666666666667,-0.9166666666666666,0.1875,6.3125,1.125,-0.3541666666666667
P28618,1.7272727272727273,4.0,2.5454545454545454,0.6060606060606061,11.666666666666666,2.5454545454545454,-0.36363636363636365,2.0606060606060606,5.696969696969697,3.272727272727273,3.878787878787879,1.0606060606060606,3.3636363636363638,4.7272727272727275,1.6363636363636365,2.6666666666666665,0.8484848484848485,9.757575757575758,5.181818181818182,1.9696969696969697,-2.090909090909091,1.9393939393939394,2.8181818181818183,2.909090909090909,5.878787878787879,1.1818181818181819,1.4242424242424243,2.8181818181818183,1.5454545454545454,-0.6666666666666666,1.7272727272727273,0.3939393939393939,1.6363636363636365,7.242424242424242,4.606060606060606,0.7575757575757576,1.6363636363636365,12.606060606060606,4.7272727272727275,-1.5151515151515151,-0.696969696969697,2.606060606060606,1.4545454545454546,1.8181818181818181,2.9696969696969697,-0.06060606060606061,-0.3333333333333333,0.9393939393939394,4.393939393939394,-0.6363636363636364,3.0,0.24242424242424243,2.303030303030303,6.0606060606060606,1.8484848484848484,0.7575757575757576,1.1818181818181819,10.484848484848484,3.757575757575758,-0.12121212121212122,-0.24242424242424243,2.121212121212121,-0.2727272727272727,2.696969696969697,4.787878787878788,0.6666666666666666,2.6666666666666665,6.181818181818182,0.6363636363636364,1.2424242424242424,0.696969696969697,1.9090909090909092,1.3333333333333333,-0.7878787878787878,7.181818181818182,0.30303030303030304,1.2727272727272727,7.242424242424242,-1.7575757575757576,1.0,-0.36363636363636365,2.0303030303030303,2.3636363636363638,1.2121212121212122,5.787878787878788,0.5757575757575758,-0.8484848484848485,1.7878787878787878,2.393939393939394,1.1818181818181819,-0.42424242424242425,1.0303030303030303,-0.15151515151515152,5.909090909090909,3.212121212121212,-1.3333333333333333,0.12121212121212122,11.212121212121213,3.9696969696969697,0.48484848484848486
P54493,0.7472527472527473,1.164835164835165,2.0,3.087912087912088,6.1208791208791204,1.2857142857142858,1.010989010989011,2.769230769230769,0.7692307692307693,2.32967032967033,2.4175824175824174,1.1758241758241759,0.7692307692307693,2.6923076923076925,3.4945054945054945,1.10989010989011,0.7362637362637363,5.769230769230769,1.021978021978022,1.8681318681318682,-0.15384615384615385,0.26373626373626374,1.7142857142857142,1.967032967032967,3.879120879120879,0.3076923076923077,1.4835164835164836,1.978021978021978,2.21978021978022,1.4835164835164836,1.5164835164835164,0.8791208791208791,0.7802197802197802,1.9230769230769231,0.7912087912087912,-0.4065934065934066,-0.4175824175824176,4.142857142857143,0.6483516483516484,0.978021978021978,0.4725274725274725,5.087912087912088,3.4285714285714284,7.65934065934066,3.142857142857143,2.989010989010989,4.802197802197802,3.4615384615384617,1.054945054945055,-0.8791208791208791,-0.17582417582417584,3.978021978021978,-0.3626373626373626,-0.15384615384615385,4.582417582417582,0.4945054945054945,0.7362637362637363,0.8681318681318682,-0.4065934065934066,-0.6813186813186813,-0.08791208791208792,3.021978021978022,1.6703296703296704,3.967032967032967,2.802197802197802,1.5164835164835164,3.131868131868132,0.9560439560439561,2.208791208791209,-0.2967032967032967,-0.32967032967032966,2.769230769230769,-0.7252747252747253,0.8571428571428571,1.2967032967032968,0.0,0.8681318681318682,1.7802197802197801,0.46153846153846156,0.08791208791208792,0.1935483870967742,0.6559139784946236,0.7311827956989247,0.03225806451612903,4.56989247311828,-0.17204301075268819,-1.0,3.075268817204301,1.7204301075268817,1.2688172043010753,1.6881720430107527,-0.26881720430107525,0.6774193548387096,3.3440860215053765,2.247311827956989,0.11827956989247312,0.41935483870967744,6.505376344086022,1.7096774193548387,0.5268817204301075
P30195,0.5080213903743316,0.24064171122994651,-0.0481283422459893,1.0053475935828877,4.2032085561497325,-0.0106951871657754,0.23529411764705882,2.8609625668449197,0.48128342245989303,0.5133689839572193,0.4117647058823529,-0.3422459893048128,0.2887700534759358,0.3315508021390374,2.877005347593583,0.11229946524064172,0.0855614973262032,3.839572192513369,-0.44919786096256686,0.39037433155080214,0.7112299465240641,0.5935828877005348,0.6149732620320856,0.8021390374331551,4.224598930481283,0.13903743315508021,-0.18181818181818182,3.5401069518716577,1.5294117647058822,1.7754010695187166,1.5133689839572193,0.03208556149732621,0.7379679144385026,1.6737967914438503,2.390374331550802,0.41711229946524064,0.11764705882352941,5.1550802139037435,0.5668449197860963,1.1176470588235294,0.6363636363636364,0.26737967914438504,0.45989304812834225,0.9411764705882353,3.641711229946524,0.5401069518716578,0.5454545454545454,2.272727272727273,0.8983957219251337,1.1764705882352942,1.106951871657754,0.11229946524064172,0.6256684491978609,0.7112299465240641,2.251336898395722,0.40106951871657753,0.1657754010695187,4.625668449197861,0.42245989304812837,0.9197860962566845,0.946524064171123,0.36363636363636365,-0.5187165775401069,0.7700534759358288,4.336898395721925,0.0855614973262032,-0.03208556149732621,4.06951871657754,0.37967914438502676,0.36363636363636365,0.27807486631016043,0.22994652406417113,0.1711229946524064,0.6524064171122995,1.6096256684491979,0.25133689839572193,0.29411764705882354,3.679144385026738,0.2727272727272727,0.8556149732620321,0.7287234042553191,0.32978723404255317,0.6968085106382979,0.4574468085106383,3.8617021276595747,0.13829787234042554,0.1276595744680851,3.6595744680851063,1.0106382978723405,-0.09574468085106383,-0.21808510638297873,0.28191489361702127,-0.0797872340425532,0.43617021276595747,3.1914893617021276,0.15425531914893617,0.2074468085106383,4.590425531914893,0.24468085106382978,0.13829787234042554
P46713,0.19298245614035087,0.2982456140350877,0.6666666666666666,-0.19298245614035087,5.192982456140351,0.5964912280701754,0.3157894736842105,1.543859649122807,0.6140350877192983,1.280701754385965,1.5087719298245614,0.5614035087719298,0.5614035087719298,3.1228070175438596,2.8596491228070176,0.8947368421052632,0.6140350877192983,5.192982456140351,1.9649122807017543,0.3684210526315789,0.2807017543859649,1.8070175438596492,1.6491228070175439,1.0350877192982457,6.701754385964913,0.7192982456140351,-0.24561403508771928,1.5789473684210527,2.9649122807017543,1.7543859649122806,3.1403508771929824,0.22807017543859648,3.263157894736842,6.9298245614035086,3.1578947368421053,0.7543859649122807,0.6491228070175439,9.350877192982455,3.9473684210526314,0.5087719298245614,0.9649122807017544,3.0701754385964914,1.6140350877192982,2.6140350877192984,4.964912280701754,1.9649122807017543,1.8596491228070176,4.4035087719298245,1.0701754385964912,2.473684210526316,3.3508771929824563,1.5789473684210527,1.1929824561403508,5.771929824561403,5.333333333333333,0.7543859649122807,0.47368421052631576,12.070175438596491,4.350877192982456,1.0350877192982457,0.15789473684210525,0.42105263157894735,1.5789473684210527,1.7894736842105263,4.017543859649122,1.9824561403508771,1.6491228070175439,3.8596491228070176,2.789473684210526,0.7894736842105263,1.6666666666666667,0.03508771929824561,0.6842105263157895,4.842105263157895,2.1228070175438596,0.3684210526315789,0.017543859649122806,10.719298245614034,5.2105263157894735,-0.5789473684210527,0.8524590163934426,4.163934426229508,2.8688524590163933,3.639344262295082,4.950819672131147,2.1311475409836067,2.5081967213114753,3.7868852459016393,3.0327868852459017,1.1147540983606556,1.8852459016393444,3.459016393442623,0.6557377049180327,4.459016393442623,9.229508196721312,0.2786885245901639,1.4918032786885247,10.278688524590164,4.459016393442623,-0.7049180327868853
Q9L523,-0.018867924528301886,0.6415094339622641,0.9716981132075472,2.2547169811320753,7.037735849056604,0.2830188679245283,1.3396226415094339,2.858490566037736,1.4056603773584906,0.08490566037735849,0.5283018867924528,0.41509433962264153,0.2358490566037736,1.528301886792453,3.830188679245283,0.2169811320754717,0.18867924528301888,4.037735849056604,-0.29245283018867924,0.14150943396226415,-0.10377358490566038,0.8113207547169812,0.9811320754716981,1.509433962264151,6.433962264150943,0.39622641509433965,1.3584905660377358,0.8207547169811321,1.650943396226415,0.7264150943396226,0.16981132075471697,0.8113207547169812,0.3584905660377358,0.7264150943396226,3.0754716981132075,0.07547169811320754,0.1509433962264151,2.4056603773584904,0.18867924528301888,0.2641509433962264,-0.0660377358490566,0.10377358490566038,-0.19811320754716982,0.5566037735849056,2.839622641509434,0.07547169811320754,0.08490566037735849,0.7641509433962265,0.3584905660377358,0.12264150943396226,0.2169811320754717,0.3113207547169811,-0.05660377358490566,0.18867924528301888,0.8113207547169812,0.03773584905660377,-0.02830188679245283,1.8962264150943395,0.11320754716981132,0.2641509433962264,-0.16981132075471697,0.5283018867924528,1.169811320754717,1.1886792452830188,6.264150943396227,0.03773584905660377,0.3584905660377358,3.009433962264151,0.6132075471698113,0.7641509433962265,0.9245283018867925,0.7264150943396226,-0.09433962264150944,2.150943396226415,4.9245283018867925,-0.04716981132075472,0.0660377358490566,6.773584905660377,2.5754716981132075,0.9528301886792453,0.7889908256880734,0.8715596330275229,1.5229357798165137,1.6972477064220184,4.0,0.3669724770642202,-0.3577981651376147,3.376146788990826,0.09174311926605505,2.0275229357798166,1.165137614678899,1.1376146788990826,0.6422018348623854,3.128440366972477,4.440366972477064,0.5321100917431193,0.908256880733945,8.18348623853211,2.706422018348624,1.4036697247706422
P25051,0.5689655172413793,4.086206896551724,6.310344827586207,8.46551724137931,6.517241379310345,3.5344827586206895,3.2241379310344827,4.482758620689655,5.379310344827586,2.310344827586207,3.4827586206896552,3.9310344827586206,1.9310344827586208,6.172413793103448,12.827586206896552,3.4310344827586206,4.896551724137931,16.620689655172413,5.0344827586206895,0.9827586206896551,0.05172413793103448,5.103448275862069,3.6724137931034484,3.5172413793103448,6.155172413793103,2.7758620689655173,2.413793103448276,4.551724137931035,6.137931034482759,4.913793103448276,4.293103448275862,4.637931034482759,2.8793103448275863,4.293103448275862,4.896551724137931,1.4827586206896552,1.4137931034482758,13.724137931034482,7.327586206896552,3.9655172413793105,-0.3448275862068966,0.9310344827586207,5.172413793103448,5.5344827586206895,10.689655172413794,3.8793103448275863,1.4482758620689655,3.7586206896551726,5.0344827586206895,2.9655172413793105,4.086206896551724,0.7413793103448276,4.724137931034483,8.0,7.758620689655173,1.2586206896551724,3.0172413793103448,16.189655172413794,5.637931034482759,1.1724137931034482,1.0344827586206897,4.068965517241379,4.258620689655173,1.3275862068965518,2.0,1.896551724137931,0.27586206896551724,3.5172413793103448,3.6379310344827585,-0.39655172413793105,3.913793103448276,2.9827586206896552,2.9827586206896552,3.2413793103448274,2.086206896551724,2.310344827586207,1.2413793103448276,11.155172413793103,2.206896551724138,-1.0862068965517242,2.9836065573770494,6.229508196721311,7.475409836065574,8.639344262295081,12.163934426229508,5.245901639344262,5.213114754098361,8.967213114754099,9.852459016393443,0.2459016393442623,1.3114754098360655,6.737704918032787,-0.4098360655737705,3.1475409836065573,13.59016393442623,3.6885245901639343,4.524590163934426,13.344262295081966,5.311475409836065,0.8688524590163934
P29422,0.17777777777777778,1.3111111111111111,1.8,1.2,6.655555555555556,0.25555555555555554,0.1,2.3555555555555556,1.9111111111111112,1.5,2.7777777777777777,0.6555555555555556,2.433333333333333,3.033333333333333,3.566666666666667,0.5666666666666667,0.2,7.7444444444444445,2.988888888888889,0.7666666666666667,1.0,2.411111111111111,1.0555555555555556,1.6333333333333333,9.3,1.5888888888888888,1.8777777777777778,5.611111111111111,1.8222222222222222,3.1555555555555554,2.2777777777777777,3.0,1.011111111111111,0.4111111111111111,2.2222222222222223,1.0222222222222221,0.7777777777777778,4.477777777777778,1.5777777777777777,2.7,0.7222222222222222,1.5666666666666667,1.011111111111111,0.9333333333333333,7.022222222222222,0.23333333333333334,0.37777777777777777,3.066666666666667,1.3888888888888888,2.7111111111111112,2.7555555555555555,0.7444444444444445,2.477777777777778,1.3555555555555556,3.8444444444444446,0.7,0.5,2.1222222222222222,0.7555555555555555,1.5555555555555556,0.6444444444444445,1.9222222222222223,1.288888888888889,0.6111111111111112,6.411111111111111,1.2666666666666666,0.9111111111111111,2.6333333333333333,1.1666666666666667,2.6222222222222222,2.7222222222222223,1.7333333333333334,0.8222222222222222,2.488888888888889,1.2222222222222223,0.37777777777777777,1.1777777777777778,8.011111111111111,0.7555555555555555,1.4333333333333333,0.010752688172043012,-0.1827956989247312,0.22580645161290322,-0.8709677419354839,5.118279569892473,-0.44086021505376344,-0.6451612903225806,2.3440860215053765,0.5698924731182796,1.8172043010752688,1.5376344086021505,-1.1612903225806452,0.7741935483870968,1.7526881720430108,1.118279569892473,-0.053763440860215055,0.6559139784946236,3.752688172043011,1.3010752688172043,0.8817204301075269
P60158,1.0,2.4166666666666665,1.6388888888888888,1.1111111111111112,4.25,1.0555555555555556,1.0833333333333333,-1.1944444444444444,2.3055555555555554,2.1666666666666665,1.8333333333333333,0.9444444444444444,1.0833333333333333,4.555555555555555,3.5,-0.19444444444444445,-0.1111111111111111,7.25,2.388888888888889,1.1388888888888888,-0.027777777777777776,2.3333333333333335,-1.3055555555555556,-0.9722222222222222,5.527777777777778,-1.2777777777777777,-0.4444444444444444,3.6666666666666665,0.5555555555555556,4.666666666666667,4.333333333333333,1.4444444444444444,2.7777777777777777,-0.4444444444444444,3.5833333333333335,-0.7222222222222222,-0.5277777777777778,0.3888888888888889,-1.3333333333333333,3.5833333333333335,0.7777777777777778,0.6388888888888888,0.1388888888888889,0.2222222222222222,4.055555555555555,4.638888888888889,0.6944444444444444,1.7222222222222223,0.8333333333333334,3.0277777777777777,4.111111111111111,0.05555555555555555,1.5277777777777777,5.361111111111111,-1.6666666666666667,0.8888888888888888,0.8611111111111112,6.944444444444445,1.8333333333333333,0.5833333333333334,0.16666666666666666,0.05555555555555555,0.2777777777777778,0.5833333333333334,2.3333333333333335,-0.2222222222222222,0.5277777777777778,-0.1111111111111111,1.0,1.5277777777777777,2.7222222222222223,0.08333333333333333,1.1944444444444444,4.361111111111111,0.8888888888888888,2.1944444444444446,0.9444444444444444,5.333333333333333,2.3333333333333335,0.05555555555555555,-0.23076923076923078,1.6666666666666667,0.3076923076923077,1.4615384615384615,5.256410256410256,0.38461538461538464,1.205128205128205,1.6666666666666667,1.3846153846153846,3.41025641025641,2.871794871794872,0.41025641025641024,1.3333333333333333,3.871794871794872,1.1282051282051282,-0.05128205128205128,0.15384615384615385,1.8461538461538463,2.051282051282051,1.9487179487179487
Q8G4D8,1.3636363636363635,2.3850267379679146,1.1764705882352942,3.053475935828877,8.171122994652407,2.106951871657754,2.7540106951871657,2.625668449197861,1.4331550802139037,2.764705882352941,3.6898395721925135,1.9358288770053476,0.7219251336898396,3.411764705882353,1.7379679144385027,1.9893048128342246,1.4331550802139037,4.67379679144385,2.572192513368984,2.7807486631016043,0.9679144385026738,2.8502673796791442,1.695187165775401,1.1229946524064172,4.882352941176471,2.213903743315508,1.0962566844919786,3.090909090909091,1.7807486631016043,1.1871657754010696,1.7433155080213905,1.588235294117647,1.946524064171123,2.3850267379679146,3.390374331550802,1.2887700534759359,0.8663101604278075,2.764705882352941,1.8128342245989304,0.6524064171122995,1.839572192513369,4.53475935828877,2.657754010695187,3.358288770053476,9.02139037433155,2.893048128342246,1.6363636363636365,4.609625668449198,3.2032085561497325,2.9679144385026737,4.229946524064171,2.7967914438502675,3.7807486631016043,4.529411764705882,4.320855614973262,3.4759358288770055,1.9037433155080214,3.877005347593583,3.8983957219251337,1.3689839572192513,1.3529411764705883,1.0427807486631016,3.0106951871657754,2.0320855614973263,5.122994652406417,1.8181818181818181,1.213903743315508,2.4598930481283423,1.2406417112299466,1.3475935828877006,2.513368983957219,1.481283422459893,2.0588235294117645,2.9679144385026737,2.53475935828877,1.8716577540106951,1.2406417112299466,3.7540106951871657,1.4705882352941178,0.946524064171123,1.0634920634920635,2.7142857142857144,3.386243386243386,3.634920634920635,12.285714285714286,2.888888888888889,1.3756613756613756,9.523809523809524,4.968253968253968,2.3492063492063493,2.5238095238095237,2.142857142857143,2.232804232804233,5.920634920634921,8.19047619047619,2.6825396825396823,2.17989417989418,10.502645502645503,4.476190476190476,2.6031746031746033
Q0TV31,0.15942028985507245,0.5942028985507246,0.0,0.6376811594202898,3.420289855072464,0.34782608695652173,0.7536231884057971,1.173913043478261,0.30434782608695654,-0.08695652173913043,0.7101449275362319,-0.4057971014492754,-0.34782608695652173,2.1159420289855073,2.6231884057971016,0.15942028985507245,0.30434782608695654,5.478260869565218,1.5072463768115942,-0.043478260869565216,0.07246376811594203,0.5507246376811594,-0.4057971014492754,0.4782608695652174,5.608695652173913,0.2463768115942029,0.043478260869565216,2.5072463768115942,0.2898550724637681,2.710144927536232,1.3623188405797102,-0.2318840579710145,1.2318840579710144,-1.3478260869565217,1.1159420289855073,0.0,0.4057971014492754,1.6521739130434783,-2.289855072463768,2.391304347826087,-0.21739130434782608,0.13043478260869565,-0.7536231884057971,-0.43478260869565216,3.072463768115942,-0.18840579710144928,0.0,1.5507246376811594,-0.07246376811594203,1.6231884057971016,2.4927536231884058,-0.4927536231884058,1.2753623188405796,1.565217391304348,1.8405797101449275,-0.34782608695652173,-0.4057971014492754,2.260869565217391,-0.2608695652173913,0.8260869565217391,0.043478260869565216,0.9420289855072463,-0.10144927536231885,-0.2028985507246377,3.9565217391304346,-0.3333333333333333,-0.08695652173913043,0.08695652173913043,0.5217391304347826,0.7391304347826086,1.6231884057971016,-0.2318840579710145,0.7246376811594203,1.4202898550724639,3.246376811594203,-0.4492753623188406,-0.10144927536231885,4.63768115942029,-0.463768115942029,0.4927536231884058,0.8888888888888888,0.16666666666666666,-0.08333333333333333,-0.5,5.791666666666667,0.25,0.0,2.3194444444444446,1.1527777777777777,1.7083333333333333,1.8055555555555556,-0.7777777777777778,0.875,2.0277777777777777,2.1805555555555554,-0.1111111111111111,0.20833333333333334,1.9722222222222223,0.6666666666666666,1.375
Q05044,0.2289156626506024,0.6746987951807228,0.8554216867469879,2.325301204819277,1.8072289156626506,0.5180722891566265,0.7710843373493976,0.963855421686747,2.7349397590361444,1.5301204819277108,1.2048192771084338,0.4457831325301205,0.6385542168674698,2.36144578313253,2.108433734939759,0.24096385542168675,0.03614457831325301,4.433734939759036,1.5662650602409638,0.6024096385542169,0.13253012048192772,1.036144578313253,0.9036144578313253,1.5662650602409638,2.927710843373494,0.5301204819277109,0.8674698795180723,1.6144578313253013,1.3253012048192772,2.1204819277108435,1.9036144578313252,0.5903614457831325,0.7108433734939759,2.6265060240963853,2.4819277108433737,0.3253012048192771,0.024096385542168676,4.024096385542169,1.6265060240963856,0.9518072289156626,-0.40963855421686746,1.6746987951807228,0.4457831325301205,1.3855421686746987,2.4457831325301207,1.1566265060240963,1.3132530120481927,1.6024096385542168,1.783132530120482,2.3012048192771086,2.4216867469879517,1.3253012048192772,1.2289156626506024,3.1927710843373496,2.783132530120482,-0.12048192771084337,-0.5421686746987951,4.228915662650603,1.5180722891566265,0.8192771084337349,-0.6987951807228916,0.9759036144578314,-0.03614457831325301,0.8554216867469879,2.0,0.39759036144578314,0.3614457831325301,1.0,2.0120481927710845,1.891566265060241,2.289156626506024,0.30120481927710846,1.3373493975903614,3.5542168674698793,1.3614457831325302,-0.14457831325301204,0.5060240963855421,5.746987951807229,2.3012048192771086,0.4939759036144578,-0.40963855421686746,1.0963855421686748,0.20481927710843373,0.9036144578313253,2.4578313253012047,0.2289156626506024,0.27710843373493976,1.0481927710843373,1.4337349397590362,1.9156626506024097,1.855421686746988,0.5421686746987951,1.0240963855421688,2.253012048192771,2.602409638554217,-0.3493975903614458,-0.37349397590361444,3.7710843373493974,1.4578313253012047,0.6024096385542169
Q9KWG2,0.967741935483871,1.2419354838709677,1.8548387096774193,1.6774193548387097,5.451612903225806,0.2903225806451613,0.5967741935483871,4.370967741935484,1.7580645161290323,1.435483870967742,2.9193548387096775,1.4838709677419355,1.6612903225806452,3.435483870967742,3.1129032258064515,-0.25806451612903225,-1.2741935483870968,7.451612903225806,2.1451612903225805,1.8387096774193548,-1.7580645161290323,1.096774193548387,1.7258064516129032,1.9193548387096775,6.0,0.8870967741935484,-0.3387096774193548,0.22580645161290322,1.596774193548387,1.1290322580645162,2.0806451612903225,0.3225806451612903,1.1935483870967742,2.7580645161290325,2.532258064516129,0.6612903225806451,1.0,6.419354838709677,1.1612903225806452,1.6612903225806452,0.2903225806451613,2.629032258064516,3.6451612903225805,2.435483870967742,8.32258064516129,1.5483870967741935,1.1129032258064515,2.870967741935484,4.741935483870968,0.1935483870967742,3.1129032258064515,1.5161290322580645,1.532258064516129,5.161290322580645,4.903225806451613,1.1774193548387097,1.1774193548387097,10.193548387096774,5.0,-0.8387096774193549,-0.20967741935483872,3.8548387096774195,3.435483870967742,3.1451612903225805,2.8870967741935485,2.2419354838709675,3.0806451612903225,0.3225806451612903,4.145161290322581,1.6612903225806452,1.3870967741935485,2.225806451612903,0.9838709677419355,3.1774193548387095,5.419354838709677,0.3709677419354839,0.9193548387096774,6.870967741935484,4.435483870967742,1.096774193548387,0.16923076923076924,-0.03076923076923077,1.4461538461538461,-0.1076923076923077,3.6153846153846154,-0.7384615384615385,-1.3076923076923077,3.5692307692307694,1.4153846153846155,2.2153846153846155,1.9384615384615385,-0.7230769230769231,0.23076923076923078,3.7846153846153845,4.892307692307693,0.6615384615384615,-0.35384615384615387,7.861538461538461,1.8307692307692307,1.2923076923076924
Q45066,0.2980132450331126,0.9735099337748344,-0.026490066225165563,0.4105960264900662,5.701986754966887,0.44370860927152317,0.23841059602649006,2.589403973509934,0.6357615894039735,1.2317880794701987,1.2384105960264902,0.7218543046357616,-0.09933774834437085,3.033112582781457,2.3509933774834435,-0.059602649006622516,0.9735099337748344,7.105960264900662,1.7152317880794703,0.9668874172185431,0.3576158940397351,1.4701986754966887,-0.44370860927152317,0.8675496688741722,5.860927152317881,0.44370860927152317,-0.6821192052980133,2.4304635761589406,2.562913907284768,-0.6158940397350994,1.1258278145695364,0.12582781456953643,1.099337748344371,3.377483443708609,2.1324503311258276,0.17880794701986755,0.5827814569536424,6.66887417218543,2.3642384105960264,0.09271523178807947,0.8211920529801324,0.26490066225165565,1.7152317880794703,2.185430463576159,8.496688741721854,0.039735099337748346,0.2251655629139073,6.496688741721854,2.205298013245033,1.1655629139072847,1.1788079470198676,0.13245033112582782,1.4701986754966887,3.23841059602649,6.927152317880795,1.1655629139072847,0.6622516556291391,9.28476821192053,2.1456953642384105,1.4503311258278146,0.7549668874172185,1.1125827814569536,0.6158940397350994,0.7880794701986755,5.927152317880795,0.40397350993377484,0.11258278145695365,1.9801324503311257,1.9867549668874172,0.8675496688741722,1.6622516556291391,0.2980132450331126,1.4105960264900663,2.7880794701986753,2.6953642384105962,0.12582781456953643,0.09933774834437085,7.28476821192053,2.019867549668874,0.2913907284768212,0.6052631578947368,0.618421052631579,1.5789473684210527,1.5592105263157894,5.3881578947368425,0.6776315789473685,0.5394736842105263,1.480263157894737,3.1052631578947367,1.3355263157894737,2.4342105263157894,0.5197368421052632,1.769736842105263,4.131578947368421,2.3947368421052633,0.18421052631578946,0.17105263157894737,9.519736842105264,3.861842105263158,0.8881578947368421
Q9CD58,0.2925170068027211,-0.43537414965986393,0.29931972789115646,1.5510204081632653,7.061224489795919,0.08163265306122448,0.4965986394557823,1.0816326530612246,2.0884353741496597,-0.061224489795918366,-0.027210884353741496,0.23809523809523808,0.272108843537415,0.3741496598639456,1.0748299319727892,0.07482993197278912,-0.006802721088435374,3.748299319727891,0.1360544217687075,-0.061224489795918366,0.9047619047619048,1.1360544217687074,3.3537414965986394,3.693877551020408,7.496598639455782,2.2653061224489797,2.251700680272109,3.238095238095238,3.6598639455782314,0.4965986394557823,1.6394557823129252,0.6394557823129252,2.258503401360544,4.571428571428571,5.993197278911564,1.054421768707483,1.2653061224489797,10.258503401360544,3.925170068027211,1.2244897959183674,0.7687074829931972,-0.6870748299319728,1.9319727891156462,2.639455782312925,6.700680272108843,0.673469387755102,0.3945578231292517,4.931972789115647,2.45578231292517,1.4761904761904763,1.183673469387755,0.4217687074829932,0.8027210884353742,4.700680272108843,4.319727891156463,0.8503401360544217,1.2244897959183674,12.251700680272108,4.340136054421769,2.1156462585034013,0.7142857142857143,1.2789115646258504,2.061224489795918,1.9523809523809523,7.149659863945578,0.22448979591836735,0.9523809523809523,3.891156462585034,2.4625850340136055,1.489795918367347,1.489795918367347,1.7959183673469388,2.129251700680272,3.8503401360544216,6.54421768707483,0.7074829931972789,1.401360544217687,7.489795918367347,2.877551020408163,1.1768707482993197,0.19463087248322147,1.0939597315436242,0.6912751677852349,0.9194630872483222,6.859060402684563,0.6442953020134228,0.47651006711409394,0.610738255033557,0.20134228187919462,5.449664429530201,5.926174496644295,0.26174496644295303,3.597315436241611,7.489932885906041,11.308724832214764,-0.12751677852348994,0.44966442953020136,6.449664429530201,3.0738255033557045,1.8926174496644295
P0C1U8,0.49122807017543857,0.5614035087719298,0.7017543859649122,0.9824561403508771,1.9298245614035088,0.03508771929824561,0.43859649122807015,1.0175438596491229,1.4736842105263157,1.9649122807017543,1.6666666666666667,-0.03508771929824561,1.1754385964912282,2.263157894736842,0.9473684210526315,0.5964912280701754,0.43859649122807015,6.245614035087719,1.4736842105263157,0.8947368421052632,-0.10526315789473684,1.9649122807017543,0.0,1.543859649122807,3.754385964912281,0.8070175438596491,1.1754385964912282,0.6842105263157895,1.2105263157894737,-0.9649122807017544,1.368421052631579,0.8070175438596491,1.105263157894737,2.3333333333333335,2.912280701754386,-0.2807017543859649,0.0,5.350877192982456,2.0,-1.631578947368421,-0.08771929824561403,0.3684210526315789,-0.45614035087719296,-1.105263157894737,4.666666666666667,-0.05263157894736842,0.07017543859649122,-1.087719298245614,2.0,0.0,0.10526315789473684,-0.24561403508771928,1.1578947368421053,1.2280701754385965,-0.03508771929824561,0.0,-0.24561403508771928,3.8596491228070176,0.45614035087719296,0.08771929824561403,0.2982456140350877,2.0526315789473686,-0.03508771929824561,0.17543859649122806,3.3157894736842106,0.8245614035087719,1.543859649122807,-0.9298245614035088,1.6666666666666667,1.4210526315789473,2.56140350877193,1.5263157894736843,1.719298245614035,2.3684210526315788,2.7017543859649122,-0.40350877192982454,-0.017543859649122806,5.2631578947368425,-0.21052631578947367,0.8070175438596491,0.10344827586206896,0.3620689655172414,0.1896551724137931,-0.10344827586206896,7.241379310344827,-0.3448275862068966,-0.15517241379310345,0.7068965517241379,0.9655172413793104,5.0,5.689655172413793,-0.2413793103448276,3.293103448275862,7.5344827586206895,-3.3275862068965516,0.08620689655172414,-0.05172413793103448,8.862068965517242,4.431034482758621,3.913793103448276
Q5FIJ4,2.2142857142857144,3.107142857142857,0.14285714285714285,9.285714285714286,8.75,2.2857142857142856,6.035714285714286,1.7857142857142858,3.25,1.1785714285714286,2.107142857142857,-1.9642857142857142,2.3214285714285716,3.0357142857142856,11.071428571428571,1.3928571428571428,0.6785714285714286,14.178571428571429,4.357142857142857,0.6785714285714286,0.4642857142857143,1.5714285714285714,1.9642857142857142,3.892857142857143,12.571428571428571,2.4285714285714284,3.4642857142857144,9.75,6.321428571428571,2.75,4.785714285714286,2.4285714285714284,2.4285714285714284,8.107142857142858,6.071428571428571,1.1071428571428572,-0.35714285714285715,15.357142857142858,5.214285714285714,2.392857142857143,2.0,6.428571428571429,0.42857142857142855,2.4642857142857144,14.214285714285714,-0.75,1.6071428571428572,4.714285714285714,4.392857142857143,2.7857142857142856,4.178571428571429,0.8571428571428571,1.3214285714285714,3.5357142857142856,3.4285714285714284,2.357142857142857,-0.7142857142857143,9.821428571428571,2.4285714285714284,1.7857142857142858,0.7142857142857143,7.071428571428571,5.392857142857143,3.75,14.428571428571429,2.357142857142857,0.21428571428571427,9.678571428571429,9.392857142857142,2.642857142857143,5.571428571428571,1.8571428571428572,3.857142857142857,8.607142857142858,3.0714285714285716,2.892857142857143,2.1785714285714284,18.0,7.535714285714286,1.6071428571428572,4.620689655172414,4.0344827586206895,4.586206896551724,4.551724137931035,16.03448275862069,4.793103448275862,4.862068965517241,14.310344827586206,12.862068965517242,1.3103448275862069,8.344827586206897,2.5172413793103448,6.344827586206897,11.689655172413794,9.655172413793103,3.2413793103448274,0.10344827586206896,23.448275862068964,11.96551724137931,-0.3103448275862069
Q45070,0.013513513513513514,1.662162162162162,0.8513513513513513,2.3378378378378377,3.0405405405405403,0.32432432432432434,1.3513513513513513,0.5405405405405406,2.0945945945945947,0.5,0.36486486486486486,0.5,0.14864864864864866,1.7702702702702702,2.2027027027027026,-0.4864864864864865,-0.24324324324324326,5.783783783783784,1.9594594594594594,0.7972972972972973,0.36486486486486486,0.7567567567567568,0.5,1.2837837837837838,5.391891891891892,0.5540540540540541,1.0135135135135136,1.6216216216216217,0.4594594594594595,1.7972972972972974,1.2837837837837838,0.013513513513513514,0.6351351351351351,1.7027027027027026,2.635135135135135,0.5540540540540541,0.0945945945945946,0.33783783783783783,0.40540540540540543,1.0675675675675675,-0.04054054054054054,1.2702702702702702,0.3108108108108108,0.32432432432432434,3.7027027027027026,0.0,0.21621621621621623,1.5,1.027027027027027,0.7972972972972973,0.08108108108108109,0.36486486486486486,0.33783783783783783,0.918918918918919,2.027027027027027,0.14864864864864866,-0.22972972972972974,-0.6891891891891891,0.10810810810810811,0.8243243243243243,0.6486486486486487,0.8918918918918919,0.527027027027027,0.8108108108108109,4.405405405405405,1.1216216216216217,1.0405405405405406,0.7702702702702703,0.0945945945945946,0.6891891891891891,0.7702702702702703,1.337837837837838,-0.5945945945945946,1.2972972972972974,2.2027027027027026,-0.05405405405405406,-0.14864864864864866,2.2162162162162162,-0.7027027027027027,0.14864864864864866,0.06578947368421052,1.144736842105263,0.7236842105263158,0.2236842105263158,3.1315789473684212,0.5657894736842105,0.631578947368421,1.368421052631579,0.6447368421052632,0.868421052631579,0.75,0.5394736842105263,0.8289473684210527,1.3026315789473684,1.1842105263157894,0.2631578947368421,-0.05263157894736842,3.960526315789474,1.1842105263157894,0.7894736842105263
P35155,-1.0344827586206897,2.310344827586207,1.2413793103448276,-0.1724137931034483,5.448275862068965,-0.4827586206896552,-2.8275862068965516,2.4827586206896552,4.344827586206897,-1.6896551724137931,-1.1379310344827587,-0.3103448275862069,0.6206896551724138,2.103448275862069,3.0344827586206895,-0.7241379310344828,-0.20689655172413793,8.96551724137931,2.4482758620689653,-0.5172413793103449,0.5517241379310345,0.13793103448275862,2.8620689655172415,1.7241379310344827,4.275862068965517,-0.9655172413793104,0.4482758620689655,2.4482758620689653,2.4482758620689653,1.4827586206896552,0.6551724137931034,-1.1379310344827587,1.4482758620689655,0.7586206896551724,5.137931034482759,0.3448275862068966,0.8620689655172413,7.275862068965517,-0.7586206896551724,1.4827586206896552,0.3448275862068966,-0.3448275862068966,3.9655172413793105,6.068965517241379,9.89655172413793,-1.3793103448275863,1.4482758620689655,8.310344827586206,6.068965517241379,1.3793103448275863,0.13793103448275862,0.10344827586206896,2.9655172413793105,8.793103448275861,5.310344827586207,0.06896551724137931,1.6206896551724137,14.241379310344827,4.862068965517241,3.0689655172413794,2.2413793103448274,0.4482758620689655,4.137931034482759,3.0,9.10344827586207,1.1379310344827587,1.3103448275862069,2.896551724137931,3.2758620689655173,0.5862068965517241,-1.6896551724137931,-0.06896551724137931,2.793103448275862,3.6551724137931036,4.862068965517241,1.8275862068965518,2.3448275862068964,10.862068965517242,3.8275862068965516,1.6551724137931034,1.1612903225806452,1.8709677419354838,0.16129032258064516,-1.6774193548387097,8.193548387096774,-0.3225806451612903,1.935483870967742,2.967741935483871,1.1612903225806452,2.129032258064516,-1.032258064516129,0.16129032258064516,1.5161290322580645,-0.8064516129032258,0.5161290322580645,0.3548387096774194,1.2580645161290323,6.290322580645161,1.2580645161290323,2.3225806451612905
P11959,-0.35714285714285715,1.75,2.4285714285714284,2.2976190476190474,2.238095238095238,1.3452380952380953,2.130952380952381,-1.0119047619047619,1.9523809523809523,0.40476190476190477,1.369047619047619,1.5119047619047619,-0.5,0.9404761904761905,3.9047619047619047,0.9880952380952381,0.9166666666666666,5.785714285714286,1.4285714285714286,1.0952380952380953,-0.15476190476190477,0.8809523809523809,0.5476190476190477,0.34523809523809523,3.4285714285714284,0.36904761904761907,-0.6309523809523809,0.07142857142857142,-0.19047619047619047,1.1071428571428572,1.5476190476190477,-0.6071428571428571,2.130952380952381,0.6785714285714286,0.42857142857142855,0.5,0.34523809523809523,3.369047619047619,0.4880952380952381,0.2619047619047619,0.09523809523809523,1.5,0.7976190476190477,0.2976190476190476,1.7142857142857142,0.6428571428571429,-0.8095238095238095,1.5833333333333333,1.2976190476190477,-0.44047619047619047,-0.4166666666666667,0.11904761904761904,-0.19047619047619047,1.2142857142857142,3.392857142857143,0.4166666666666667,0.6190476190476191,6.2023809523809526,1.5833333333333333,-0.5595238095238095,1.0476190476190477,2.4523809523809526,0.2857142857142857,1.3452380952380953,6.154761904761905,0.5,1.4523809523809523,1.5952380952380953,1.3214285714285714,3.2857142857142856,3.2857142857142856,2.630952380952381,1.1428571428571428,2.357142857142857,3.761904761904762,0.8571428571428571,0.4642857142857143,6.2023809523809526,1.9047619047619047,0.9523809523809523,-0.011904761904761904,2.2857142857142856,2.5595238095238093,2.4166666666666665,4.476190476190476,2.107142857142857,2.0238095238095237,1.3452380952380953,1.7976190476190477,0.40476190476190477,0.6547619047619048,1.4285714285714286,0.14285714285714285,2.630952380952381,3.9761904761904763,0.9404761904761905,1.2142857142857142,11.404761904761905,3.238095238095238,-0.11904761904761904
P54104,-0.05063291139240506,4.012658227848101,2.278481012658228,4.594936708860759,4.2784810126582276,2.1139240506329116,3.1645569620253164,0.4177215189873418,3.0759493670886076,0.1518987341772152,-0.8227848101265823,1.9746835443037976,-0.31645569620253167,-0.8987341772151899,2.632911392405063,0.3291139240506329,0.43037974683544306,4.2405063291139244,1.620253164556962,0.4430379746835443,0.17721518987341772,3.0632911392405062,2.5443037974683542,4.594936708860759,3.329113924050633,2.6835443037974684,3.670886075949367,1.9873417721518987,4.329113924050633,0.02531645569620253,-0.8987341772151899,2.5316455696202533,0.3670886075949367,-0.7215189873417721,1.4430379746835442,-0.26582278481012656,0.45569620253164556,3.3544303797468356,1.6582278481012658,0.012658227848101266,-0.0379746835443038,2.4177215189873418,2.0632911392405062,3.632911392405063,3.4177215189873418,0.8481012658227848,2.3417721518987342,1.0632911392405062,3.2025316455696204,0.8481012658227848,1.6708860759493671,1.2658227848101267,1.1772151898734178,0.8354430379746836,4.569620253164557,0.5569620253164557,-0.3291139240506329,5.139240506329114,0.6455696202531646,0.06329113924050633,0.0,3.8227848101265822,3.367088607594937,5.936708860759493,1.5949367088607596,2.0126582278481013,3.670886075949367,2.0253164556962027,3.8607594936708862,0.4430379746835443,0.4177215189873418,2.481012658227848,0.22784810126582278,0.5949367088607594,5.253164556962025,0.24050632911392406,-0.4430379746835443,4.7594936708860756,1.1898734177215189,0.02531645569620253,0.425,1.7,2.725,3.2875,1.975,1.6125,2.25,2.3125,3.225,-0.6,-0.3875,0.65,-0.4,0.0375,-0.55,0.7,0.1875,3.1125,0.775,-0.5
P27580,0.08571428571428572,1.2714285714285714,0.7571428571428571,0.9,3.742857142857143,0.34285714285714286,0.11428571428571428,1.7142857142857142,1.3285714285714285,2.757142857142857,2.7857142857142856,0.5285714285714286,0.9857142857142858,4.642857142857143,0.014285714285714285,0.2,-0.014285714285714285,6.8428571428571425,3.242857142857143,1.3285714285714285,0.1,0.5857142857142857,1.1,1.4857142857142858,3.1285714285714286,0.3,0.9428571428571428,0.38571428571428573,0.7285714285714285,0.15714285714285714,0.11428571428571428,0.7,0.5857142857142857,1.4857142857142858,1.7714285714285714,0.2714285714285714,-0.12857142857142856,2.5714285714285716,1.5,-0.15714285714285714,-0.11428571428571428,0.014285714285714285,-0.21428571428571427,-0.3,4.185714285714286,0.6571428571428571,-0.35714285714285715,1.0,0.18571428571428572,0.17142857142857143,-0.45714285714285713,-0.02857142857142857,-0.8571428571428571,1.7571428571428571,0.18571428571428572,-0.15714285714285714,0.17142857142857143,6.8,1.1857142857142857,-0.08571428571428572,-0.07142857142857142,0.22857142857142856,2.3857142857142857,2.4571428571428573,1.2428571428571429,0.7571428571428571,0.6857142857142857,3.5428571428571427,1.9428571428571428,1.6142857142857143,2.0,1.2428571428571429,0.5428571428571428,2.3,3.4,0.6714285714285714,0.7285714285714285,8.557142857142857,3.3857142857142857,1.7571428571428571,0.3424657534246575,1.5205479452054795,3.4794520547945207,3.0273972602739727,4.191780821917808,1.8767123287671232,1.7534246575342465,0.1095890410958904,1.904109589041096,0.9863013698630136,1.4246575342465753,2.73972602739726,0.9041095890410958,4.712328767123288,2.0136986301369864,1.7397260273972603,0.2191780821917808,7.328767123287672,2.780821917808219,0.1506849315068493
P50002,0.7951807228915663,1.4819277108433735,2.2771084337349397,3.927710843373494,7.373493975903615,1.6506024096385543,0.060240963855421686,1.783132530120482,4.879518072289157,0.37349397590361444,0.8313253012048193,1.4216867469879517,1.5662650602409638,4.457831325301205,3.7590361445783134,0.8192771084337349,0.7108433734939759,14.156626506024097,5.337349397590361,0.5060240963855421,1.0843373493975903,2.7710843373493974,2.7349397590361444,5.0,8.108433734939759,1.2771084337349397,3.0120481927710845,-0.3614457831325301,4.63855421686747,1.891566265060241,3.566265060240964,2.397590361445783,1.2771084337349397,6.144578313253012,3.6265060240963853,0.8313253012048193,1.144578313253012,11.698795180722891,4.9879518072289155,1.7108433734939759,-0.3132530120481928,2.325301204819277,4.493975903614458,5.048192771084337,8.46987951807229,1.6626506024096386,2.4457831325301207,4.373493975903615,4.506024096385542,2.566265060240964,3.0843373493975905,2.891566265060241,0.963855421686747,3.8072289156626504,5.469879518072289,1.1927710843373494,0.42168674698795183,11.08433734939759,3.397590361445783,1.072289156626506,-0.30120481927710846,2.7710843373493974,2.6506024096385543,2.0843373493975905,8.590361445783133,2.0481927710843375,1.9397590361445782,3.6144578313253013,2.2650602409638556,0.8674698795180723,2.63855421686747,2.4819277108433737,1.6867469879518073,6.867469879518072,3.8674698795180724,-0.8313253012048193,-1.4939759036144578,13.048192771084338,4.325301204819277,0.40963855421686746,1.25,1.7857142857142858,2.8095238095238093,0.23809523809523808,8.678571428571429,0.7380952380952381,-0.16666666666666666,4.0476190476190474,3.8333333333333335,1.9642857142857142,1.869047619047619,0.2261904761904762,0.7261904761904762,4.25,5.785714285714286,1.5595238095238095,2.0714285714285716,10.880952380952381,4.583333333333333,1.7261904761904763
P31141,-0.39705882352941174,7.25,5.1911764705882355,10.382352941176471,3.8529411764705883,3.9558823529411766,9.205882352941176,0.22058823529411764,9.411764705882353,-2.5588235294117645,-2.014705882352941,6.970588235294118,-0.8088235294117647,-0.36764705882352944,6.176470588235294,-0.04411764705882353,-0.10294117647058823,1.8970588235294117,1.0588235294117647,-1.1911764705882353,-0.10294117647058823,9.426470588235293,6.8088235294117645,14.117647058823529,3.0,5.132352941176471,11.514705882352942,-1.0441176470588236,8.485294117647058,-2.4705882352941178,-2.0588235294117645,10.911764705882353,-1.0735294117647058,-1.411764705882353,3.514705882352941,-0.8676470588235294,0.058823529411764705,-1.911764705882353,1.2058823529411764,-1.411764705882353,-0.39705882352941174,2.985294117647059,3.3676470588235294,8.632352941176471,1.9264705882352942,2.5,5.367647058823529,0.10294117647058823,3.4705882352941178,0.23529411764705882,-0.1323529411764706,4.264705882352941,0.20588235294117646,0.8088235294117647,1.7647058823529411,0.27941176470588236,0.10294117647058823,-0.5882352941176471,0.6176470588235294,0.04411764705882353,0.1323529411764706,5.779411764705882,4.5588235294117645,10.323529411764707,0.5147058823529411,4.529411764705882,10.647058823529411,-1.1911764705882353,5.632352941176471,-0.029411764705882353,0.39705882352941174,6.735294117647059,0.5147058823529411,-0.16176470588235295,3.0,-0.29411764705882354,0.10294117647058823,-1.2205882352941178,0.6176470588235294,-0.39705882352941174,0.38571428571428573,4.614285714285714,2.342857142857143,8.528571428571428,3.4857142857142858,2.585714285714286,7.271428571428571,0.05714285714285714,5.214285714285714,-0.44285714285714284,-0.44285714285714284,5.6571428571428575,-0.7428571428571429,-0.5142857142857142,2.3,0.05714285714285714,-0.04285714285714286,1.8142857142857143,-0.5714285714285714,-0.12857142857142856
P0A4L0,0.10576923076923077,0.20192307692307693,0.09615384615384616,-0.0673076923076923,4.096153846153846,-0.27884615384615385,0.0,2.269230769230769,1.2115384615384615,2.423076923076923,2.855769230769231,0.11538461538461539,0.9615384615384616,4.788461538461538,1.2788461538461537,-0.04807692307692308,0.17307692307692307,7.75,3.0096153846153846,1.2403846153846154,0.2692307692307692,0.6346153846153846,0.25961538461538464,0.23076923076923078,4.471153846153846,0.3942307692307692,0.16346153846153846,2.2211538461538463,1.3942307692307692,0.7211538461538461,1.0769230769230769,-0.34615384615384615,0.38461538461538464,3.019230769230769,0.5096153846153846,-0.09615384615384616,0.21153846153846154,7.663461538461538,1.7596153846153846,-0.19230769230769232,-0.057692307692307696,1.0288461538461537,-0.5865384615384616,0.8846153846153846,4.644230769230769,0.19230769230769232,0.47115384615384615,1.2788461538461537,1.4615384615384615,1.5673076923076923,1.6153846153846154,-0.08653846153846154,0.7884615384615384,0.8942307692307693,2.1153846153846154,0.09615384615384616,0.3942307692307692,5.644230769230769,0.125,1.1153846153846154,0.1346153846153846,1.125,-1.4038461538461537,-0.07692307692307693,4.413461538461538,0.038461538461538464,0.23076923076923078,1.6442307692307692,1.1346153846153846,1.6730769230769231,2.0576923076923075,-0.057692307692307696,1.0769230769230769,2.0,2.4038461538461537,0.04807692307692308,-0.5192307692307693,6.663461538461538,1.3461538461538463,0.6346153846153846,0.5904761904761905,0.23809523809523808,0.5904761904761905,1.4095238095238096,4.609523809523809,0.3238095238095238,0.4,2.219047619047619,1.2666666666666666,1.8571428571428572,2.4095238095238094,-0.34285714285714286,1.3333333333333333,2.1333333333333333,2.323809523809524,0.3047619047619048,0.5142857142857142,1.7428571428571429,0.3047619047619048,1.2380952380952381
Q02113,-0.09923664122137404,1.1450381679389312,-0.16793893129770993,0.007633587786259542,2.633587786259542,0.3435114503816794,0.19083969465648856,2.2595419847328246,1.9312977099236641,0.3816793893129771,-0.030534351145038167,0.549618320610687,0.21374045801526717,1.4961832061068703,1.5267175572519085,0.09923664122137404,0.04580152671755725,5.442748091603053,1.4427480916030535,0.4351145038167939,-0.29770992366412213,1.2748091603053435,0.7709923664122137,1.2442748091603053,3.2977099236641223,0.3511450381679389,0.44274809160305345,1.183206106870229,1.5648854961832062,1.0076335877862594,1.1526717557251909,0.5419847328244275,0.3511450381679389,2.549618320610687,1.2442748091603053,-0.007633587786259542,0.1297709923664122,5.66412213740458,1.1908396946564885,0.8244274809160306,0.2900763358778626,0.6564885496183206,-0.061068702290076333,0.5114503816793893,3.7099236641221376,-0.26717557251908397,0.08396946564885496,1.3435114503816794,0.9923664122137404,0.44274809160305345,0.9007633587786259,-0.11450381679389313,0.5419847328244275,1.3129770992366412,0.5877862595419847,-0.19083969465648856,0.08396946564885496,4.969465648854962,1.4122137404580153,0.35877862595419846,-0.11450381679389313,0.48854961832061067,-0.33587786259541985,1.015267175572519,3.1526717557251906,-0.0916030534351145,0.16030534351145037,1.4274809160305344,1.0381679389312977,1.0534351145038168,1.213740458015267,-0.4351145038167939,0.48854961832061067,1.549618320610687,0.6412213740458015,0.10687022900763359,0.09923664122137404,2.7709923664122136,-0.007633587786259542,0.21374045801526717,0.21374045801526717,0.6717557251908397,0.22900763358778625,0.44274809160305345,2.83206106870229,0.5648854961832062,0.3893129770992366,0.2748091603053435,1.0763358778625953,1.2900763358778626,1.2671755725190839,0.6564885496183206,0.6564885496183206,1.1297709923664123,1.4809160305343512,0.12213740458015267,0.29770992366412213,2.4732824427480917,0.2900763358778626,0.7175572519083969
Q5FKI4,1.5982142857142858,1.375,2.6517857142857144,2.955357142857143,9.866071428571429,1.3571428571428572,0.7142857142857143,6.830357142857143,2.9107142857142856,1.7857142857142858,3.455357142857143,0.8035714285714286,2.267857142857143,5.598214285714286,7.008928571428571,2.517857142857143,1.0535714285714286,12.696428571428571,6.633928571428571,0.4732142857142857,4.5625,6.080357142857143,5.776785714285714,7.375,19.919642857142858,4.178571428571429,3.5625,13.919642857142858,4.848214285714286,7.553571428571429,6.892857142857143,7.508928571428571,4.9375,7.875,12.321428571428571,5.241071428571429,4.214285714285714,21.678571428571427,5.0,7.294642857142857,0.6607142857142857,1.9910714285714286,0.625,-0.8392857142857143,7.526785714285714,1.2946428571428572,-0.8035714285714286,3.9375,2.7142857142857144,-0.5267857142857143,0.9642857142857143,0.4375,0.5892857142857143,0.05357142857142857,3.4285714285714284,1.3303571428571428,1.3839285714285714,7.071428571428571,2.2410714285714284,-0.14285714285714285,0.6607142857142857,2.0267857142857144,1.1785714285714286,0.6785714285714286,6.571428571428571,0.9642857142857143,-0.8303571428571429,4.017857142857143,2.9107142857142856,1.625,0.7589285714285714,-0.17857142857142858,1.375,1.25,3.8214285714285716,0.7053571428571429,1.0714285714285714,6.660714285714286,2.3839285714285716,2.5267857142857144,0.9655172413793104,4.206896551724138,3.7672413793103448,3.7327586206896552,11.517241379310345,2.8793103448275863,3.0172413793103448,6.267241379310345,5.155172413793103,6.379310344827586,4.094827586206897,4.068965517241379,1.2758620689655173,6.508620689655173,4.396551724137931,2.5258620689655173,2.086206896551724,14.724137931034482,7.336206896551724,4.801724137931035
O32242,1.0,1.0,4.75,4.25,6.375,0.125,-0.25,9.125,5.125,-1.75,0.0,-2.875,-1.875,3.0,8.0,0.75,2.0,10.125,4.0,0.75,1.25,2.75,1.625,2.875,-0.625,1.75,2.0,4.0,4.125,-0.375,-1.25,1.25,-2.25,2.375,3.25,1.75,0.625,9.375,0.75,0.625,0.875,-2.125,1.25,4.625,7.375,-6.25,0.5,8.5,-4.75,-0.75,1.0,0.5,2.0,7.875,3.25,-0.5,0.25,11.625,2.5,-1.25,0.5,0.75,-0.375,0.375,9.0,-1.625,-2.625,4.0,-3.0,1.125,4.125,-1.0,3.0,5.0,-0.375,0.875,-1.25,9.0,2.75,2.875,0.0,1.875,2.25,1.625,2.5,0.875,1.125,1.75,3.0,-0.75,-0.625,0.25,-0.5,1.5,2.875,-0.25,0.625,-1.25,2.0,1.25
P46831,-0.18018018018018017,0.3333333333333333,0.8378378378378378,1.5045045045045045,5.099099099099099,-0.17117117117117117,0.5675675675675675,1.7927927927927927,1.2522522522522523,1.882882882882883,1.7837837837837838,0.4594594594594595,1.117117117117117,2.4774774774774775,1.5225225225225225,0.2702702702702703,0.14414414414414414,5.009009009009009,1.6576576576576576,1.054054054054054,-0.036036036036036036,0.5855855855855856,1.5315315315315314,2.324324324324324,2.8378378378378377,1.0,1.3513513513513513,0.36936936936936937,1.4324324324324325,1.3693693693693694,1.7297297297297298,0.2882882882882883,0.7747747747747747,2.27027027027027,1.4594594594594594,0.6576576576576577,-0.05405405405405406,6.5225225225225225,2.7387387387387387,0.34234234234234234,0.46846846846846846,0.07207207207207207,0.6036036036036037,0.25225225225225223,2.315315315315315,0.1891891891891892,0.1891891891891892,0.24324324324324326,0.9459459459459459,-0.16216216216216217,0.44144144144144143,0.32432432432432434,0.27927927927927926,1.3063063063063063,0.6216216216216216,-0.07207207207207207,0.02702702702702703,2.6666666666666665,1.0,0.24324324324324326,-0.6036036036036037,-0.43243243243243246,1.2792792792792793,1.4054054054054055,4.648648648648648,0.0990990990990991,0.6396396396396397,1.1801801801801801,1.7027027027027026,2.5225225225225225,2.5225225225225225,0.1891891891891892,1.2702702702702702,1.927927927927928,2.774774774774775,0.7477477477477478,0.8558558558558559,3.8468468468468466,1.162162162162162,2.126126126126126,0.6160714285714286,1.4464285714285714,1.3303571428571428,0.8035714285714286,5.142857142857143,0.625,-0.07142857142857142,3.8035714285714284,0.875,2.705357142857143,2.267857142857143,0.6875,0.7410714285714286,3.1964285714285716,2.4732142857142856,0.5357142857142857,0.4642857142857143,5.482142857142857,1.6160714285714286,1.4642857142857142
P68575,0.7,2.9,2.8,1.8,3.9,0.2,-0.8,2.0,0.7,4.4,1.8,1.7,-0.1,3.3,4.5,0.6,1.0,7.8,2.1,4.4,1.3,0.4,1.1,1.2,4.7,-0.9,-0.6,4.4,0.5,-0.8,0.3,0.0,-0.4,-2.8,-0.4,-0.3,0.9,2.1,-2.7,-0.9,1.2,1.0,-0.5,0.1,5.5,1.7,1.6,3.6,0.4,6.8,4.4,1.6,1.6,1.4,-1.3,0.3,3.0,2.2,0.8,5.3,2.1,-1.3,0.8,1.9,7.4,0.2,4.3,4.0,1.6,1.9,2.7,-2.5,1.5,6.0,0.1,0.0,0.7,9.6,3.8,0.8,-0.6428571428571429,-0.5714285714285714,-0.14285714285714285,0.5714285714285714,3.2857142857142856,-1.7857142857142858,-1.7857142857142858,3.4285714285714284,1.6428571428571428,0.9285714285714286,1.0,-1.0,0.5,3.2142857142857144,2.357142857142857,0.42857142857142855,0.07142857142857142,6.571428571428571,1.7857142857142858,0.21428571428571427
O87236,0.0,3.0,6.0,9.0,1.0,0.0,4.0,9.0,6.0,3.0,2.0,2.0,5.0,0.0,4.0,2.0,0.0,3.0,1.0,4.0,0.0,3.0,0.0,3.0,2.0,3.0,3.0,6.0,2.0,0.0,0.0,3.0,0.0,-12.0,4.0,-2.0,-10.0,-2.0,-6.0,0.0,4.0,0.0,6.0,6.0,9.0,0.0,0.0,0.0,-1.0,9.0,12.0,0.0,6.0,9.0,2.0,0.0,0.0,16.0,6.0,9.0,0.0,0.0,0.0,-1.0,3.0,0.0,0.0,0.0,-2.0,3.0,3.0,0.0,2.0,6.0,2.0,1.0,0.0,8.0,4.0,0.0,5.0,3.8,5.8,6.6,18.0,2.6,5.8,-1.2,4.6,2.0,0.0,3.2,-2.2,3.0,6.2,2.2,0.4,28.4,3.8,1.4
P34020,-0.018518518518518517,0.7037037037037037,-1.0,0.2777777777777778,3.462962962962963,0.3888888888888889,0.09259259259259259,0.5,0.9259259259259259,0.9814814814814815,1.6851851851851851,0.5,0.8518518518518519,1.2592592592592593,2.6296296296296298,-0.37037037037037035,-0.3333333333333333,3.5,-0.018518518518518517,0.8518518518518519,-0.1111111111111111,1.0,0.7407407407407407,1.037037037037037,2.5925925925925926,-0.14814814814814814,-0.2222222222222222,0.3333333333333333,1.5740740740740742,1.3333333333333333,1.6666666666666667,-0.2222222222222222,0.5370370370370371,1.9814814814814814,2.7962962962962963,0.037037037037037035,0.4444444444444444,4.0,2.685185185185185,1.1481481481481481,0.25925925925925924,0.2037037037037037,-1.5555555555555556,0.4444444444444444,4.277777777777778,0.09259259259259259,0.5740740740740741,-0.5,1.4074074074074074,1.1481481481481481,1.5,0.3888888888888889,1.0740740740740742,0.2962962962962963,2.0,-0.6481481481481481,0.2037037037037037,0.5925925925925926,-0.2037037037037037,0.8518518518518519,-0.018518518518518517,1.1851851851851851,1.2222222222222223,2.2037037037037037,3.962962962962963,0.48148148148148145,0.2222222222222222,-0.8148148148148148,1.5555555555555556,1.6111111111111112,1.1296296296296295,0.37037037037037035,0.8333333333333334,0.5555555555555556,2.611111111111111,0.3333333333333333,0.018518518518518517,2.3518518518518516,-0.8148148148148148,1.2037037037037037,0.46551724137931033,0.5,0.7068965517241379,1.2413793103448276,4.551724137931035,-0.05172413793103448,0.8448275862068966,-0.25862068965517243,1.3620689655172413,1.7758620689655173,1.6896551724137931,0.22413793103448276,0.5344827586206896,2.0,1.7758620689655173,-0.05172413793103448,0.034482758620689655,3.3793103448275863,0.8103448275862069,0.8103448275862069
P54322,0.9230769230769231,4.5576923076923075,3.3076923076923075,5.480769230769231,8.634615384615385,5.423076923076923,3.5961538461538463,3.0961538461538463,6.038461538461538,5.653846153846154,4.923076923076923,2.3653846153846154,4.6923076923076925,5.480769230769231,0.7115384615384616,2.4038461538461537,0.21153846153846154,13.98076923076923,5.9423076923076925,3.3076923076923075,-0.057692307692307696,-0.1346153846153846,2.1346153846153846,3.6538461538461537,9.615384615384615,2.6923076923076925,0.23076923076923078,2.576923076923077,2.2115384615384617,1.6346153846153846,1.6153846153846154,2.3076923076923075,2.75,4.826923076923077,7.903846153846154,2.576923076923077,3.6923076923076925,10.615384615384615,4.4423076923076925,0.17307692307692307,1.3846153846153846,1.5961538461538463,5.5576923076923075,2.8846153846153846,7.4423076923076925,1.9423076923076923,3.75,3.3846153846153846,5.653846153846154,4.1923076923076925,2.75,2.75,3.5961538461538463,6.384615384615385,7.25,2.6538461538461537,2.4615384615384617,17.134615384615383,6.519230769230769,2.25,-0.15384615384615385,-2.5576923076923075,1.5769230769230769,2.0961538461538463,3.7115384615384617,0.28846153846153844,0.23076923076923078,0.6346153846153846,1.75,0.4423076923076923,1.5576923076923077,-0.7692307692307693,1.9615384615384615,3.923076923076923,1.3076923076923077,0.5384615384615384,0.17307692307692307,7.076923076923077,3.25,0.5576923076923077,-0.5283018867924528,4.509433962264151,4.811320754716981,4.716981132075472,5.150943396226415,1.4150943396226414,3.169811320754717,3.339622641509434,1.9245283018867925,2.8679245283018866,1.0943396226415094,2.0,1.0754716981132075,4.735849056603773,10.358490566037736,3.7547169811320753,3.641509433962264,7.867924528301887,3.3962264150943398,3.2264150943396226
P00343,-0.7818181818181819,4.836363636363636,2.109090909090909,5.945454545454545,10.072727272727272,2.618181818181818,3.8181818181818183,1.6545454545454545,6.6,0.5454545454545454,1.2363636363636363,0.4909090909090909,-0.01818181818181818,6.290909090909091,6.218181818181818,1.5454545454545454,2.4363636363636365,17.236363636363638,8.145454545454545,1.0909090909090908,-1.1272727272727272,3.5272727272727273,1.7272727272727273,1.1272727272727272,5.418181818181818,2.018181818181818,1.1636363636363636,2.709090909090909,7.3090909090909095,0.6,4.927272727272728,0.7818181818181819,3.5272727272727273,7.327272727272727,6.9818181818181815,1.4727272727272727,1.8181818181818181,18.345454545454544,8.709090909090909,-0.9090909090909091,0.2545454545454545,1.9272727272727272,1.4545454545454546,5.381818181818182,9.8,3.4,5.3090909090909095,2.6363636363636362,5.036363636363636,1.5272727272727273,3.327272727272727,1.9454545454545455,1.8363636363636364,5.218181818181818,7.636363636363637,1.1818181818181819,-0.16363636363636364,14.218181818181819,5.763636363636364,0.5272727272727272,-0.2727272727272727,2.8181818181818183,4.163636363636364,2.8727272727272726,8.254545454545454,2.709090909090909,1.1818181818181819,2.2181818181818183,3.6,0.34545454545454546,3.036363636363636,2.3636363636363638,1.709090909090909,6.181818181818182,7.054545454545455,0.2545454545454545,-0.12727272727272726,4.509090909090909,4.327272727272727,1.9636363636363636,2.375,2.0714285714285716,1.5714285714285714,1.3035714285714286,8.660714285714286,2.142857142857143,0.44642857142857145,5.982142857142857,3.892857142857143,0.017857142857142856,1.9285714285714286,0.07142857142857142,1.8035714285714286,5.375,6.142857142857143,1.7321428571428572,1.5178571428571428,13.339285714285714,5.107142857142857,0.5714285714285714
P01552,0.27906976744186046,0.9767441860465116,0.3953488372093023,2.0697674418604652,3.9767441860465116,0.32558139534883723,-0.11627906976744186,2.7674418604651163,1.5116279069767442,1.1395348837209303,0.6976744186046512,-0.5348837209302325,0.627906976744186,1.627906976744186,2.0697674418604652,-0.2558139534883721,-0.37209302325581395,5.6976744186046515,1.5813953488372092,0.6511627906976745,0.7441860465116279,0.4418604651162791,1.069767441860465,-0.6511627906976745,4.534883720930233,-0.4418604651162791,-0.06976744186046512,2.488372093023256,-0.23255813953488372,0.4418604651162791,0.046511627906976744,-1.2790697674418605,0.3488372093023256,1.069767441860465,2.883720930232558,0.11627906976744186,0.20930232558139536,3.7209302325581395,0.9069767441860465,0.6046511627906976,0.4883720930232558,0.7209302325581395,-0.9069767441860465,-0.6046511627906976,0.5813953488372093,-0.06976744186046512,-0.8604651162790697,1.1162790697674418,0.813953488372093,0.46511627906976744,0.9534883720930233,-0.27906976744186046,0.6744186046511628,0.4883720930232558,0.9767441860465116,-0.023255813953488372,-0.18604651162790697,3.302325581395349,-0.32558139534883723,0.18604651162790697,1.186046511627907,-0.3488372093023256,0.5348837209302325,1.4651162790697674,7.116279069767442,-0.3488372093023256,0.23255813953488372,2.395348837209302,1.5813953488372092,1.7209302325581395,1.6511627906976745,-0.27906976744186046,1.0465116279069768,3.0,2.953488372093023,0.046511627906976744,-0.23255813953488372,6.511627906976744,3.046511627906977,1.0930232558139534,1.4545454545454546,0.36363636363636365,-0.5227272727272727,-0.11363636363636363,7.045454545454546,-0.09090909090909091,-0.3181818181818182,3.3636363636363638,0.22727272727272727,0.9090909090909091,0.9090909090909091,-0.4318181818181818,0.09090909090909091,0.7727272727272727,2.6136363636363638,-0.25,0.4318181818181818,5.068181818181818,1.0909090909090908,1.6818181818181819
Q97EB7,0.6344086021505376,-0.43010752688172044,2.021505376344086,2.3548387096774195,11.870967741935484,1.4301075268817205,2.236559139784946,6.387096774193548,0.0967741935483871,1.8064516129032258,2.139784946236559,0.6021505376344086,0.8709677419354839,5.419354838709677,6.354838709677419,1.075268817204301,1.4731182795698925,13.35483870967742,4.483870967741935,1.3440860215053763,2.2903225806451615,2.4086021505376345,2.752688172043011,3.247311827956989,13.56989247311828,2.6774193548387095,0.8279569892473119,10.688172043010752,4.645161290322581,2.053763440860215,3.032258064516129,1.2795698924731183,3.225806451612903,6.0,7.806451612903226,2.763440860215054,1.7956989247311828,11.311827956989248,5.225806451612903,0.6129032258064516,3.6021505376344085,6.473118279569892,5.333333333333333,8.451612903225806,18.881720430107528,4.903225806451613,2.6129032258064515,10.408602150537634,5.0,9.290322580645162,9.311827956989248,6.32258064516129,6.161290322580645,5.451612903225806,11.698924731182796,5.978494623655914,3.3870967741935485,18.967741935483872,4.473118279569892,7.612903225806452,0.6236559139784946,1.7741935483870968,1.043010752688172,-0.4838709677419355,5.602150537634409,1.3225806451612903,-0.03225806451612903,3.3118279569892475,0.6129032258064516,0.6989247311827957,0.40860215053763443,0.08602150537634409,-1.1612903225806452,-1.7849462365591398,-1.1290322580645162,1.2580645161290323,0.8709677419354839,2.4516129032258065,0.41935483870967744,0.7204301075268817,2.6666666666666665,5.451612903225806,4.698924731182796,5.0,12.021505376344086,4.774193548387097,5.064516129032258,5.204301075268817,6.311827956989247,5.172043010752688,2.795698924731183,5.408602150537634,0.7419354838709677,5.720430107526882,7.225806451612903,3.225806451612903,3.4623655913978495,11.935483870967742,6.397849462365591,4.053763440860215
P21625,-0.34210526315789475,0.631578947368421,-0.8947368421052632,1.9736842105263157,1.2894736842105263,0.5263157894736842,0.7368421052631579,0.6578947368421053,2.473684210526316,-1.105263157894737,-0.02631578947368421,0.42105263157894735,0.02631578947368421,3.026315789473684,2.3421052631578947,-0.15789473684210525,0.5526315789473685,7.421052631578948,2.8157894736842106,-1.7894736842105263,-0.3157894736842105,0.7631578947368421,1.2894736842105263,0.6578947368421053,2.763157894736842,-0.3157894736842105,-0.42105263157894735,1.368421052631579,2.0,-0.42105263157894735,-0.2894736842105263,0.02631578947368421,-0.13157894736842105,1.7894736842105263,1.894736842105263,-0.47368421052631576,-0.42105263157894735,6.0,1.105263157894737,-0.2894736842105263,0.5,1.1842105263157894,0.6842105263157895,0.868421052631579,3.5,0.15789473684210525,0.15789473684210525,3.5,1.6842105263157894,0.6578947368421053,1.0789473684210527,0.4473684210526316,0.7894736842105263,2.9210526315789473,1.0526315789473684,0.5263157894736842,-0.3157894736842105,5.868421052631579,1.1842105263157894,0.4473684210526316,-0.18421052631578946,0.4473684210526316,0.21052631578947367,1.6842105263157894,2.6052631578947367,-0.10526315789473684,-0.3684210526315789,1.4473684210526316,1.9473684210526316,0.9736842105263158,0.5526315789473685,-0.4473684210526316,0.5263157894736842,3.8421052631578947,1.605263157894737,-0.42105263157894735,-0.23684210526315788,7.657894736842105,2.4210526315789473,0.8421052631578947,0.575,0.85,-0.175,-0.6,3.2,0.3,-0.325,1.025,1.425,2.75,2.875,0.2,1.325,3.1,1.625,-0.325,0.025,6.475,2.175,1.15
P39215,-0.319672131147541,0.1885245901639344,1.2049180327868851,1.9754098360655739,4.786885245901639,0.29508196721311475,0.819672131147541,2.2704918032786887,1.2049180327868851,0.4016393442622951,0.5819672131147541,0.00819672131147541,0.3442622950819672,1.5819672131147542,2.459016393442623,-0.03278688524590164,0.0,4.795081967213115,0.8114754098360656,0.22950819672131148,-0.02459016393442623,1.098360655737705,0.32786885245901637,0.45901639344262296,6.032786885245901,-0.28688524590163933,0.12295081967213115,-0.08196721311475409,1.680327868852459,0.1557377049180328,1.040983606557377,0.2786885245901639,0.1721311475409836,1.680327868852459,0.32786885245901637,0.14754098360655737,-0.040983606557377046,5.565573770491803,2.122950819672131,0.09836065573770492,0.1721311475409836,0.6147540983606558,0.9918032786885246,2.3852459016393444,7.573770491803279,0.4918032786885246,1.5163934426229508,1.8114754098360655,1.1311475409836065,1.2459016393442623,0.5081967213114754,0.9262295081967213,0.3442622950819672,2.778688524590164,4.5,0.13934426229508196,0.1557377049180328,6.286885245901639,2.30327868852459,0.9098360655737705,1.0819672131147542,0.3360655737704918,0.7868852459016393,1.6885245901639345,7.090163934426229,1.1967213114754098,2.3524590163934427,2.3360655737704916,1.1557377049180328,3.0491803278688523,1.8360655737704918,0.23770491803278687,1.1639344262295082,5.844262295081967,5.30327868852459,0.4426229508196721,0.10655737704918032,10.21311475409836,4.401639344262295,1.4344262295081966,0.14516129032258066,0.2661290322580645,0.4032258064516129,1.153225806451613,7.451612903225806,1.5161290322580645,2.443548387096774,2.2419354838709675,1.282258064516129,3.120967741935484,1.8629032258064515,0.3548387096774194,1.1451612903225807,6.782258064516129,6.419354838709677,-0.016129032258064516,0.008064516129032258,11.266129032258064,5.548387096774194,1.717741935483871
P40859,-0.5147058823529411,1.7647058823529411,2.3529411764705883,4.470588235294118,3.1470588235294117,2.514705882352941,2.764705882352941,-1.5294117647058822,2.014705882352941,2.1323529411764706,1.2647058823529411,2.8970588235294117,1.161764705882353,3.573529411764706,5.617647058823529,-0.1323529411764706,0.4117647058823529,5.426470588235294,3.2205882352941178,1.161764705882353,-0.20588235294117646,1.1029411764705883,1.7352941176470589,0.6323529411764706,5.132352941176471,0.4411764705882353,-0.08823529411764706,0.9852941176470589,1.0588235294117647,1.5147058823529411,0.4264705882352941,1.1323529411764706,1.75,2.1029411764705883,-0.4117647058823529,0.6323529411764706,1.0588235294117647,5.485294117647059,1.8529411764705883,0.8676470588235294,-0.38235294117647056,-0.04411764705882353,1.5441176470588236,0.8970588235294118,1.838235294117647,-0.5147058823529411,0.23529411764705882,2.75,1.0147058823529411,1.3529411764705883,1.4852941176470589,-0.014705882352941176,2.073529411764706,1.9852941176470589,3.6029411764705883,0.2647058823529412,0.6470588235294118,5.25,2.7205882352941178,0.14705882352941177,-0.10294117647058823,-0.16176470588235295,0.7794117647058824,0.7647058823529411,1.4852941176470589,0.04411764705882353,0.47058823529411764,0.29411764705882354,0.4264705882352941,0.3382352941176471,0.1323529411764706,0.45588235294117646,1.2647058823529411,0.5294117647058824,0.3382352941176471,0.17647058823529413,0.0,2.985294117647059,1.3823529411764706,0.5735294117647058,-0.3235294117647059,6.926470588235294,6.926470588235294,7.720588235294118,9.588235294117647,4.823529411764706,7.235294117647059,3.926470588235294,2.485294117647059,4.676470588235294,2.926470588235294,6.205882352941177,4.044117647058823,6.352941176470588,4.205882352941177,1.911764705882353,3.264705882352941,7.867647058823529,6.970588235294118,4.161764705882353
P0A5I8,0.40540540540540543,0.8108108108108109,0.8378378378378378,1.2432432432432432,0.6486486486486487,0.6756756756756757,0.918918918918919,0.972972972972973,2.3783783783783785,0.4864864864864865,0.13513513513513514,0.5945945945945946,0.32432432432432434,3.189189189189189,-1.3513513513513513,-0.10810810810810811,-0.08108108108108109,5.243243243243243,3.2432432432432434,0.21621621621621623,-0.13513513513513514,0.918918918918919,-0.2702702702702703,1.6216216216216217,4.054054054054054,0.24324324324324326,-0.08108108108108109,0.10810810810810811,0.7297297297297297,0.7297297297297297,0.24324324324324326,-0.40540540540540543,0.02702702702702703,3.4864864864864864,1.027027027027027,-0.5675675675675675,-0.2972972972972973,8.18918918918919,2.6216216216216215,-0.05405405405405406,-1.135135135135135,1.4324324324324325,-0.43243243243243246,-0.43243243243243246,3.864864864864865,-0.02702702702702703,0.3783783783783784,-0.10810810810810811,1.6486486486486487,0.9459459459459459,0.9459459459459459,0.6216216216216216,0.7297297297297297,1.8918918918918919,1.2972972972972974,-0.43243243243243246,-0.43243243243243246,5.4324324324324325,2.081081081081081,0.5945945945945946,0.32432432432432434,1.5945945945945945,1.0810810810810811,-0.32432432432432434,4.0,0.10810810810810811,0.16216216216216217,-1.5405405405405406,2.4324324324324325,-0.8108108108108109,0.8108108108108109,-0.13513513513513514,0.24324324324324326,4.405405405405405,2.4594594594594597,0.32432432432432434,0.5945945945945946,8.64864864864865,3.5135135135135136,-1.3243243243243243,0.13157894736842105,1.5,0.8157894736842105,0.21052631578947367,4.421052631578948,-0.10526315789473684,1.0263157894736843,-0.21052631578947367,1.8157894736842106,1.105263157894737,1.9736842105263157,0.8157894736842105,1.3157894736842106,4.394736842105263,-0.34210526315789475,0.5263157894736842,-0.07894736842105263,5.684210526315789,3.3157894736842106,0.4473684210526316
P25959,-0.5714285714285714,1.9285714285714286,4.285714285714286,7.857142857142857,2.5,2.2857142857142856,4.357142857142857,7.857142857142857,3.0,0.5714285714285714,-0.7142857142857143,2.9285714285714284,-0.7857142857142857,-3.0714285714285716,4.071428571428571,1.4285714285714286,-0.7857142857142857,3.0714285714285716,-0.8571428571428571,0.2857142857142857,0.21428571428571427,1.2857142857142858,2.0714285714285716,4.857142857142857,2.9285714285714284,2.2857142857142856,5.071428571428571,4.142857142857143,0.7142857142857143,3.357142857142857,2.857142857142857,0.7142857142857143,1.3571428571428572,1.7142857142857142,4.928571428571429,1.3571428571428572,0.07142857142857142,3.9285714285714284,-1.5,1.5,1.6428571428571428,-2.142857142857143,-2.0,0.7857142857142857,5.071428571428571,-4.0,-3.2142857142857144,4.428571428571429,-3.0,-1.4285714285714286,-2.2857142857142856,-2.2142857142857144,-0.07142857142857142,3.2857142857142856,3.7142857142857144,0.14285714285714285,0.7142857142857143,7.285714285714286,1.8571428571428572,-0.14285714285714285,1.5,-1.5714285714285714,-0.35714285714285715,0.21428571428571427,5.071428571428571,-3.2857142857142856,-2.7142857142857144,5.714285714285714,-2.5,-2.142857142857143,0.0,-1.7857142857142858,0.21428571428571427,0.14285714285714285,3.857142857142857,-0.07142857142857142,-0.5,5.5,-0.6428571428571429,-1.0714285714285714,0.3888888888888889,0.7222222222222222,1.5555555555555556,1.0,5.0,0.8888888888888888,1.3333333333333333,4.5,1.9444444444444444,2.5555555555555554,2.6666666666666665,0.8888888888888888,0.9444444444444444,5.166666666666667,3.6666666666666665,-0.1111111111111111,-1.0,8.38888888888889,3.2777777777777777,1.0555555555555556
Q4A5X2,2.303370786516854,0.898876404494382,4.752808988764045,4.404494382022472,11.438202247191011,1.4943820224719102,1.0898876404494382,7.235955056179775,2.741573033707865,1.5056179775280898,3.1797752808988764,2.6179775280898876,1.696629213483146,5.584269662921348,6.707865168539326,2.3146067415730336,2.8202247191011236,12.258426966292134,5.247191011235955,2.842696629213483,1.0898876404494382,1.8876404494382022,3.292134831460674,3.3146067415730336,7.955056179775281,0.9325842696629213,-0.16853932584269662,5.213483146067416,1.5617977528089888,2.269662921348315,2.0224719101123596,2.6741573033707864,2.202247191011236,2.033707865168539,5.561797752808989,1.1348314606741574,2.7865168539325844,13.438202247191011,2.595505617977528,2.460674157303371,0.10112359550561797,2.932584269662921,2.808988764044944,2.730337078651685,3.7865168539325844,1.8089887640449438,1.7078651685393258,3.0,2.9775280898876404,3.662921348314607,3.056179775280899,3.0112359550561796,2.1797752808988764,3.3820224719101124,5.022471910112359,0.7078651685393258,1.101123595505618,11.314606741573034,2.550561797752809,2.741573033707865,-0.3146067415730337,0.4157303370786517,1.2359550561797752,1.6067415730337078,4.089887640449438,0.8089887640449438,1.0,2.561797752808989,2.9101123595505616,0.24719101123595505,0.1797752808988764,-0.47191011235955055,0.2247191011235955,3.168539325842697,3.6853932584269664,0.5842696629213483,1.1348314606741574,7.112359550561798,2.6292134831460676,0.5955056179775281,0.6630434782608695,0.043478260869565216,0.9782608695652174,1.4130434782608696,7.130434782608695,-0.7717391304347826,0.13043478260869565,4.739130434782608,2.1630434782608696,2.1739130434782608,1.5434782608695652,-0.4782608695652174,1.7608695652173914,2.760869565217391,4.815217391304348,0.31521739130434784,0.6521739130434783,8.619565217391305,2.347826086956522,1.076086956521739
P43131,0.0,1.5636363636363637,1.0727272727272728,1.5454545454545454,2.981818181818182,0.14545454545454545,0.10909090909090909,1.8909090909090909,2.4,1.4545454545454546,1.3818181818181818,1.018181818181818,0.43636363636363634,2.690909090909091,1.6727272727272726,0.16363636363636364,0.2909090909090909,6.7272727272727275,2.2545454545454544,0.8363636363636363,-0.03636363636363636,0.6363636363636364,0.01818181818181818,1.6,3.4545454545454546,-0.2,-0.10909090909090909,1.4,0.8,1.1090909090909091,1.7636363636363637,0.4,1.1454545454545455,3.2,3.727272727272727,0.14545454545454545,0.09090909090909091,5.163636363636364,1.7454545454545454,-0.05454545454545454,0.3090909090909091,1.8909090909090909,0.45454545454545453,1.509090909090909,4.1454545454545455,0.6181818181818182,0.5818181818181818,1.0363636363636364,1.7454545454545454,2.0727272727272728,2.5636363636363635,0.9818181818181818,1.4363636363636363,4.054545454545455,2.4,-0.14545454545454545,-0.07272727272727272,6.963636363636364,2.6545454545454548,1.1454545454545455,-0.41818181818181815,0.7818181818181819,1.0909090909090908,1.290909090909091,3.090909090909091,0.5272727272727272,0.3090909090909091,0.9636363636363636,2.2545454545454544,2.672727272727273,1.490909090909091,-0.07272727272727272,1.3636363636363635,3.418181818181818,1.8181818181818181,0.03636363636363636,0.2909090909090909,6.418181818181818,2.5272727272727273,1.5818181818181818,-0.10714285714285714,1.0,1.5714285714285714,1.3928571428571428,3.75,0.2857142857142857,0.14285714285714285,2.375,2.232142857142857,1.2857142857142858,1.875,0.17857142857142858,0.9464285714285714,2.8392857142857144,-0.10714285714285714,-0.125,0.16071428571428573,6.839285714285714,1.6785714285714286,0.5535714285714286
O34894,0.4117647058823529,0.17647058823529413,1.0294117647058822,1.3137254901960784,8.411764705882353,1.0392156862745099,1.9215686274509804,5.862745098039215,1.1176470588235294,1.6372549019607843,0.12745098039215685,1.0490196078431373,0.10784313725490197,3.607843137254902,6.745098039215686,0.5980392156862745,0.47058823529411764,7.490196078431373,2.1666666666666665,2.127450980392157,0.13725490196078433,0.18627450980392157,0.3627450980392157,1.3823529411764706,9.019607843137255,2.049019607843137,3.8137254901960786,6.245098039215686,0.7450980392156863,2.6176470588235294,1.9313725490196079,1.3235294117647058,0.6568627450980392,7.676470588235294,8.96078431372549,0.27450980392156865,0.049019607843137254,13.137254901960784,4.8431372549019605,2.3529411764705883,0.12745098039215685,0.22549019607843138,-0.058823529411764705,0.9607843137254902,7.176470588235294,1.7745098039215685,3.4313725490196076,5.421568627450981,0.3431372549019608,2.411764705882353,1.9215686274509804,1.2549019607843137,1.2450980392156863,7.088235294117647,7.490196078431373,0.28431372549019607,0.19607843137254902,10.509803921568627,3.7745098039215685,2.2450980392156863,0.13725490196078433,0.24509803921568626,0.3137254901960784,0.9313725490196079,8.431372549019608,1.3431372549019607,3.343137254901961,7.137254901960785,0.6666666666666666,2.4215686274509802,1.1176470588235294,1.5784313725490196,1.0980392156862746,7.019607843137255,10.323529411764707,0.24509803921568626,0.5,13.401960784313726,5.352941176470588,2.2450980392156863,0.07692307692307693,0.6442307692307693,0.9615384615384616,1.1538461538461537,8.778846153846153,0.7692307692307693,2.019230769230769,6.596153846153846,0.1346153846153846,3.3461538461538463,2.605769230769231,0.38461538461538464,1.5096153846153846,6.394230769230769,7.951923076923077,0.5769230769230769,1.1442307692307692,11.259615384615385,3.0576923076923075,2.173076923076923
Q97R46,-0.06172839506172839,3.2839506172839505,6.493827160493828,8.975308641975309,11.012345679012345,1.876543209876543,5.679012345679013,4.790123456790123,5.827160493827161,0.3333333333333333,1.1358024691358024,2.728395061728395,1.7407407407407407,7.283950617283951,7.666666666666667,3.3580246913580245,3.271604938271605,17.65432098765432,6.074074074074074,0.4691358024691358,1.2962962962962963,2.753086419753086,3.6790123456790123,3.3703703703703702,8.580246913580247,2.271604938271605,0.5802469135802469,4.481481481481482,4.45679012345679,3.049382716049383,3.2839506172839505,1.7530864197530864,3.2839506172839505,5.135802469135802,5.753086419753086,1.9259259259259258,2.037037037037037,20.65432098765432,5.283950617283951,1.5308641975308641,-0.32098765432098764,0.654320987654321,-0.07407407407407407,2.0123456790123457,5.222222222222222,1.1851851851851851,0.12345679012345678,4.7407407407407405,1.9753086419753085,0.3950617283950617,-0.4074074074074074,0.48148148148148145,0.5432098765432098,2.4691358024691357,4.962962962962963,1.123456790123457,1.382716049382716,7.098765432098766,1.654320987654321,0.6790123456790124,0.3333333333333333,1.3950617283950617,0.8518518518518519,0.8888888888888888,0.7037037037037037,1.8641975308641976,0.7037037037037037,0.35802469135802467,0.13580246913580246,0.08641975308641975,2.7037037037037037,0.9506172839506173,1.4444444444444444,2.9135802469135803,2.3209876543209877,0.07407407407407407,-0.2962962962962963,6.604938271604938,3.1358024691358026,0.16049382716049382,-0.1411764705882353,3.023529411764706,0.5411764705882353,1.588235294117647,6.482352941176471,1.8823529411764706,2.211764705882353,0.9529411764705882,3.4235294117647057,0.03529411764705882,3.788235294117647,1.411764705882353,1.7647058823529411,6.705882352941177,5.7176470588235295,0.11764705882352941,-0.1411764705882353,9.294117647058824,4.458823529411765,-0.32941176470588235
P40875,-0.4647887323943662,1.6056338028169015,4.140845070422535,4.859154929577465,4.056338028169014,2.7746478873239435,3.3098591549295775,-0.9154929577464789,2.9577464788732395,2.3661971830985915,1.0140845070422535,3.183098591549296,3.676056338028169,5.338028169014085,5.098591549295775,-0.43661971830985913,0.5633802816901409,5.028169014084507,3.323943661971831,1.5211267605633803,0.15492957746478872,0.6901408450704225,1.7887323943661972,0.7464788732394366,5.28169014084507,-0.04225352112676056,-0.09859154929577464,1.9859154929577465,0.38028169014084506,1.943661971830986,0.8450704225352113,0.9436619718309859,1.704225352112676,2.591549295774648,-0.014084507042253521,1.0,0.3380281690140845,1.0,2.1267605633802815,2.0140845070422535,-0.07042253521126761,0.38028169014084506,1.0845070422535212,1.2394366197183098,1.056338028169014,0.19718309859154928,1.0,2.352112676056338,0.704225352112676,2.323943661971831,1.2535211267605635,1.295774647887324,2.4507042253521125,1.9577464788732395,3.112676056338028,0.8732394366197183,0.28169014084507044,3.1267605633802815,1.7183098591549295,1.1408450704225352,-0.15492957746478872,-0.323943661971831,1.9859154929577465,0.6197183098591549,3.056338028169014,0.6338028169014085,1.056338028169014,1.0140845070422535,1.3098591549295775,0.9014084507042254,1.647887323943662,1.591549295774648,1.1549295774647887,0.7323943661971831,-0.8873239436619719,0.8873239436619719,0.08450704225352113,3.971830985915493,-0.28169014084507044,1.0,1.1830985915492958,7.957746478873239,9.309859154929578,10.112676056338028,6.450704225352113,6.746478873239437,7.197183098591549,3.3098591549295775,1.4225352112676057,4.605633802816901,1.1267605633802817,8.633802816901408,1.9014084507042253,5.225352112676056,5.253521126760563,3.23943661971831,3.6056338028169015,9.535211267605634,5.859154929577465,3.5492957746478875
P37948,-0.05128205128205128,5.8076923076923075,2.8974358974358974,5.115384615384615,3.7948717948717947,2.282051282051282,6.384615384615385,1.7692307692307692,5.884615384615385,-0.2948717948717949,-0.02564102564102564,5.5,0.3717948717948718,0.8333333333333334,4.256410256410256,0.05128205128205128,0.0641025641025641,2.3333333333333335,0.6666666666666666,-0.08974358974358974,-0.16666666666666666,8.243589743589743,4.666666666666667,14.423076923076923,0.2692307692307692,4.512820512820513,10.653846153846153,-1.205128205128205,8.64102564102564,-1.3461538461538463,-0.7692307692307693,9.679487179487179,-0.3076923076923077,-0.3717948717948718,3.7948717948717947,-1.064102564102564,-0.05128205128205128,-1.2179487179487178,0.48717948717948717,-0.7564102564102564,-0.0641025641025641,1.9615384615384615,4.461538461538462,6.717948717948718,2.0,3.58974358974359,5.615384615384615,1.2435897435897436,2.230769230769231,0.10256410256410256,0.41025641025641024,4.1923076923076925,0.2564102564102564,0.9358974358974359,0.2692307692307692,0.8076923076923077,0.5128205128205128,1.9230769230769231,0.15384615384615385,-0.3333333333333333,0.0,5.858974358974359,2.3076923076923075,9.987179487179487,2.2051282051282053,2.9871794871794872,9.692307692307692,-0.34615384615384615,4.051282051282051,0.07692307692307693,0.46153846153846156,6.435897435897436,1.0128205128205128,0.3076923076923077,3.923076923076923,0.08974358974358974,0.0641025641025641,-0.23076923076923078,1.0384615384615385,-0.08974358974358974,0.4634146341463415,7.987804878048781,2.951219512195122,12.463414634146341,0.7195121951219512,4.439024390243903,10.865853658536585,1.2073170731707317,6.304878048780488,0.13414634146341464,-0.23170731707317074,9.036585365853659,-0.17073170731707318,-1.146341463414634,3.3536585365853657,0.32926829268292684,0.4024390243902439,2.548780487804878,-0.7926829268292683,-0.2682926829268293
P00512,0.5283018867924528,0.660377358490566,0.11320754716981132,2.8679245283018866,5.113207547169812,2.3962264150943398,0.41509433962264153,-0.1320754716981132,1.4528301886792452,-0.37735849056603776,1.5471698113207548,0.32075471698113206,1.509433962264151,1.3962264150943395,6.415094339622642,1.1886792452830188,1.6226415094339623,7.320754716981132,0.3018867924528302,-0.32075471698113206,0.32075471698113206,2.5283018867924527,1.9245283018867925,0.660377358490566,6.188679245283019,0.22641509433962265,-0.11320754716981132,-2.2264150943396226,1.6981132075471699,1.7169811320754718,1.8867924528301887,0.03773584905660377,2.4339622641509435,4.716981132075472,7.849056603773585,1.679245283018868,0.8301886792452831,13.735849056603774,5.6415094339622645,2.0,0.07547169811320754,8.0,3.188679245283019,2.830188679245283,5.60377358490566,5.113207547169812,4.584905660377358,6.113207547169812,3.0377358490566038,5.471698113207547,7.7924528301886795,7.018867924528302,3.509433962264151,6.433962264150943,13.09433962264151,1.679245283018868,0.5849056603773585,13.584905660377359,3.849056603773585,4.39622641509434,0.1509433962264151,0.6226415094339622,1.4150943396226414,2.30188679245283,5.584905660377358,0.1320754716981132,-1.0188679245283019,3.188679245283019,1.9056603773584906,1.5471698113207548,2.6792452830188678,-1.1132075471698113,1.9245283018867925,5.188679245283019,6.30188679245283,1.2452830188679245,1.320754716981132,10.150943396226415,2.150943396226415,1.150943396226415,0.12280701754385964,0.7368421052631579,1.280701754385965,2.9649122807017543,5.807017543859649,2.456140350877193,1.912280701754386,4.982456140350878,3.0,2.3157894736842106,1.9298245614035088,1.8596491228070176,0.6140350877192983,4.157894736842105,5.771929824561403,0.9298245614035088,1.1929824561403508,10.859649122807017,2.543859649122807,1.0526315789473684
P39043,0.29545454545454547,1.5227272727272727,1.2727272727272727,0.4090909090909091,4.181818181818182,0.3181818181818182,-0.09090909090909091,2.5681818181818183,1.3409090909090908,0.6136363636363636,0.9090909090909091,0.6136363636363636,-0.22727272727272727,1.6818181818181819,0.75,0.3409090909090909,0.5909090909090909,2.590909090909091,1.5454545454545454,0.20454545454545456,0.25,-0.11363636363636363,0.3181818181818182,0.3409090909090909,3.8181818181818183,-0.6136363636363636,-0.22727272727272727,1.3409090909090908,0.5,0.36363636363636365,0.75,-0.38636363636363635,0.4772727272727273,0.045454545454545456,0.9318181818181818,-0.3409090909090909,-0.18181818181818182,2.0,-0.9318181818181818,-0.38636363636363635,-0.3181818181818182,-0.1590909090909091,-0.4318181818181818,-0.13636363636363635,4.75,0.20454545454545456,0.11363636363636363,1.0,0.5454545454545454,1.4090909090909092,1.8636363636363635,-0.5,0.8863636363636364,1.4772727272727273,0.7954545454545454,0.3181818181818182,-0.022727272727272728,3.3181818181818183,-0.9090909090909091,0.5454545454545454,0.7954545454545454,0.29545454545454547,1.3181818181818181,2.909090909090909,4.840909090909091,1.2727272727272727,3.227272727272727,1.3636363636363635,2.1818181818181817,2.4545454545454546,3.3636363636363638,0.7954545454545454,1.7272727272727273,4.5,2.4318181818181817,0.4318181818181818,0.7045454545454546,2.75,2.2954545454545454,1.3636363636363635,0.5777777777777777,2.4,0.4888888888888889,0.9333333333333333,5.133333333333334,1.1777777777777778,1.3555555555555556,4.311111111111111,0.7111111111111111,1.5555555555555556,2.466666666666667,2.088888888888889,0.8222222222222222,1.8444444444444446,3.6,1.5777777777777777,0.4444444444444444,7.377777777777778,0.6666666666666666,1.2444444444444445
Q08352,0.015384615384615385,0.23076923076923078,2.2153846153846155,1.676923076923077,4.892307692307693,0.5076923076923077,-0.5076923076923077,2.723076923076923,1.8307692307692307,0.2153846153846154,0.5692307692307692,0.24615384615384617,0.7538461538461538,2.6307692307692307,1.8923076923076922,0.3230769230769231,0.6,7.723076923076923,2.7846153846153845,-0.3076923076923077,-0.13846153846153847,-0.2,0.9846153846153847,0.3076923076923077,4.7384615384615385,0.4153846153846154,-0.7076923076923077,0.8923076923076924,1.0153846153846153,-1.353846153846154,0.03076923076923077,0.03076923076923077,0.13846153846153847,0.9230769230769231,0.9538461538461539,0.27692307692307694,0.35384615384615387,5.061538461538461,-0.2153846153846154,-0.23076923076923078,-0.27692307692307694,0.9384615384615385,1.2461538461538462,2.4461538461538463,3.953846153846154,0.2153846153846154,1.2769230769230768,-0.3230769230769231,2.4461538461538463,0.7692307692307693,0.9384615384615385,0.18461538461538463,-0.03076923076923077,2.1384615384615384,0.5692307692307692,0.06153846153846154,0.16923076923076924,6.138461538461539,2.6153846153846154,0.24615384615384617,0.5230769230769231,2.0615384615384613,0.4307692307692308,2.353846153846154,2.953846153846154,1.323076923076923,1.4615384615384615,2.4461538461538463,1.5538461538461539,1.2307692307692308,1.0307692307692307,-0.5384615384615384,1.0153846153846153,2.6,-0.015384615384615385,0.5384615384615384,-0.6307692307692307,9.584615384615384,1.9846153846153847,0.6923076923076923,-0.029411764705882353,1.6323529411764706,0.17647058823529413,0.9264705882352942,4.1911764705882355,0.23529411764705882,0.27941176470588236,1.8676470588235294,0.9705882352941176,0.058823529411764705,-0.4117647058823529,0.4852941176470588,0.39705882352941174,1.5147058823529411,0.5441176470588235,0.20588235294117646,-0.38235294117647056,6.588235294117647,0.5,-0.08823529411764706
P0A5Q2,0.8095238095238095,2.0476190476190474,3.6666666666666665,5.190476190476191,0.42857142857142855,1.4285714285714286,2.1904761904761907,3.0952380952380953,4.523809523809524,0.047619047619047616,0.47619047619047616,1.4285714285714286,1.7619047619047619,1.2380952380952381,2.0952380952380953,-0.38095238095238093,-0.6666666666666666,6.142857142857143,1.4285714285714286,0.6190476190476191,0.09523809523809523,1.5714285714285714,0.7142857142857143,1.4285714285714286,2.7142857142857144,0.14285714285714285,0.5238095238095238,4.476190476190476,3.5714285714285716,1.5238095238095237,2.0,0.47619047619047616,0.9047619047619048,3.3333333333333335,2.380952380952381,-1.0,0.5238095238095238,5.190476190476191,3.142857142857143,0.42857142857142855,-0.047619047619047616,1.619047619047619,1.2380952380952381,2.8095238095238093,2.2857142857142856,0.6666666666666666,0.8095238095238095,1.6666666666666667,2.9047619047619047,2.5714285714285716,2.4285714285714284,1.1904761904761905,1.1904761904761905,3.857142857142857,1.8095238095238095,0.38095238095238093,-0.8571428571428571,3.761904761904762,2.1904761904761907,1.6666666666666667,-0.3333333333333333,1.7619047619047619,0.23809523809523808,1.0952380952380953,2.857142857142857,0.8571428571428571,1.2857142857142858,-0.38095238095238093,2.3333333333333335,2.142857142857143,1.5714285714285714,1.5238095238095237,0.8571428571428571,3.9047619047619047,2.0,-0.7142857142857143,-0.09523809523809523,4.476190476190476,2.3333333333333335,1.5238095238095237,0.04,2.0,1.48,1.68,3.88,0.04,0.56,3.36,2.12,3.76,4.08,1.16,1.8,3.92,1.04,0.48,-0.48,5.96,3.12,1.96
Q04664,0.17721518987341772,1.759493670886076,1.4050632911392404,2.3417721518987342,3.5822784810126582,1.3417721518987342,1.860759493670886,4.253164556962025,2.6582278481012658,-0.06329113924050633,-1.0,1.0759493670886076,-0.3291139240506329,-0.9873417721518988,4.949367088607595,0.0379746835443038,0.1518987341772152,2.1645569620253164,-0.08860759493670886,-0.0379746835443038,0.05063291139240506,-0.3670886075949367,0.16455696202531644,2.3797468354430378,3.2278481012658227,0.3670886075949367,1.1772151898734178,2.3797468354430378,0.7088607594936709,0.43037974683544306,0.25316455696202533,-0.06329113924050633,0.3670886075949367,1.0506329113924051,2.518987341772152,-0.34177215189873417,0.012658227848101266,2.2151898734177213,-0.24050632911392406,0.24050632911392406,0.379746835443038,0.02531645569620253,1.4303797468354431,1.9873417721518987,2.0126582278481013,-0.06329113924050633,0.5949367088607594,1.9620253164556962,1.2278481012658229,0.16455696202531644,0.1518987341772152,0.5443037974683544,-0.06329113924050633,-0.12658227848101267,1.860759493670886,-0.10126582278481013,0.0,3.2025316455696204,0.7468354430379747,-0.02531645569620253,0.4177215189873418,0.4936708860759494,0.9367088607594937,0.7215189873417721,3.5063291139240507,0.08860759493670886,0.27848101265822783,1.9493670886075949,1.5822784810126582,0.7088607594936709,1.0379746835443038,0.27848101265822783,-0.1518987341772152,1.3670886075949367,0.8860759493670886,0.21518987341772153,0.3670886075949367,4.329113924050633,1.6582278481012658,0.5316455696202531,0.40963855421686746,-0.26506024096385544,1.4939759036144578,2.4578313253012047,5.27710843373494,0.8554216867469879,1.144578313253012,3.3132530120481927,1.5662650602409638,0.927710843373494,0.14457831325301204,0.5903614457831325,0.3132530120481928,3.072289156626506,3.6144578313253013,0.963855421686747,0.7228915662650602,2.9518072289156625,1.9036144578313252,0.6265060240963856
P0A2X4,0.5777777777777777,0.5333333333333333,0.7555555555555555,0.9333333333333333,1.0444444444444445,0.4444444444444444,0.5555555555555556,3.911111111111111,2.5555555555555554,1.6444444444444444,1.2666666666666666,0.37777777777777777,1.0222222222222221,0.6222222222222222,1.5333333333333334,0.37777777777777777,0.08888888888888889,2.022222222222222,0.6888888888888889,1.0222222222222221,0.044444444444444446,0.1111111111111111,-0.17777777777777778,0.4444444444444444,2.2888888888888888,-0.28888888888888886,0.3111111111111111,0.37777777777777777,0.022222222222222223,0.6222222222222222,1.0888888888888888,0.13333333333333333,1.1555555555555554,-0.6222222222222222,0.4,-0.4666666666666667,-0.2222222222222222,1.8222222222222222,-0.3111111111111111,0.8444444444444444,0.24444444444444444,1.2,0.9777777777777777,0.7777777777777778,3.577777777777778,0.3111111111111111,0.6222222222222222,1.9555555555555555,1.3555555555555556,2.022222222222222,0.4444444444444444,0.8888888888888888,0.6666666666666666,-0.2,4.5777777777777775,0.8444444444444444,0.17777777777777778,2.8222222222222224,-0.5333333333333333,1.6,0.7333333333333333,-0.9777777777777777,0.5555555555555556,-0.5555555555555556,3.422222222222222,-0.13333333333333333,-0.24444444444444444,1.0888888888888888,1.0666666666666667,0.9333333333333333,0.5111111111111111,-0.6666666666666666,0.6666666666666666,-0.15555555555555556,1.288888888888889,0.24444444444444444,0.26666666666666666,3.533333333333333,0.37777777777777777,1.5555555555555556,0.6888888888888889,-0.8888888888888888,0.13333333333333333,1.4444444444444444,1.6222222222222222,0.7555555555555555,1.4,2.2666666666666666,1.1111111111111112,0.7777777777777778,1.1333333333333333,-0.2,1.0888888888888888,1.1777777777777778,1.0222222222222221,1.1777777777777778,0.7777777777777778,3.8,0.8444444444444444,1.0444444444444445
Q9X895,0.6698113207547169,2.1037735849056602,0.9056603773584906,1.7075471698113207,8.047169811320755,2.0849056603773586,2.0,2.018867924528302,0.4716981132075472,0.9811320754716981,2.830188679245283,1.5943396226415094,1.3113207547169812,0.5943396226415094,2.169811320754717,1.3584905660377358,0.5377358490566038,4.235849056603773,-0.41509433962264153,0.7830188679245284,0.16981132075471697,-0.37735849056603776,0.5094339622641509,-0.1509433962264151,3.452830188679245,-0.1509433962264151,0.29245283018867924,1.3867924528301887,0.330188679245283,0.9716981132075472,1.179245283018868,-0.330188679245283,1.0754716981132075,0.3584905660377358,1.7358490566037736,0.46226415094339623,0.6698113207547169,1.009433962264151,-0.04716981132075472,0.6981132075471698,0.16981132075471697,0.46226415094339623,1.1226415094339623,-0.009433962264150943,3.7735849056603774,0.46226415094339623,-0.5377358490566038,0.42452830188679247,1.0471698113207548,0.03773584905660377,0.7924528301886793,-0.11320754716981132,0.5,0.29245283018867924,0.8113207547169812,-0.08490566037735849,0.6981132075471698,1.2452830188679245,0.7641509433962265,-0.009433962264150943,-0.03773584905660377,0.2830188679245283,0.36792452830188677,-0.44339622641509435,5.566037735849057,0.19811320754716982,0.2830188679245283,2.0,0.6037735849056604,0.8962264150943396,0.5094339622641509,-0.1509433962264151,0.4811320754716981,0.1509433962264151,0.6037735849056604,0.03773584905660377,0.2830188679245283,2.443396226415094,-0.12264150943396226,0.6415094339622641,-0.05660377358490566,0.2169811320754717,1.179245283018868,0.6415094339622641,6.839622641509434,0.12264150943396226,0.08490566037735849,1.0377358490566038,2.1226415094339623,0.24528301886792453,-0.5094339622641509,-0.04716981132075472,0.7641509433962265,0.3867924528301887,1.2924528301886793,0.2830188679245283,0.7924528301886793,3.7735849056603774,0.8962264150943396,0.5849056603773585
P81594,0.17721518987341772,-0.4936708860759494,0.8860759493670886,1.5949367088607596,4.481012658227848,0.26582278481012656,0.6582278481012658,2.4177215189873418,1.1265822784810127,2.3544303797468356,2.6202531645569622,-0.6962025316455697,0.8354430379746836,2.607594936708861,0.6708860759493671,0.21518987341772153,0.35443037974683544,5.075949367088608,1.9493670886075949,1.6582278481012658,-0.2911392405063291,0.8734177215189873,0.21518987341772153,-0.10126582278481013,3.367088607594937,-0.13924050632911392,0.25316455696202533,0.6708860759493671,1.5949367088607596,1.139240506329114,1.4050632911392404,0.46835443037974683,0.9113924050632911,1.3417721518987342,-0.620253164556962,-0.08860759493670886,0.16455696202531644,2.3417721518987342,1.240506329113924,1.0126582278481013,0.10126582278481013,-0.17721518987341772,0.9873417721518988,1.2784810126582278,1.9367088607594938,-0.3291139240506329,0.12658227848101267,1.379746835443038,0.9493670886075949,0.02531645569620253,0.2911392405063291,-0.0379746835443038,-0.3924050632911392,1.4683544303797469,1.6582278481012658,-0.16455696202531644,0.26582278481012656,3.5569620253164556,0.2911392405063291,0.05063291139240506,-0.20253164556962025,1.2784810126582278,1.8860759493670887,2.911392405063291,3.8227848101265822,0.6835443037974683,1.2151898734177216,1.0632911392405062,1.9873417721518987,2.4050632911392404,3.430379746835443,0.4936708860759494,2.1645569620253164,4.025316455696203,1.7341772151898733,0.8481012658227848,0.45569620253164556,5.69620253164557,3.6455696202531644,0.9873417721518988,0.379746835443038,0.2911392405063291,-0.4177215189873418,0.7468354430379747,3.4936708860759493,0.05063291139240506,1.0632911392405062,0.7974683544303798,0.02531645569620253,0.8987341772151899,1.4177215189873418,-0.012658227848101266,0.7468354430379747,0.7848101265822784,1.9746835443037976,0.08860759493670886,0.08860759493670886,-0.45569620253164556,0.8734177215189873,0.759493670886076
P0A564,0.6666666666666666,1.6666666666666667,2.3333333333333335,5.111111111111111,5.111111111111111,-1.0,2.5555555555555554,1.0,-0.7777777777777778,3.2222222222222223,4.444444444444445,1.7777777777777777,4.888888888888889,5.111111111111111,4.111111111111111,0.8888888888888888,0.3333333333333333,3.5555555555555554,0.3333333333333333,2.4444444444444446,1.1111111111111112,0.0,-1.0,-0.4444444444444444,1.8888888888888888,-0.2222222222222222,-1.4444444444444444,-0.2222222222222222,-0.2222222222222222,2.0,0.8888888888888888,-0.1111111111111111,0.6666666666666666,4.666666666666667,2.6666666666666665,-0.8888888888888888,-0.3333333333333333,7.444444444444445,2.2222222222222223,0.7777777777777778,-2.5555555555555554,-0.4444444444444444,-0.7777777777777778,-1.8888888888888888,3.7777777777777777,-3.111111111111111,-1.4444444444444444,-2.0,-0.1111111111111111,5.111111111111111,2.888888888888889,0.2222222222222222,0.7777777777777778,3.111111111111111,5.111111111111111,-0.6666666666666666,-0.2222222222222222,-3.3333333333333335,0.2222222222222222,2.4444444444444446,-1.5555555555555556,2.7777777777777777,-1.3333333333333333,1.2222222222222223,4.333333333333333,2.5555555555555554,1.2222222222222223,2.2222222222222223,1.7777777777777777,-0.6666666666666666,0.4444444444444444,1.8888888888888888,1.6666666666666667,3.5555555555555554,5.0,0.3333333333333333,0.2222222222222222,2.6666666666666665,1.7777777777777777,-0.1111111111111111,0.3333333333333333,0.2222222222222222,2.0,1.3333333333333333,4.777777777777778,-0.3333333333333333,0.6666666666666666,2.4444444444444446,-0.4444444444444444,5.222222222222222,4.777777777777778,0.5555555555555556,6.222222222222222,4.111111111111111,3.7777777777777777,0.3333333333333333,0.6666666666666666,4.555555555555555,2.0,2.7777777777777777
Q02114,0.0449438202247191,1.1797752808988764,0.6067415730337079,1.5280898876404494,2.764044943820225,0.2808988764044944,0.5955056179775281,2.337078651685393,2.033707865168539,-0.0449438202247191,-0.43820224719101125,0.42696629213483145,0.11235955056179775,1.4719101123595506,1.5168539325842696,-0.1797752808988764,0.34831460674157305,4.752808988764045,1.0112359550561798,0.0898876404494382,-0.3146067415730337,1.4606741573033708,0.07865168539325842,0.6404494382022472,3.157303370786517,0.6292134831460674,0.19101123595505617,1.595505617977528,1.5280898876404494,0.9325842696629213,1.1123595505617978,0.6853932584269663,0.29213483146067415,1.9887640449438202,1.5280898876404494,-0.5280898876404494,0.11235955056179775,5.191011235955056,0.9887640449438202,0.7303370786516854,-0.033707865168539325,1.1685393258426966,0.6067415730337079,0.9101123595505618,3.4157303370786516,0.0898876404494382,0.1797752808988764,1.1685393258426966,1.6741573033707866,1.4606741573033708,1.2247191011235956,-0.02247191011235955,0.6966292134831461,2.235955056179775,1.4382022471910112,-0.5056179775280899,-0.033707865168539325,5.146067415730337,0.5393258426966292,1.1573033707865168,-0.23595505617977527,0.9662921348314607,-0.12359550561797752,0.9101123595505618,6.887640449438202,1.0674157303370786,1.0674157303370786,2.404494382022472,2.202247191011236,1.247191011235955,3.0224719101123596,-0.2696629213483146,1.9325842696629214,4.651685393258427,4.056179775280899,0.07865168539325842,0.48314606741573035,9.280898876404494,2.550561797752809,1.7640449438202248,-0.35555555555555557,0.5888888888888889,0.15555555555555556,0.7666666666666667,5.733333333333333,-0.32222222222222224,0.25555555555555554,1.1111111111111112,1.3222222222222222,1.5444444444444445,1.8777777777777778,0.12222222222222222,1.4666666666666666,2.933333333333333,2.977777777777778,-0.12222222222222222,-0.5222222222222223,6.6,1.011111111111111,0.8555555555555555
P26379,-0.3157894736842105,1.105263157894737,2.5789473684210527,1.631578947368421,1.736842105263158,-1.0526315789473684,-0.47368421052631576,2.8947368421052633,-0.10526315789473684,1.4210526315789473,1.3157894736842106,-0.15789473684210525,0.05263157894736842,2.9473684210526314,2.6842105263157894,0.7894736842105263,0.2631578947368421,3.473684210526316,1.7894736842105263,0.2631578947368421,0.42105263157894735,1.1578947368421053,-1.263157894736842,-2.5789473684210527,2.8947368421052633,-1.5789473684210527,-1.8421052631578947,0.15789473684210525,0.0,-0.5789473684210527,-1.263157894736842,1.0526315789473684,-1.4736842105263157,1.631578947368421,0.21052631578947367,-0.3684210526315789,-0.3684210526315789,3.6842105263157894,1.736842105263158,-0.3684210526315789,1.105263157894737,1.4736842105263157,1.263157894736842,0.5789473684210527,2.736842105263158,1.2105263157894737,0.7368421052631579,2.0526315789473686,1.5789473684210527,1.1578947368421053,1.0,0.8421052631578947,0.8421052631578947,4.631578947368421,0.10526315789473684,-0.5263157894736842,0.7894736842105263,2.9473684210526314,3.5789473684210527,1.0526315789473684,-0.42105263157894735,1.1578947368421053,0.6842105263157895,-1.3157894736842106,5.631578947368421,-0.5263157894736842,-0.8947368421052632,2.5789473684210527,1.736842105263158,-0.47368421052631576,-1.0526315789473684,0.47368421052631576,-0.21052631578947367,2.210526315789474,3.736842105263158,-0.42105263157894735,0.10526315789473684,6.526315789473684,1.368421052631579,-0.15789473684210525,0.0,0.5,0.8,-0.2,3.75,1.05,1.7,2.55,1.5,1.75,3.1,0.95,1.05,4.8,2.25,-0.2,-0.2,8.25,3.15,1.3
P0A0I7,-0.24324324324324326,-1.0810810810810811,2.7567567567567566,1.054054054054054,2.27027027027027,0.7297297297297297,0.8378378378378378,3.4054054054054053,2.189189189189189,-1.0810810810810811,-1.2432432432432432,1.2972972972972974,-0.21621621621621623,0.7837837837837838,5.891891891891892,1.2162162162162162,0.6486486486486487,5.297297297297297,2.0,-0.16216216216216217,3.2162162162162162,0.8648648648648649,5.756756756756757,0.2972972972972973,7.135135135135135,1.1891891891891893,1.054054054054054,6.648648648648648,4.5675675675675675,-0.05405405405405406,-1.2972972972972974,1.3513513513513513,0.4864864864864865,4.486486486486487,8.432432432432432,3.918918918918919,2.108108108108108,11.837837837837839,6.756756756756757,-0.32432432432432434,0.5675675675675675,0.13513513513513514,3.6486486486486487,3.189189189189189,7.4324324324324325,0.5675675675675675,0.05405405405405406,8.27027027027027,2.2162162162162162,-0.16216216216216217,-1.5135135135135136,-1.2972972972972974,-0.08108108108108109,4.837837837837838,3.972972972972973,1.945945945945946,0.9459459459459459,14.513513513513514,3.027027027027027,-0.24324324324324326,0.35135135135135137,-0.21621621621621623,0.32432432432432434,0.4864864864864865,7.1891891891891895,-0.05405405405405406,0.2702702702702703,2.108108108108108,-1.6756756756756757,-0.02702702702702703,0.13513513513513514,0.1891891891891892,0.13513513513513514,1.2972972972972974,0.7297297297297297,0.02702702702702703,0.35135135135135137,8.027027027027026,0.5135135135135135,0.2972972972972973,0.9,1.325,0.5,2.85,5.9,1.025,0.3,4.65,-1.275,0.925,1.35,0.7,0.3,1.25,3.05,0.95,0.25,7.55,-1.35,1.925
Q50367,0.08064516129032258,1.7419354838709677,0.967741935483871,2.1774193548387095,2.1774193548387095,1.1774193548387097,1.1612903225806452,0.4032258064516129,2.5806451612903225,1.4516129032258065,2.4193548387096775,0.7580645161290323,0.9193548387096774,4.274193548387097,2.161290322580645,0.4032258064516129,1.032258064516129,6.870967741935484,3.2580645161290325,0.4838709677419355,-0.0967741935483871,1.0,0.11290322580645161,1.1290322580645162,3.2580645161290325,0.22580645161290322,-0.4032258064516129,0.8225806451612904,1.5806451612903225,0.967741935483871,2.306451612903226,-0.016129032258064516,0.9838709677419355,3.1129032258064515,2.1129032258064515,0.3387096774193548,-0.0967741935483871,4.516129032258065,2.2419354838709675,0.4838709677419355,-0.04838709677419355,1.6129032258064515,-0.9354838709677419,0.967741935483871,2.774193548387097,0.6612903225806451,1.1774193548387097,1.5161290322580645,1.6451612903225807,1.2096774193548387,0.46774193548387094,1.0161290322580645,0.5645161290322581,2.161290322580645,2.9516129032258065,-0.1935483870967742,-0.06451612903225806,6.354838709677419,1.7741935483870968,0.8548387096774194,-0.3225806451612903,0.8870967741935484,-0.6290322580645161,0.12903225806451613,2.9193548387096775,0.25806451612903225,-0.2903225806451613,1.532258064516129,1.9516129032258065,0.41935483870967744,0.5645161290322581,-0.43548387096774194,0.22580645161290322,2.725806451612903,1.3387096774193548,-0.5806451612903226,-0.2903225806451613,6.774193548387097,2.5483870967741935,0.11290322580645161,-0.015625,0.921875,-0.09375,-0.515625,2.703125,0.03125,-0.46875,0.9375,1.203125,1.53125,1.0625,-0.203125,0.71875,1.609375,2.03125,0.0,-0.125,4.90625,0.984375,0.453125
Q7A338,0.4444444444444444,1.0555555555555556,0.6296296296296297,0.2222222222222222,4.944444444444445,0.35185185185185186,-0.5555555555555556,1.962962962962963,2.1481481481481484,0.46296296296296297,0.07407407407407407,0.05555555555555555,0.9259259259259259,2.5185185185185186,-1.4074074074074074,0.6296296296296297,0.7592592592592593,3.9074074074074074,1.5555555555555556,0.7592592592592593,0.09259259259259259,1.1851851851851851,0.2222222222222222,0.3888888888888889,2.7962962962962963,0.5740740740740741,0.7037037037037037,0.07407407407407407,1.7037037037037037,0.9259259259259259,0.6851851851851852,0.7407407407407407,0.7222222222222222,0.5555555555555556,1.1111111111111112,-0.24074074074074073,0.42592592592592593,4.407407407407407,1.5,0.6851851851851852,0.14814814814814814,1.0555555555555556,-0.3148148148148148,0.37037037037037035,3.0,0.5555555555555556,0.018518518518518517,0.6666666666666666,-0.12962962962962962,1.5,0.3888888888888889,0.6666666666666666,0.2222222222222222,-1.2592592592592593,0.3888888888888889,0.25925925925925924,-0.5185185185185185,1.7037037037037037,0.05555555555555555,0.35185185185185186,0.4074074074074074,1.6666666666666667,1.2407407407407407,0.7407407407407407,5.092592592592593,1.0555555555555556,1.5925925925925926,2.314814814814815,0.7962962962962963,2.925925925925926,1.6666666666666667,0.9444444444444444,0.9629629629629629,0.12962962962962962,1.8888888888888888,0.5740740740740741,0.37037037037037035,2.925925925925926,-1.1111111111111112,2.5,0.06896551724137931,1.6896551724137931,0.3793103448275862,0.3103448275862069,3.3448275862068964,0.46551724137931033,0.7931034482758621,1.1206896551724137,0.6379310344827587,0.5172413793103449,0.4827586206896552,1.1896551724137931,0.27586206896551724,1.0689655172413792,1.4482758620689655,0.034482758620689655,0.3275862068965517,5.155172413793103,1.1206896551724137,0.3103448275862069
O66043,0.2222222222222222,2.2222222222222223,3.311111111111111,6.622222222222222,5.2444444444444445,2.488888888888889,3.7555555555555555,3.522222222222222,2.7111111111111112,-0.3333333333333333,-0.8777777777777778,2.3444444444444446,-0.4444444444444444,-0.35555555555555557,4.377777777777778,0.35555555555555557,0.044444444444444446,1.1,0.7333333333333333,-0.4888888888888889,-0.24444444444444444,1.4,1.7,1.3555555555555556,4.088888888888889,1.2333333333333334,1.1222222222222222,4.144444444444445,2.066666666666667,1.0,0.32222222222222224,1.011111111111111,0.6666666666666666,1.3888888888888888,4.466666666666667,0.7888888888888889,0.7333333333333333,4.655555555555556,-0.08888888888888889,0.7888888888888889,1.0444444444444445,0.1111111111111111,0.26666666666666666,2.4444444444444446,4.688888888888889,1.5222222222222221,2.466666666666667,1.4555555555555555,1.711111111111111,2.3555555555555556,1.3888888888888888,0.7666666666666667,1.7,1.488888888888889,4.477777777777778,0.24444444444444444,1.2,5.155555555555556,0.9222222222222223,1.1,-0.2222222222222222,0.7777777777777778,0.05555555555555555,0.8,4.033333333333333,-0.4444444444444444,0.16666666666666666,3.511111111111111,-0.1,0.24444444444444444,0.26666666666666666,0.4444444444444444,1.3444444444444446,1.8777777777777778,0.9333333333333333,-0.03333333333333333,0.3888888888888889,3.5444444444444443,0.8333333333333334,0.6444444444444445,0.8924731182795699,1.2903225806451613,1.4408602150537635,1.3440860215053763,6.258064516129032,0.3978494623655914,0.6881720430107527,3.2795698924731185,1.4731182795698925,-0.27956989247311825,0.043010752688172046,0.5483870967741935,0.0967741935483871,-0.03225806451612903,5.752688172043011,0.4838709677419355,0.3333333333333333,2.0,-0.22580645161290322,0.7419354838709677
Q59280,1.0149253731343284,2.9402985074626864,5.402985074626866,7.462686567164179,2.8059701492537314,4.164179104477612,5.462686567164179,4.029850746268656,5.880597014925373,3.014925373134328,4.3283582089552235,1.6567164179104477,4.402985074626866,4.2835820895522385,7.432835820895522,1.2686567164179106,1.7761194029850746,13.373134328358208,6.641791044776119,0.04477611940298507,0.5373134328358209,2.1641791044776117,2.537313432835821,1.3880597014925373,6.059701492537314,0.7761194029850746,-0.2537313432835821,1.5970149253731343,1.9253731343283582,2.8059701492537314,2.7761194029850746,0.746268656716418,1.2985074626865671,8.582089552238806,2.970149253731343,-0.08955223880597014,0.5970149253731343,11.656716417910447,7.955223880597015,3.1194029850746268,0.6865671641791045,7.597014925373134,5.880597014925373,5.2388059701492535,3.8955223880597014,4.970149253731344,7.985074626865671,6.253731343283582,10.656716417910447,5.985074626865671,4.8059701492537314,6.776119402985074,-0.582089552238806,9.686567164179104,10.776119402985074,1.462686567164179,0.2835820895522388,21.507462686567163,12.208955223880597,3.8656716417910446,1.3134328358208955,2.925373134328358,4.044776119402985,3.208955223880597,3.8208955223880596,3.253731343283582,3.2238805970149254,5.253731343283582,6.358208955223881,5.731343283582089,5.17910447761194,2.462686567164179,4.552238805970149,9.716417910447761,10.253731343283581,2.1343283582089554,1.4776119402985075,18.582089552238806,10.835820895522389,2.208955223880597,0.05714285714285714,2.8,1.6285714285714286,-1.0571428571428572,7.057142857142857,2.342857142857143,0.6,0.45714285714285713,5.185714285714286,1.4857142857142858,4.085714285714285,2.0714285714285716,3.6285714285714286,4.457142857142857,6.6571428571428575,-0.22857142857142856,-0.38571428571428573,12.057142857142857,3.7857142857142856,2.3714285714285714
O32130,0.2711864406779661,1.3898305084745763,2.135593220338983,3.169491525423729,2.847457627118644,1.305084745762712,1.88135593220339,3.76271186440678,2.2711864406779663,0.9491525423728814,-0.1694915254237288,0.3220338983050847,0.0847457627118644,2.0508474576271185,4.338983050847458,0.3389830508474576,0.5254237288135594,5.220338983050848,1.0338983050847457,0.6610169491525424,0.5254237288135594,1.0508474576271187,0.2033898305084746,-0.5254237288135594,5.898305084745763,0.3389830508474576,-0.6440677966101694,1.3559322033898304,1.88135593220339,1.11864406779661,3.610169491525424,-0.01694915254237288,2.0847457627118646,4.067796610169491,3.0677966101694913,0.4067796610169492,0.7457627118644068,7.220338983050848,2.406779661016949,0.9152542372881356,1.3728813559322033,0.5423728813559322,0.05084745762711865,-1.0677966101694916,6.084745762711864,0.11864406779661017,-0.6610169491525424,0.15254237288135594,1.0,0.7966101694915254,0.3559322033898305,0.3728813559322034,0.1694915254237288,0.4915254237288136,3.711864406779661,0.1016949152542373,0.7288135593220338,2.610169491525424,-0.1694915254237288,0.8813559322033898,0.03389830508474576,0.11864406779661017,0.847457627118644,1.11864406779661,6.423728813559322,0.9322033898305084,1.2203389830508475,0.7288135593220338,2.847457627118644,0.7796610169491526,2.6440677966101696,0.3220338983050847,1.3728813559322033,1.9661016949152543,3.2203389830508473,0.22033898305084745,0.1016949152542373,4.101694915254237,-0.23728813559322035,0.4067796610169492,0.14285714285714285,0.14285714285714285,-0.2698412698412698,0.0,5.380952380952381,0.49206349206349204,0.1111111111111111,1.4444444444444444,1.253968253968254,2.4126984126984126,1.873015873015873,0.23809523809523808,1.3650793650793651,2.0793650793650795,-0.4126984126984127,-0.047619047619047616,-0.07936507936507936,3.3968253968253967,0.47619047619047616,0.8571428571428571
P42983,-1.411764705882353,1.6470588235294117,3.0,4.882352941176471,-0.6470588235294118,0.058823529411764705,2.411764705882353,1.6470588235294117,3.823529411764706,0.8823529411764706,0.8823529411764706,1.1176470588235294,0.7058823529411765,2.3529411764705883,3.3529411764705883,0.4117647058823529,0.11764705882352941,2.3529411764705883,2.176470588235294,-0.058823529411764705,0.47058823529411764,-0.7647058823529411,0.6470588235294118,-0.29411764705882354,4.588235294117647,-0.11764705882352941,-0.8235294117647058,3.1176470588235294,-0.17647058823529413,2.764705882352941,2.9411764705882355,-0.5294117647058824,1.588235294117647,1.1176470588235294,-0.29411764705882354,0.35294117647058826,-0.29411764705882354,4.470588235294118,-1.9411764705882353,1.6470588235294117,0.23529411764705882,-1.0588235294117647,-0.4117647058823529,-1.2352941176470589,4.294117647058823,-1.1176470588235294,-1.7647058823529411,1.1764705882352942,0.058823529411764705,3.3529411764705883,3.588235294117647,-0.9411764705882353,2.0,6.0,1.7647058823529411,-0.29411764705882354,0.35294117647058826,9.294117647058824,4.117647058823529,2.176470588235294,-0.47058823529411764,1.0588235294117647,1.3529411764705883,0.8235294117647058,1.9411764705882353,-0.23529411764705882,-1.7058823529411764,-1.2352941176470589,1.5294117647058822,4.529411764705882,5.117647058823529,0.0,2.235294117647059,4.235294117647059,0.6470588235294118,0.17647058823529413,0.5294117647058824,4.705882352941177,2.176470588235294,2.823529411764706,0.8888888888888888,0.7777777777777778,0.5555555555555556,0.1111111111111111,4.5,-0.05555555555555555,0.5,-0.2777777777777778,0.7222222222222222,2.2222222222222223,3.888888888888889,0.7777777777777778,1.7777777777777777,2.8333333333333335,3.0555555555555554,0.16666666666666666,-0.7777777777777778,3.1666666666666665,0.2777777777777778,1.0555555555555556
Q2RKH8,0.0945945945945946,-0.5405405405405406,4.256756756756757,2.9594594594594597,5.581081081081081,1.527027027027027,1.9864864864864864,7.472972972972973,2.891891891891892,2.0135135135135136,1.8918918918918919,1.8783783783783783,1.364864864864865,5.108108108108108,11.094594594594595,3.72972972972973,2.0135135135135136,10.783783783783784,6.094594594594595,2.1216216216216215,0.17567567567567569,0.02702702702702703,1.945945945945946,1.3918918918918919,4.283783783783784,0.47297297297297297,0.44594594594594594,2.7162162162162162,1.1891891891891893,0.1891891891891892,-0.16216216216216217,-0.3108108108108108,0.16216216216216217,2.2027027027027026,1.2972972972972974,0.7972972972972973,0.12162162162162163,6.45945945945946,2.7027027027027026,-0.02702702702702703,0.7432432432432432,0.3783783783783784,0.6351351351351351,0.7567567567567568,2.77027027027027,0.013513513513513514,0.0945945945945946,0.05405405405405406,0.013513513513513514,0.5540540540540541,0.4189189189189189,0.0945945945945946,0.24324324324324326,1.635135135135135,0.581081081081081,0.05405405405405406,-0.1891891891891892,5.986486486486487,1.9324324324324325,0.05405405405405406,0.4594594594594595,1.554054054054054,2.4054054054054053,2.054054054054054,5.135135135135135,-0.10810810810810811,-0.5540540540540541,3.2432432432432434,2.3783783783783785,1.635135135135135,2.2972972972972974,1.4864864864864864,2.418918918918919,7.108108108108108,3.8378378378378377,1.527027027027027,1.4594594594594594,10.054054054054054,4.864864864864865,0.5135135135135135,-0.05128205128205128,4.115384615384615,5.67948717948718,5.461538461538462,6.666666666666667,3.8461538461538463,4.0,3.2435897435897436,8.166666666666666,4.666666666666667,4.461538461538462,4.166666666666667,0.7692307692307693,11.0,8.333333333333334,1.5897435897435896,2.128205128205128,16.28205128205128,9.038461538461538,2.9871794871794872
P06632,0.044444444444444446,3.8222222222222224,2.6222222222222222,3.066666666666667,3.8,1.7555555555555555,2.511111111111111,0.28888888888888886,2.088888888888889,0.5555555555555556,2.0,1.7555555555555555,2.2666666666666666,2.0,8.444444444444445,0.8222222222222222,0.17777777777777778,8.488888888888889,1.4222222222222223,1.4444444444444444,0.022222222222222223,-1.5555555555555556,2.7333333333333334,0.35555555555555557,2.888888888888889,1.2222222222222223,0.8222222222222222,2.3333333333333335,3.022222222222222,2.066666666666667,3.4,-0.5333333333333333,1.8,2.2,4.044444444444444,0.4222222222222222,0.9111111111111111,4.911111111111111,-0.044444444444444446,1.3777777777777778,1.2222222222222223,2.511111111111111,3.3777777777777778,4.288888888888889,4.688888888888889,1.4444444444444444,0.4666666666666667,4.0,1.8888888888888888,3.2,0.3111111111111111,0.37777777777777777,0.8444444444444444,4.066666666666666,7.4,1.2444444444444445,1.2444444444444445,3.2666666666666666,0.9777777777777777,2.1555555555555554,0.4666666666666667,1.0888888888888888,2.7111111111111112,3.8,3.7777777777777777,-0.3333333333333333,0.6666666666666666,4.8,0.044444444444444446,0.9555555555555556,0.08888888888888889,-0.4444444444444444,0.5555555555555556,4.444444444444445,1.9333333333333333,-0.06666666666666667,1.2666666666666666,7.0,3.7111111111111112,1.3777777777777778,-0.1875,1.1875,0.25,2.75,9.5625,0.3125,0.14583333333333334,3.7916666666666665,1.75,1.8958333333333333,1.875,-0.4791666666666667,2.1041666666666665,2.6041666666666665,2.8125,0.14583333333333334,0.4375,10.229166666666666,4.166666666666667,0.9166666666666666
Q59111,0.12962962962962962,1.6296296296296295,1.1851851851851851,0.8148148148148148,3.5925925925925926,1.1481481481481481,1.5,-0.07407407407407407,2.4444444444444446,1.037037037037037,-0.5370370370370371,1.4259259259259258,-0.46296296296296297,2.3518518518518516,3.2962962962962963,0.2962962962962963,-0.2222222222222222,7.166666666666667,2.685185185185185,0.6111111111111112,-0.07407407407407407,0.0,1.0555555555555556,1.8148148148148149,3.8333333333333335,-0.07407407407407407,-0.3333333333333333,1.0,2.0555555555555554,1.7777777777777777,1.7407407407407407,0.5925925925925926,1.0740740740740742,2.7777777777777777,1.3888888888888888,0.25925925925925924,0.12962962962962962,2.962962962962963,1.9444444444444444,0.5370370370370371,0.9814814814814815,0.48148148148148145,0.09259259259259259,2.2962962962962963,3.4444444444444446,0.3888888888888889,0.35185185185185186,1.3888888888888888,0.5925925925925926,-0.1111111111111111,0.4074074074074074,0.8518518518518519,0.5185185185185185,0.7962962962962963,1.0,0.2222222222222222,0.0,2.4444444444444446,1.2222222222222223,0.2962962962962963,-0.3888888888888889,0.9629629629629629,0.3148148148148148,1.0,3.0555555555555554,0.018518518518518517,-0.37037037037037035,1.1296296296296295,2.425925925925926,-0.2037037037037037,0.5925925925925926,-0.2222222222222222,-0.037037037037037035,2.2222222222222223,-0.46296296296296297,0.18518518518518517,0.4444444444444444,5.851851851851852,1.7777777777777777,-0.25925925925925924,-0.3333333333333333,0.7962962962962963,0.8148148148148148,0.42592592592592593,4.851851851851852,0.9629629629629629,0.5555555555555556,1.8333333333333333,0.7037037037037037,2.185185185185185,1.7222222222222223,1.037037037037037,1.0740740740740742,2.2777777777777777,2.8518518518518516,0.12962962962962962,0.6481481481481481,3.8333333333333335,1.2592592592592593,1.8148148148148149
P55179,0.875,2.1805555555555554,0.375,-0.3194444444444444,6.111111111111111,1.0138888888888888,0.7638888888888888,5.430555555555555,1.3194444444444444,3.125,2.6666666666666665,0.9722222222222222,2.1944444444444446,4.277777777777778,2.2222222222222223,-0.6527777777777778,-1.0,10.541666666666666,3.1944444444444446,1.9166666666666667,0.027777777777777776,2.3194444444444446,1.4583333333333333,0.8055555555555556,5.013888888888889,1.1111111111111112,0.7916666666666666,1.0694444444444444,1.5277777777777777,-0.027777777777777776,0.5555555555555556,0.75,0.4027777777777778,3.013888888888889,1.9722222222222223,0.18055555555555555,-0.6111111111111112,7.583333333333333,2.2777777777777777,0.5833333333333334,-0.09722222222222222,2.9305555555555554,1.3611111111111112,2.888888888888889,5.0,1.5416666666666667,2.0833333333333335,2.5277777777777777,1.3333333333333333,3.125,3.5833333333333335,1.8194444444444444,1.8333333333333333,3.625,2.986111111111111,0.3888888888888889,0.9583333333333334,9.48611111111111,2.4722222222222223,1.875,0.2361111111111111,0.8055555555555556,-0.6111111111111112,-0.2638888888888889,7.263888888888889,-0.09722222222222222,-1.3888888888888888,2.2083333333333335,1.3472222222222223,0.06944444444444445,1.0694444444444444,-0.8055555555555556,0.7638888888888888,1.875,3.8333333333333335,0.5555555555555556,0.4722222222222222,7.805555555555555,2.4583333333333335,0.25,-0.1527777777777778,3.25,1.5,3.1527777777777777,6.5,1.9861111111111112,1.2777777777777777,2.8055555555555554,2.388888888888889,2.7916666666666665,3.25,1.6388888888888888,1.9861111111111112,4.472222222222222,3.4027777777777777,0.8472222222222222,0.9027777777777778,9.791666666666666,2.388888888888889,1.7083333333333333
Q79VE8,-0.5492957746478874,0.8309859154929577,0.8591549295774648,1.619718309859155,4.450704225352113,0.30985915492957744,0.6619718309859155,1.1267605633802817,2.112676056338028,1.1126760563380282,0.8169014084507042,0.6056338028169014,0.6338028169014085,2.380281690140845,2.1549295774647885,-0.14084507042253522,-0.04225352112676056,3.732394366197183,1.4366197183098592,0.7887323943661971,0.04225352112676056,1.9154929577464788,1.1971830985915493,2.140845070422535,3.816901408450704,0.8028169014084507,0.8028169014084507,0.5633802816901409,0.6901408450704225,0.15492957746478872,0.4788732394366197,1.0422535211267605,0.15492957746478872,1.1549295774647887,2.380281690140845,0.16901408450704225,-0.07042253521126761,4.422535211267606,0.9295774647887324,0.08450704225352113,-0.23943661971830985,0.9436619718309859,0.04225352112676056,1.056338028169014,2.619718309859155,0.5070422535211268,0.4225352112676056,-0.676056338028169,2.140845070422535,0.22535211267605634,-0.028169014084507043,0.43661971830985913,0.014084507042253521,0.5915492957746479,-0.08450704225352113,-0.11267605633802817,0.0,2.0,0.8028169014084507,-0.15492957746478872,0.028169014084507043,0.2676056338028169,0.5070422535211268,0.5774647887323944,4.197183098591549,0.3380281690140845,-0.09859154929577464,-0.16901408450704225,1.0704225352112675,0.8450704225352113,1.7183098591549295,0.30985915492957744,0.971830985915493,1.8309859154929577,-0.7746478873239436,-0.14084507042253522,0.11267605633802817,5.28169014084507,1.6619718309859155,0.08450704225352113,-0.013513513513513514,2.527027027027027,0.013513513513513514,0.5405405405405406,3.472972972972973,0.5405405405405406,0.7702702702702703,-0.5405405405405406,0.013513513513513514,2.9324324324324325,2.9864864864864864,0.7432432432432432,2.081081081081081,2.027027027027027,0.0945945945945946,0.21621621621621623,0.22972972972972974,3.72972972972973,-0.1891891891891892,1.5405405405405406
P12667,-0.9473684210526315,3.1052631578947367,3.789473684210526,3.789473684210526,0.7368421052631579,2.736842105263158,3.473684210526316,3.3157894736842106,4.947368421052632,0.8421052631578947,-0.3684210526315789,2.4210526315789473,0.2631578947368421,-0.47368421052631576,3.8947368421052633,0.8421052631578947,0.10526315789473684,4.105263157894737,0.7894736842105263,-0.10526315789473684,0.5263157894736842,0.15789473684210525,0.3684210526315789,2.0,5.2105263157894735,-0.5789473684210527,-0.21052631578947367,2.263157894736842,-0.21052631578947367,2.8421052631578947,2.4210526315789473,-0.3684210526315789,1.1578947368421053,0.05263157894736842,0.47368421052631576,0.7894736842105263,-0.42105263157894735,3.9473684210526314,-2.526315789473684,1.3157894736842106,0.42105263157894735,-1.1578947368421053,0.2631578947368421,-1.2105263157894737,1.736842105263158,-0.5263157894736842,-1.368421052631579,2.3684210526315788,0.7894736842105263,2.9473684210526314,3.5789473684210527,-1.0526315789473684,1.8421052631578947,5.684210526315789,3.0526315789473686,0.15789473684210525,0.5789473684210527,9.368421052631579,4.105263157894737,2.0526315789473686,-0.3157894736842105,1.0526315789473684,1.6842105263157894,2.526315789473684,2.263157894736842,-0.21052631578947367,-1.4210526315789473,0.47368421052631576,1.5789473684210527,4.315789473684211,4.894736842105263,-0.15789473684210525,2.0526315789473686,3.8421052631578947,-0.21052631578947367,0.15789473684210525,0.7894736842105263,2.3684210526315788,1.4736842105263157,3.0,0.6190476190476191,1.2380952380952381,0.6190476190476191,0.5714285714285714,4.380952380952381,0.0,1.0952380952380953,0.3333333333333333,1.1428571428571428,1.3333333333333333,3.619047619047619,0.8571428571428571,1.5238095238095237,2.4761904761904763,2.1904761904761907,-0.47619047619047616,-1.0476190476190477,2.5714285714285716,0.38095238095238093,0.38095238095238093
Q46134,-0.225,-0.05,-0.1,1.675,1.825,-0.7,0.8,0.85,2.275,-1.275,0.075,-0.35,0.0,1.75,1.325,-1.325,-0.55,5.75,1.45,-1.275,-0.2,0.75,0.15,0.3,5.375,0.275,0.175,1.425,1.125,2.7,2.675,0.925,1.5,1.8,2.1,0.25,0.075,5.0,0.075,2.175,0.5,0.45,1.275,2.625,5.375,0.1,1.35,2.65,0.925,1.575,1.375,0.325,0.725,1.825,1.125,0.25,0.175,5.875,1.375,0.975,0.025,-0.125,0.5,2.075,4.425,0.05,0.825,0.425,1.5,1.575,0.975,-0.2,0.375,0.9,2.625,-0.225,-0.35,5.0,1.175,0.675,0.95,1.275,-1.25,-0.175,5.0,-0.25,0.5,2.725,1.25,0.8,0.75,0.1,-0.1,0.925,0.475,-0.575,0.1,5.225,-0.475,0.75
P26380,0.09090909090909091,-0.8636363636363636,1.9090909090909092,3.409090909090909,4.863636363636363,0.13636363636363635,2.1363636363636362,2.5,2.6818181818181817,-0.6818181818181818,-1.8636363636363635,0.45454545454545453,-1.5909090909090908,2.5454545454545454,4.7272727272727275,0.7727272727272727,-0.9545454545454546,4.863636363636363,2.8181818181818183,-1.6363636363636365,-1.0909090909090908,0.36363636363636365,1.9545454545454546,1.1363636363636365,3.909090909090909,0.09090909090909091,-0.22727272727272727,3.8181818181818183,3.272727272727273,1.7727272727272727,0.45454545454545453,0.045454545454545456,-0.36363636363636365,3.772727272727273,1.2727272727272727,0.6363636363636364,-0.18181818181818182,7.545454545454546,3.1363636363636362,1.3181818181818181,-0.18181818181818182,-0.13636363636363635,0.045454545454545456,0.9090909090909091,2.8636363636363638,1.5,2.0,3.5,1.0,0.6363636363636364,1.3636363636363635,0.5454545454545454,0.5,0.3181818181818182,2.4545454545454546,0.6818181818181818,0.4090909090909091,4.454545454545454,-0.4090909090909091,0.5909090909090909,-0.13636363636363635,0.9545454545454546,-1.1818181818181819,-0.22727272727272727,5.181818181818182,1.3181818181818181,1.6818181818181819,1.0909090909090908,-0.45454545454545453,0.5,1.0909090909090908,0.9090909090909091,-0.2727272727272727,5.5,1.9090909090909092,-0.45454545454545453,0.09090909090909091,7.636363636363637,2.8636363636363638,0.2727272727272727,0.48,-1.44,0.0,-1.56,4.64,-1.08,-0.08,4.76,2.08,-1.04,-1.2,-1.92,-0.16,2.56,1.52,-0.48,0.2,8.0,3.0,-1.96
P20487,0.7368421052631579,0.631578947368421,0.15789473684210525,-1.7894736842105263,5.842105263157895,-0.3157894736842105,-1.9473684210526316,4.157894736842105,0.5789473684210527,2.4210526315789473,0.7368421052631579,0.21052631578947367,0.47368421052631576,1.736842105263158,2.789473684210526,-0.5789473684210527,0.6842105263157895,5.105263157894737,0.42105263157894735,1.4210526315789473,0.631578947368421,-0.21052631578947367,1.631578947368421,1.0526315789473684,6.052631578947368,0.5789473684210527,1.3157894736842106,4.421052631578948,1.105263157894737,2.3684210526315788,1.894736842105263,0.10526315789473684,0.10526315789473684,2.210526315789474,2.6842105263157894,-0.05263157894736842,0.5263157894736842,5.7368421052631575,0.6842105263157895,1.5263157894736843,0.7368421052631579,0.7368421052631579,1.3157894736842106,1.1578947368421053,4.368421052631579,-1.0,0.15789473684210525,3.736842105263158,0.7894736842105263,2.8421052631578947,3.4210526315789473,0.5789473684210527,1.368421052631579,0.6842105263157895,3.526315789473684,-0.15789473684210525,-0.15789473684210525,3.6842105263157894,-0.8947368421052632,2.473684210526316,1.105263157894737,-1.5263157894736843,2.3684210526315788,0.5263157894736842,5.631578947368421,-1.7894736842105263,-1.1578947368421053,5.473684210526316,0.631578947368421,-1.263157894736842,-0.05263157894736842,-1.5789473684210527,-0.5263157894736842,3.6315789473684212,2.9473684210526314,0.3684210526315789,0.5263157894736842,7.0,2.3157894736842106,-0.7368421052631579,0.3333333333333333,0.14285714285714285,1.1428571428571428,3.9523809523809526,4.619047619047619,-0.23809523809523808,0.8095238095238095,4.0,0.5238095238095238,2.238095238095238,3.2857142857142856,0.0,2.761904761904762,1.4761904761904763,2.619047619047619,0.3333333333333333,0.9523809523809523,5.761904761904762,1.8571428571428572,1.5238095238095237
P65561,2.388888888888889,6.083333333333333,9.027777777777779,10.444444444444445,9.25,4.5,7.361111111111111,3.7083333333333335,7.791666666666667,1.4583333333333333,1.4583333333333333,6.263888888888889,1.7916666666666667,3.0277777777777777,4.958333333333333,3.8333333333333335,2.7916666666666665,1.5833333333333333,2.8194444444444446,2.2222222222222223,0.013888888888888888,8.291666666666666,5.597222222222222,9.875,3.7916666666666665,5.972222222222222,7.361111111111111,1.4583333333333333,7.736111111111111,0.2777777777777778,-0.3472222222222222,6.527777777777778,0.3472222222222222,0.8611111111111112,5.277777777777778,0.8888888888888888,1.4444444444444444,4.875,2.4027777777777777,0.027777777777777776,1.0277777777777777,8.805555555555555,4.625,10.194444444444445,5.958333333333333,4.0,8.152777777777779,4.527777777777778,5.013888888888889,2.3194444444444446,1.375,7.138888888888889,0.7916666666666666,-0.9444444444444444,6.277777777777778,1.3194444444444444,1.25,7.180555555555555,1.5277777777777777,1.6666666666666667,2.0972222222222223,6.722222222222222,6.027777777777778,9.791666666666666,4.277777777777778,5.486111111111111,8.319444444444445,6.166666666666667,5.597222222222222,-0.8333333333333334,-1.2222222222222223,6.430555555555555,-0.8055555555555556,1.0416666666666667,4.625,2.7777777777777777,1.4305555555555556,2.2916666666666665,1.9444444444444444,0.06944444444444445,0.25,0.18055555555555555,0.625,1.7916666666666667,4.069444444444445,0.4305555555555556,1.0833333333333333,0.375,2.0555555555555554,0.4861111111111111,0.6527777777777778,0.7222222222222222,0.4027777777777778,1.3055555555555556,3.638888888888889,0.1388888888888889,0.06944444444444445,1.9444444444444444,1.5277777777777777,-0.16666666666666666
P33116,0.16964285714285715,1.0267857142857142,1.2946428571428572,5.866071428571429,5.0625,1.1964285714285714,3.7857142857142856,1.5,2.892857142857143,-0.07142857142857142,-0.026785714285714284,1.9107142857142858,-0.5178571428571429,0.3482142857142857,5.830357142857143,-0.26785714285714285,0.45535714285714285,-0.4642857142857143,-0.25892857142857145,-0.11607142857142858,-0.125,4.348214285714286,3.267857142857143,7.508928571428571,5.892857142857143,2.830357142857143,5.535714285714286,3.2589285714285716,6.1875,0.7589285714285714,0.9910714285714286,5.642857142857143,1.0357142857142858,1.9196428571428572,9.794642857142858,-0.21428571428571427,-0.15178571428571427,6.919642857142857,1.6339285714285714,1.0892857142857142,-0.008928571428571428,3.169642857142857,1.4375,5.446428571428571,5.285714285714286,1.6160714285714286,4.276785714285714,1.4196428571428572,5.330357142857143,1.1785714285714286,1.4196428571428572,3.5982142857142856,1.4107142857142858,0.9017857142857143,5.428571428571429,0.03571428571428571,0.16071428571428573,4.5625,1.2321428571428572,0.125,3.5714285714285716,6.071428571428571,3.830357142857143,7.714285714285714,11.714285714285714,5.026785714285714,6.116071428571429,7.616071428571429,6.178571428571429,3.169642857142857,2.75,4.053571428571429,3.6517857142857144,5.776785714285714,9.401785714285714,2.875,2.5982142857142856,14.464285714285714,6.160714285714286,2.892857142857143,1.3017241379310345,5.543103448275862,5.974137931034483,4.560344827586207,12.224137931034482,4.025862068965517,3.9913793103448274,13.387931034482758,10.206896551724139,2.0775862068965516,1.8362068965517242,5.586206896551724,2.2758620689655173,10.155172413793103,14.905172413793103,3.9482758620689653,3.5775862068965516,22.836206896551722,11.810344827586206,1.6982758620689655
Q93PS3,-0.7924528301886793,2.7358490566037736,2.3207547169811322,5.669811320754717,3.8962264150943398,1.9150943396226414,3.339622641509434,1.9528301886792452,1.3773584905660377,0.6886792452830188,1.509433962264151,3.669811320754717,1.5660377358490567,3.839622641509434,5.669811320754717,1.2924528301886793,1.2641509433962264,11.537735849056604,4.132075471698113,0.1320754716981132,-0.3113207547169811,1.8396226415094339,1.7924528301886793,0.10377358490566038,4.518867924528302,0.10377358490566038,-0.009433962264150943,1.679245283018868,0.42452830188679247,0.8773584905660378,1.0188679245283019,1.5471698113207548,0.7358490566037735,3.5,0.3018867924528302,0.3867924528301887,0.39622641509433965,3.8867924528301887,2.4622641509433962,1.0754716981132075,0.09433962264150944,-0.24528301886792453,0.7641509433962265,0.8962264150943396,3.0283018867924527,0.44339622641509435,1.4339622641509433,1.1226415094339623,0.9339622641509434,0.5283018867924528,0.10377358490566038,1.0943396226415094,1.2924528301886793,1.2735849056603774,0.2641509433962264,0.009433962264150943,0.42452830188679247,0.8584905660377359,1.2169811320754718,0.11320754716981132,0.07547169811320754,1.5754716981132075,0.5943396226415094,1.1886792452830188,2.952830188679245,0.8113207547169812,1.7264150943396226,1.2169811320754718,0.9056603773584906,1.179245283018868,0.6792452830188679,2.339622641509434,0.8584905660377359,1.7641509433962264,1.8018867924528301,0.29245283018867924,0.10377358490566038,2.207547169811321,2.330188679245283,0.7830188679245284,0.12727272727272726,0.6545454545454545,1.0727272727272728,0.7363636363636363,3.9909090909090907,-0.21818181818181817,0.38181818181818183,1.5727272727272728,0.5181818181818182,1.0363636363636364,1.018181818181818,0.5181818181818182,1.4181818181818182,2.3545454545454545,0.5181818181818182,0.6363636363636364,0.9090909090909091,2.890909090909091,0.32727272727272727,1.0454545454545454
P0A0A5,0.1891891891891892,0.44594594594594594,-0.5540540540540541,0.7027027027027027,4.175675675675675,-0.013513513513513514,0.08108108108108109,2.4594594594594597,0.5945945945945946,1.2162162162162162,0.44594594594594594,-0.6756756756756757,0.04054054054054054,1.4054054054054055,2.27027027027027,0.06756756756756757,-0.4189189189189189,3.6621621621621623,-0.04054054054054054,0.35135135135135137,0.14864864864864866,0.9594594594594594,0.28378378378378377,-0.08108108108108109,4.148648648648648,0.0,-0.13513513513513514,1.2432432432432432,-0.3108108108108108,1.472972972972973,0.8378378378378378,0.5540540540540541,0.43243243243243246,1.0810810810810811,1.5810810810810811,0.12162162162162163,0.1891891891891892,2.72972972972973,0.24324324324324326,0.8783783783783784,0.44594594594594594,-0.3918918918918919,-0.14864864864864866,-0.13513513513513514,4.243243243243243,0.06756756756756757,-0.16216216216216217,1.7837837837837838,0.21621621621621623,0.6351351351351351,0.5540540540540541,-0.40540540540540543,0.5675675675675675,-0.02702702702702703,0.9864864864864865,0.13513513513513514,0.4189189189189189,3.2162162162162162,0.14864864864864866,0.7702702702702703,0.0,0.6351351351351351,0.0945945945945946,0.527027027027027,5.621621621621622,1.2432432432432432,1.1756756756756757,1.837837837837838,-0.3918918918918919,1.5810810810810811,1.472972972972973,1.2837837837837838,0.581081081081081,2.6216216216216215,2.608108108108108,0.40540540540540543,0.16216216216216217,5.054054054054054,1.337837837837838,1.2567567567567568,0.4864864864864865,0.44594594594594594,-0.8918918918918919,-1.1891891891891893,5.405405405405405,0.10810810810810811,-0.6756756756756757,3.135135135135135,0.32432432432432434,1.9324324324324325,1.7162162162162162,0.16216216216216217,0.9459459459459459,-0.972972972972973,2.310810810810811,0.06756756756756757,0.4864864864864865,0.7432432432432432,-1.837837837837838,1.6081081081081081
P38536,0.30662983425414364,0.7237569060773481,0.5580110497237569,1.2209944751381216,4.712707182320442,0.3701657458563536,0.569060773480663,1.0082872928176796,0.6132596685082873,1.4723756906077348,1.8701657458563536,0.42265193370165743,1.0,0.9972375690607734,1.1629834254143647,0.23756906077348067,0.16574585635359115,2.6712707182320443,0.2983425414364641,0.8397790055248618,0.4281767955801105,1.3093922651933703,0.6795580110497238,0.580110497237569,5.472375690607735,0.7209944751381215,0.6215469613259669,1.2320441988950277,-0.425414364640884,1.6878453038674033,1.8591160220994476,1.2486187845303867,0.9779005524861878,0.6988950276243094,1.149171270718232,0.6408839779005525,0.5414364640883977,0.6325966850828729,0.24861878453038674,1.3812154696132597,0.5414364640883977,1.339779005524862,0.0055248618784530384,0.6546961325966851,4.94475138121547,0.12154696132596685,0.7348066298342542,0.430939226519337,0.988950276243094,1.091160220994475,1.4751381215469612,1.138121546961326,1.138121546961326,1.6850828729281768,2.0773480662983426,0.31767955801104975,0.3342541436464088,1.828729281767956,0.5303867403314917,0.8287292817679558,0.13259668508287292,1.0607734806629834,0.30939226519337015,0.4198895027624309,3.5082872928176796,0.281767955801105,0.5220994475138122,0.9751381215469613,1.3011049723756907,1.1961325966850829,1.919889502762431,0.2983425414364641,0.919889502762431,2.4419889502762433,1.7651933701657458,0.23480662983425415,0.26795580110497236,5.1353591160221,1.2541436464088398,0.5303867403314917,-0.20385674931129477,0.8898071625344353,-0.48484848484848486,-0.06336088154269973,4.181818181818182,-0.12121212121212122,-0.008264462809917356,0.44352617079889806,1.8539944903581267,0.9641873278236914,0.7878787878787878,0.02203856749311295,0.6308539944903582,1.396694214876033,1.2011019283746556,-0.1652892561983471,0.14325068870523416,4.31404958677686,0.9641873278236914,0.4573002754820937
P20805,0.3333333333333333,1.45,2.4,0.8166666666666667,5.233333333333333,1.15,1.0833333333333333,1.6833333333333333,3.9,1.85,3.45,0.6166666666666667,1.3166666666666667,2.283333333333333,4.366666666666666,1.35,0.7666666666666667,12.3,3.25,1.3833333333333333,0.06666666666666667,-0.11666666666666667,0.9833333333333333,-0.06666666666666667,4.2,0.7833333333333333,-0.5666666666666667,0.2,2.45,1.8333333333333333,1.3166666666666667,-0.15,2.0166666666666666,1.45,2.466666666666667,0.43333333333333335,0.26666666666666666,4.033333333333333,0.75,0.9666666666666667,0.21666666666666667,1.45,1.8833333333333333,2.3333333333333335,4.183333333333334,0.6666666666666666,1.0833333333333333,3.5,0.35,0.95,1.2166666666666666,0.7833333333333333,0.05,1.15,5.883333333333334,0.5833333333333334,0.6,6.45,1.0833333333333333,0.5333333333333333,0.55,1.8666666666666667,-0.9166666666666666,2.1166666666666667,4.783333333333333,2.3666666666666667,2.1166666666666667,0.31666666666666665,0.7833333333333333,2.0833333333333335,1.8333333333333333,0.8833333333333333,0.26666666666666666,0.45,2.05,0.23333333333333334,0.9333333333333333,4.516666666666667,0.75,2.45,0.41935483870967744,0.6935483870967742,-0.0967741935483871,1.7903225806451613,3.467741935483871,1.8548387096774193,1.935483870967742,0.5483870967741935,3.3870967741935485,1.0806451612903225,2.935483870967742,1.0806451612903225,0.5,4.370967741935484,2.0806451612903225,0.5161290322580645,0.6774193548387096,9.193548387096774,2.7419354838709675,0.7580645161290323
P0A5P8,0.782608695652174,2.5652173913043477,2.0869565217391304,3.0,1.1304347826086956,1.608695652173913,2.4782608695652173,0.782608695652174,3.5652173913043477,1.173913043478261,1.6521739130434783,1.5217391304347827,0.8695652173913043,3.260869565217391,2.260869565217391,0.5652173913043478,0.043478260869565216,7.0,2.782608695652174,-0.34782608695652173,1.0,2.9565217391304346,1.9565217391304348,1.5217391304347827,2.869565217391304,1.1304347826086956,1.1304347826086956,2.782608695652174,3.1739130434782608,0.2608695652173913,1.391304347826087,1.434782608695652,0.5217391304347826,2.8260869565217392,-1.3043478260869565,-0.21739130434782608,-0.043478260869565216,7.304347826086956,2.130434782608696,0.13043478260869565,-0.34782608695652173,0.4782608695652174,-0.34782608695652173,-1.0,3.869565217391304,0.08695652173913043,-0.8260869565217391,1.434782608695652,0.43478260869565216,0.5652173913043478,0.2608695652173913,-0.4782608695652174,0.34782608695652173,2.9130434782608696,-0.8260869565217391,0.21739130434782608,0.5217391304347826,7.260869565217392,2.6956521739130435,0.5217391304347826,-0.2608695652173913,1.3043478260869565,0.2608695652173913,0.6521739130434783,2.739130434782609,0.21739130434782608,0.4782608695652174,1.3478260869565217,1.608695652173913,0.6956521739130435,0.5652173913043478,0.17391304347826086,0.08695652173913043,3.130434782608696,5.173913043478261,0.043478260869565216,0.21739130434782608,7.3478260869565215,2.3043478260869565,-0.6521739130434783,0.5384615384615384,-0.8076923076923077,1.0384615384615385,2.5384615384615383,3.923076923076923,-1.5769230769230769,0.9230769230769231,1.5,0.34615384615384615,1.6538461538461537,2.923076923076923,0.0,0.5,2.5384615384615383,1.6923076923076923,1.8846153846153846,0.5384615384615384,4.961538461538462,1.8846153846153846,0.6153846153846154
P37552,0.9333333333333333,3.933333333333333,0.8,3.2,6.6,3.2,2.3333333333333335,0.3333333333333333,2.6,-0.3333333333333333,2.0,3.2,-0.9333333333333333,5.533333333333333,-5.933333333333334,0.06666666666666667,-0.8666666666666667,12.266666666666667,4.333333333333333,-0.5333333333333333,0.0,3.0,-3.2,-3.6666666666666665,4.866666666666666,-1.2666666666666666,-0.8,-1.6,3.2,-0.3333333333333333,-0.06666666666666667,-0.13333333333333333,0.2,1.4,-0.26666666666666666,-0.2,-1.0,10.266666666666667,3.0,-0.6,0.8,1.6,-0.26666666666666666,2.2,3.7333333333333334,0.26666666666666666,0.8,3.066666666666667,1.6,0.8,-1.4666666666666666,0.7333333333333333,-0.4,2.8,7.266666666666667,0.13333333333333333,-1.0666666666666667,11.466666666666667,3.4,0.26666666666666666,1.0,5.666666666666667,2.2666666666666666,2.6,6.933333333333334,3.533333333333333,1.2,5.933333333333334,1.8666666666666667,-0.9333333333333333,2.533333333333333,4.133333333333334,2.2666666666666666,7.0,3.933333333333333,1.7333333333333334,1.3333333333333333,14.866666666666667,6.733333333333333,-2.8666666666666667,-1.6,3.2666666666666666,2.4,3.466666666666667,2.4,0.0,-0.26666666666666666,1.6666666666666667,4.066666666666666,-1.0666666666666667,0.4666666666666667,-0.6666666666666666,0.6666666666666666,3.2666666666666666,1.4666666666666666,0.6666666666666666,1.3333333333333333,6.666666666666667,3.2666666666666666,-2.2666666666666666
P46807,-0.19402985074626866,0.7014925373134329,-0.6865671641791045,0.7910447761194029,7.373134328358209,0.6865671641791045,0.47761194029850745,-0.6716417910447762,0.14925373134328357,1.626865671641791,1.208955223880597,-0.029850746268656716,2.208955223880597,2.716417910447761,2.925373134328358,0.029850746268656716,-0.16417910447761194,8.940298507462687,1.1492537313432836,0.44776119402985076,-0.8805970149253731,2.656716417910448,2.417910447761194,5.044776119402985,4.149253731343284,2.656716417910448,4.2388059701492535,1.8208955223880596,-0.04477611940298507,2.373134328358209,1.2686567164179106,4.492537313432836,1.791044776119403,2.8358208955223883,4.208955223880597,1.2537313432835822,0.9253731343283582,11.313432835820896,2.029850746268657,0.835820895522388,-0.8507462686567164,3.029850746268657,4.626865671641791,4.08955223880597,3.626865671641791,5.059701492537314,2.8656716417910446,2.0597014925373136,1.8507462686567164,1.0149253731343284,2.4925373134328357,1.5671641791044777,2.1194029850746268,2.388059701492537,2.2238805970149254,1.671641791044776,1.2985074626865671,11.373134328358208,2.537313432835821,1.2238805970149254,-0.04477611940298507,-0.16417910447761194,1.6417910447761195,3.208955223880597,6.208955223880597,-0.1044776119402985,0.7611940298507462,1.9104477611940298,-1.208955223880597,2.2238805970149254,1.6417910447761195,1.7313432835820894,1.9253731343283582,3.671641791044776,2.716417910447761,0.3283582089552239,0.8059701492537313,3.1343283582089554,3.208955223880597,1.3880597014925373,0.4714285714285714,1.1428571428571428,3.0,0.9,5.0285714285714285,2.2857142857142856,1.0857142857142856,1.4142857142857144,2.0142857142857142,0.5285714285714286,1.5285714285714285,1.8857142857142857,0.7428571428571429,3.2857142857142856,3.9,1.042857142857143,0.6428571428571429,7.771428571428571,3.642857142857143,0.5
A6QIG7,-0.05263157894736842,0.9473684210526315,1.0526315789473684,3.526315789473684,1.6842105263157894,1.105263157894737,1.4210526315789473,2.9473684210526314,1.1578947368421053,1.1578947368421053,0.21052631578947367,0.47368421052631576,0.21052631578947367,0.9473684210526315,3.5789473684210527,-0.05263157894736842,-0.15789473684210525,4.631578947368421,1.9473684210526316,0.8421052631578947,1.263157894736842,0.42105263157894735,-2.0,-0.05263157894736842,6.684210526315789,0.3684210526315789,1.368421052631579,3.8947368421052633,0.9473684210526315,3.0526315789473686,1.7894736842105263,1.1578947368421053,0.47368421052631576,2.263157894736842,1.631578947368421,-0.47368421052631576,0.10526315789473684,6.157894736842105,1.3157894736842106,1.736842105263158,0.21052631578947367,0.631578947368421,-1.368421052631579,1.4736842105263157,3.9473684210526314,0.0,-0.05263157894736842,1.4736842105263157,0.3157894736842105,1.5263157894736843,-0.5789473684210527,1.2105263157894737,0.21052631578947367,3.3157894736842106,2.473684210526316,0.2631578947368421,0.2631578947368421,6.052631578947368,2.4210526315789473,0.9473684210526315,0.3684210526315789,0.10526315789473684,-0.6842105263157895,2.0,4.052631578947368,0.21052631578947367,-0.15789473684210525,2.3684210526315788,0.2631578947368421,1.105263157894737,0.15789473684210525,-0.3157894736842105,0.10526315789473684,1.2105263157894737,3.1052631578947367,0.15789473684210525,0.0,3.8947368421052633,-1.368421052631579,0.3157894736842105,0.43478260869565216,1.173913043478261,1.1304347826086956,1.6956521739130435,4.3478260869565215,0.5652173913043478,-0.043478260869565216,3.9565217391304346,0.9565217391304348,3.3043478260869565,2.6956521739130435,0.9130434782608695,0.9130434782608695,2.8260869565217392,3.260869565217391,0.34782608695652173,1.1304347826086956,3.4782608695652173,0.7391304347826086,1.826086956521739
P42014,-0.18095238095238095,0.09523809523809523,1.4476190476190476,0.9523809523809523,5.504761904761905,0.6571428571428571,1.0571428571428572,2.9904761904761905,1.4285714285714286,1.3142857142857143,0.10476190476190476,0.18095238095238095,0.5904761904761905,2.6095238095238096,1.6476190476190475,0.10476190476190476,-0.12380952380952381,7.723809523809524,2.3523809523809525,1.0,0.13333333333333333,2.085714285714286,1.9714285714285715,2.4,3.723809523809524,1.161904761904762,0.6190476190476191,1.9619047619047618,3.0761904761904764,0.6952380952380952,1.6952380952380952,1.0761904761904761,1.4761904761904763,4.333333333333333,3.219047619047619,0.19047619047619047,0.13333333333333333,9.209523809523809,4.0285714285714285,0.4666666666666667,-0.5238095238095238,1.7714285714285714,1.5904761904761904,2.0952380952380953,6.390476190476191,0.6571428571428571,0.3904761904761905,2.6857142857142855,2.2857142857142856,2.1142857142857143,2.0285714285714285,0.8571428571428571,1.4,2.723809523809524,3.057142857142857,0.6095238095238096,1.2952380952380953,8.276190476190477,1.7809523809523808,1.7619047619047619,-0.6,1.438095238095238,3.6952380952380954,3.8,5.466666666666667,1.6285714285714286,1.0095238095238095,4.580952380952381,3.2857142857142856,1.5238095238095237,1.2190476190476192,1.457142857142857,1.2666666666666666,2.761904761904762,4.314285714285714,1.161904761904762,1.6952380952380952,8.790476190476191,2.5904761904761906,2.2666666666666666,-0.7685185185185185,0.6481481481481481,1.3333333333333333,1.3518518518518519,7.546296296296297,0.5555555555555556,0.3333333333333333,4.212962962962963,2.0555555555555554,1.9814814814814814,0.8425925925925926,0.25925925925925924,1.1203703703703705,4.351851851851852,2.2777777777777777,-0.28703703703703703,0.8518518518518519,8.425925925925926,3.759259259259259,1.5925925925925926
P35596,-0.7027027027027027,0.9099099099099099,2.1171171171171173,2.2432432432432434,3.4054054054054053,0.8198198198198198,1.4324324324324325,0.07207207207207207,2.3603603603603602,2.0,0.6036036036036037,1.2792792792792793,1.3873873873873874,3.225225225225225,2.8018018018018016,0.13513513513513514,0.08108108108108109,3.828828828828829,2.1171171171171173,1.2432432432432432,-0.3333333333333333,-0.40540540540540543,1.072072072072072,1.4684684684684686,2.027027027027027,-0.3063063063063063,0.16216216216216217,0.5855855855855856,0.3963963963963964,1.2522522522522523,0.918918918918919,0.3153153153153153,1.162162162162162,1.5315315315315314,1.6846846846846846,0.3063063063063063,0.4774774774774775,4.63963963963964,0.7747747747747747,-0.17117117117117117,0.32432432432432434,0.3783783783783784,0.45045045045045046,-0.4144144144144144,5.297297297297297,0.36036036036036034,0.46846846846846846,2.279279279279279,1.4324324324324325,1.6306306306306306,1.5495495495495495,0.5315315315315315,1.5495495495495495,1.4864864864864864,-1.0990990990990992,0.5225225225225225,-0.14414414414414414,2.954954954954955,1.3063063063063063,1.0360360360360361,-0.15315315315315314,-0.15315315315315314,0.27927927927927926,-0.05405405405405406,2.81981981981982,0.34234234234234234,-0.44144144144144143,0.1981981981981982,0.44144144144144143,0.44144144144144143,0.45045045045045046,0.11711711711711711,0.4594594594594595,1.2522522522522523,0.5315315315315315,-0.04504504504504504,0.02702702702702703,1.5945945945945945,0.7477477477477478,0.42342342342342343,-0.5263157894736842,-0.30701754385964913,0.43859649122807015,-0.37719298245614036,2.1315789473684212,-0.21052631578947367,-0.15789473684210525,1.8508771929824561,0.06140350877192982,0.9824561403508771,0.8947368421052632,0.38596491228070173,0.043859649122807015,2.482456140350877,1.9736842105263157,0.2807017543859649,0.17543859649122806,3.912280701754386,0.9035087719298246,0.10526315789473684
P31306,0.3524590163934426,0.7295081967213115,-0.05737704918032787,1.0573770491803278,5.622950819672131,0.5491803278688525,1.098360655737705,0.4262295081967213,1.9508196721311475,1.0655737704918034,1.2131147540983607,0.319672131147541,1.1229508196721312,1.0245901639344261,0.9590163934426229,-0.16393442622950818,0.10655737704918032,3.819672131147541,1.098360655737705,0.36885245901639346,0.11475409836065574,0.14754098360655737,0.18032786885245902,0.18032786885245902,6.39344262295082,-0.19672131147540983,0.2459016393442623,1.3114754098360655,0.6557377049180327,1.1311475409836065,1.0573770491803278,-0.639344262295082,0.8688524590163934,0.9754098360655737,0.09016393442622951,0.09836065573770492,0.18032786885245902,2.1311475409836067,0.5491803278688525,0.4426229508196721,-0.21311475409836064,0.6065573770491803,0.4098360655737705,0.8360655737704918,4.254098360655738,0.38524590163934425,0.38524590163934425,0.9098360655737705,1.4426229508196722,1.2131147540983607,1.1147540983606556,0.19672131147540983,0.5491803278688525,1.5,0.1885245901639344,0.0,0.03278688524590164,3.098360655737705,0.8688524590163934,1.0327868852459017,0.0,0.45901639344262296,-0.04918032786885246,0.39344262295081966,4.434426229508197,-0.2459016393442623,-0.08196721311475409,0.36885245901639346,0.8032786885245902,0.6311475409836066,0.5327868852459017,0.1557377049180328,0.319672131147541,1.5081967213114753,0.9754098360655737,0.03278688524590164,0.1557377049180328,-0.01639344262295082,0.5901639344262295,0.4426229508196721,-0.272,-0.112,0.456,0.04,5.632,-0.104,0.144,2.208,1.008,1.656,1.688,-0.016,0.576,2.824,0.944,0.152,0.0,3.296,1.224,0.768
P28598,0.08163265306122448,4.826530612244898,3.5918367346938775,4.071428571428571,11.142857142857142,2.510204081632653,1.7040816326530612,7.183673469387755,8.418367346938776,6.387755102040816,5.612244897959184,1.9591836734693877,3.826530612244898,11.408163265306122,9.448979591836734,1.5408163265306123,1.3061224489795917,19.683673469387756,10.846938775510203,3.673469387755102,1.7244897959183674,4.989795918367347,3.9591836734693877,2.5510204081632653,11.775510204081632,2.3469387755102042,0.6428571428571429,7.112244897959184,6.816326530612245,3.3469387755102042,6.448979591836735,2.693877551020408,3.3469387755102042,10.071428571428571,9.448979591836734,1.2653061224489797,0.6224489795918368,18.357142857142858,8.418367346938776,2.010204081632653,0.47959183673469385,3.316326530612245,3.938775510204082,3.663265306122449,10.428571428571429,2.0306122448979593,1.5510204081632653,6.63265306122449,7.959183673469388,0.7857142857142857,0.6836734693877551,1.4387755102040816,1.3571428571428572,9.204081632653061,8.357142857142858,2.2755102040816326,1.3265306122448979,18.846938775510203,9.693877551020408,0.5408163265306123,-0.17346938775510204,1.3265306122448979,4.377551020408164,3.8979591836734695,12.76530612244898,1.5,-0.9285714285714286,4.755102040816326,7.020408163265306,4.938775510204081,5.142857142857143,0.3979591836734694,4.8979591836734695,13.275510204081632,9.755102040816327,1.7857142857142858,1.653061224489796,18.79591836734694,10.551020408163266,1.7142857142857142,-0.049019607843137254,4.401960784313726,2.3627450980392157,2.950980392156863,9.235294117647058,2.235294117647059,1.0784313725490196,3.4313725490196076,6.96078431372549,3.0392156862745097,4.3431372549019605,1.4215686274509804,2.127450980392157,7.9411764705882355,6.3431372549019605,1.803921568627451,1.0196078431372548,15.068627450980392,7.107843137254902,1.2549019607843137
Q6YP15,7.285714285714286,8.321428571428571,1.3214285714285714,10.642857142857142,23.785714285714285,5.892857142857143,4.535714285714286,8.892857142857142,0.32142857142857145,5.035714285714286,4.0,5.928571428571429,4.607142857142857,12.107142857142858,17.75,6.642857142857143,8.178571428571429,17.392857142857142,9.214285714285714,8.607142857142858,-1.6785714285714286,5.928571428571429,2.0,8.357142857142858,5.571428571428571,3.7857142857142856,5.535714285714286,6.25,8.107142857142858,-0.39285714285714285,-1.0357142857142858,5.392857142857143,1.8571428571428572,-0.10714285714285714,9.821428571428571,2.0,3.0,8.857142857142858,4.75,-0.42857142857142855,5.107142857142857,5.0,5.928571428571429,8.107142857142858,19.5,7.892857142857143,11.178571428571429,10.321428571428571,7.821428571428571,0.6428571428571429,1.5714285714285714,0.6785714285714286,5.821428571428571,10.571428571428571,15.5,10.75,10.964285714285714,28.392857142857142,11.214285714285714,2.5357142857142856,4.464285714285714,2.8214285714285716,0.42857142857142855,1.3214285714285714,15.5,3.107142857142857,4.785714285714286,11.321428571428571,5.392857142857143,7.107142857142857,10.464285714285714,2.0714285714285716,7.535714285714286,9.714285714285714,2.6785714285714284,-0.2857142857142857,5.714285714285714,17.714285714285715,7.428571428571429,4.571428571428571,-0.6071428571428571,3.25,0.9642857142857143,0.07142857142857142,2.857142857142857,0.6071428571428571,0.9285714285714286,5.035714285714286,3.8214285714285716,0.10714285714285714,0.75,2.3214285714285716,2.5714285714285716,3.357142857142857,5.5,0.5714285714285714,0.7142857142857143,6.571428571428571,5.285714285714286,-0.5357142857142857
P54178,0.6071428571428571,0.8571428571428571,-0.25,3.1785714285714284,0.6428571428571429,-0.17857142857142858,1.0,2.9285714285714284,3.25,-1.0357142857142858,-1.0,-2.0,0.32142857142857145,-1.1428571428571428,1.4642857142857142,0.39285714285714285,-0.2857142857142857,5.857142857142857,0.5357142857142857,0.2857142857142857,1.75,3.142857142857143,1.3214285714285714,0.21428571428571427,4.0,2.0,0.42857142857142855,4.678571428571429,2.6785714285714284,3.9642857142857144,3.0357142857142856,0.7857142857142857,2.25,-3.2857142857142856,0.42857142857142855,0.03571428571428571,-0.5357142857142857,1.6785714285714286,-0.8214285714285714,4.035714285714286,-0.10714285714285714,2.0714285714285716,0.8214285714285714,-0.9285714285714286,3.857142857142857,-0.4642857142857143,-0.32142857142857145,3.4285714285714284,0.5714285714285714,-0.14285714285714285,1.5,-0.8571428571428571,1.6428571428571428,0.9642857142857143,-1.0714285714285714,0.5357142857142857,0.21428571428571427,6.678571428571429,1.6071428571428572,-0.25,0.14285714285714285,-0.25,0.35714285714285715,-0.6785714285714286,3.392857142857143,-1.0,-0.9285714285714286,0.6071428571428571,1.25,1.4642857142857142,0.17857142857142858,-1.0,0.42857142857142855,-1.7142857142857142,-0.35714285714285715,-0.10714285714285714,-0.03571428571428571,0.9285714285714286,-0.8571428571428571,0.2857142857142857,0.7096774193548387,0.3548387096774194,0.41935483870967744,-0.22580645161290322,5.193548387096774,-0.4838709677419355,1.096774193548387,2.096774193548387,1.4516129032258065,0.9354838709677419,1.8064516129032258,-0.6129032258064516,0.3870967741935484,1.6129032258064515,3.193548387096774,-0.25806451612903225,0.1935483870967742,5.967741935483871,0.03225806451612903,0.8387096774193549
P29761,0.2923076923076923,1.0076923076923077,0.11538461538461539,1.8307692307692307,3.3461538461538463,0.7615384615384615,1.0384615384615385,1.7384615384615385,2.0615384615384613,0.7846153846153846,1.6538461538461537,0.2230769230769231,0.8307692307692308,2.1615384615384614,2.476923076923077,-0.17692307692307693,0.05384615384615385,5.546153846153846,1.8384615384615384,0.05384615384615385,0.27692307692307694,0.4153846153846154,0.7,0.7230769230769231,3.8461538461538463,0.24615384615384617,0.4076923076923077,1.4,0.5230769230769231,1.5615384615384615,1.2307692307692308,0.03076923076923077,0.6692307692307692,1.4230769230769231,1.976923076923077,0.13846153846153847,0.09230769230769231,3.9076923076923076,0.3,1.1615384615384616,0.16153846153846155,0.7,0.27692307692307694,0.19230769230769232,4.115384615384615,0.45384615384615384,0.3384615384615385,1.0769230769230769,1.3692307692307693,0.8846153846153846,0.8923076923076924,0.5384615384615384,0.6538461538461539,1.0769230769230769,1.1615384615384616,0.1,0.36153846153846153,1.9692307692307693,0.18461538461538463,0.8153846153846154,-0.25384615384615383,0.5846153846153846,0.34615384615384615,-0.038461538461538464,2.6923076923076925,0.27692307692307694,-0.1,0.9923076923076923,0.33076923076923076,0.6153846153846154,0.8384615384615385,0.49230769230769234,0.2153846153846154,1.0153846153846153,1.853846153846154,-0.08461538461538462,0.015384615384615385,0.3153846153846154,-0.06923076923076923,0.13846153846153847,0.09848484848484848,0.946969696969697,0.9924242424242424,1.5454545454545454,4.371212121212121,0.7196969696969697,0.696969696969697,1.9242424242424243,1.378787878787879,1.121212121212121,1.0454545454545454,0.8106060606060606,0.4015151515151515,1.2727272727272727,1.4772727272727273,0.3409090909090909,0.25,2.5,0.7727272727272727,0.5757575757575758
P24943,-0.36486486486486486,4.864864864864865,5.662162162162162,10.797297297297296,6.8108108108108105,2.554054054054054,7.027027027027027,2.9324324324324325,5.418918918918919,-2.5,-0.6891891891891891,2.972972972972973,0.6891891891891891,0.6621621621621622,6.378378378378378,0.16216216216216217,1.445945945945946,8.608108108108109,3.5675675675675675,-1.4054054054054055,-0.40540540540540543,3.945945945945946,0.6891891891891891,3.2027027027027026,5.472972972972973,1.837837837837838,2.324324324324324,0.9594594594594594,3.824324324324324,-2.2027027027027026,-1.4324324324324325,1.7837837837837838,-0.13513513513513514,1.054054054054054,1.445945945945946,-0.24324324324324326,0.33783783783783783,8.54054054054054,3.0945945945945947,-1.0675675675675675,-0.08108108108108109,4.54054054054054,4.756756756756757,7.851351351351352,3.8378378378378377,4.04054054054054,6.837837837837838,2.391891891891892,4.283783783783784,0.4189189189189189,1.2972972972972974,2.7972972972972974,-0.16216216216216217,2.135135135135135,7.45945945945946,1.7297297297297298,0.6756756756756757,6.324324324324325,1.3513513513513513,-0.2702702702702703,0.2972972972972973,6.986486486486487,3.0135135135135136,7.405405405405405,4.472972972972973,4.364864864864865,5.513513513513513,4.6891891891891895,8.162162162162161,0.22972972972972974,0.24324324324324326,4.891891891891892,0.35135135135135137,3.8378378378378377,5.405405405405405,1.0405405405405406,0.8783783783783784,14.31081081081081,7.3108108108108105,0.35135135135135137,0.9066666666666666,5.173333333333333,3.7866666666666666,4.133333333333334,3.1066666666666665,3.48,3.7866666666666666,-0.41333333333333333,7.24,-0.88,-0.37333333333333335,4.453333333333333,0.7333333333333333,3.533333333333333,5.426666666666667,0.9733333333333334,0.6133333333333333,9.693333333333333,6.346666666666667,-0.13333333333333333
P08656,1.6,2.0,-1.9333333333333333,-0.2,6.733333333333333,-1.4,-2.3333333333333335,4.266666666666667,1.2,-1.2666666666666666,-0.8,-0.8,0.3333333333333333,-1.6666666666666667,4.933333333333334,0.4666666666666667,0.6666666666666666,5.266666666666667,0.0,-1.2666666666666666,0.9333333333333333,4.933333333333334,5.533333333333333,10.0,1.6,3.466666666666667,6.2,2.8,6.0,-3.466666666666667,-3.533333333333333,4.933333333333334,-1.7333333333333334,-0.9333333333333333,1.4,2.6,1.0666666666666667,2.3333333333333335,1.1333333333333333,-2.533333333333333,-1.6666666666666667,5.4,3.2,6.133333333333334,3.066666666666667,3.066666666666667,4.666666666666667,4.666666666666667,5.533333333333333,4.066666666666666,3.1333333333333333,4.133333333333334,2.2,1.4,3.6666666666666665,1.1333333333333333,3.0,1.4666666666666666,2.066666666666667,3.8,-0.7333333333333333,2.6,1.3333333333333333,6.0,1.7333333333333334,2.2666666666666666,3.7333333333333334,2.933333333333333,3.7333333333333334,-3.3333333333333335,-2.6666666666666665,2.0,-1.8,0.8,5.133333333333334,-0.06666666666666667,0.06666666666666667,6.6,1.2666666666666666,-2.0,0.3888888888888889,-1.1666666666666667,-0.8333333333333334,0.8333333333333334,-1.4444444444444444,0.05555555555555555,0.8333333333333334,1.5,0.3333333333333333,5.888888888888889,5.333333333333333,-1.1666666666666667,3.8333333333333335,8.944444444444445,-0.5,-0.05555555555555555,-1.5,11.166666666666666,4.833333333333333,3.611111111111111
P75409,0.4166666666666667,0.9629629629629629,1.0185185185185186,2.0277777777777777,4.824074074074074,0.3333333333333333,0.25,1.5185185185185186,0.2777777777777778,2.2777777777777777,2.1481481481481484,0.7870370370370371,1.0277777777777777,1.6574074074074074,2.8333333333333335,0.6851851851851852,0.28703703703703703,4.101851851851852,1.1018518518518519,1.3703703703703705,0.09259259259259259,0.6018518518518519,0.25,1.3796296296296295,2.925925925925926,0.018518518518518517,0.75,1.5462962962962963,0.39814814814814814,0.7407407407407407,1.8611111111111112,0.37962962962962965,0.8240740740740741,3.0555555555555554,0.32407407407407407,0.05555555555555555,0.046296296296296294,3.9166666666666665,1.1018518518518519,-0.16666666666666666,0.39814814814814814,1.4722222222222223,0.4074074074074074,1.1574074074074074,3.574074074074074,0.09259259259259259,0.5925925925925926,3.388888888888889,1.537037037037037,1.9722222222222223,1.7777777777777777,0.6666666666666666,0.7777777777777778,2.3703703703703702,2.2777777777777777,-0.2037037037037037,-0.046296296296296294,4.888888888888889,1.0833333333333333,1.1296296296296295,0.4537037037037037,1.3981481481481481,0.24074074074074073,1.2777777777777777,2.8425925925925926,0.25925925925925924,0.28703703703703703,2.8518518518518516,1.2407407407407407,1.9537037037037037,1.5833333333333333,0.8611111111111112,0.5833333333333334,2.462962962962963,2.0277777777777777,-0.05555555555555555,-0.25925925925925924,3.185185185185185,1.5277777777777777,1.3148148148148149,1.238532110091743,1.4862385321100917,0.981651376146789,1.2293577981651376,4.577981651376147,0.5045871559633027,0.7522935779816514,2.853211009174312,0.28440366972477066,2.0275229357798166,1.688073394495413,0.8440366972477065,0.6055045871559633,2.3577981651376145,3.669724770642202,0.6697247706422018,0.5137614678899083,1.9908256880733946,0.8440366972477065,1.3577981651376148
P09401,0.4050632911392405,0.31645569620253167,0.9620253164556962,2.037974683544304,4.620253164556962,0.35443037974683544,0.6835443037974683,0.7215189873417721,1.4430379746835442,-0.12658227848101267,0.21518987341772153,-0.25316455696202533,-0.27848101265822783,0.5063291139240507,2.1012658227848102,-0.3670886075949367,-0.189873417721519,6.10126582278481,0.7468354430379747,0.21518987341772153,-0.5822784810126582,0.9113924050632911,0.6582278481012658,0.9873417721518988,1.6962025316455696,0.5949367088607594,0.6835443037974683,1.3291139240506329,0.620253164556962,2.9240506329113924,3.2658227848101267,0.7721518987341772,1.9493670886075949,4.924050632911392,1.9240506329113924,-0.012658227848101266,-0.25316455696202533,5.2405063291139244,1.4556962025316456,1.0253164556962024,0.189873417721519,1.0506329113924051,-0.21518987341772153,0.10126582278481013,4.481012658227848,-0.0379746835443038,-0.4430379746835443,0.9746835443037974,0.9113924050632911,1.3037974683544304,0.5189873417721519,0.11392405063291139,0.5316455696202531,1.3924050632911393,1.1518987341772151,0.1518987341772152,0.34177215189873417,2.0,0.620253164556962,0.8860759493670886,0.13924050632911392,0.9746835443037974,-0.10126582278481013,-0.20253164556962025,4.050632911392405,0.3924050632911392,0.4430379746835443,1.4683544303797469,0.6582278481012658,1.8101265822784811,1.2784810126582278,0.5822784810126582,0.35443037974683544,2.7088607594936707,1.2658227848101267,0.25316455696202533,0.4430379746835443,5.227848101265823,1.3164556962025316,1.0253164556962024,-0.1566265060240964,1.3614457831325302,0.8795180722891566,2.2289156626506026,5.289156626506024,0.6506024096385542,0.8795180722891566,1.3734939759036144,0.7108433734939759,3.325301204819277,2.963855421686747,0.7469879518072289,1.5903614457831325,2.8072289156626504,2.3373493975903616,-0.060240963855421686,-0.37349397590361444,5.602409638554217,1.6987951807228916,2.1325301204819276
P10335,-0.109375,1.609375,1.3671875,1.625,8.0390625,1.5859375,1.390625,2.125,1.3046875,2.609375,3.046875,0.8515625,1.9453125,6.4453125,1.375,1.1953125,1.0703125,12.0859375,3.7890625,0.71875,-0.171875,0.2578125,1.1484375,0.0390625,7.9296875,0.53125,1.09375,2.0703125,0.546875,2.515625,3.40625,0.890625,2.4140625,6.8203125,0.359375,0.796875,0.6328125,12.1328125,4.6484375,0.7265625,0.1015625,0.2109375,0.0546875,-0.40625,3.71875,0.1171875,0.09375,0.7109375,0.1484375,0.9453125,1.3046875,0.4453125,0.7265625,0.875,1.1484375,-0.0859375,0.1015625,2.953125,-0.4453125,0.5546875,-0.0546875,0.4609375,0.0390625,0.4765625,2.09375,0.1484375,0.375,0.15625,0.125,0.21875,-0.125,0.1875,0.2109375,0.734375,0.40625,-0.15625,0.1171875,3.125,0.578125,0.2265625,0.4140625,0.328125,0.2578125,0.65625,3.125,0.2109375,0.34375,1.2265625,0.9609375,0.7734375,1.0234375,0.21875,0.5703125,1.71875,1.0,-0.046875,0.1015625,3.046875,0.6015625,0.4609375
P46105,-0.26666666666666666,4.552380952380952,2.3523809523809525,6.095238095238095,4.390476190476191,2.342857142857143,5.561904761904762,0.1619047619047619,5.533333333333333,-1.1714285714285715,-0.6,4.419047619047619,0.2,0.9333333333333333,3.9238095238095236,0.1619047619047619,-0.0761904761904762,2.4095238095238094,1.3714285714285714,-0.8095238095238095,-0.34285714285714286,6.247619047619048,4.514285714285714,10.771428571428572,0.21904761904761905,3.9047619047619047,8.342857142857143,-0.19047619047619047,6.019047619047619,-1.4476190476190476,-0.9333333333333333,7.704761904761905,-0.26666666666666666,-0.9238095238095239,2.2857142857142856,-0.06666666666666667,0.3523809523809524,-0.4,0.4857142857142857,-0.7238095238095238,-0.3047619047619048,2.038095238095238,1.2857142857142858,4.580952380952381,1.6285714285714286,0.38095238095238093,3.323809523809524,0.23809523809523808,2.419047619047619,0.5714285714285714,0.26666666666666666,2.676190476190476,0.09523809523809523,1.438095238095238,1.7047619047619047,0.24761904761904763,0.09523809523809523,-0.0761904761904762,0.7714285714285715,0.3142857142857143,0.02857142857142857,5.419047619047619,2.8095238095238093,10.457142857142857,2.7333333333333334,2.6,9.571428571428571,-1.0,5.504761904761905,-0.23809523809523808,-0.45714285714285713,6.885714285714286,-0.26666666666666666,-1.0571428571428572,3.2476190476190476,-0.24761904761904763,-0.3619047619047619,1.3714285714285714,0.3904761904761905,-0.34285714285714286,0.46296296296296297,0.4444444444444444,1.1851851851851851,0.8888888888888888,2.685185185185185,0.0,0.17592592592592593,0.5740740740740741,1.4814814814814814,-0.08333333333333333,-0.2222222222222222,0.7129629629629629,-0.018518518518518517,0.06481481481481481,-0.14814814814814814,0.027777777777777776,0.0,3.185185185185185,-0.17592592592592593,0.009259259259259259
P0A334,0.9545454545454546,-4.954545454545454,2.090909090909091,6.545454545454546,1.0454545454545454,-0.13636363636363635,2.4545454545454546,5.454545454545454,1.3636363636363635,-3.0454545454545454,-3.590909090909091,-1.6363636363636365,-2.0454545454545454,-1.6363636363636365,4.7727272727272725,-0.36363636363636365,0.36363636363636365,7.0,1.0454545454545454,-1.6818181818181819,-0.45454545454545453,3.1363636363636362,1.1363636363636365,3.227272727272727,2.590909090909091,1.8181818181818181,1.1363636363636365,0.6818181818181818,0.5909090909090909,-1.2272727272727273,-0.45454545454545453,3.0454545454545454,-0.045454545454545456,0.0,3.3181818181818183,-0.045454545454545456,-0.3181818181818182,0.6363636363636364,-0.13636363636363635,-0.22727272727272727,1.4090909090909092,8.136363636363637,4.454545454545454,7.318181818181818,2.0454545454545454,5.2727272727272725,6.181818181818182,2.8181818181818183,4.318181818181818,2.4545454545454546,2.3181818181818183,6.409090909090909,0.09090909090909091,0.6818181818181818,6.409090909090909,3.227272727272727,3.6363636363636362,2.590909090909091,-0.5454545454545454,3.5,0.045454545454545456,1.2272727272727273,1.0909090909090908,3.227272727272727,2.9545454545454546,1.1363636363636365,1.4090909090909092,3.4545454545454546,0.5454545454545454,0.6818181818181818,0.36363636363636365,1.2272727272727273,1.0,-0.5909090909090909,4.2727272727272725,0.2727272727272727,0.36363636363636365,2.9545454545454546,0.5454545454545454,-0.13636363636363635,0.5,2.3636363636363638,0.0,0.5,8.136363636363637,0.4090909090909091,-0.4090909090909091,2.5,-1.8636363636363635,1.5454545454545454,0.45454545454545453,0.0,0.045454545454545456,1.5454545454545454,1.3181818181818181,-0.045454545454545456,0.4090909090909091,4.318181818181818,2.5,1.0
Q02251,-0.38106796116504854,3.2936893203883497,2.5849514563106797,3.8810679611650487,5.293689320388349,2.9902912621359223,3.616504854368932,1.5412621359223302,3.441747572815534,3.8616504854368934,3.9441747572815533,3.837378640776699,2.3349514563106797,6.019417475728155,4.706310679611651,0.47815533980582525,1.1286407766990292,12.570388349514563,5.905339805825243,2.2572815533980584,0.16019417475728157,2.8300970873786406,3.8106796116504853,4.529126213592233,5.313106796116505,1.3810679611650485,2.0436893203883497,5.347087378640777,1.4514563106796117,3.2257281553398056,2.1941747572815533,2.6601941747572817,2.5849514563106797,5.077669902912621,6.723300970873787,0.3616504854368932,0.9490291262135923,12.055825242718447,4.601941747572815,1.720873786407767,0.0970873786407767,1.1820388349514563,1.8009708737864079,1.4878640776699028,3.7233009708737863,1.087378640776699,1.308252427184466,1.9174757281553398,0.8762135922330098,1.8495145631067962,1.6723300970873787,2.0218446601941746,1.1092233009708738,2.1480582524271843,1.9004854368932038,0.0825242718446602,0.2087378640776699,5.109223300970874,2.878640776699029,1.0800970873786409,-0.1383495145631068,1.1359223300970873,0.9296116504854369,0.6407766990291263,2.587378640776699,0.3058252427184466,0.7354368932038835,1.5898058252427185,0.3859223300970874,0.3106796116504854,0.8737864077669902,1.203883495145631,0.7451456310679612,2.2402912621359223,1.2135922330097086,-0.03640776699029126,0.05825242718446602,3.54126213592233,1.8810679611650485,-0.038834951456310676,0.3075060532687651,1.4963680387409202,1.055690072639225,1.854721549636804,4.774818401937046,1.0338983050847457,2.0387409200968523,2.847457627118644,2.0048426150121066,1.0677966101694916,1.305084745762712,2.079903147699758,0.9249394673123487,3.4237288135593222,4.138014527845036,0.06295399515738499,0.3486682808716707,6.9443099273607745,4.11138014527845,0.6779661016949152
Q08430,0.5333333333333333,1.6533333333333333,1.72,1.72,1.8133333333333332,0.10666666666666667,0.41333333333333333,4.133333333333334,1.4666666666666666,0.68,0.30666666666666664,0.8533333333333334,0.6933333333333334,0.36,1.3866666666666667,0.6933333333333334,-0.18666666666666668,2.2533333333333334,0.6666666666666666,0.8,-0.02666666666666667,0.4533333333333333,1.4666666666666666,3.48,3.08,1.3733333333333333,0.9866666666666667,2.0933333333333333,1.7333333333333334,-0.09333333333333334,-0.28,1.2,-0.04,-0.5466666666666666,0.4533333333333333,0.38666666666666666,0.17333333333333334,0.17333333333333334,0.12,0.22666666666666666,-0.18666666666666668,0.92,0.9733333333333334,2.1333333333333333,10.266666666666667,1.5733333333333333,1.2266666666666666,5.16,0.8666666666666667,0.64,0.25333333333333335,1.0133333333333334,-0.8266666666666667,4.653333333333333,7.333333333333333,-0.12,-0.13333333333333333,9.506666666666666,4.8133333333333335,1.8133333333333332,0.96,0.08,1.88,2.2533333333333334,5.546666666666667,-0.5733333333333334,-0.09333333333333334,6.32,0.4266666666666667,1.9066666666666667,0.9066666666666666,1.7466666666666666,1.68,3.3333333333333335,4.68,0.7866666666666666,0.76,8.946666666666667,2.76,1.4533333333333334,2.0632911392405062,-0.1518987341772152,2.6835443037974684,2.962025316455696,6.063291139240507,0.5316455696202531,0.25316455696202533,3.8987341772151898,-1.0126582278481013,1.4177215189873418,2.0,1.9746835443037976,0.012658227848101266,3.6582278481012658,7.075949367088608,0.5316455696202531,1.2658227848101267,9.50632911392405,3.2151898734177213,1.8227848101265822
P54544,-0.13333333333333333,2.422222222222222,0.5777777777777777,2.1555555555555554,3.3555555555555556,0.3333333333333333,1.3777777777777778,0.24444444444444444,1.0222222222222221,-1.2,-0.4444444444444444,1.0,0.35555555555555557,0.37777777777777777,2.4444444444444446,-0.2,0.06666666666666667,1.9111111111111112,0.06666666666666667,-0.15555555555555556,0.4,2.6,3.5555555555555554,8.222222222222221,5.666666666666667,2.7333333333333334,5.444444444444445,4.2,4.0,-0.1111111111111111,-0.8444444444444444,2.7555555555555555,0.37777777777777777,0.35555555555555557,5.644444444444445,0.28888888888888886,-0.4444444444444444,3.888888888888889,0.2222222222222222,-0.5777777777777777,0.6,2.911111111111111,3.577777777777778,8.066666666666666,6.933333333333334,1.9333333333333333,3.5555555555555554,5.555555555555555,5.4,1.2,-0.8666666666666667,2.7333333333333334,-0.8222222222222222,3.311111111111111,4.288888888888889,1.1555555555555554,1.8888888888888888,6.555555555555555,3.066666666666667,1.0222222222222221,0.8666666666666667,4.8,2.066666666666667,2.111111111111111,10.066666666666666,1.2,4.933333333333334,2.1555555555555554,3.6222222222222222,0.06666666666666667,-0.08888888888888889,3.533333333333333,0.7333333333333333,0.37777777777777777,-3.577777777777778,0.37777777777777777,0.6,0.5777777777777777,1.5777777777777777,0.2,0.6666666666666666,9.11111111111111,2.6,13.422222222222222,9.28888888888889,3.3333333333333335,9.533333333333333,3.911111111111111,7.177777777777778,-0.5111111111111111,0.9333333333333333,7.488888888888889,1.1777777777777778,-0.7333333333333333,6.377777777777778,1.1777777777777778,1.4444444444444444,6.311111111111111,0.9555555555555556,0.4666666666666667
P50012,1.2173913043478262,2.9347826086956523,0.6304347826086957,1.2173913043478262,6.760869565217392,1.826086956521739,1.5217391304347827,-0.043478260869565216,-0.6086956521739131,0.2826086956521739,-0.17391304347826086,2.1956521739130435,0.10869565217391304,1.0,-1.1304347826086956,0.0,0.17391304347826086,0.8913043478260869,0.7608695652173914,0.1956521739130435,1.065217391304348,1.2826086956521738,1.5217391304347827,7.630434782608695,6.804347826086956,3.391304347826087,5.695652173913044,0.8043478260869565,5.478260869565218,-2.282608695652174,-1.2391304347826086,1.8695652173913044,-0.32608695652173914,-0.6739130434782609,4.782608695652174,0.043478260869565216,-0.15217391304347827,1.2391304347826086,0.8043478260869565,-2.239130434782609,0.8260869565217391,13.391304347826088,6.021739130434782,15.08695652173913,6.978260869565218,8.543478260869565,13.434782608695652,5.065217391304348,9.173913043478262,-1.608695652173913,-2.3260869565217392,10.456521739130435,-0.021739130434782608,-1.0217391304347827,6.739130434782608,0.5652173913043478,-0.32608695652173914,2.717391304347826,1.391304347826087,-0.4782608695652174,0.5869565217391305,6.934782608695652,4.717391304347826,10.73913043478261,7.673913043478261,5.695652173913044,4.956521739130435,6.217391304347826,1.891304347826087,-0.4782608695652174,-0.717391304347826,5.891304347826087,0.7391304347826086,1.1304347826086956,4.173913043478261,2.4347826086956523,0.717391304347826,5.804347826086956,4.086956521739131,-0.9130434782608695,0.2127659574468085,10.914893617021276,8.446808510638299,10.48936170212766,5.170212765957447,5.127659574468085,6.0,4.170212765957447,1.872340425531915,-0.3617021276595745,-0.6170212765957447,8.340425531914894,-0.7659574468085106,1.2553191489361701,8.680851063829786,1.0212765957446808,1.2127659574468086,7.170212765957447,0.8936170212765957,-1.0212765957446808
P0A4V0,-0.9861111111111112,1.4305555555555556,5.638888888888889,8.625,7.388888888888889,1.6111111111111112,3.9027777777777777,4.611111111111111,5.722222222222222,0.875,1.0972222222222223,0.4305555555555556,2.361111111111111,6.541666666666667,7.625,3.013888888888889,4.847222222222222,14.36111111111111,8.36111111111111,-0.3472222222222222,-0.05555555555555555,3.2222222222222223,2.9583333333333335,3.486111111111111,5.638888888888889,1.7222222222222223,2.0,2.5833333333333335,3.7222222222222223,0.2361111111111111,1.3194444444444444,2.4166666666666665,1.8333333333333333,2.9444444444444446,2.125,2.0277777777777777,0.4305555555555556,17.38888888888889,4.430555555555555,0.125,0.4027777777777778,-1.1111111111111112,-0.1388888888888889,1.1388888888888888,6.777777777777778,-0.013888888888888888,0.0,1.7916666666666667,1.8055555555555556,0.7777777777777778,-0.4027777777777778,-0.20833333333333334,1.0416666666666667,0.6944444444444444,2.0694444444444446,0.9444444444444444,0.6666666666666666,4.763888888888889,-0.2777777777777778,1.0694444444444444,0.05555555555555555,0.8333333333333334,0.027777777777777776,0.7361111111111112,3.861111111111111,0.3194444444444444,-0.25,1.7916666666666667,1.5555555555555556,0.1527777777777778,0.3611111111111111,0.2777777777777778,0.25,0.4166666666666667,3.263888888888889,-0.25,-0.25,4.125,0.4166666666666667,0.09722222222222222,1.04,2.12,-0.5733333333333334,0.8533333333333334,4.293333333333333,0.25333333333333335,-0.29333333333333333,3.1333333333333333,0.52,0.88,0.4533333333333333,1.0533333333333332,0.21333333333333335,0.3466666666666667,3.3066666666666666,0.25333333333333335,0.3466666666666667,3.9066666666666667,0.13333333333333333,0.56
P09616,0.03773584905660377,0.9622641509433962,0.09433962264150944,0.39622641509433965,2.207547169811321,0.2830188679245283,0.3018867924528302,1.2452830188679245,1.9433962264150944,-0.11320754716981132,0.5471698113207547,0.6981132075471698,0.1509433962264151,2.9622641509433962,1.6226415094339623,0.16981132075471697,0.07547169811320754,6.3584905660377355,1.9622641509433962,-0.5094339622641509,0.6037735849056604,0.7547169811320755,-0.32075471698113206,0.18867924528301888,5.528301886792453,0.3018867924528302,-0.03773584905660377,3.30188679245283,1.2075471698113207,2.0943396226415096,2.69811320754717,0.6226415094339622,1.320754716981132,0.4716981132075472,2.9056603773584904,0.018867924528301886,0.11320754716981132,3.3962264150943398,0.7924528301886793,1.5660377358490567,0.3018867924528302,1.0,-0.11320754716981132,0.4339622641509434,4.886792452830188,0.4716981132075472,0.16981132075471697,-0.2830188679245283,1.0754716981132075,2.5283018867924527,2.9622641509433962,0.09433962264150944,1.4339622641509433,1.9622641509433962,2.188679245283019,-0.09433962264150944,1.3018867924528301,4.509433962264151,-0.7735849056603774,1.7547169811320755,0.2641509433962264,-0.09433962264150944,-0.8867924528301887,-0.09433962264150944,4.528301886792453,-0.1320754716981132,0.24528301886792453,0.5660377358490566,0.7169811320754716,1.6226415094339623,0.5283018867924528,-0.07547169811320754,0.09433962264150944,0.41509433962264153,0.18867924528301888,-0.03773584905660377,0.0,1.8113207547169812,-0.4528301886792453,1.169811320754717,0.8245614035087719,-0.7543859649122807,0.017543859649122806,-1.6666666666666667,5.578947368421052,-0.5789473684210527,-0.7192982456140351,1.5789473684210527,-0.5614035087719298,1.7543859649122806,2.192982456140351,-1.0350877192982457,1.2280701754385965,0.9298245614035088,3.6491228070175437,-0.017543859649122806,-0.5087719298245614,2.1403508771929824,0.017543859649122806,0.8596491228070176
P16449,0.2413793103448276,2.8275862068965516,5.206896551724138,8.655172413793103,2.4827586206896552,3.310344827586207,5.103448275862069,7.310344827586207,4.068965517241379,1.6206896551724137,2.0689655172413794,3.5172413793103448,0.896551724137931,2.586206896551724,5.862068965517241,2.9655172413793105,-0.20689655172413793,3.4482758620689653,1.4137931034482758,-0.41379310344827586,0.13793103448275862,4.827586206896552,4.310344827586207,8.344827586206897,4.344827586206897,3.896551724137931,5.310344827586207,5.068965517241379,4.482758620689655,1.3448275862068966,0.7931034482758621,5.206896551724138,-0.3793103448275862,-1.6551724137931034,7.137931034482759,0.3448275862068966,0.7241379310344828,0.034482758620689655,-0.4482758620689655,1.7241379310344827,1.3793103448275863,2.8275862068965516,4.344827586206897,6.689655172413793,4.310344827586207,2.5172413793103448,2.9655172413793105,7.172413793103448,2.586206896551724,0.13793103448275862,0.1724137931034483,4.0344827586206895,-0.13793103448275862,3.413793103448276,7.103448275862069,1.1724137931034482,0.8620689655172413,4.413793103448276,1.5862068965517242,0.6551724137931034,0.41379310344827586,1.4482758620689655,2.3448275862068964,5.551724137931035,3.4482758620689653,0.3103448275862069,1.793103448275862,4.620689655172414,3.206896551724138,-1.6551724137931034,-0.6206896551724138,-0.6206896551724138,-0.6206896551724138,2.8275862068965516,4.068965517241379,-0.8620689655172413,-0.3448275862068966,4.206896551724138,3.103448275862069,-1.6551724137931034,1.0,2.375,1.875,2.84375,2.84375,1.21875,2.78125,6.46875,3.25,1.15625,0.40625,2.375,0.0,0.34375,2.78125,1.34375,0.90625,2.0,0.40625,0.90625
Q8XMP3,3.35,7.82,6.29,10.2,18.23,5.58,5.93,8.95,5.28,6.35,8.09,4.8,7.07,10.25,12.5,5.05,5.42,21.24,5.55,6.99,0.96,0.48,2.12,-0.63,6.92,1.88,0.12,5.76,1.69,4.22,3.74,0.85,2.34,4.69,3.64,2.32,1.77,8.4,2.7,4.63,2.22,5.17,4.85,5.0,11.14,2.28,1.94,6.07,2.93,1.91,0.32,4.18,0.08,3.31,5.57,3.25,3.71,5.81,4.29,2.83,0.01,0.31,0.17,-0.55,6.4,0.35,-0.25,3.02,1.01,0.38,0.23,-0.49,1.15,0.88,0.65,0.31,0.75,4.94,1.34,0.46,0.06862745098039216,0.9607843137254902,0.43137254901960786,-0.7941176470588235,4.676470588235294,0.37254901960784315,-0.5882352941176471,2.2254901960784315,2.1470588235294117,0.47058823529411764,1.9215686274509804,-0.23529411764705882,1.2647058823529411,1.6568627450980393,1.0490196078431373,0.21568627450980393,0.2647058823529412,5.970588235294118,1.303921568627451,0.0196078431372549
Q79VE9,0.28865979381443296,2.752577319587629,2.2268041237113403,3.185567010309278,3.2061855670103094,1.597938144329897,2.2783505154639174,3.8969072164948453,1.597938144329897,1.5876288659793814,1.1443298969072164,2.2061855670103094,0.7216494845360825,1.3402061855670102,3.731958762886598,0.3402061855670103,0.13402061855670103,2.7628865979381443,0.9690721649484536,0.8041237113402062,0.4948453608247423,4.319587628865979,4.412371134020619,5.556701030927835,5.597938144329897,4.103092783505154,5.134020618556701,2.752577319587629,5.010309278350515,0.865979381443299,0.9896907216494846,4.329896907216495,0.38144329896907214,1.6391752577319587,5.88659793814433,1.1958762886597938,0.24742268041237114,2.0309278350515463,1.4329896907216495,0.44329896907216493,0.4742268041237113,3.443298969072165,0.7319587628865979,2.4742268041237114,6.371134020618556,2.0103092783505154,2.8350515463917527,1.8556701030927836,1.824742268041237,-0.15463917525773196,-0.21649484536082475,2.752577319587629,0.23711340206185566,0.6804123711340206,-0.6804123711340206,0.4845360824742268,0.4948453608247423,3.463917525773196,0.5670103092783505,0.5360824742268041,0.4742268041237113,2.5670103092783507,3.0,4.56701030927835,3.1237113402061856,1.0824742268041236,2.6288659793814433,2.402061855670103,2.381443298969072,-0.07216494845360824,-0.1958762886597938,2.195876288659794,0.17525773195876287,-0.1134020618556701,1.556701030927835,0.4948453608247423,-0.1958762886597938,1.0824742268041236,0.010309278350515464,-0.2268041237113402,0.1188118811881188,0.7227722772277227,0.6138613861386139,0.6633663366336634,5.247524752475248,0.2871287128712871,0.27722772277227725,0.9702970297029703,-0.22772277227722773,2.2475247524752477,1.801980198019802,-0.0297029702970297,1.0,3.7524752475247523,1.4851485148514851,0.19801980198019803,0.36633663366336633,6.663366336633663,1.4059405940594059,1.495049504950495
Q8G7W9,1.8636363636363635,1.2386363636363635,1.4659090909090908,3.2045454545454546,6.659090909090909,1.5340909090909092,1.9886363636363635,3.0795454545454546,0.7840909090909091,1.25,0.5340909090909091,1.6818181818181819,-0.5795454545454546,0.5227272727272727,5.068181818181818,1.1590909090909092,1.8068181818181819,4.863636363636363,0.9431818181818182,1.6363636363636365,1.2840909090909092,-0.3409090909090909,0.32954545454545453,0.7613636363636364,3.9886363636363638,0.5227272727272727,0.375,2.784090909090909,-1.0795454545454546,0.9318181818181818,0.7272727272727273,-0.32954545454545453,-0.6704545454545454,1.6022727272727273,1.25,0.48863636363636365,0.9431818181818182,2.977272727272727,0.32954545454545453,0.8295454545454546,0.5909090909090909,0.7386363636363636,2.034090909090909,0.6590909090909091,5.443181818181818,1.2727272727272727,-0.6704545454545454,3.397727272727273,-0.5454545454545454,2.0113636363636362,1.2613636363636365,0.6136363636363636,0.7272727272727273,1.5,4.420454545454546,1.1022727272727273,0.375,2.465909090909091,1.5454545454545454,1.2840909090909092,0.4772727272727273,0.2159090909090909,0.75,1.4545454545454546,3.397727272727273,1.1818181818181819,1.1022727272727273,2.965909090909091,0.5568181818181818,0.5795454545454546,1.2159090909090908,-0.056818181818181816,0.6363636363636364,1.9090909090909092,1.4090909090909092,1.1022727272727273,0.9772727272727273,7.159090909090909,0.8068181818181818,0.5340909090909091,1.125,0.29545454545454547,2.9886363636363638,3.147727272727273,13.352272727272727,0.8863636363636364,-0.11363636363636363,6.9772727272727275,5.079545454545454,2.9545454545454546,3.1818181818181817,-0.42045454545454547,1.7386363636363635,7.75,8.409090909090908,2.8636363636363638,3.090909090909091,11.272727272727273,6.3977272727272725,3.1818181818181817
P39127,1.4901960784313726,1.8823529411764706,4.392156862745098,7.784313725490196,11.843137254901961,0.5490196078431373,2.176470588235294,10.392156862745098,3.1176470588235294,2.1372549019607843,1.2352941176470589,2.6666666666666665,1.6470588235294117,5.921568627450981,9.215686274509803,-0.5686274509803921,-0.43137254901960786,18.705882352941178,8.372549019607844,0.47058823529411764,-0.13725490196078433,0.13725490196078433,2.8627450980392157,2.823529411764706,5.176470588235294,0.9411764705882353,1.0980392156862746,3.3333333333333335,0.7254901960784313,1.5098039215686274,0.43137254901960786,2.980392156862745,-0.1568627450980392,1.7647058823529411,3.9411764705882355,1.0,0.7450980392156863,4.2745098039215685,3.7450980392156863,0.5490196078431373,0.0392156862745098,0.29411764705882354,3.0588235294117645,4.117647058823529,3.627450980392157,0.7843137254901961,-0.0392156862745098,4.019607843137255,-0.13725490196078433,1.4705882352941178,0.3333333333333333,2.7058823529411766,0.9607843137254902,2.3529411764705883,0.0,1.1176470588235294,0.8627450980392157,3.803921568627451,2.4313725490196076,0.9019607843137255,-0.6862745098039216,2.0784313725490198,2.843137254901961,3.6862745098039214,4.882352941176471,1.0588235294117647,2.2549019607843137,1.9607843137254901,1.4509803921568627,0.09803921568627451,-0.6666666666666666,3.8823529411764706,-0.5098039215686274,1.9019607843137254,1.8627450980392157,-0.13725490196078433,0.45098039215686275,5.588235294117647,2.5294117647058822,0.0,-0.25925925925925924,0.8148148148148148,0.24074074074074073,1.3703703703703705,5.611111111111111,0.42592592592592593,-0.1111111111111111,3.5185185185185186,0.09259259259259259,-0.3333333333333333,0.3888888888888889,0.25925925925925924,0.8333333333333334,1.1481481481481481,-0.9259259259259259,-0.2037037037037037,0.2037037037037037,1.0925925925925926,0.4074074074074074,0.3148148148148148
P50589,0.5294117647058824,-1.2352941176470589,1.5294117647058822,2.588235294117647,8.941176470588236,-0.17647058823529413,0.47058823529411764,3.8823529411764706,1.1764705882352942,-0.35294117647058826,2.6470588235294117,-1.0,-0.7647058823529411,6.705882352941177,7.529411764705882,2.176470588235294,2.176470588235294,16.11764705882353,7.9411764705882355,-0.23529411764705882,2.588235294117647,0.11764705882352941,4.352941176470588,6.235294117647059,7.352941176470588,-1.0588235294117647,0.11764705882352941,6.529411764705882,0.11764705882352941,1.7647058823529411,1.7647058823529411,1.2352941176470589,-1.4705882352941178,5.764705882352941,5.176470588235294,1.1764705882352942,0.7647058823529411,9.705882352941176,5.411764705882353,0.8823529411764706,2.5294117647058822,4.529411764705882,5.529411764705882,6.235294117647059,8.470588235294118,7.176470588235294,2.2941176470588234,1.8823529411764706,6.294117647058823,6.705882352941177,9.823529411764707,4.294117647058823,3.0,2.4705882352941178,11.705882352941176,2.5294117647058822,5.470588235294118,15.882352941176471,4.529411764705882,6.823529411764706,3.5294117647058822,7.176470588235294,1.1764705882352942,1.3529411764705883,7.647058823529412,5.0,-1.2352941176470589,11.705882352941176,8.705882352941176,8.941176470588236,8.352941176470589,1.1176470588235294,7.352941176470588,13.294117647058824,4.9411764705882355,2.2941176470588234,2.2941176470588234,21.0,14.294117647058824,6.117647058823529,0.42105263157894735,3.0,4.315789473684211,2.210526315789474,9.421052631578947,2.1578947368421053,-1.894736842105263,4.157894736842105,4.157894736842105,3.0,8.263157894736842,1.5263157894736843,4.842105263157895,6.105263157894737,6.105263157894737,-1.263157894736842,1.3157894736842106,17.736842105263158,5.842105263157895,3.263157894736842
P63713,-0.45977011494252873,-0.22988505747126436,1.4367816091954022,2.1954022988505746,2.8735632183908044,0.25287356321839083,1.2988505747126438,0.8850574712643678,2.367816091954023,1.3333333333333333,0.5862068965517241,0.4367816091954023,0.4942528735632184,3.3333333333333335,-0.06896551724137931,-0.3563218390804598,-0.16091954022988506,2.8620689655172415,2.781609195402299,0.022988505747126436,-0.05747126436781609,-0.5172413793103449,2.3448275862068964,3.4022988505747125,13.724137931034482,2.160919540229885,2.425287356321839,3.528735632183908,0.6666666666666666,3.4827586206896552,1.4942528735632183,2.367816091954023,1.3793103448275863,0.6091954022988506,4.390804597701149,1.0,0.5287356321839081,5.160919540229885,1.103448275862069,3.2528735632183907,0.034482758620689655,1.3333333333333333,1.1724137931034482,0.04597701149425287,2.9080459770114944,0.5287356321839081,-1.0459770114942528,3.218390804597701,1.3103448275862069,-1.5057471264367817,-0.6666666666666666,0.3793103448275862,-1.1264367816091954,1.4022988505747127,4.724137931034483,0.735632183908046,0.7241379310344828,3.7011494252873565,2.103448275862069,-0.6551724137931034,1.8505747126436782,6.517241379310345,6.632183908045977,8.850574712643677,10.413793103448276,4.344827586206897,5.758620689655173,9.471264367816092,2.528735632183908,4.9655172413793105,0.8620689655172413,7.160919540229885,0.4482758620689655,3.8505747126436782,11.735632183908047,3.6436781609195403,2.1724137931034484,15.03448275862069,6.091954022988506,4.413793103448276,2.021978021978022,3.879120879120879,4.34065934065934,6.208791208791209,11.901098901098901,5.5054945054945055,4.252747252747253,8.351648351648352,2.4175824175824174,3.879120879120879,2.758241758241758,5.230769230769231,0.27472527472527475,1.3516483516483517,4.263736263736264,3.7032967032967035,3.2637362637362637,3.912087912087912,3.802197802197802,3.912087912087912
P30234,0.09375,1.203125,2.046875,2.03125,5.421875,0.65625,-0.515625,2.28125,1.65625,0.359375,0.921875,0.75,0.875,3.0625,2.1875,0.40625,0.609375,7.984375,3.140625,0.703125,0.359375,0.15625,1.609375,1.828125,5.21875,0.40625,0.125,1.578125,1.875,-0.875,0.578125,0.1875,0.890625,1.140625,1.125,0.84375,0.28125,4.328125,0.109375,0.640625,-0.15625,1.78125,1.9375,3.34375,3.71875,0.703125,1.0,0.53125,1.375,1.046875,0.84375,0.421875,0.359375,2.171875,1.15625,-0.046875,-0.0625,6.265625,1.984375,0.578125,0.0,2.015625,0.453125,0.78125,2.5625,0.734375,0.828125,2.25,1.546875,0.84375,1.234375,-0.5625,1.234375,2.640625,-0.171875,0.515625,0.4375,8.546875,1.578125,0.3125,-0.15384615384615385,1.4461538461538461,0.2923076923076923,0.8,4.3076923076923075,0.046153846153846156,-0.5538461538461539,1.646153846153846,0.4307692307692308,0.2153846153846154,-0.5230769230769231,0.38461538461538464,0.4,1.6153846153846154,0.9076923076923077,-0.09230769230769231,-0.49230769230769234,7.2,0.5692307692307692,0.12307692307692308
P0A512,3.8125,2.125,5.025,11.6875,9.25,4.475,9.3375,3.575,3.4125,3.85,1.2625,2.3875,1.8625,-0.875,4.4625,2.7125,2.5875,5.375,3.4625,4.5625,1.25,2.175,1.0,1.2875,6.55,1.3375,-0.5125,5.475,0.9,-1.2625,-1.2875,0.125,-2.575,0.5125,8.45,0.1625,0.4625,11.9375,4.4625,0.45,0.55,4.6375,-0.65,0.675,10.2125,2.1375,-0.4125,3.9375,3.15,-1.65,-0.4375,1.0875,-1.8,1.65,8.825,0.5875,1.5375,11.35,3.7,1.225,4.2875,5.15,5.95,7.1125,6.5125,3.8,6.3625,11.6875,2.85,4.4125,3.025,5.1125,2.1125,7.5125,5.0875,4.2875,2.3,15.9125,6.7375,2.875,0.5679012345679012,4.530864197530864,4.185185185185185,8.580246913580247,9.864197530864198,2.7160493827160495,4.432098765432099,6.604938271604938,3.728395061728395,4.506172839506172,2.197530864197531,3.2962962962962963,1.2592592592592593,4.493827160493828,4.679012345679013,1.8024691358024691,2.0123456790123457,10.765432098765432,4.777777777777778,2.123456790123457
P06886,0.0,1.5833333333333333,0.027777777777777776,1.8333333333333333,3.1666666666666665,0.6388888888888888,1.5,3.611111111111111,2.611111111111111,0.16666666666666666,1.6944444444444444,0.19444444444444445,0.9166666666666666,1.8888888888888888,-1.8333333333333333,0.6111111111111112,0.5833333333333334,6.861111111111111,1.5,0.19444444444444445,1.25,0.3888888888888889,-0.16666666666666666,1.0833333333333333,4.555555555555555,-0.75,-0.16666666666666666,2.2222222222222223,0.2222222222222222,1.9722222222222223,1.5277777777777777,0.25,0.8888888888888888,1.1388888888888888,3.2222222222222223,-0.3611111111111111,0.25,1.0833333333333333,-1.0833333333333333,1.6111111111111112,0.4166666666666667,0.7777777777777778,-0.2222222222222222,-0.9166666666666666,5.027777777777778,-0.3611111111111111,0.1111111111111111,-0.3055555555555556,-0.3055555555555556,0.5277777777777778,1.8333333333333333,-0.05555555555555555,1.5,0.08333333333333333,0.9722222222222222,-0.25,0.25,4.222222222222222,-1.2222222222222223,0.2222222222222222,1.1666666666666667,-0.7777777777777778,1.5277777777777777,1.4444444444444444,6.888888888888889,-1.0555555555555556,-0.9722222222222222,3.5,1.0833333333333333,-0.5555555555555556,1.1944444444444444,-1.6666666666666667,0.6111111111111112,-0.25,3.888888888888889,0.75,0.3333333333333333,5.583333333333333,-0.5277777777777778,0.6388888888888888,0.675,0.075,1.125,0.55,6.325,0.2,0.55,2.0,1.175,1.75,2.225,0.025,0.55,2.525,1.825,-0.075,0.175,7.5,2.35,2.05
Q01467,-0.3333333333333333,2.9166666666666665,3.25,7.083333333333333,4.166666666666667,2.0833333333333335,2.9166666666666665,7.625,3.625,2.5833333333333335,0.0,2.8333333333333335,2.125,1.1666666666666667,4.958333333333333,-0.7083333333333334,-0.875,5.875,1.4166666666666667,2.625,-0.8333333333333334,2.75,0.75,5.416666666666667,3.7083333333333335,-0.125,2.3333333333333335,4.125,-0.041666666666666664,-2.75,-1.5833333333333333,2.1666666666666665,0.4583333333333333,-4.416666666666667,4.791666666666667,0.375,0.9166666666666666,3.375,-0.9583333333333334,-1.2083333333333333,-0.6666666666666666,3.2083333333333335,1.5,6.916666666666667,1.875,1.9583333333333333,3.1666666666666665,1.125,3.2083333333333335,1.875,1.8333333333333333,1.9166666666666667,2.0416666666666665,-2.9166666666666665,5.25,0.20833333333333334,0.16666666666666666,2.625,-0.5,1.6666666666666667,1.375,3.75,4.625,6.0,1.9166666666666667,1.1666666666666667,2.625,7.166666666666667,2.2083333333333335,0.08333333333333333,-0.20833333333333334,4.0,-0.875,-0.7083333333333334,6.708333333333333,2.375,0.75,4.125,-0.25,-0.375,-0.5769230769230769,1.3076923076923077,3.1923076923076925,4.153846153846154,3.576923076923077,1.3461538461538463,1.1153846153846154,7.384615384615385,3.9615384615384617,-0.5,-0.9615384615384616,1.8846153846153846,-0.07692307692307693,-3.076923076923077,3.1538461538461537,0.9230769230769231,0.46153846153846156,5.038461538461538,0.5,0.38461538461538464
P13692,0.043010752688172046,0.22580645161290322,0.2903225806451613,0.5376344086021505,7.365591397849462,1.3548387096774193,2.096774193548387,5.075268817204301,2.225806451612903,3.053763440860215,1.913978494623656,1.3225806451612903,1.8494623655913978,7.849462365591398,5.21505376344086,0.26881720430107525,-0.17204301075268819,12.161290322580646,5.462365591397849,1.7849462365591398,0.06451612903225806,0.2903225806451613,-0.12903225806451613,0.4946236559139785,7.827956989247312,1.7311827956989247,3.3333333333333335,4.161290322580645,0.7956989247311828,2.827956989247312,1.7526881720430108,1.3010752688172043,0.8602150537634409,7.655913978494624,3.7311827956989245,0.010752688172043012,0.03225806451612903,11.516129032258064,4.387096774193548,1.2150537634408602,0.3118279569892473,0.12903225806451613,0.10752688172043011,0.13978494623655913,6.419354838709677,1.8602150537634408,2.2688172043010755,2.6559139784946235,0.8817204301075269,1.5268817204301075,0.6451612903225806,0.6451612903225806,0.6881720430107527,6.548387096774194,1.7849462365591398,0.3978494623655914,0.06451612903225806,8.440860215053764,3.946236559139785,0.8064516129032258,0.10752688172043011,-0.021505376344086023,1.1397849462365592,0.23655913978494625,5.870967741935484,0.1827956989247312,0.3978494623655914,0.43010752688172044,1.086021505376344,1.7634408602150538,2.139784946236559,0.15053763440860216,1.6774193548387097,5.419354838709677,0.3333333333333333,1.3010752688172043,1.5806451612903225,8.935483870967742,3.956989247311828,0.6774193548387096,0.2872340425531915,1.4787234042553192,1.1702127659574468,2.393617021276596,5.170212765957447,1.351063829787234,2.5,1.7659574468085106,0.7340425531914894,1.8297872340425532,2.202127659574468,1.4361702127659575,1.3297872340425532,3.0425531914893615,3.074468085106383,0.2765957446808511,0.2127659574468085,5.031914893617022,2.021276595744681,0.925531914893617
P39804,0.0,1.0,-2.0,-2.4615384615384617,4.0,0.9230769230769231,0.23076923076923078,4.153846153846154,1.2307692307692308,-2.3846153846153846,-1.0,-0.46153846153846156,-0.7692307692307693,1.4615384615384615,1.5384615384615385,-0.38461538461538464,0.5384615384615384,7.076923076923077,1.5384615384615385,-2.1538461538461537,0.5384615384615384,1.7692307692307692,0.6923076923076923,2.6153846153846154,5.0,1.5384615384615385,3.0,3.230769230769231,0.9230769230769231,3.6153846153846154,3.1538461538461537,1.5384615384615385,1.0769230769230769,3.3076923076923075,4.3076923076923075,1.0769230769230769,1.0769230769230769,4.0,1.0769230769230769,1.3846153846153846,0.6153846153846154,-1.5384615384615385,0.8461538461538461,2.4615384615384617,5.0,-0.5384615384615384,1.0769230769230769,4.153846153846154,-0.15384615384615385,2.6153846153846154,2.4615384615384617,-0.7692307692307693,0.5384615384615384,3.4615384615384617,3.3846153846153846,0.6153846153846154,0.6153846153846154,5.230769230769231,6.230769230769231,1.2307692307692308,0.9230769230769231,1.9230769230769231,1.3846153846153846,1.0769230769230769,5.384615384615385,0.7692307692307693,2.5384615384615383,2.6153846153846154,1.3076923076923077,3.076923076923077,2.923076923076923,0.38461538461538464,1.3076923076923077,1.0,-1.3076923076923077,-0.15384615384615385,0.9230769230769231,2.6153846153846154,0.15384615384615385,2.230769230769231,-0.11764705882352941,-1.2352941176470589,-1.3529411764705883,1.4705882352941178,4.647058823529412,0.5882352941176471,1.3529411764705883,3.9411764705882355,0.47058823529411764,0.11764705882352941,0.29411764705882354,-0.8235294117647058,-0.11764705882352941,2.4705882352941178,2.764705882352941,-0.058823529411764705,-0.23529411764705882,5.117647058823529,0.7647058823529411,-1.7058823529411764
Q46338,-0.5333333333333333,0.4666666666666667,1.6,1.8,2.2666666666666666,0.3333333333333333,0.7,1.3333333333333333,1.3333333333333333,1.1333333333333333,0.6666666666666666,0.5666666666666667,-0.06666666666666667,3.466666666666667,1.2,-0.5666666666666667,-0.4,6.9,2.6,0.6,-0.7666666666666667,1.8666666666666667,1.3,1.8333333333333333,2.3333333333333335,0.4,0.9,-0.3,2.3333333333333335,0.9666666666666667,0.9666666666666667,1.1333333333333333,0.5666666666666667,3.2666666666666666,1.4,-0.4666666666666667,-0.03333333333333333,7.166666666666667,3.033333333333333,-0.26666666666666666,-1.5333333333333334,2.1,2.033333333333333,1.1666666666666667,2.8666666666666667,-0.16666666666666666,-0.23333333333333334,0.8666666666666667,3.2666666666666666,2.2333333333333334,1.7333333333333334,1.0,1.1,3.8,0.2,0.06666666666666667,0.3,5.933333333333334,3.1333333333333333,1.2333333333333334,-0.36666666666666664,2.1666666666666665,1.0,2.433333333333333,0.5333333333333333,0.9333333333333333,1.4,3.3333333333333335,1.1666666666666667,1.4333333333333333,1.2666666666666666,1.2333333333333334,0.9,3.8,0.16666666666666666,0.6666666666666666,-0.03333333333333333,7.466666666666667,2.9,0.3,0.7878787878787878,0.8181818181818182,1.7575757575757576,1.7878787878787878,3.606060606060606,-0.18181818181818182,-0.6060606060606061,4.7272727272727275,1.4848484848484849,1.121212121212121,1.0909090909090908,0.7575757575757576,0.24242424242424243,0.24242424242424243,1.6363636363636365,0.3333333333333333,-0.030303030303030304,-0.09090909090909091,0.45454545454545453,0.42424242424242425
Q9Z4P6,0.20689655172413793,1.646551724137931,0.5948275862068966,1.7672413793103448,2.0,0.6637931034482759,0.7844827586206896,1.0086206896551724,2.7758620689655173,1.9051724137931034,1.6379310344827587,0.3879310344827586,1.1810344827586208,4.2844827586206895,2.206896551724138,-0.06896551724137931,0.08620689655172414,8.370689655172415,3.3620689655172415,1.0948275862068966,0.6379310344827587,0.39655172413793105,0.7758620689655172,1.396551724137931,3.5,-0.1896551724137931,-0.14655172413793102,2.0775862068965516,1.7758620689655173,-0.6810344827586207,0.4827586206896552,-0.3706896551724138,0.35344827586206895,2.913793103448276,0.3103448275862069,0.09482758620689655,-0.008620689655172414,7.362068965517241,2.163793103448276,-0.7586206896551724,-0.04310344827586207,0.6120689655172413,0.39655172413793105,0.3706896551724138,2.7413793103448274,0.06896551724137931,-0.29310344827586204,0.23275862068965517,1.0258620689655173,-0.5086206896551724,-0.08620689655172414,0.16379310344827586,-0.2413793103448276,2.1551724137931036,1.9482758620689655,0.14655172413793102,0.14655172413793102,4.724137931034483,2.060344827586207,-0.603448275862069,0.1724137931034483,1.2844827586206897,0.28448275862068967,0.4482758620689655,2.8017241379310347,-0.05172413793103448,-0.12931034482758622,1.6637931034482758,0.6120689655172413,0.8706896551724138,1.0689655172413792,0.4051724137931034,0.5344827586206896,1.2758620689655173,1.4224137931034482,0.12931034482758622,0.08620689655172414,4.0,1.3103448275862069,0.3103448275862069,0.29310344827586204,0.7758620689655172,0.7586206896551724,0.8448275862068966,3.1379310344827585,0.1206896551724138,-0.29310344827586204,2.6379310344827585,1.5172413793103448,1.6551724137931034,1.4482758620689655,0.25,0.7068965517241379,3.3879310344827585,2.206896551724138,0.16379310344827586,0.2413793103448276,7.543103448275862,2.0086206896551726,0.896551724137931
Q9CJ45,-0.047619047619047616,0.23809523809523808,1.3095238095238095,3.3095238095238093,2.642857142857143,0.6428571428571429,1.6666666666666667,3.0476190476190474,2.3095238095238093,-0.19047619047619047,1.7619047619047619,0.47619047619047616,0.7619047619047619,4.5,3.0238095238095237,0.42857142857142855,0.5,8.166666666666666,3.9285714285714284,-1.0476190476190477,1.119047619047619,-0.2619047619047619,-0.7619047619047619,1.4761904761904763,5.166666666666667,0.4523809523809524,1.880952380952381,4.5,1.5952380952380953,0.4523809523809524,1.3333333333333333,-0.21428571428571427,0.0,0.9523809523809523,2.142857142857143,0.30952380952380953,-0.07142857142857142,7.619047619047619,1.6666666666666667,0.6190476190476191,1.4761904761904763,3.4523809523809526,0.7142857142857143,-0.5952380952380952,6.380952380952381,2.5714285714285716,1.9285714285714286,3.0714285714285716,4.285714285714286,1.4761904761904763,1.5714285714285714,2.0,1.2142857142857142,4.023809523809524,5.785714285714286,1.7857142857142858,-0.38095238095238093,6.928571428571429,5.142857142857143,-0.30952380952380953,-0.47619047619047616,1.7142857142857142,0.30952380952380953,2.238095238095238,7.309523809523809,1.5714285714285714,2.4285714285714284,5.071428571428571,1.380952380952381,2.7857142857142856,3.238095238095238,1.1666666666666667,2.4285714285714284,7.071428571428571,6.666666666666667,0.30952380952380953,0.6904761904761905,10.642857142857142,5.380952380952381,1.3571428571428572,0.8863636363636364,2.5,1.6818181818181819,3.5454545454545454,8.022727272727273,2.2045454545454546,0.8409090909090909,2.0454545454545454,5.090909090909091,-1.1590909090909092,-0.4090909090909091,1.2727272727272727,-0.11363636363636363,3.1136363636363638,6.818181818181818,-0.9772727272727273,0.5909090909090909,10.75,4.386363636363637,-0.5681818181818182
Q2FZE2,0.7272727272727273,1.0909090909090908,1.2727272727272727,1.6363636363636365,6.7272727272727275,-0.2727272727272727,-0.7272727272727273,2.727272727272727,3.6363636363636362,0.18181818181818182,2.0,0.45454545454545453,1.8181818181818181,1.9090909090909092,2.6363636363636362,1.4545454545454546,-0.36363636363636365,8.090909090909092,2.272727272727273,-0.8181818181818182,0.6363636363636364,0.0,-0.09090909090909091,-0.5454545454545454,7.090909090909091,-1.1818181818181819,-4.818181818181818,4.0,2.1818181818181817,0.8181818181818182,-0.45454545454545453,-2.8181818181818183,0.36363636363636365,-3.5454545454545454,2.4545454545454546,0.7272727272727273,0.45454545454545453,3.272727272727273,0.18181818181818182,0.18181818181818182,0.8181818181818182,2.0,0.5454545454545454,-5.0,7.909090909090909,0.09090909090909091,-0.36363636363636365,3.5454545454545454,2.090909090909091,3.6363636363636362,4.636363636363637,0.45454545454545453,1.2727272727272727,1.6363636363636365,2.6363636363636362,0.09090909090909091,1.6363636363636365,1.1818181818181819,-0.5454545454545454,2.3636363636363638,2.1818181818181817,-1.5454545454545454,0.5454545454545454,2.0,7.090909090909091,0.6363636363636364,0.36363636363636365,2.0,-2.3636363636363638,4.0,3.6363636363636362,-1.1818181818181819,1.6363636363636365,0.45454545454545453,3.3636363636363638,1.0,1.0,0.7272727272727273,2.090909090909091,1.5454545454545454,0.38461538461538464,0.8461538461538461,1.7692307692307692,-1.3846153846153846,5.769230769230769,0.15384615384615385,0.38461538461538464,0.7692307692307693,3.230769230769231,2.6153846153846154,1.3846153846153846,0.9230769230769231,1.0,-2.6923076923076925,1.4615384615384615,0.5384615384615384,0.46153846153846156,4.615384615384615,-3.6153846153846154,1.5384615384615385
P60611,-0.8717948717948718,-0.46153846153846156,4.3076923076923075,3.2564102564102564,2.3333333333333335,1.8974358974358974,3.4871794871794872,7.102564102564102,2.0256410256410255,3.641025641025641,1.5384615384615385,2.9743589743589745,2.051282051282051,2.0256410256410255,10.897435897435898,2.871794871794872,1.1025641025641026,10.820512820512821,3.769230769230769,2.6666666666666665,0.9487179487179487,1.8717948717948718,8.025641025641026,3.3846153846153846,6.153846153846154,3.6153846153846154,2.8205128205128207,7.435897435897436,5.461538461538462,0.5641025641025641,0.15384615384615385,0.5384615384615384,1.2307692307692308,6.410256410256411,14.948717948717949,4.153846153846154,0.8974358974358975,16.153846153846153,8.717948717948717,1.5128205128205128,-0.20512820512820512,0.2564102564102564,1.0256410256410255,0.6410256410256411,4.9743589743589745,0.10256410256410256,0.2564102564102564,3.641025641025641,0.20512820512820512,-0.8205128205128205,-0.6923076923076923,0.1794871794871795,0.23076923076923078,2.1794871794871793,-0.05128205128205128,0.48717948717948717,0.3076923076923077,5.512820512820513,1.9487179487179487,-1.1794871794871795,0.6923076923076923,-0.1282051282051282,0.7948717948717948,1.2564102564102564,6.384615384615385,-0.5897435897435898,-0.41025641025641024,1.9487179487179487,-0.2564102564102564,0.41025641025641024,-0.1282051282051282,-0.7435897435897436,0.0,2.282051282051282,0.8717948717948718,0.5897435897435898,0.1794871794871795,8.025641025641026,0.358974358974359,0.8974358974358975,0.825,0.725,1.975,2.325,6.725,1.225,1.15,3.05,-0.65,0.975,0.6,1.55,-0.875,3.875,5.075,1.2,0.4,9.925,2.275,0.825
P38645,0.6428571428571429,3.0238095238095237,1.9642857142857142,-0.023809523809523808,7.976190476190476,2.0714285714285716,1.3095238095238095,0.8333333333333334,3.2738095238095237,5.75,6.071428571428571,1.9761904761904763,3.6904761904761907,2.988095238095238,5.273809523809524,0.08333333333333333,0.9285714285714286,6.309523809523809,2.1785714285714284,4.642857142857143,3.369047619047619,3.0357142857142856,1.4404761904761905,2.619047619047619,16.035714285714285,3.8452380952380953,0.6071428571428571,7.690476190476191,4.880952380952381,4.619047619047619,5.238095238095238,2.4761904761904763,5.964285714285714,3.3214285714285716,12.583333333333334,1.9642857142857142,4.154761904761905,11.023809523809524,4.4523809523809526,6.476190476190476,-0.05952380952380952,2.7261904761904763,1.6666666666666667,3.5714285714285716,3.607142857142857,1.2142857142857142,2.0833333333333335,3.261904761904762,0.9642857142857143,2.7857142857142856,2.5,0.75,0.2976190476190476,2.6904761904761907,2.0595238095238093,0.40476190476190477,1.1785714285714286,5.166666666666667,-0.27380952380952384,2.0833333333333335,2.4166666666666665,1.4285714285714286,0.5714285714285714,1.630952380952381,8.928571428571429,0.8571428571428571,0.6309523809523809,4.285714285714286,1.6071428571428572,2.119047619047619,2.857142857142857,-0.2261904761904762,1.5595238095238095,1.130952380952381,3.25,1.8333333333333333,1.3928571428571428,7.345238095238095,0.9523809523809523,2.3452380952380953,4.275862068965517,4.689655172413793,4.35632183908046,5.9655172413793105,14.275862068965518,5.310344827586207,3.8275862068965516,10.32183908045977,4.781609195402299,7.7011494252873565,5.091954022988506,1.8505747126436782,4.2988505747126435,3.5057471264367814,14.954022988505747,2.574712643678161,4.367816091954023,13.264367816091953,1.2413793103448276,6.252873563218391
P56220,-0.18181818181818182,-0.045454545454545456,0.6818181818181818,2.840909090909091,7.113636363636363,0.75,1.1590909090909092,4.318181818181818,3.2045454545454546,0.6590909090909091,1.2045454545454546,0.022727272727272728,1.6590909090909092,6.613636363636363,4.636363636363637,0.3181818181818182,-0.38636363636363635,10.090909090909092,5.045454545454546,0.5,-0.1590909090909091,-0.2727272727272727,0.09090909090909091,1.1136363636363635,3.3863636363636362,0.5,-0.022727272727272728,1.2727272727272727,0.0,0.7045454545454546,1.5454545454545454,0.3409090909090909,0.6363636363636364,1.3181818181818181,1.3636363636363635,0.18181818181818182,0.4318181818181818,5.636363636363637,1.25,0.6590909090909091,1.0909090909090908,4.931818181818182,1.9090909090909092,1.5227272727272727,5.068181818181818,3.1363636363636362,2.4545454545454546,0.7045454545454546,0.6590909090909091,1.0227272727272727,3.590909090909091,3.159090909090909,2.6818181818181817,6.045454545454546,5.795454545454546,0.45454545454545453,-0.6136363636363636,11.159090909090908,5.181818181818182,0.2727272727272727,0.09090909090909091,2.25,0.5227272727272727,2.1136363636363638,5.363636363636363,3.0681818181818183,2.7954545454545454,0.25,2.159090909090909,-0.4318181818181818,3.4545454545454546,2.0,2.409090909090909,5.818181818181818,4.681818181818182,-0.045454545454545456,-0.8636363636363636,13.0,5.7727272727272725,-1.0681818181818181,0.0,0.8125,0.3958333333333333,1.2291666666666667,3.1041666666666665,0.5833333333333334,0.8958333333333334,1.9375,2.125,0.4375,0.7291666666666666,-0.5625,0.5625,3.7916666666666665,1.6666666666666667,0.10416666666666667,-0.3125,7.0,2.6458333333333335,0.125
P21608,0.16666666666666666,3.1794871794871793,2.7564102564102564,4.102564102564102,4.038461538461538,2.2564102564102564,2.628205128205128,1.2564102564102564,1.8974358974358974,0.16666666666666666,0.21794871794871795,2.051282051282051,-0.34615384615384615,0.6025641025641025,3.141025641025641,0.8717948717948718,0.23076923076923078,4.358974358974359,1.0,0.15384615384615385,-0.1282051282051282,2.7564102564102564,1.3205128205128205,4.5,2.8461538461538463,2.1666666666666665,2.8461538461538463,-0.05128205128205128,3.1666666666666665,-0.8717948717948718,-1.2179487179487178,1.5769230769230769,0.01282051282051282,-0.717948717948718,5.1923076923076925,-0.2692307692307692,-0.02564102564102564,5.012820512820513,0.5,-0.8717948717948718,0.16666666666666666,2.1666666666666665,1.2564102564102564,2.641025641025641,3.6794871794871793,1.1025641025641026,1.5897435897435896,-1.9743589743589745,2.4871794871794872,-0.4358974358974359,0.14102564102564102,0.8333333333333334,-0.3717948717948718,1.1666666666666667,3.4871794871794872,0.14102564102564102,0.4358974358974359,6.064102564102564,1.435897435897436,-0.07692307692307693,0.3974358974358974,2.628205128205128,2.2435897435897436,4.0256410256410255,2.2435897435897436,1.641025641025641,2.9358974358974357,2.41025641025641,2.628205128205128,-0.3717948717948718,-0.1282051282051282,1.7692307692307692,-0.10256410256410256,0.8974358974358975,2.8076923076923075,1.0256410256410255,0.10256410256410256,4.128205128205129,0.8076923076923077,-0.9102564102564102,-0.725,3.1375,1.5375,4.375,1.075,1.8375,3.1125,-1.4,4.175,-0.1375,-0.1375,2.55,-0.1625,1.2125,4.1875,-0.325,-0.1875,4.275,2.075,-0.4875
P34959,-0.5714285714285714,-0.14285714285714285,1.0,2.2142857142857144,5.785714285714286,-0.21428571428571427,-1.1428571428571428,2.857142857142857,-1.8571428571428572,-1.7857142857142858,0.5,-0.9285714285714286,1.2142857142857142,-0.42857142857142855,2.7142857142857144,-1.5,0.35714285714285715,-0.6428571428571429,-1.5714285714285714,-0.7857142857142857,0.8571428571428571,3.142857142857143,2.642857142857143,2.5714285714285716,4.214285714285714,2.857142857142857,3.357142857142857,2.2857142857142856,2.142857142857143,2.357142857142857,1.0714285714285714,2.4285714285714284,0.7142857142857143,1.8571428571428572,5.285714285714286,0.21428571428571427,1.7857142857142858,8.142857142857142,-0.5714285714285714,1.0,-0.14285714285714285,2.4285714285714284,3.0,4.571428571428571,2.2857142857142856,1.8571428571428572,2.2142857142857144,2.5,2.2142857142857144,1.5714285714285714,1.3571428571428572,1.8571428571428572,-0.2857142857142857,1.7142857142857142,8.928571428571429,0.9285714285714286,1.5714285714285714,4.928571428571429,-1.0714285714285714,0.8571428571428571,0.5,6.5,5.0,10.0,2.7142857142857144,4.714285714285714,7.285714285714286,2.5,7.142857142857143,1.0,1.2142857142857142,5.142857142857143,1.0,2.7142857142857144,7.214285714285714,1.7857142857142858,1.0,0.42857142857142855,0.7857142857142857,0.07142857142857142,-0.2222222222222222,2.0555555555555554,0.5555555555555556,-1.2222222222222223,7.0,0.2777777777777778,-0.7222222222222222,1.0,-1.8333333333333333,9.777777777777779,8.944444444444445,0.8888888888888888,4.166666666666667,5.944444444444445,-0.2777777777777778,-0.4444444444444444,0.9444444444444444,9.777777777777779,0.7222222222222222,7.444444444444445
A2RMA8,0.4044943820224719,2.561797752808989,2.0,5.393258426966292,3.191011235955056,1.4382022471910112,2.932584269662921,1.4269662921348314,3.741573033707865,-1.0,-0.5168539325842697,2.258426966292135,-0.43820224719101125,-0.5955056179775281,4.067415730337078,0.06741573033707865,-0.4044943820224719,1.404494382022472,0.8764044943820225,-0.16853932584269662,-0.9438202247191011,5.617977528089888,3.3820224719101124,6.876404494382022,0.8651685393258427,3.6179775280898876,4.966292134831461,0.02247191011235955,5.46067415730337,-0.7415730337078652,-0.9550561797752809,4.674157303370786,-0.7303370786516854,-0.7865168539325843,2.4719101123595504,0.10112359550561797,0.550561797752809,3.595505617977528,1.1348314606741574,-0.3258426966292135,-0.1348314606741573,-0.2808988764044944,0.5393258426966292,0.7752808988764045,1.5280898876404494,0.12359550561797752,-0.0449438202247191,1.4719101123595506,1.2696629213483146,-0.1797752808988764,-0.48314606741573035,-0.42696629213483145,-0.07865168539325842,-0.25842696629213485,-0.1348314606741573,0.0,0.06741573033707865,0.16853932584269662,1.1685393258426966,-0.033707865168539325,0.4044943820224719,2.359550561797753,2.640449438202247,6.123595505617978,3.202247191011236,2.134831460674157,4.943820224719101,2.2247191011235956,2.7191011235955056,-1.0224719101123596,-0.7078651685393258,2.550561797752809,-0.6292134831460674,-0.9325842696629213,1.8876404494382022,0.06741573033707865,-0.07865168539325842,5.022471910112359,1.9101123595505618,-0.033707865168539325,0.14285714285714285,4.5054945054945055,2.318681318681319,4.637362637362638,1.5824175824175823,1.6043956043956045,2.681318681318681,1.3296703296703296,4.021978021978022,-0.5824175824175825,-0.989010989010989,2.802197802197802,-0.4065934065934066,-1.89010989010989,3.758241758241758,0.16483516483516483,-0.15384615384615385,0.4945054945054945,0.0989010989010989,-0.3516483516483517
P35165,1.5,-0.2857142857142857,0.5357142857142857,-0.9642857142857143,6.714285714285714,-0.17857142857142858,-0.17857142857142858,4.0,-0.9642857142857143,1.6428571428571428,0.03571428571428571,0.5357142857142857,1.5357142857142858,2.142857142857143,4.964285714285714,0.17857142857142858,0.6428571428571429,8.464285714285714,2.8214285714285716,2.142857142857143,0.6785714285714286,-2.0,1.4285714285714286,1.1071428571428572,6.071428571428571,0.42857142857142855,1.9642857142857142,4.857142857142857,1.3928571428571428,-2.7857142857142856,-0.8214285714285714,-0.35714285714285715,0.5714285714285714,1.5714285714285714,4.428571428571429,0.4642857142857143,-0.32142857142857145,4.571428571428571,1.5,-0.14285714285714285,0.10714285714285714,-0.03571428571428571,0.5357142857142857,1.7857142857142858,5.357142857142857,-0.5357142857142857,0.8928571428571429,0.75,0.4642857142857143,0.7142857142857143,0.21428571428571427,0.42857142857142855,0.5714285714285714,2.142857142857143,-0.42857142857142855,0.03571428571428571,0.14285714285714285,3.0357142857142856,1.25,0.5714285714285714,-0.4642857142857143,0.7857142857142857,3.8214285714285716,3.5714285714285716,7.071428571428571,1.4285714285714286,2.4285714285714284,3.357142857142857,3.2142857142857144,-0.21428571428571427,0.8214285714285714,1.0,-0.5714285714285714,2.392857142857143,8.0,0.21428571428571427,2.4642857142857144,7.642857142857143,0.42857142857142855,0.21428571428571427,0.625,-0.96875,0.65625,-0.09375,4.8125,-0.15625,-0.25,1.84375,0.8125,2.03125,-0.0625,-1.0625,-0.03125,3.15625,1.71875,0.09375,0.0,6.875,1.1875,1.34375
P28612,0.5952380952380952,1.6666666666666667,2.2857142857142856,2.261904761904762,3.0,0.5238095238095238,0.8333333333333334,2.1666666666666665,1.2619047619047619,-0.09523809523809523,0.21428571428571427,0.42857142857142855,0.7380952380952381,1.0714285714285714,2.119047619047619,0.023809523809523808,0.11904761904761904,2.761904761904762,1.0714285714285714,-0.07142857142857142,-0.16666666666666666,0.5714285714285714,0.38095238095238093,-0.14285714285714285,3.880952380952381,0.23809523809523808,0.8809523809523809,-0.2619047619047619,0.7380952380952381,0.8809523809523809,1.2857142857142858,0.7380952380952381,0.9047619047619048,1.9047619047619047,1.0714285714285714,0.21428571428571427,-0.023809523809523808,5.023809523809524,0.7619047619047619,0.4523809523809524,0.21428571428571427,0.0,-0.6190476190476191,0.047619047619047616,4.857142857142857,-0.40476190476190477,-0.2857142857142857,1.5238095238095237,1.8571428571428572,-0.07142857142857142,-0.2619047619047619,-0.7857142857142857,-0.11904761904761904,2.738095238095238,0.30952380952380953,-0.19047619047619047,-0.5714285714285714,6.595238095238095,2.1666666666666665,-0.8095238095238095,0.09523809523809523,0.40476190476190477,0.2857142857142857,0.6190476190476191,6.023809523809524,-0.5476190476190477,0.0,2.9285714285714284,0.9523809523809523,1.2857142857142858,2.142857142857143,0.5476190476190477,1.6666666666666667,3.4047619047619047,0.30952380952380953,-0.14285714285714285,-0.2857142857142857,5.309523809523809,0.5,1.2142857142857142,0.27906976744186046,-0.3023255813953488,0.813953488372093,1.186046511627907,4.976744186046512,-0.6046511627906976,0.7441860465116279,2.883720930232558,2.86046511627907,2.744186046511628,3.488372093023256,-0.5581395348837209,1.6046511627906976,4.790697674418604,0.32558139534883723,0.16279069767441862,0.11627906976744186,7.209302325581396,2.9302325581395348,1.0465116279069768
P0A4D8,1.9680851063829787,6.925531914893617,9.26595744680851,12.042553191489361,7.531914893617022,3.8404255319148937,6.351063829787234,10.53191489361702,8.212765957446809,3.1382978723404253,4.914893617021277,3.24468085106383,3.9148936170212765,10.48936170212766,12.287234042553191,2.925531914893617,3.1914893617021276,24.425531914893618,12.404255319148936,3.6702127659574466,4.861702127659575,0.8723404255319149,5.1063829787234045,3.095744680851064,10.691489361702128,1.297872340425532,1.6063829787234043,13.457446808510639,6.914893617021277,4.4361702127659575,3.0531914893617023,-0.7978723404255319,1.5425531914893618,8.670212765957446,14.595744680851064,1.9893617021276595,2.24468085106383,24.148936170212767,11.606382978723405,3.702127659574468,2.4680851063829787,2.095744680851064,4.4787234042553195,4.808510638297872,7.48936170212766,2.0106382978723403,2.1914893617021276,7.51063829787234,3.9361702127659575,2.6595744680851063,2.1914893617021276,1.8085106382978724,2.5106382978723403,3.8404255319148937,9.606382978723405,2.095744680851064,2.202127659574468,14.159574468085106,4.925531914893617,2.3404255319148937,0.6276595744680851,0.48936170212765956,1.2127659574468086,1.4042553191489362,6.627659574468085,1.2765957446808511,1.627659574468085,2.4680851063829787,2.372340425531915,1.648936170212766,2.627659574468085,2.2872340425531914,1.372340425531915,2.9468085106382977,4.0638297872340425,0.3404255319148936,0.7021276595744681,8.52127659574468,2.6702127659574466,1.372340425531915,0.04081632653061224,1.1938775510204083,-0.10204081632653061,0.3877551020408163,12.693877551020408,-0.14285714285714285,0.336734693877551,0.35714285714285715,0.45918367346938777,3.122448979591837,2.1530612244897958,3.326530612244898,0.45918367346938777,3.183673469387755,0.3877551020408163,0.04081632653061224,0.3469387755102041,5.795918367346939,1.7755102040816326,2.2244897959183674
Q9X3P3,0.3023255813953488,2.4031007751937983,1.9534883720930232,3.798449612403101,2.4806201550387597,1.682170542635659,2.3488372093023258,3.937984496124031,1.6589147286821706,-0.7286821705426356,-0.13953488372093023,1.7674418604651163,-0.12403100775193798,-0.031007751937984496,2.488372093023256,0.6046511627906976,0.015503875968992248,2.2868217054263567,-0.046511627906976744,-0.5193798449612403,0.813953488372093,1.069767441860465,1.0465116279069768,3.007751937984496,2.2248062015503876,0.5116279069767442,1.875968992248062,1.2635658914728682,0.4728682170542636,-1.0,-0.9844961240310077,0.6201550387596899,-0.5658914728682171,-1.0930232558139534,3.2868217054263567,0.31007751937984496,0.18604651162790697,0.8604651162790697,-0.13178294573643412,-0.7984496124031008,-0.8527131782945736,0.21705426356589147,2.372093023255814,3.62015503875969,3.75968992248062,0.7674418604651163,0.937984496124031,4.255813953488372,2.6589147286821704,1.1317829457364341,1.930232558139535,0.8294573643410853,2.054263565891473,3.3255813953488373,4.224806201550388,0.9069767441860465,0.6589147286821705,8.930232558139535,4.658914728682171,0.34108527131782945,-0.5503875968992248,1.937984496124031,2.0155038759689923,2.511627906976744,6.612403100775194,1.2635658914728682,1.0775193798449612,3.2248062015503876,2.248062015503876,2.7751937984496124,1.7054263565891472,2.503875968992248,2.9147286821705425,3.4806201550387597,3.062015503875969,1.573643410852713,1.806201550387597,6.108527131782946,3.875968992248062,1.9069767441860466,1.2121212121212122,0.9621212121212122,3.8636363636363638,3.6515151515151514,8.606060606060606,2.2803030303030303,2.590909090909091,3.4393939393939394,3.522727272727273,2.643939393939394,4.659090909090909,2.5454545454545454,3.628787878787879,7.143939393939394,4.643939393939394,1.4242424242424243,1.128787878787879,10.234848484848484,4.340909090909091,1.4015151515151516
Q8VL79,1.0,-2.0,-6.0,0.0,6.0,-1.0,0.0,3.0,2.0,-3.0,-6.0,-8.0,-12.0,0.0,3.0,-2.0,0.0,6.0,2.0,-3.0,0.0,-2.0,-4.0,1.0,9.0,0.0,1.0,-10.0,-2.0,8.0,8.0,-2.0,4.0,-6.0,6.0,0.0,2.0,-3.0,-18.0,6.0,1.0,0.0,-3.0,0.0,12.0,4.0,12.0,6.0,0.0,4.0,-3.0,1.0,0.0,8.0,4.0,0.0,1.0,9.0,4.0,6.0,0.0,-4.0,0.0,2.0,3.0,-1.0,-2.0,4.0,2.0,-6.0,-3.0,-5.0,0.0,3.0,2.0,0.0,-3.0,9.0,4.0,-2.0,0.5,1.25,1.5,2.0,2.75,-0.5,-1.5,5.75,1.5,0.75,-1.0,0.75,-0.75,1.0,5.0,0.25,-2.0,-2.75,-0.75,0.25
P82593,0.13548387096774195,1.2451612903225806,-0.07096774193548387,1.2838709677419355,3.393548387096774,0.6064516129032258,0.7935483870967742,0.8193548387096774,1.4838709677419355,1.2774193548387096,1.3741935483870968,0.9741935483870968,0.5870967741935483,1.3161290322580645,1.8709677419354838,-0.07741935483870968,0.1935483870967742,3.7483870967741937,1.2903225806451613,0.8451612903225807,0.567741935483871,0.1935483870967742,-0.2903225806451613,-0.16129032258064516,4.090322580645161,-0.05806451612903226,-0.8838709677419355,0.25161290322580643,1.1935483870967742,1.7870967741935484,1.0838709677419356,0.05161290322580645,0.4129032258064516,0.8,0.6774193548387096,0.10967741935483871,0.03870967741935484,2.3806451612903228,0.6064516129032258,1.0838709677419356,-0.07741935483870968,0.967741935483871,0.3548387096774194,-0.2064516129032258,3.858064516129032,0.41935483870967744,-0.4,0.7612903225806451,0.9419354838709677,2.1548387096774193,1.5870967741935484,0.5096774193548387,0.9419354838709677,1.6709677419354838,1.4322580645161291,-0.14193548387096774,0.2,1.664516129032258,1.0516129032258064,1.1161290322580646,-0.18064516129032257,1.1096774193548387,-0.6516129032258065,-0.10967741935483871,3.703225806451613,0.13548387096774195,0.12258064516129032,0.8903225806451613,0.6451612903225806,1.6709677419354838,1.8,0.2064516129032258,0.8580645161290322,1.935483870967742,1.2451612903225806,-0.025806451612903226,-0.07741935483870968,2.1806451612903226,0.9483870967741935,0.8387096774193549,-0.25161290322580643,0.44516129032258067,0.34838709677419355,0.36774193548387096,3.1354838709677417,-0.13548387096774195,-0.03870967741935484,1.232258064516129,2.032258064516129,2.109677419354839,1.8387096774193548,0.4645161290322581,0.832258064516129,3.0580645161290323,1.832258064516129,0.05806451612903226,0.33548387096774196,4.858064516129033,2.174193548387097,0.8774193548387097
P25958,0.8666666666666667,1.5333333333333334,1.6,3.466666666666667,3.2666666666666666,0.4666666666666667,1.8,2.3333333333333335,-1.8,-1.6666666666666667,-1.8,2.3333333333333335,-0.5333333333333333,3.8,5.4,2.066666666666667,0.8666666666666667,6.266666666666667,1.2666666666666666,-0.4666666666666667,0.0,0.06666666666666667,0.5333333333333333,0.6,0.4666666666666667,-0.6,-2.1333333333333333,4.2,0.9333333333333333,2.4,1.6,-1.6,-0.13333333333333333,4.666666666666667,3.2,-0.26666666666666666,0.4,4.733333333333333,2.6666666666666665,0.9333333333333333,0.6666666666666666,0.6,0.26666666666666666,0.13333333333333333,1.6,1.3333333333333333,1.2,7.533333333333333,0.06666666666666667,0.4,1.8666666666666667,1.4,0.9333333333333333,1.8,5.066666666666666,0.8666666666666667,-0.4,8.0,1.0666666666666667,-0.9333333333333333,1.1333333333333333,1.3333333333333333,1.2,0.4,4.733333333333333,0.8666666666666667,1.2666666666666666,1.2,2.4,-1.7333333333333334,0.6666666666666666,-0.6,-0.4,3.3333333333333335,3.7333333333333334,0.8,0.5333333333333333,10.4,1.9333333333333333,-2.8666666666666667,0.29411764705882354,1.588235294117647,1.6470588235294117,1.7647058823529411,4.0588235294117645,-0.7647058823529411,0.23529411764705882,4.117647058823529,0.6470588235294118,1.4705882352941178,2.1176470588235294,1.0588235294117647,0.5294117647058824,2.588235294117647,3.4705882352941178,0.23529411764705882,-0.6470588235294118,4.9411764705882355,0.29411764705882354,-0.29411764705882354
O86963,-0.9279279279279279,0.8738738738738738,2.3783783783783785,2.3513513513513513,2.828828828828829,0.8468468468468469,0.954954954954955,-0.43243243243243246,2.099099099099099,1.6216216216216217,1.4414414414414414,1.4594594594594594,1.3873873873873874,3.5945945945945947,2.828828828828829,-0.21621621621621623,0.0990990990990991,5.117117117117117,1.90990990990991,1.4234234234234233,-0.27927927927927926,-0.23423423423423423,0.7027027027027027,1.5315315315315314,1.4684684684684686,-0.036036036036036036,0.11711711711711711,0.2072072072072072,0.1891891891891892,1.6666666666666667,1.1981981981981982,0.7207207207207207,1.3153153153153154,1.9639639639639639,1.7657657657657657,0.2882882882882883,0.2072072072072072,3.855855855855856,0.972972972972973,0.18018018018018017,0.25225225225225223,0.6486486486486487,0.8108108108108109,-0.21621621621621623,4.5675675675675675,1.2252252252252251,0.6486486486486487,2.108108108108108,1.3873873873873874,1.954954954954955,1.5585585585585586,0.6936936936936937,1.4684684684684686,2.1981981981981984,-0.9009009009009009,0.4954954954954955,0.1891891891891892,4.252252252252252,0.3333333333333333,1.2342342342342343,-0.1981981981981982,0.23423423423423423,0.7297297297297297,0.14414414414414414,2.4234234234234235,0.23423423423423423,-0.18018018018018017,-0.07207207207207207,0.07207207207207207,0.9279279279279279,0.36936936936936937,0.10810810810810811,0.5045045045045045,0.972972972972973,0.6126126126126126,0.11711711711711711,-0.08108108108108109,1.162162162162162,0.8468468468468469,0.4774774774774775,-0.21739130434782608,0.28695652173913044,0.6,-0.05217391304347826,3.408695652173913,0.02608695652173913,-0.2782608695652174,2.2695652173913046,0.23478260869565218,1.017391304347826,0.3739130434782609,0.5304347826086957,-0.22608695652173913,2.365217391304348,2.373913043478261,0.5043478260869565,0.4434782608695652,3.8086956521739133,0.8,0.40869565217391307
P36948,0.18518518518518517,2.240740740740741,0.42592592592592593,4.111111111111111,3.5185185185185186,0.8518518518518519,2.7962962962962963,2.5555555555555554,3.5,0.5555555555555556,-0.37037037037037035,2.462962962962963,-0.4074074074074074,1.3703703703703705,3.074074074074074,0.05555555555555555,-0.25925925925925924,2.740740740740741,1.3333333333333333,0.2962962962962963,0.037037037037037035,7.611111111111111,3.7222222222222223,6.925925925925926,1.6296296296296295,4.351851851851852,6.574074074074074,-0.4444444444444444,7.277777777777778,-0.37037037037037035,-1.4074074074074074,5.2407407407407405,-0.24074074074074073,-0.2962962962962963,3.6296296296296298,0.24074074074074073,0.7962962962962963,3.9444444444444446,2.037037037037037,0.8888888888888888,-0.6481481481481481,2.7037037037037037,1.0740740740740742,4.722222222222222,4.833333333333333,2.740740740740741,3.888888888888889,-0.24074074074074073,3.740740740740741,-0.2222222222222222,-0.12962962962962962,3.0185185185185186,0.18518518518518517,0.5555555555555556,1.2962962962962963,0.6111111111111112,0.14814814814814814,4.12962962962963,-0.6296296296296297,0.018518518518518517,-0.6481481481481481,3.685185185185185,2.2777777777777777,5.388888888888889,4.814814814814815,1.7407407407407407,3.7962962962962963,1.2407407407407407,5.5,0.5370370370370371,0.6296296296296297,3.2962962962962963,-0.6481481481481481,-1.0,5.666666666666667,-0.6296296296296297,0.0,6.648148148148148,2.3703703703703702,0.5370370370370371,-0.23214285714285715,3.392857142857143,1.8928571428571428,5.017857142857143,4.303571428571429,1.5178571428571428,4.285714285714286,2.482142857142857,6.285714285714286,-0.19642857142857142,-0.6428571428571429,3.0535714285714284,0.8928571428571429,0.42857142857142855,5.0,-0.07142857142857142,0.0,4.732142857142857,1.5,0.05357142857142857
P46349,-0.6144578313253012,7.0120481927710845,4.530120481927711,11.349397590361447,4.879518072289157,5.554216867469879,7.445783132530121,0.7349397590361446,7.867469879518072,-0.1566265060240964,-0.7590361445783133,5.927710843373494,0.03614457831325301,-0.5542168674698795,7.602409638554217,-0.3132530120481928,0.40963855421686746,3.036144578313253,1.7469879518072289,0.5060240963855421,-0.4819277108433735,7.373493975903615,1.6024096385542168,8.204819277108435,1.3012048192771084,3.7349397590361444,6.216867469879518,0.46987951807228917,5.518072289156627,0.3373493975903614,-0.6385542168674698,4.686746987951807,-0.24096385542168675,-0.26506024096385544,2.7951807228915664,0.18072289156626506,0.0963855421686747,-2.072289156626506,0.8192771084337349,-0.21686746987951808,-0.024096385542168676,4.626506024096385,2.2289156626506026,4.578313253012048,2.3734939759036147,3.1204819277108435,4.9397590361445785,0.2891566265060241,5.63855421686747,-0.3373493975903614,-0.5060240963855421,3.7951807228915664,-1.144578313253012,0.0,3.8795180722891565,-0.4819277108433735,-0.20481927710843373,4.530120481927711,0.927710843373494,-0.4939759036144578,-0.20481927710843373,7.590361445783133,3.3012048192771086,9.096385542168674,1.5180722891566265,4.530120481927711,7.590361445783133,1.4337349397590362,6.554216867469879,0.6746987951807228,1.5662650602409638,6.0843373493975905,0.7469879518072289,0.8674698795180723,5.337349397590361,0.5421686746987951,0.6987951807228916,2.2289156626506026,1.036144578313253,0.43373493975903615,0.022988505747126436,2.32183908045977,1.9885057471264367,5.988505747126437,1.9195402298850575,2.2873563218390807,3.5057471264367814,1.7471264367816093,2.6206896551724137,0.25287356321839083,-0.16091954022988506,1.0,0.022988505747126436,1.9425287356321839,0.7701149425287356,0.5747126436781609,0.2988505747126437,-0.09195402298850575,0.8850574712643678,0.08045977011494253
Q59331,0.3,2.2,1.5142857142857142,2.3,7.171428571428572,1.2571428571428571,0.5857142857142857,4.171428571428572,3.057142857142857,1.3857142857142857,0.24285714285714285,-0.24285714285714285,1.2714285714285714,2.942857142857143,3.5285714285714285,-0.2857142857142857,0.2857142857142857,7.4714285714285715,4.2,1.457142857142857,-0.38571428571428573,4.957142857142857,3.5142857142857142,3.6142857142857143,9.371428571428572,4.385714285714286,1.8,4.085714285714285,1.7142857142857142,-1.0571428571428572,2.4571428571428573,2.8,2.7285714285714286,4.828571428571428,4.285714285714286,1.6857142857142857,1.1857142857142857,15.714285714285714,4.1571428571428575,-0.8285714285714286,2.1142857142857143,3.585714285714286,2.942857142857143,6.242857142857143,11.214285714285714,4.114285714285714,3.8,6.771428571428571,5.3,6.328571428571428,6.3428571428571425,2.3142857142857145,7.085714285714285,8.7,10.085714285714285,1.9142857142857144,2.4,17.32857142857143,7.014285714285714,4.414285714285715,-0.42857142857142855,1.8,2.6285714285714286,2.157142857142857,6.257142857142857,0.32857142857142857,0.38571428571428573,2.842857142857143,2.2285714285714286,2.4571428571428573,2.757142857142857,-0.2857142857142857,1.1142857142857143,5.557142857142857,9.742857142857142,0.9,0.8,11.071428571428571,3.2,2.257142857142857,-0.45714285714285713,1.3571428571428572,3.342857142857143,3.5142857142857142,7.928571428571429,2.0,0.1,5.871428571428571,5.3,2.1142857142857143,4.514285714285714,1.7857142857142858,3.3142857142857145,8.371428571428572,7.7,1.5,2.4714285714285715,13.1,6.9714285714285715,1.1714285714285715
Q8DS12,0.01694915254237288,4.254237288135593,2.0,1.4406779661016949,13.05084745762712,2.3559322033898304,0.5423728813559322,4.983050847457627,9.033898305084746,5.745762711864407,4.220338983050848,-0.9152542372881356,2.2033898305084745,15.033898305084746,14.915254237288135,1.11864406779661,3.1016949152542375,21.8135593220339,14.271186440677965,4.237288135593221,-0.2711864406779661,4.135593220338983,1.728813559322034,2.406779661016949,9.11864406779661,0.8305084745762712,0.6610169491525424,5.440677966101695,5.813559322033898,1.3728813559322033,0.7457627118644068,1.2203389830508475,2.3559322033898304,8.305084745762711,9.491525423728813,1.8305084745762712,0.7796610169491526,19.88135593220339,8.864406779661017,1.7457627118644068,-0.1016949152542373,2.983050847457627,1.9491525423728813,1.0338983050847457,3.4745762711864407,0.3728813559322034,-0.5423728813559322,3.016949152542373,0.8983050847457628,3.4745762711864407,3.2033898305084745,1.0847457627118644,1.9491525423728813,4.322033898305085,3.3220338983050848,-0.288135593220339,0.4406779661016949,13.813559322033898,4.898305084745763,1.576271186440678,0.2711864406779661,0.1864406779661017,-0.15254237288135594,-0.1016949152542373,3.6271186440677967,0.0847457627118644,-0.01694915254237288,-0.01694915254237288,1.305084745762712,-0.5254237288135594,0.7457627118644068,0.01694915254237288,0.2711864406779661,1.728813559322034,-0.3389830508474576,0.0,0.423728813559322,4.593220338983051,2.440677966101695,-0.1694915254237288,0.3225806451612903,2.903225806451613,2.370967741935484,0.3064516129032258,9.661290322580646,-0.8709677419354839,-2.5483870967741935,3.6774193548387095,4.887096774193548,1.2741935483870968,3.0483870967741935,-0.3709677419354839,2.2903225806451615,4.693548387096774,7.774193548387097,1.064516129032258,1.8064516129032258,12.838709677419354,5.596774193548387,-0.8387096774193549
P28628,0.2692307692307692,0.9230769230769231,1.8461538461538463,5.3076923076923075,2.1923076923076925,1.2692307692307692,2.1923076923076925,4.038461538461538,3.923076923076923,-0.2692307692307692,-0.2692307692307692,0.38461538461538464,0.07692307692307693,-1.1538461538461537,2.5,0.15384615384615385,0.5384615384615384,0.8076923076923077,-0.2692307692307692,0.6538461538461539,1.7307692307692308,-0.3076923076923077,1.1538461538461537,3.3076923076923075,7.538461538461538,1.1923076923076923,3.1538461538461537,4.653846153846154,-0.8461538461538461,0.6923076923076923,2.0384615384615383,0.23076923076923078,2.576923076923077,1.2692307692307692,4.730769230769231,1.0,0.7307692307692307,3.6538461538461537,-0.19230769230769232,-1.5384615384615385,0.6153846153846154,-0.9615384615384616,-1.8846153846153846,-0.9230769230769231,4.769230769230769,-0.15384615384615385,0.2692307692307692,1.9230769230769231,1.1538461538461537,-2.6538461538461537,-0.9230769230769231,-1.6923076923076923,0.038461538461538464,1.8461538461538463,1.6538461538461537,0.4230769230769231,0.38461538461538464,7.538461538461538,1.3076923076923077,-2.3846153846153846,0.46153846153846156,0.8846153846153846,0.8846153846153846,1.3076923076923077,3.3076923076923075,0.0,0.038461538461538464,1.5,0.3076923076923077,0.5769230769230769,0.4230769230769231,1.0384615384615385,0.38461538461538464,0.0,-1.1923076923076923,0.34615384615384615,-0.038461538461538464,1.6153846153846154,-0.34615384615384615,0.5384615384615384,1.7666666666666666,1.0333333333333334,-0.7333333333333333,1.2,7.566666666666666,0.36666666666666664,1.7,2.4,0.06666666666666667,2.533333333333333,0.9666666666666667,0.8666666666666667,1.6666666666666667,-3.3333333333333335,2.7666666666666666,-0.4,1.3,-0.36666666666666664,-0.06666666666666667,1.4
P46922,0.2708333333333333,1.9166666666666667,0.4583333333333333,2.4791666666666665,2.8958333333333335,1.0833333333333333,1.5833333333333333,2.0208333333333335,2.7291666666666665,0.6041666666666666,0.8958333333333334,0.3541666666666667,0.3125,2.9375,2.5416666666666665,-0.08333333333333333,0.3125,7.0625,1.9791666666666667,0.4375,-0.22916666666666666,1.1666666666666667,0.08333333333333333,0.0,4.020833333333333,0.3333333333333333,0.25,1.5416666666666667,1.8333333333333333,2.1666666666666665,1.9583333333333333,0.125,0.2708333333333333,1.4375,1.6875,-0.25,0.2708333333333333,2.0416666666666665,0.14583333333333334,1.1875,-0.020833333333333332,0.7083333333333334,0.4791666666666667,1.5,5.583333333333333,-0.020833333333333332,0.8541666666666666,2.5625,1.5,2.125,2.6875,0.3958333333333333,0.7708333333333334,3.1666666666666665,1.1875,0.16666666666666666,0.375,3.7083333333333335,1.4791666666666667,1.8125,-0.1875,1.5625,1.0625,1.3333333333333333,4.291666666666667,0.3333333333333333,0.2916666666666667,1.8541666666666667,2.4166666666666665,2.0833333333333335,2.3333333333333335,0.6875,1.0,2.8333333333333335,2.2916666666666665,0.16666666666666666,-0.4583333333333333,3.1875,1.2291666666666667,1.0,0.3137254901960784,1.3137254901960784,-1.1568627450980393,-0.803921568627451,4.215686274509804,0.803921568627451,0.9019607843137255,-1.2352941176470589,1.2549019607843137,0.7843137254901961,0.2549019607843137,0.39215686274509803,-0.7058823529411765,1.0392156862745099,1.8823529411764706,-0.2549019607843137,-0.3137254901960784,3.4705882352941178,-1.1764705882352942,0.6274509803921569
P42432,-0.0945945945945946,4.391891891891892,4.027027027027027,10.986486486486486,4.3108108108108105,3.310810810810811,8.878378378378379,0.4189189189189189,6.986486486486487,-2.2432432432432434,-1.864864864864865,6.364864864864865,-0.7702702702702703,-1.2567567567567568,5.905405405405405,0.21621621621621623,0.21621621621621623,0.9324324324324325,1.635135135135135,-0.7702702702702703,0.33783783783783783,8.162162162162161,5.0675675675675675,12.68918918918919,1.945945945945946,4.0675675675675675,10.256756756756756,-2.5,6.121621621621622,-1.7297297297297298,-1.0675675675675675,9.513513513513514,-0.21621621621621623,-0.8648648648648649,1.8783783783783783,-0.5405405405405406,0.2972972972972973,-1.2567567567567568,0.13513513513513514,-0.9594594594594594,-0.0945945945945946,4.108108108108108,3.2837837837837838,8.054054054054054,4.45945945945946,2.9594594594594597,6.283783783783784,1.3513513513513513,3.3378378378378377,0.21621621621621623,0.08108108108108109,4.22972972972973,0.21621621621621623,1.4324324324324325,3.391891891891892,0.14864864864864866,0.1891891891891892,0.7702702702702703,0.6486486486486487,0.1891891891891892,-0.20270270270270271,2.418918918918919,3.554054054054054,9.135135135135135,2.581081081081081,3.9864864864864864,8.797297297297296,-0.0945945945945946,4.824324324324325,-0.3108108108108108,0.08108108108108109,3.945945945945946,0.6081081081081081,0.32432432432432434,1.7567567567567568,-0.0945945945945946,0.5135135135135135,2.2162162162162162,1.972972972972973,-0.8108108108108109,0.05333333333333334,-0.5466666666666666,1.52,2.96,1.5866666666666667,0.32,1.2266666666666666,3.1733333333333333,2.08,1.4133333333333333,1.04,0.38666666666666666,0.41333333333333333,1.6666666666666667,3.5866666666666664,0.3466666666666667,0.06666666666666667,4.533333333333333,1.3066666666666666,1.0533333333333332
Q9F0R1,0.6923076923076923,1.3076923076923077,3.3846153846153846,1.4615384615384615,4.6923076923076925,0.9230769230769231,2.3076923076923075,4.3076923076923075,2.4615384615384617,2.923076923076923,1.5384615384615385,0.9230769230769231,0.7692307692307693,-0.8461538461538461,4.615384615384615,1.2307692307692308,-0.15384615384615385,4.3076923076923075,-1.4615384615384615,2.1538461538461537,1.0,0.5384615384615384,0.6923076923076923,1.2307692307692308,5.3076923076923075,-0.9230769230769231,-1.3846153846153846,6.0,-1.5384615384615385,-3.1538461538461537,-3.0,-1.3076923076923077,-0.6923076923076923,-0.5384615384615384,4.923076923076923,0.0,0.23076923076923078,1.0,-1.9230769230769231,-1.0769230769230769,0.6923076923076923,-1.6923076923076923,-1.0769230769230769,-1.6153846153846154,2.4615384615384617,-0.15384615384615385,-2.3076923076923075,2.6153846153846154,1.0769230769230769,-0.3076923076923077,-0.07692307692307693,-2.1538461538461537,-0.15384615384615385,-0.5384615384615384,2.923076923076923,0.3076923076923077,0.0,4.538461538461538,-0.8461538461538461,-0.38461538461538464,1.5384615384615385,-5.230769230769231,1.4615384615384615,2.230769230769231,5.0,-0.8461538461538461,-0.38461538461538464,5.615384615384615,1.4615384615384615,-1.9230769230769231,-0.7692307692307693,-2.1538461538461537,1.0769230769230769,3.076923076923077,4.3076923076923075,1.0,1.1538461538461537,7.230769230769231,1.8461538461538463,-0.5384615384615384,0.38461538461538464,-0.3076923076923077,-2.4615384615384617,-1.0,4.076923076923077,0.23076923076923078,-1.0769230769230769,5.384615384615385,-0.3076923076923077,-0.3076923076923077,-1.8461538461538463,-0.3076923076923077,-0.6923076923076923,1.0,3.6153846153846154,-0.23076923076923078,0.46153846153846156,7.461538461538462,0.6923076923076923,-0.07692307692307693
P47722,-0.5882352941176471,3.2058823529411766,0.8529411764705882,1.5588235294117647,5.323529411764706,1.5588235294117647,-0.058823529411764705,6.0588235294117645,4.117647058823529,0.7058823529411765,2.411764705882353,1.6176470588235294,2.4411764705882355,5.205882352941177,6.205882352941177,1.0588235294117647,-0.35294117647058826,10.941176470588236,3.3823529411764706,1.5,-0.35294117647058826,1.7941176470588236,3.764705882352941,4.235294117647059,5.382352941176471,0.14705882352941177,0.4411764705882353,4.323529411764706,2.764705882352941,1.911764705882353,3.4411764705882355,-1.9705882352941178,4.5,7.323529411764706,6.0588235294117645,0.4117647058823529,0.29411764705882354,15.323529411764707,6.882352941176471,0.8529411764705882,-0.3235294117647059,1.5,1.8823529411764706,0.7058823529411765,2.8529411764705883,2.2941176470588234,-1.0588235294117647,4.235294117647059,4.235294117647059,0.6470588235294118,2.6470588235294117,-0.5,1.1176470588235294,6.411764705882353,6.294117647058823,2.323529411764706,0.8529411764705882,11.764705882352942,4.764705882352941,-0.29411764705882354,-0.8529411764705882,0.9705882352941176,3.1176470588235294,3.8529411764705883,6.147058823529412,3.4411764705882355,3.4705882352941178,-1.1764705882352942,4.470588235294118,2.0,2.5,-0.9117647058823529,2.088235294117647,4.647058823529412,4.676470588235294,-0.17647058823529413,2.4705882352941178,10.5,5.588235294117647,-0.29411764705882354,1.6764705882352942,1.5,2.2058823529411766,1.911764705882353,8.764705882352942,1.4705882352941178,-0.08823529411764706,3.4705882352941178,6.176470588235294,2.6470588235294117,2.264705882352941,2.2941176470588234,1.6764705882352942,5.970588235294118,8.588235294117647,0.4411764705882353,1.411764705882353,10.794117647058824,6.588235294117647,1.0294117647058822
P13485,0.5683453237410072,0.6187050359712231,-0.050359712230215826,0.9640287769784173,4.266187050359712,0.6618705035971223,0.6762589928057554,3.7194244604316546,0.8273381294964028,1.0935251798561152,0.7769784172661871,0.05755395683453238,0.18705035971223022,2.4964028776978417,2.4820143884892087,0.07194244604316546,0.11510791366906475,5.697841726618705,1.5755395683453237,0.5251798561151079,0.7194244604316546,0.35251798561151076,0.3381294964028777,0.5827338129496403,4.381294964028777,0.09352517985611511,0.17266187050359713,2.2949640287769784,1.064748201438849,-0.10071942446043165,0.03597122302158273,0.08633093525179857,0.10071942446043165,1.3669064748201438,2.7050359712230216,0.1079136690647482,0.5107913669064749,5.76978417266187,1.223021582733813,0.06474820143884892,0.5611510791366906,0.10071942446043165,0.4892086330935252,0.6834532374100719,4.719424460431655,0.1510791366906475,-0.2014388489208633,2.6546762589928057,0.5899280575539568,0.5107913669064749,0.23741007194244604,0.4028776978417266,0.1079136690647482,0.9928057553956835,2.0863309352517985,-0.14388489208633093,0.11510791366906475,4.402877697841727,0.8345323741007195,0.37410071942446044,0.6115107913669064,1.1079136690647482,0.2014388489208633,1.2517985611510791,5.345323741007194,-0.2589928057553957,0.4028776978417266,2.6690647482014387,0.31654676258992803,1.1510791366906474,1.460431654676259,0.23741007194244604,0.6618705035971223,0.9856115107913669,1.870503597122302,0.39568345323741005,0.1366906474820144,4.0359712230215825,-0.2158273381294964,1.0719424460431655,1.1785714285714286,1.3571428571428572,0.4785714285714286,-0.2857142857142857,4.792857142857143,0.7,0.6428571428571429,3.8142857142857145,1.3357142857142856,0.8,0.6285714285714286,0.8642857142857143,0.2857142857142857,0.24285714285714285,2.6142857142857143,0.95,0.8785714285714286,4.557142857142857,0.5428571428571428,0.6571428571428571
O87237,0.6666666666666666,-1.6666666666666667,0.0,3.3333333333333335,6.666666666666667,0.3333333333333333,8.0,6.0,2.3333333333333335,-1.3333333333333333,1.0,-3.3333333333333335,-0.6666666666666666,3.0,2.0,-0.3333333333333333,-1.0,6.666666666666667,2.6666666666666665,-0.6666666666666666,1.0,-0.3333333333333333,2.0,1.3333333333333333,2.6666666666666665,-6.333333333333333,-5.0,9.333333333333334,2.0,-5.333333333333333,-2.6666666666666665,-1.0,2.0,0.0,4.0,0.6666666666666666,1.0,4.666666666666667,1.3333333333333333,-2.3333333333333335,0.3333333333333333,1.0,0.0,1.3333333333333333,4.333333333333333,0.3333333333333333,-0.3333333333333333,4.0,3.3333333333333335,2.6666666666666665,2.0,0.6666666666666666,1.0,5.333333333333333,-1.0,-0.3333333333333333,-1.3333333333333333,7.333333333333333,4.0,1.3333333333333333,-3.0,2.3333333333333335,0.6666666666666666,3.0,1.3333333333333333,1.3333333333333333,1.6666666666666667,2.6666666666666665,1.3333333333333333,1.0,1.6666666666666667,1.6666666666666667,0.6666666666666666,0.6666666666666666,-0.3333333333333333,-2.6666666666666665,-2.0,4.0,-2.0,1.3333333333333333,-2.6666666666666665,-0.6666666666666666,-4.0,1.0,-2.0,0.6666666666666666,1.3333333333333333,2.6666666666666665,1.3333333333333333,2.3333333333333335,2.0,0.3333333333333333,1.3333333333333333,5.333333333333333,2.3333333333333335,-0.3333333333333333,-3.3333333333333335,7.333333333333333,4.0,0.0
P39652,-0.0423728813559322,0.847457627118644,0.6694915254237288,1.9576271186440677,2.7796610169491527,0.5254237288135594,0.7457627118644068,0.559322033898305,1.0847457627118644,1.7118644067796611,1.805084745762712,0.2966101694915254,0.6101694915254238,2.4745762711864407,0.19491525423728814,-0.1016949152542373,-0.05084745762711865,4.779661016949152,1.305084745762712,0.6440677966101694,0.2288135593220339,0.7542372881355932,0.652542372881356,0.2711864406779661,3.406779661016949,-0.06779661016949153,0.1271186440677966,1.0084745762711864,0.9322033898305084,1.1694915254237288,1.5508474576271187,0.1016949152542373,0.423728813559322,1.347457627118644,1.694915254237288,0.15254237288135594,0.1864406779661017,5.313559322033898,0.5169491525423728,0.5932203389830508,-0.025423728813559324,1.152542372881356,0.559322033898305,0.9152542372881356,3.2457627118644066,0.19491525423728814,0.923728813559322,0.7203389830508474,0.4915254237288136,1.6779661016949152,1.652542372881356,0.864406779661017,0.5847457627118644,1.6355932203389831,2.5338983050847457,-0.06779661016949153,-0.11016949152542373,3.1271186440677967,0.6440677966101694,0.9152542372881356,0.5084745762711864,1.3728813559322033,0.4067796610169492,0.5084745762711864,3.7796610169491527,0.1271186440677966,0.2966101694915254,1.6864406779661016,0.9830508474576272,2.2711864406779663,2.6016949152542375,0.5677966101694916,0.923728813559322,2.610169491525424,2.211864406779661,0.2033898305084746,0.1271186440677966,4.669491525423729,2.0338983050847457,1.4661016949152543,0.09322033898305085,1.2118644067796611,1.1355932203389831,0.9491525423728814,2.7457627118644066,0.5677966101694916,0.9491525423728814,1.652542372881356,1.0932203389830508,1.7542372881355932,1.9745762711864407,0.2542372881355932,1.0338983050847457,2.0762711864406778,1.0423728813559323,0.1694915254237288,0.4067796610169492,2.389830508474576,1.228813559322034,1.1864406779661016
P20166,0.3643410852713178,2.697674418604651,1.449612403100775,2.891472868217054,4.317829457364341,1.2790697674418605,2.372093023255814,-0.4186046511627907,3.0310077519379846,-0.06976744186046512,-0.3643410852713178,1.682170542635659,-0.4186046511627907,-0.5581395348837209,1.434108527131783,0.29457364341085274,0.5813953488372093,3.7674418604651163,1.0775193798449612,0.15503875968992248,0.10852713178294573,3.5968992248062017,2.3333333333333335,4.875968992248062,4.209302325581396,2.0155038759689923,3.5348837209302326,-0.9147286821705426,2.682170542635659,-1.6589147286821706,-0.8294573643410853,2.689922480620155,0.09302325581395349,-0.6589147286821705,2.4728682170542635,0.046511627906976744,0.03875968992248062,1.3875968992248062,0.6356589147286822,-0.5813953488372093,-0.2558139534883721,3.310077519379845,2.627906976744186,5.573643410852713,3.9147286821705425,2.558139534883721,3.9302325581395348,1.9612403100775193,2.0155038759689923,-0.24806201550387597,-0.11627906976744186,2.1627906976744184,-0.32558139534883723,1.9689922480620154,2.8294573643410854,0.627906976744186,0.32558139534883723,4.286821705426356,2.10077519379845,0.10077519379844961,0.29457364341085274,1.2713178294573644,0.7131782945736435,0.6511627906976745,5.054263565891473,0.4108527131782946,0.46511627906976744,1.5193798449612403,1.821705426356589,1.5968992248062015,1.7364341085271318,0.3875968992248062,1.0930232558139534,4.403100775193798,2.751937984496124,0.3333333333333333,0.3333333333333333,9.782945736434108,3.4728682170542635,1.1007751937984496,0.24060150375939848,2.6766917293233083,0.7142857142857143,2.0977443609022557,7.195488721804511,0.8796992481203008,0.9548872180451128,3.4210526315789473,2.345864661654135,0.556390977443609,1.5112781954887218,0.39097744360902253,1.3458646616541354,3.210526315789474,3.669172932330827,0.5939849624060151,0.2857142857142857,10.06766917293233,3.601503759398496,0.21804511278195488
