Protein_ID,SD_1,SD_2,SD_3,SD_4,SD_5,SD_6,SD_7,SD_8,SD_9,SD_10,SD_11,SD_12,SD_13,SD_14,SD_15,SD_16,SD_17,SD_18,SD_19,SD_20,SD_21,SD_22,SD_23,SD_24,SD_25,SD_26,SD_27,SD_28,SD_29,SD_30,SD_31,SD_32,SD_33,SD_34,SD_35,SD_36,SD_37,SD_38,SD_39,SD_40,SD_41,SD_42,SD_43,SD_44,SD_45,SD_46,SD_47,SD_48,SD_49,SD_50,SD_51,SD_52,SD_53,SD_54,SD_55,SD_56,SD_57,SD_58,SD_59,SD_60,SD_61,SD_62,SD_63,SD_64,SD_65,SD_66,SD_67,SD_68,SD_69,SD_70,SD_71,SD_72,SD_73,SD_74,SD_75,SD_76,SD_77,SD_78,SD_79,SD_80
Q55055,-1.0,-0.24324324324324326,-1.4054054054054055,-1.054054054054054,-2.972972972972973,-0.8378378378378378,-0.7027027027027027,-2.6216216216216215,-0.7027027027027027,-0.5675675675675675,-0.5945945945945946,-0.5675675675675675,-0.972972972972973,-1.9189189189189189,-2.2162162162162162,-1.027027027027027,-0.7837837837837838,-3.3513513513513513,-1.6216216216216217,-0.5675675675675675,-0.6216216216216216,-1.2702702702702702,-1.5135135135135136,-0.8648648648648649,-2.4324324324324325,-1.3513513513513513,-0.9459459459459459,-1.6486486486486487,-1.7297297297297298,-1.4324324324324325,-1.135135135135135,-1.4594594594594594,-1.7837837837837838,-2.2162162162162162,-2.810810810810811,-1.2702702702702702,-1.2162162162162162,-3.918918918918919,-2.6216216216216215,-0.6486486486486487,-0.7837837837837838,-1.6486486486486487,-2.2432432432432434,-2.108108108108108,-2.864864864864865,-1.4864864864864864,-1.3513513513513513,-2.675675675675676,-1.2162162162162162,-1.5945945945945945,-1.2162162162162162,-1.864864864864865,-1.3783783783783783,-2.27027027027027,-2.3513513513513513,-1.7027027027027026,-1.135135135135135,-3.2972972972972974,-2.1621621621621623,-1.5675675675675675,-0.5128205128205128,-1.0,-1.6923076923076923,-1.6153846153846154,-2.8974358974358974,-0.8974358974358975,-0.358974358974359,-1.9230769230769231,0.20512820512820512,-1.5897435897435896,-1.435897435897436,-1.0256410256410255,-1.5897435897435896,-1.8205128205128205,-1.1025641025641026,-1.1538461538461537,-1.1794871794871795,-3.230769230769231,-0.8461538461538461,-1.1282051282051282
Q04959,0.10810810810810811,-1.445945945945946,-0.9459459459459459,-1.2972972972972974,-1.7027027027027026,-0.972972972972973,-1.1756756756756757,-0.527027027027027,-1.3513513513513513,-1.4324324324324325,-1.2702702702702702,-1.1081081081081081,-0.8783783783783784,-1.3918918918918919,-0.8513513513513513,-0.10810810810810811,-0.527027027027027,-2.1486486486486487,-1.0810810810810811,-0.9594594594594594,0.4189189189189189,-1.6081081081081081,-1.7567567567567568,-2.1486486486486487,-1.162162162162162,-1.2837837837837838,-1.5810810810810811,-1.135135135135135,-2.0135135135135136,-0.25675675675675674,-0.10810810810810811,-1.2837837837837838,-0.1891891891891892,-1.1081081081081081,-1.5405405405405406,-0.5540540540540541,-0.35135135135135137,-2.027027027027027,-1.1891891891891893,0.3108108108108108,0.14864864864864866,-0.9594594594594594,-0.7702702702702703,-1.2162162162162162,-1.945945945945946,0.5945945945945946,-0.6756756756756757,0.25675675675675674,-1.0675675675675675,-1.662162162162162,-1.6486486486486487,-0.5945945945945946,-1.2027027027027026,-1.6216216216216217,1.5810810810810811,-0.05405405405405406,-0.3108108108108108,-1.662162162162162,-0.527027027027027,-1.2567567567567568,0.18421052631578946,-1.118421052631579,-0.7631578947368421,-1.0263157894736843,-1.986842105263158,0.8421052631578947,-0.5,0.25,-0.75,-1.986842105263158,-1.9210526315789473,-0.5263157894736842,-1.2763157894736843,-1.894736842105263,2.263157894736842,0.4605263157894737,-0.35526315789473684,-2.223684210526316,-0.9210526315789473,-1.605263157894737
Q08429,-0.5625,-1.25,-1.125,-1.625,-1.5,-0.90625,-1.0625,-1.3125,-1.09375,-1.0,-1.09375,-0.96875,-0.6875,-1.0,-1.71875,-0.4375,-0.34375,-1.875,-0.625,-0.65625,-0.4375,-0.8125,-1.09375,-1.21875,-2.0625,-0.40625,-0.5,-1.8125,-0.46875,-1.3125,-1.21875,-0.34375,-0.78125,-1.59375,-0.9375,-0.65625,-0.78125,-2.5625,-1.09375,-0.84375,-0.5,-0.96875,-0.65625,-0.71875,-2.125,-0.3125,-0.125,-1.4375,-0.53125,-1.59375,-1.65625,-0.65625,-1.0625,-1.78125,-0.84375,-0.3125,-0.40625,-2.375,-0.9375,-1.0625,-0.84375,-0.3125,-0.28125,-0.78125,-2.3125,-0.09375,-0.03125,-1.65625,-0.6875,-1.71875,-1.3125,-0.0625,-0.78125,-1.6875,-1.59375,-0.3125,-0.875,-2.1875,-1.21875,-1.53125
Q83GS8,-0.775,-1.4916666666666667,-1.05,-1.0416666666666667,-2.1041666666666665,-1.1625,-0.8375,-1.5708333333333333,-1.5625,-0.925,-1.0625,-0.9625,-1.2416666666666667,-1.725,-1.4958333333333333,-0.9,-0.85,-2.6083333333333334,-1.675,-0.7583333333333333,-0.9458333333333333,-1.525,-1.0583333333333333,-1.3833333333333333,-2.4375,-1.4541666666666666,-1.1208333333333333,-2.0875,-1.8083333333333333,-0.5791666666666667,-1.075,-0.9916666666666667,-1.5583333333333333,-1.7125,-2.0083333333333333,-0.9041666666666667,-0.8041666666666667,-3.625,-1.7791666666666666,-0.9208333333333333,-0.5458333333333333,-0.4666666666666667,-0.5083333333333333,-0.6833333333333333,-1.8666666666666667,-0.5458333333333333,-0.32083333333333336,-1.3375,-0.9125,-0.5666666666666667,-0.4791666666666667,-0.6333333333333333,-0.4875,-0.9041666666666667,-0.8583333333333333,-0.5666666666666667,-0.525,-1.9458333333333333,-0.7875,-0.65,-0.6198347107438017,-1.1570247933884297,-1.0661157024793388,-1.1900826446280992,-2.3677685950413223,-0.8140495867768595,-0.6694214876033058,-1.8512396694214877,-1.4132231404958677,-0.9297520661157025,-0.9958677685950413,-0.8057851239669421,-1.371900826446281,-1.3801652892561984,-1.8553719008264462,-0.8842975206611571,-0.9586776859504132,-2.669421487603306,-1.4008264462809918,-0.7727272727272727
Q8G864,-1.146551724137931,-0.9655172413793104,-1.793103448275862,-2.0,-2.896551724137931,-1.146551724137931,-1.3017241379310345,-2.3448275862068964,-1.6724137931034482,-1.396551724137931,-1.1551724137931034,-1.4482758620689655,-0.9051724137931034,-1.3620689655172413,-2.1724137931034484,-1.3103448275862069,-1.1810344827586208,-2.9224137931034484,-1.4482758620689655,-1.4051724137931034,-0.5862068965517241,-0.9137931034482759,-1.1896551724137931,-0.8017241379310345,-2.146551724137931,-0.7241379310344828,-0.3620689655172414,-1.75,-1.4482758620689655,-0.9568965517241379,-0.603448275862069,-0.9396551724137931,-1.3103448275862069,-1.5689655172413792,-2.0258620689655173,-0.9913793103448276,-1.206896551724138,-3.0172413793103448,-1.6724137931034482,-1.2672413793103448,-0.6293103448275862,-1.2844827586206897,-1.4827586206896552,-1.3448275862068966,-2.146551724137931,-1.3189655172413792,-1.1551724137931034,-0.9913793103448276,-1.6206896551724137,-1.456896551724138,-0.9655172413793104,-1.603448275862069,-1.3879310344827587,-1.3017241379310345,-1.9913793103448276,-1.1982758620689655,-1.0689655172413792,-2.9655172413793105,-1.206896551724138,-1.1637931034482758,-0.4406779661016949,-0.9322033898305084,-1.3983050847457628,-1.271186440677966,-2.694915254237288,-0.4915254237288136,-0.576271186440678,-2.1016949152542375,-1.9576271186440677,-1.1101694915254237,-1.2033898305084745,-0.5084745762711864,-1.4745762711864407,-2.2542372881355934,-2.4237288135593222,-1.1694915254237288,-1.3305084745762712,-3.042372881355932,-2.042372881355932,-1.0084745762711864
P16169,-0.7023809523809523,-1.4523809523809523,-0.9047619047619048,-1.1666666666666667,-3.0,-1.0476190476190477,-1.1547619047619047,-1.25,-1.2380952380952381,-1.0833333333333333,-1.4047619047619047,-1.1666666666666667,-1.119047619047619,-1.380952380952381,-2.369047619047619,-0.9523809523809523,-0.9642857142857143,-1.4404761904761905,-0.7380952380952381,-1.2738095238095237,-0.5476190476190477,-1.5238095238095237,-0.27380952380952384,-0.7261904761904762,-2.8452380952380953,-0.9642857142857143,-1.130952380952381,-1.380952380952381,-1.1666666666666667,-1.130952380952381,-1.4761904761904763,-1.1666666666666667,-1.4642857142857142,-1.4285714285714286,-1.869047619047619,-0.9761904761904762,-0.6547619047619048,-1.5357142857142858,-0.7857142857142857,-1.119047619047619,-0.36904761904761907,-1.1785714285714286,0.09523809523809523,0.07142857142857142,-1.8928571428571428,-0.6071428571428571,-0.7023809523809523,-0.6904761904761905,-0.16666666666666666,-0.8333333333333334,-0.9761904761904762,-0.9404761904761905,-0.8333333333333334,-0.4166666666666667,-0.9761904761904762,-0.10714285714285714,-0.16666666666666666,0.09523809523809523,-0.023809523809523808,-0.75,-0.2261904761904762,-0.9880952380952381,-0.5952380952380952,-1.1666666666666667,-1.7619047619047619,-1.0357142857142858,-0.9285714285714286,-1.3333333333333333,-1.4761904761904763,-1.3214285714285714,-1.369047619047619,-0.75,-1.2261904761904763,-1.4523809523809523,-1.8452380952380953,-0.13095238095238096,-0.011904761904761904,-1.5119047619047619,-0.8452380952380952,-0.8452380952380952
Q01464,-0.5074626865671642,-1.8656716417910448,-1.5671641791044777,-1.9850746268656716,-2.1940298507462686,-1.3432835820895523,-1.8059701492537314,-1.208955223880597,-1.6417910447761195,-1.0,-1.0746268656716418,-1.328358208955224,-0.9402985074626866,-2.0,-2.253731343283582,-0.746268656716418,-0.34328358208955223,-3.582089552238806,-2.2686567164179103,-0.9104477611940298,-0.835820895522388,-1.8507462686567164,-1.3880597014925373,-0.9850746268656716,-2.298507462686567,-1.6119402985074627,-0.9850746268656716,-1.1194029850746268,-1.8507462686567164,-0.5970149253731343,-0.6567164179104478,-1.7611940298507462,-0.9552238805970149,-1.5223880597014925,-1.6865671641791045,-1.2388059701492538,-1.328358208955224,-2.7313432835820897,-1.671641791044776,-0.582089552238806,-0.5074626865671642,-1.373134328358209,-1.1492537313432836,-1.5223880597014925,-1.537313432835821,-1.3880597014925373,-1.1044776119402986,-1.328358208955224,-2.044776119402985,-0.3283582089552239,-0.5522388059701493,-1.0298507462686568,-0.5970149253731343,-1.6567164179104477,-2.074626865671642,-1.0,-1.0,-3.5970149253731343,-1.7164179104477613,-0.5074626865671642,-0.9552238805970149,-0.8656716417910447,-1.537313432835821,-1.1194029850746268,-2.8358208955223883,-0.9850746268656716,-0.08955223880597014,-2.373134328358209,-1.8208955223880596,-0.9253731343283582,-1.1343283582089552,-0.7014925373134329,-1.0746268656716418,-1.5522388059701493,-2.014925373134328,-0.8507462686567164,-1.164179104477612,-3.4925373134328357,-1.6567164179104477,-0.9850746268656716
P10547,0.21951219512195122,-1.008130081300813,-0.43089430894308944,-0.7479674796747967,-2.5853658536585367,0.08943089430894309,0.42276422764227645,-1.2357723577235773,-1.4715447154471544,-1.6585365853658536,-1.6504065040650406,-0.04065040650406504,-1.5284552845528456,-2.7560975609756095,1.4065040650406504,0.8617886178861789,0.926829268292683,-3.203252032520325,-2.073170731707317,-0.6991869918699187,0.3170731707317073,-0.7886178861788617,-0.2845528455284553,-0.4146341463414634,-2.3089430894308944,0.5528455284552846,0.6991869918699187,-1.065040650406504,-1.032520325203252,-1.5853658536585367,-1.8130081300813008,0.13821138211382114,-1.3495934959349594,-2.813008130081301,2.178861788617886,0.8780487804878049,0.967479674796748,-3.3089430894308944,-2.2357723577235773,-0.6747967479674797,-0.3252032520325203,-0.5853658536585366,-0.44715447154471544,-1.065040650406504,-2.3902439024390243,-0.36585365853658536,-0.9349593495934959,-0.4146341463414634,-0.9512195121951219,-1.1544715447154472,-1.2845528455284554,-0.6016260162601627,-1.08130081300813,-1.4146341463414633,-0.943089430894309,-0.18699186991869918,-0.35772357723577236,-1.7073170731707317,-0.6178861788617886,-0.7723577235772358,-0.18548387096774194,-0.7258064516129032,-0.6370967741935484,-1.0483870967741935,-1.7096774193548387,-0.28225806451612906,-0.6048387096774194,-0.6532258064516129,-1.0483870967741935,-1.25,-1.346774193548387,-0.3548387096774194,-0.9516129032258065,-1.5241935483870968,-0.5806451612903226,-0.14516129032258066,-0.0967741935483871,-1.6129032258064515,-0.9274193548387096,-0.8951612903225806
P02983,0.08771929824561403,-2.8333333333333335,-2.456140350877193,-3.508771929824561,-1.7105263157894737,-2.06140350877193,-3.1403508771929824,-1.1140350877192982,-2.982456140350877,0.02631578947368421,0.017543859649122806,-2.7982456140350878,0.12280701754385964,0.16666666666666666,-2.3771929824561404,-0.37719298245614036,-0.5175438596491229,-1.4385964912280702,-1.0263157894736843,-0.12280701754385964,0.19298245614035087,-1.8596491228070176,-1.719298245614035,-2.543859649122807,-1.456140350877193,-1.7543859649122806,-1.9912280701754386,-0.47368421052631576,-1.8421052631578947,0.17543859649122806,0.017543859649122806,-1.9385964912280702,0.08771929824561403,-0.043859649122807015,-0.8947368421052632,-0.3157894736842105,-0.43859649122807015,-0.4824561403508772,-0.956140350877193,0.008771929824561403,-0.06140350877192982,-2.2280701754385963,-2.4298245614035086,-3.6491228070175437,-1.6842105263157894,-1.868421052631579,-3.3421052631578947,-0.6491228070175439,-2.526315789473684,0.5964912280701754,0.43859649122807015,-2.692982456140351,0.8421052631578947,1.043859649122807,-1.894736842105263,-0.47368421052631576,-0.30701754385964913,-0.41228070175438597,-0.5701754385964912,0.2631578947368421,0.5982905982905983,-2.52991452991453,-1.7008547008547008,-2.735042735042735,-2.0085470085470085,-1.376068376068376,-2.7094017094017095,-0.5384615384615384,-2.2735042735042734,0.1623931623931624,0.18803418803418803,-2.5811965811965814,0.24786324786324787,0.06837606837606838,-1.982905982905983,0.008547008547008548,-0.18803418803418803,-1.641025641025641,-0.8717948717948718,-0.03418803418803419
P81715,-0.05504587155963303,-0.5596330275229358,-0.4954128440366973,-0.7706422018348624,-2.5137614678899083,-0.3302752293577982,-0.5963302752293578,-1.1559633027522935,-0.8899082568807339,-0.5688073394495413,-0.8073394495412844,-0.6422018348623854,-0.9541284403669725,-1.3027522935779816,-0.6972477064220184,0.11009174311926606,0.10091743119266056,-2.110091743119266,-1.055045871559633,-0.23853211009174313,-0.3486238532110092,-1.4770642201834863,-0.7706422018348624,-1.2660550458715596,-2.697247706422018,-1.110091743119266,-1.2110091743119267,-0.9174311926605505,-1.2477064220183487,-1.4036697247706422,-1.1926605504587156,-1.2935779816513762,-1.2110091743119267,-1.5045871559633028,-1.8073394495412844,-0.3211009174311927,-0.5963302752293578,-2.4220183486238533,-1.2660550458715596,-0.9174311926605505,-0.11926605504587157,-0.6605504587155964,-0.3486238532110092,-0.48623853211009177,-2.2660550458715596,-0.48623853211009177,-0.5412844036697247,-0.6697247706422018,-0.43119266055045874,-0.9541284403669725,-0.8348623853211009,-0.6605504587155964,-0.6788990825688074,-0.44036697247706424,-0.9908256880733946,0.0,-0.1559633027522936,-1.3944954128440368,0.0,-0.6972477064220184,-0.036036036036036036,-0.7027027027027027,-0.42342342342342343,-0.6666666666666666,-2.108108108108108,-0.43243243243243246,-0.5855855855855856,-0.7027027027027027,-1.072072072072072,-0.9099099099099099,-1.2072072072072073,-0.45045045045045046,-0.918918918918919,-1.4414414414414414,-1.1261261261261262,0.2882882882882883,0.27927927927927926,-2.1171171171171173,-1.1261261261261262,-0.46846846846846846
P54571,-0.46153846153846156,-1.8717948717948718,-1.9401709401709402,-2.247863247863248,-1.5811965811965811,-1.5384615384615385,-1.7094017094017093,-1.7863247863247864,-1.8205128205128205,0.20512820512820512,0.20512820512820512,-1.435897435897436,0.18803418803418803,-0.3333333333333333,-1.6495726495726495,-0.8376068376068376,-0.5042735042735043,-1.7435897435897436,-0.7692307692307693,0.05982905982905983,0.29914529914529914,-1.7863247863247864,-1.1794871794871795,-1.641025641025641,-1.3675213675213675,-1.1538461538461537,-1.435897435897436,-0.8461538461538461,-1.641025641025641,-0.5128205128205128,-0.7521367521367521,-1.3076923076923077,-0.41025641025641024,-1.2307692307692308,-1.6324786324786325,-0.08547008547008547,0.11965811965811966,-2.247863247863248,-1.2905982905982907,-0.3333333333333333,-0.20512820512820512,-1.547008547008547,-1.4017094017094016,-1.9401709401709402,-1.7606837606837606,-1.1965811965811965,-1.5299145299145298,-1.0598290598290598,-1.8034188034188035,-0.10256410256410256,-0.1282051282051282,-1.2820512820512822,-0.05982905982905983,-0.9572649572649573,-1.7692307692307692,-0.452991452991453,-0.17094017094017094,-2.017094017094017,-1.3333333333333333,-0.05128205128205128,-0.3504273504273504,-1.6153846153846154,-1.2905982905982907,-1.7008547008547008,-1.7863247863247864,-1.1794871794871795,-1.2905982905982907,-1.2820512820512822,-1.735042735042735,-0.5213675213675214,-0.5982905982905983,-1.1452991452991452,-0.36752136752136755,-1.017094017094017,-1.4871794871794872,-0.4188034188034188,-0.19658119658119658,-1.9401709401709402,-1.0512820512820513,-0.5470085470085471
Q03377,-1.2647058823529411,-1.411764705882353,-1.4705882352941178,-1.9411764705882353,-2.1176470588235294,-1.411764705882353,-1.4411764705882353,-2.264705882352941,-1.3529411764705883,-0.7647058823529411,-0.7058823529411765,-1.088235294117647,-0.35294117647058826,-1.3823529411764706,-2.764705882352941,-0.9411764705882353,-0.5588235294117647,-2.4411764705882355,-1.3823529411764706,-0.7352941176470589,-0.29411764705882354,-0.8235294117647058,-0.47058823529411764,-0.6764705882352942,-2.0294117647058822,-0.5588235294117647,-0.11764705882352941,-0.7647058823529411,-0.9411764705882353,-1.3529411764705883,-1.0588235294117647,-0.5,-1.2647058823529411,-1.1470588235294117,-0.8529411764705882,-0.5588235294117647,-0.7352941176470589,-1.7058823529411764,-0.5588235294117647,-1.4705882352941178,-0.4411764705882353,-0.5294117647058824,-1.2647058823529411,-0.4411764705882353,-1.6764705882352942,-0.2647058823529412,0.38235294117647056,-1.1470588235294117,-1.1470588235294117,-1.0294117647058822,-1.3529411764705883,-0.4117647058823529,-1.2647058823529411,-2.176470588235294,-1.0588235294117647,-0.7352941176470589,-0.35294117647058826,-2.4705882352941178,-1.6764705882352942,-0.8529411764705882,-1.2702702702702702,-1.2432432432432432,-1.2972972972972974,-1.027027027027027,-2.5405405405405403,-1.162162162162162,-1.1081081081081081,-2.2432432432432434,-0.5405405405405406,-1.6486486486486487,-1.3513513513513513,-1.2702702702702702,-1.027027027027027,-0.6486486486486487,-2.054054054054054,-1.2432432432432432,-1.027027027027027,-2.135135135135135,0.0,-1.5405405405405406
P54422,0.3356164383561644,-1.2191780821917808,-0.910958904109589,-1.452054794520548,-1.5547945205479452,-0.8835616438356164,-1.1712328767123288,-0.6917808219178082,-1.2397260273972603,-1.047945205479452,-0.9246575342465754,-0.9383561643835616,-0.7534246575342466,-1.5136986301369864,-1.3630136986301369,-0.08904109589041095,-0.3356164383561644,-2.4452054794520546,-1.404109589041096,-0.6164383561643836,-0.3287671232876712,-0.9246575342465754,-1.3287671232876712,-1.3356164383561644,-2.3767123287671232,-0.726027397260274,-0.9178082191780822,-1.4109589041095891,-1.226027397260274,-1.4246575342465753,-0.9383561643835616,-0.8767123287671232,-0.7808219178082192,-1.678082191780822,-1.1506849315068493,-0.6986301369863014,-0.541095890410959,-2.1780821917808217,-1.4657534246575343,-1.0890410958904109,-0.18493150684931506,-0.952054794520548,-0.6438356164383562,-0.7876712328767124,-2.095890410958904,-0.6095890410958904,-0.684931506849315,-0.8767123287671232,-0.8356164383561644,-0.9178082191780822,-0.821917808219178,-0.7808219178082192,-0.5205479452054794,-1.1506849315068493,-1.1164383561643836,-0.1643835616438356,-0.3150684931506849,-1.8493150684931507,-0.8698630136986302,-0.7191780821917808,-0.2684563758389262,-0.9261744966442953,-0.7583892617449665,-1.1073825503355705,-2.2416107382550337,-0.3959731543624161,-0.8120805369127517,-0.8993288590604027,-1.1342281879194631,-1.1409395973154361,-1.0939597315436242,-0.785234899328859,-0.7919463087248322,-1.5436241610738255,-1.0402684563758389,-0.24161073825503357,-0.40939597315436244,-2.120805369127517,-1.3154362416107384,-0.9395973154362416
Q9S4K9,-0.9027777777777778,-2.5972222222222223,-2.125,-2.486111111111111,-2.8194444444444446,-2.236111111111111,-1.7777777777777777,-2.4305555555555554,-2.2916666666666665,-1.8472222222222223,-1.9166666666666667,-2.0833333333333335,-2.1805555555555554,-2.3194444444444446,-2.861111111111111,-1.4305555555555556,-1.125,-4.152777777777778,-2.638888888888889,-1.3888888888888888,-0.4444444444444444,-3.0972222222222223,-2.3194444444444446,-3.111111111111111,-2.7083333333333335,-2.3055555555555554,-2.7222222222222223,-2.763888888888889,-2.3333333333333335,-1.8055555555555556,-2.1527777777777777,-2.763888888888889,-2.0833333333333335,-2.6527777777777777,-3.0416666666666665,-1.5694444444444444,-1.5416666666666667,-4.347222222222222,-2.125,-1.3472222222222223,-0.3472222222222222,-2.361111111111111,-2.013888888888889,-2.0,-2.4444444444444446,-1.9305555555555556,-2.0555555555555554,-1.8611111111111112,-2.2916666666666665,-1.4166666666666667,-1.4444444444444444,-2.1805555555555554,-1.3055555555555556,-1.9861111111111112,-2.9027777777777777,-1.1527777777777777,-1.2083333333333333,-3.625,-2.0,-1.1805555555555556,-0.25,-1.1805555555555556,-1.5555555555555556,-1.8888888888888888,-2.7083333333333335,-1.3055555555555556,-1.1388888888888888,-2.4444444444444446,-1.8194444444444444,-1.2916666666666667,-0.8611111111111112,-1.0,-0.9583333333333334,-1.9583333333333333,-1.8888888888888888,-1.5277777777777777,-1.4722222222222223,-2.8055555555555554,-1.3055555555555556,-1.4722222222222223
Q48919,0.6105263157894737,-0.631578947368421,-0.7157894736842105,-0.9157894736842105,-1.4,-0.42105263157894735,-0.37894736842105264,-0.9578947368421052,-1.1157894736842104,-1.0210526315789474,-1.063157894736842,-0.5578947368421052,-0.6947368421052632,-1.7789473684210526,1.0736842105263158,0.24210526315789474,0.3263157894736842,-2.094736842105263,-1.5052631578947369,-0.5157894736842106,0.3473684210526316,-1.1789473684210525,-0.7578947368421053,-0.6421052631578947,-1.7473684210526317,-0.49473684210526314,-0.3157894736842105,-0.9263157894736842,-1.3368421052631578,-1.3263157894736841,-1.4421052631578948,-0.6947368421052632,-1.0421052631578946,-1.831578947368421,1.4842105263157894,0.05263157894736842,-0.15789473684210525,-2.294736842105263,-1.5894736842105264,-0.8105263157894737,0.3157894736842105,-0.8210526315789474,-0.43157894736842106,-0.6947368421052632,-1.5157894736842106,-0.2736842105263158,-0.23157894736842105,-0.6421052631578947,-1.0210526315789474,-1.105263157894737,-1.168421052631579,-0.37894736842105264,-0.7473684210526316,-1.4,-0.24210526315789474,0.28421052631578947,0.10526315789473684,-1.6631578947368422,-1.168421052631579,-0.7368421052631579,1.0,-1.3125,-1.0833333333333333,-1.1666666666666667,-1.7291666666666667,-0.5104166666666666,-0.53125,0.020833333333333332,-1.65625,-1.6145833333333333,-1.7916666666666667,-0.6354166666666666,-1.2708333333333333,-2.3333333333333335,1.9895833333333333,0.19791666666666666,0.052083333333333336,-2.6979166666666665,-1.6979166666666667,-0.9375
O50515,-0.34782608695652173,-1.3478260869565217,-1.9565217391304348,-2.5217391304347827,-2.5652173913043477,-1.2608695652173914,-1.4782608695652173,-2.4782608695652173,-1.391304347826087,-0.9565217391304348,-1.2173913043478262,-1.0869565217391304,-1.0,-2.0869565217391304,-1.9565217391304348,-1.2173913043478262,-0.6956521739130435,-2.782608695652174,-2.3043478260869565,-0.6086956521739131,0.21739130434782608,-1.0,-0.391304347826087,-0.782608695652174,-2.130434782608696,-0.30434782608695654,-0.21739130434782608,-1.2173913043478262,-1.6956521739130435,-1.7391304347826086,-1.7391304347826086,-0.043478260869565216,-1.391304347826087,-2.130434782608696,-1.6521739130434783,-0.2608695652173913,-0.08695652173913043,-2.739130434782609,-1.8695652173913044,-1.173913043478261,-0.17391304347826086,-1.8695652173913044,-1.391304347826087,-1.9565217391304348,-2.130434782608696,-0.9130434782608695,-1.4782608695652173,-1.0434782608695652,-1.8695652173913044,-0.6956521739130435,-0.782608695652174,-1.391304347826087,-0.43478260869565216,-2.391304347826087,-2.6956521739130435,-0.17391304347826086,-0.5652173913043478,-3.5652173913043477,-2.4782608695652173,-0.8260869565217391,0.16666666666666666,-1.2083333333333333,-1.2083333333333333,-0.3333333333333333,-2.5833333333333335,-0.3333333333333333,0.75,-1.75,-1.2083333333333333,-1.5416666666666667,-1.3333333333333333,-1.0,-1.0833333333333333,-2.125,-2.0416666666666665,-0.6666666666666666,-0.8333333333333334,-3.0833333333333335,-2.2916666666666665,-1.25
Q05523,0.035398230088495575,-0.7610619469026548,-0.8849557522123894,-0.9823008849557522,-1.7964601769911503,-0.5309734513274337,-0.8053097345132744,-1.2654867256637168,-1.0707964601769913,-0.6637168141592921,-0.5752212389380531,-0.4778761061946903,-0.3008849557522124,-1.2566371681415929,-0.7699115044247787,-0.19469026548672566,-0.08849557522123894,-2.2123893805309733,-1.1946902654867257,-0.46017699115044247,0.07964601769911504,-0.7079646017699115,-0.5132743362831859,-0.6814159292035398,-1.8761061946902655,-0.34513274336283184,-0.4424778761061947,-0.9734513274336283,-0.6283185840707964,-0.9646017699115044,-0.8495575221238938,-0.46017699115044247,-0.40707964601769914,-1.2743362831858407,-1.1592920353982301,-0.05309734513274336,-0.07964601769911504,-1.831858407079646,-0.6548672566371682,-0.8053097345132744,-0.3805309734513274,-0.5221238938053098,-0.34513274336283184,-0.7345132743362832,-2.0088495575221237,-0.336283185840708,-0.5486725663716814,-0.7522123893805309,-1.0,-1.0884955752212389,-1.0530973451327434,-0.07964601769911504,-0.672566371681416,-1.0353982300884956,-1.2920353982300885,-0.26548672566371684,0.0,-1.5044247787610618,-0.9557522123893806,-0.7964601769911505,-0.34513274336283184,-0.7256637168141593,-0.672566371681416,-0.7256637168141593,-1.8495575221238938,-0.36283185840707965,-0.34513274336283184,-0.9646017699115044,-1.079646017699115,-0.7168141592920354,-0.672566371681416,-0.1415929203539823,-0.336283185840708,-1.0353982300884956,-1.1327433628318584,-0.3893805309734513,-0.2743362831858407,-1.4336283185840708,-0.9469026548672567,-0.4690265486725664
P28611,-0.014925373134328358,-1.9104477611940298,-1.8059701492537314,-2.2238805970149254,-1.8805970149253732,-1.5671641791044777,-1.955223880597015,-0.7164179104477612,-2.0,0.31343283582089554,0.0,-1.492537313432836,0.22388059701492538,-0.29850746268656714,-1.671641791044776,-0.7313432835820896,-0.3880597014925373,-2.0597014925373136,-1.1791044776119404,0.14925373134328357,-0.47761194029850745,-0.5373134328358209,-0.6119402985074627,-0.44776119402985076,-2.4328358208955225,-0.40298507462686567,0.07462686567164178,-1.3880597014925373,-1.2537313432835822,-0.7611940298507462,-0.7164179104477612,-0.3880597014925373,-0.208955223880597,-1.3432835820895523,-1.671641791044776,-0.44776119402985076,-0.7014925373134329,-2.3582089552238807,-1.2835820895522387,-0.8507462686567164,0.31343283582089554,-1.7761194029850746,-1.5820895522388059,-2.1044776119402986,-1.9701492537313432,-1.492537313432836,-1.507462686567164,-0.9552238805970149,-1.5671641791044777,-0.5373134328358209,-0.44776119402985076,-1.5223880597014925,0.11940298507462686,-1.208955223880597,-2.029850746268657,-0.6119402985074627,-0.43283582089552236,-2.044776119402985,-1.2388059701492538,-0.417910447761194,-0.3188405797101449,-0.34782608695652173,-0.5942028985507246,-1.0724637681159421,-2.347826086956522,0.08695652173913043,0.057971014492753624,-1.4782608695652173,-1.0579710144927537,-0.8405797101449275,-1.0,0.2898550724637681,-0.4057971014492754,-1.8695652173913044,-1.2318840579710144,-0.4492753623188406,-0.463768115942029,-2.6956521739130435,-1.2753623188405796,-0.7101449275362319
P35865,0.0,-2.68,-2.2,-3.264,-2.216,-2.2,-2.624,-0.784,-2.864,-0.224,-0.576,-2.48,-0.456,-0.696,-2.528,-0.288,-0.648,-2.056,-1.416,-0.376,0.136,-2.352,-1.184,-2.376,-1.632,-1.824,-2.168,-0.544,-2.072,0.432,-0.216,-1.712,-0.352,0.624,-1.584,-0.448,-0.336,-0.896,-0.864,0.096,0.152,-2.392,-1.464,-2.568,-1.344,-1.808,-2.512,-0.952,-2.304,0.216,0.04,-2.232,-0.048,0.088,-1.912,-0.312,-0.336,-1.552,-0.776,0.112,-0.2857142857142857,-1.5634920634920635,-1.6428571428571428,-2.3015873015873014,-1.3333333333333333,-1.4444444444444444,-1.9285714285714286,-1.0,-1.7222222222222223,0.47619047619047616,0.30952380952380953,-1.2380952380952381,0.06349206349206349,0.9761904761904762,-1.3253968253968254,-0.6746031746031746,-0.5079365079365079,0.07936507936507936,0.1984126984126984,0.3492063492063492
P35166,-0.32608695652173914,-0.6413043478260869,-0.8913043478260869,-1.0326086956521738,-1.891304347826087,-0.10869565217391304,-0.22826086956521738,-1.8043478260869565,-1.108695652173913,-1.3043478260869565,-1.2173913043478262,-0.34782608695652173,-0.6304347826086957,-1.7282608695652173,-1.1304347826086956,-0.25,-0.532608695652174,-2.3369565217391304,-1.3043478260869565,-0.8478260869565217,-0.3804347826086957,-1.0434782608695652,-0.8369565217391305,-0.6847826086956522,-1.9021739130434783,-0.3804347826086957,-0.2391304347826087,-1.891304347826087,-1.3043478260869565,-0.8586956521739131,-1.065217391304348,-0.6195652173913043,-0.6630434782608695,-1.684782608695652,-1.184782608695652,-0.10869565217391304,-0.2391304347826087,-2.7282608695652173,-1.4782608695652173,-0.5217391304347826,-0.6956521739130435,-0.7934782608695652,-0.6739130434782609,-0.9347826086956522,-2.0760869565217392,-0.2608695652173913,-0.31521739130434784,-1.6956521739130435,-1.0869565217391304,-1.3478260869565217,-1.184782608695652,-0.32608695652173914,-0.717391304347826,-1.4130434782608696,-1.4021739130434783,-0.14130434782608695,-0.45652173913043476,-2.2065217391304346,-1.0326086956521738,-1.0217391304347827,-0.3695652173913043,-1.0,-0.8478260869565217,-0.9891304347826086,-1.858695652173913,-0.5434782608695652,-0.5,-1.5869565217391304,-1.391304347826087,-1.0108695652173914,-1.0434782608695652,-0.6195652173913043,-0.6630434782608695,-1.576086956521739,-1.2608695652173914,-0.09782608695652174,-0.1956521739130435,-2.532608695652174,-1.423913043478261,-0.6630434782608695
Q93QY7,-0.36666666666666664,-1.3761904761904762,-1.4904761904761905,-2.0238095238095237,-1.7857142857142858,-1.2333333333333334,-1.6142857142857143,-1.5857142857142856,-1.638095238095238,0.2761904761904762,0.13333333333333333,-1.0904761904761904,0.01904761904761905,-0.17142857142857143,-1.9285714285714286,-0.6523809523809524,-0.4714285714285714,-1.5809523809523809,-0.5904761904761905,0.11904761904761904,-0.11904761904761904,-1.519047619047619,-1.5857142857142856,-1.9666666666666666,-1.880952380952381,-1.4047619047619047,-1.6238095238095238,-1.2476190476190476,-1.7190476190476192,0.0761904761904762,0.06666666666666667,-1.4238095238095239,-0.21428571428571427,-0.2857142857142857,-1.7523809523809524,-0.6238095238095238,-0.42857142857142855,-1.7428571428571429,-0.6523809523809524,0.09523809523809523,-0.05238095238095238,-1.0047619047619047,-1.1333333333333333,-1.3285714285714285,-1.9333333333333333,-0.8380952380952381,-1.0047619047619047,-1.1095238095238096,-0.9666666666666667,-0.6761904761904762,-0.4523809523809524,-1.0142857142857142,-0.5476190476190477,-0.6857142857142857,-1.438095238095238,-0.4523809523809524,-0.5380952380952381,-1.3714285714285714,-0.6333333333333333,-0.5619047619047619,-0.4928909952606635,-0.4928909952606635,-1.009478672985782,-1.1753554502369667,-2.3317535545023698,-0.5402843601895735,-0.6919431279620853,-1.4691943127962086,-1.2274881516587677,-1.2938388625592416,-0.990521327014218,-0.7345971563981043,-0.6113744075829384,-1.2369668246445498,-1.6635071090047393,-0.5734597156398105,-0.6445497630331753,-1.8909952606635072,-1.146919431279621,-1.0758293838862558
Q8GJ44,-0.4691358024691358,-1.4320987654320987,-0.36419753086419754,-1.2222222222222223,-2.0308641975308643,-0.8209876543209876,-1.2777777777777777,-0.5864197530864198,-1.2407407407407407,-1.5987654320987654,-1.6666666666666667,-1.0432098765432098,-1.2654320987654322,-1.3950617283950617,-1.728395061728395,-0.030864197530864196,-0.13580246913580246,-1.7407407407407407,-0.6296296296296297,-1.1851851851851851,-0.2716049382716049,-1.154320987654321,-0.13580246913580246,-0.8580246913580247,-2.154320987654321,-0.5987654320987654,-0.845679012345679,-0.30246913580246915,-1.2407407407407407,-1.4074074074074074,-1.6851851851851851,-0.7098765432098766,-1.1851851851851851,-1.4259259259259258,-1.5061728395061729,0.14814814814814814,0.043209876543209874,-1.8395061728395061,-1.1111111111111112,-1.0617283950617284,-0.2345679012345679,-1.123456790123457,-0.1419753086419753,-0.6111111111111112,-2.080246913580247,-0.4876543209876543,-0.7283950617283951,-0.5246913580246914,-1.1975308641975309,-1.0246913580246915,-1.2345679012345678,-0.7592592592592593,-1.037037037037037,-1.4320987654320987,-1.2839506172839505,0.09259259259259259,0.16049382716049382,-1.6481481481481481,-0.9691358024691358,-0.7530864197530864,-0.15757575757575756,-1.0787878787878789,-0.11515151515151516,-0.7636363636363637,-1.9333333333333333,-0.6,-0.8424242424242424,-0.5151515151515151,-1.1272727272727272,-0.9636363636363636,-1.2545454545454546,-0.7151515151515152,-1.006060606060606,-1.2181818181818183,-1.2363636363636363,0.012121212121212121,0.12727272727272726,-1.5272727272727273,-0.8363636363636363,-0.6606060606060606
Q5YLG1,-0.5182926829268293,-1.5548780487804879,-1.3048780487804879,-1.6158536585365855,-2.6097560975609757,-1.2682926829268293,-1.5060975609756098,-1.3231707317073171,-1.2926829268292683,-1.4329268292682926,-1.201219512195122,-1.274390243902439,-0.9024390243902439,-1.3780487804878048,-2.152439024390244,-0.7134146341463414,-0.8292682926829268,-2.2621951219512195,-1.0609756097560976,-1.0548780487804879,-0.04878048780487805,-1.3353658536585367,-1.2134146341463414,-1.146341463414634,-2.591463414634146,-1.0731707317073171,-1.0609756097560976,-1.4329268292682926,-1.451219512195122,-2.091463414634146,-1.4878048780487805,-1.0670731707317074,-1.396341463414634,-1.6646341463414633,-1.8170731707317074,-0.5121951219512195,-0.7621951219512195,-2.2134146341463414,-1.024390243902439,-1.603658536585366,-0.4024390243902439,-1.5548780487804879,-0.7134146341463414,-1.548780487804878,-2.475609756097561,-1.0548780487804879,-1.5609756097560976,-1.1219512195121952,-1.3231707317073171,-1.8353658536585367,-1.75,-1.3414634146341464,-1.3902439024390243,-1.6768292682926829,-1.4268292682926829,-0.36585365853658536,-0.676829268292683,-2.274390243902439,-1.0060975609756098,-1.4329268292682926,-0.3413173652694611,-1.125748502994012,-0.12574850299401197,-0.6287425149700598,-2.2395209580838324,-0.5508982035928144,-0.7425149700598802,-0.9580838323353293,-1.2754491017964071,-1.0538922155688624,-1.4191616766467066,-0.592814371257485,-1.1736526946107784,-1.437125748502994,-0.9880239520958084,-0.017964071856287425,-0.029940119760479042,-1.9940119760479043,-1.0598802395209581,-0.7425149700598802
P42237,-0.008849557522123894,-2.353982300884956,-1.752212389380531,-2.8761061946902653,-1.654867256637168,-1.8938053097345133,-2.5929203539823007,-0.9380530973451328,-2.4690265486725664,-0.07079646017699115,-0.1415929203539823,-2.247787610619469,0.12389380530973451,0.05309734513274336,-1.9734513274336283,-0.34513274336283184,-0.3805309734513274,-1.345132743362832,-1.0619469026548674,-0.3185840707964602,0.168141592920354,-2.1415929203539825,-2.2035398230088497,-3.150442477876106,-1.3982300884955752,-1.9292035398230087,-2.495575221238938,-0.584070796460177,-2.3185840707964602,0.07964601769911504,0.035398230088495575,-2.415929203539823,0.08849557522123894,0.09734513274336283,-1.5575221238938053,-0.6283185840707964,-0.6283185840707964,-0.7345132743362832,-1.0,-0.11504424778761062,-0.07964601769911504,-2.2212389380530975,-1.9026548672566372,-3.0265486725663715,-1.654867256637168,-1.761061946902655,-2.831858407079646,-0.5309734513274337,-2.4424778761061945,0.6991150442477876,0.504424778761062,-2.2920353982300883,0.5929203539823009,0.911504424778761,-1.7433628318584071,-0.4336283185840708,-0.2743362831858407,-0.9026548672566371,-0.4778761061946903,0.18584070796460178,0.3879310344827586,-2.853448275862069,-1.956896551724138,-3.4655172413793105,-1.6982758620689655,-1.8706896551724137,-3.103448275862069,-0.6293103448275862,-2.6379310344827585,0.2413793103448276,0.06896551724137931,-2.836206896551724,0.21551724137931033,0.27586206896551724,-1.8275862068965518,-0.3275862068965517,-0.29310344827586204,-1.2844827586206897,-0.8275862068965517,0.0
P29094,-1.0142857142857142,-1.6357142857142857,-1.2142857142857142,-1.0357142857142858,-2.835714285714286,-1.2357142857142858,-1.3357142857142856,-1.457142857142857,-0.8928571428571429,-1.8285714285714285,-1.7142857142857142,-1.4857142857142858,-1.4928571428571429,-1.2714285714285714,-1.5714285714285714,-0.9642857142857143,-1.1785714285714286,-1.4785714285714286,-1.0571428571428572,-1.65,-0.5642857142857143,-0.9285714285714286,-0.4785714285714286,-0.32142857142857145,-1.9142857142857144,-0.9142857142857143,-0.7,-0.8214285714285714,-0.4928571428571429,-0.9928571428571429,-0.9071428571428571,-1.1642857142857144,-0.7857142857142857,-0.44285714285714284,-1.3642857142857143,-0.75,-0.8428571428571429,-0.4,-0.16428571428571428,-0.8571428571428571,-0.7714285714285715,-0.9714285714285714,-0.38571428571428573,-0.6571428571428571,-2.4785714285714286,-0.6142857142857143,-0.9214285714285714,-0.9142857142857143,-0.2,-1.4285714285714286,-0.6928571428571428,-1.1928571428571428,-0.35714285714285715,-0.65,-1.4857142857142858,-0.6928571428571428,-0.8642857142857143,-0.5,-0.14285714285714285,-1.3857142857142857,-0.5633802816901409,-0.8380281690140845,-0.5,-0.704225352112676,-2.464788732394366,-0.5915492957746479,-0.6549295774647887,-1.3873239436619718,-0.852112676056338,-1.1267605633802817,-0.8943661971830986,-0.8169014084507042,-1.295774647887324,-1.1338028169014085,-1.0985915492957747,-0.47183098591549294,-0.6056338028169014,-1.7605633802816902,-0.9225352112676056,-0.7816901408450704
Q933K8,0.45217391304347826,-0.6434782608695652,-0.5565217391304348,-0.6347826086956522,-1.7565217391304349,0.017391304347826087,-0.017391304347826087,-0.808695652173913,-1.173913043478261,-1.4869565217391305,-1.4086956521739131,-0.3565217391304348,-0.8608695652173913,-2.1043478260869564,-0.808695652173913,0.1391304347826087,-0.09565217391304348,-2.608695652173913,-1.6434782608695653,-0.9304347826086956,0.06086956521739131,-0.6521739130434783,-0.6869565217391305,-0.6956521739130435,-1.7130434782608697,-0.16521739130434782,-0.2608695652173913,-1.1043478260869566,-0.8695652173913043,-1.4,-1.208695652173913,-0.5043478260869565,-0.6782608695652174,-1.4956521739130435,-1.5739130434782609,-0.09565217391304348,-0.2956521739130435,-1.8608695652173912,-1.1217391304347826,-1.0434782608695652,-0.1391304347826087,-0.9826086956521739,-0.8,-0.808695652173913,-1.9565217391304348,-0.30434782608695654,-0.28695652173913044,-0.8521739130434782,-1.3130434782608695,-1.5565217391304347,-1.5130434782608695,-0.5217391304347826,-1.0,-2.0,0.10434782608695652,-0.1826086956521739,-0.4434782608695652,-2.2,-1.5304347826086957,-1.0608695652173914,0.3652173913043478,-0.8869565217391304,-0.6695652173913044,-1.0782608695652174,-1.808695652173913,-0.4782608695652174,-0.6086956521739131,0.7391304347826086,-1.4608695652173913,-1.9478260869565218,-1.791304347826087,-0.6434782608695652,-1.0782608695652174,-2.2869565217391306,-1.2608695652173914,0.034782608695652174,-0.8,-2.365217391304348,-1.9130434782608696,-1.2956521739130435
P22637,0.18840579710144928,-0.6014492753623188,-0.5652173913043478,-0.8405797101449275,-1.4710144927536233,-0.6594202898550725,-0.7898550724637681,-0.5289855072463768,-1.2028985507246377,-1.1521739130434783,-1.0217391304347827,-0.7028985507246377,-0.6811594202898551,-1.4057971014492754,-0.8333333333333334,0.10144927536231885,-0.13043478260869565,-1.7173913043478262,-1.144927536231884,-0.7318840579710145,-0.2536231884057971,-0.5,-0.36231884057971014,-0.6231884057971014,-1.463768115942029,-0.4855072463768116,-0.45652173913043476,-0.2028985507246377,-0.8188405797101449,-1.1231884057971016,-1.1956521739130435,-0.5797101449275363,-0.8188405797101449,-1.2173913043478262,-0.6956521739130435,-0.1956521739130435,-0.2028985507246377,-1.4057971014492754,-0.8623188405797102,-0.8115942028985508,0.028985507246376812,-0.5434782608695652,-0.7463768115942029,-1.0217391304347827,-1.7173913043478262,-0.6304347826086957,-0.7753623188405797,-0.5797101449275363,-0.7971014492753623,-0.8913043478260869,-0.7898550724637681,-0.5869565217391305,-0.6956521739130435,-1.2681159420289856,-0.8623188405797102,-0.057971014492753624,0.036231884057971016,-1.826086956521739,-1.0942028985507246,-0.6086956521739131,-0.06521739130434782,-0.8405797101449275,-0.6884057971014492,-0.8985507246376812,-1.6666666666666667,-0.6086956521739131,-0.6739130434782609,-0.7318840579710145,-1.0289855072463767,-0.8913043478260869,-0.9420289855072463,-0.717391304347826,-0.6231884057971014,-1.2826086956521738,-0.8985507246376812,-0.1956521739130435,-0.18115942028985507,-1.9275362318840579,-1.0724637681159421,-0.6304347826086957
Q9RC92,-0.7872340425531915,-0.8723404255319149,-0.5531914893617021,-0.7127659574468085,-2.148936170212766,-0.48936170212765956,-0.43617021276595747,-1.5851063829787233,-0.851063829787234,-1.2127659574468086,-1.127659574468085,-0.6170212765957447,-0.7872340425531915,-1.0851063829787233,-1.8191489361702127,-0.5319148936170213,-0.5106382978723404,-1.7234042553191489,-0.7340425531914894,-1.127659574468085,-0.5212765957446809,-0.6808510638297872,-0.7340425531914894,-0.7978723404255319,-2.0106382978723403,-0.35106382978723405,-0.425531914893617,-1.4361702127659575,-1.074468085106383,-1.1702127659574468,-1.1595744680851063,-0.39361702127659576,-0.7659574468085106,-1.3404255319148937,-1.5319148936170213,-0.5212765957446809,-0.6595744680851063,-1.9787234042553192,-0.925531914893617,-1.074468085106383,-0.5,-1.0319148936170213,-0.6063829787234043,-0.9148936170212766,-2.25531914893617,-0.5,-0.6063829787234043,-1.2127659574468086,-0.8297872340425532,-1.5851063829787233,-1.574468085106383,-0.7446808510638298,-1.148936170212766,-1.1808510638297873,-1.372340425531915,-0.14893617021276595,-0.3191489361702128,-1.8936170212765957,-0.5638297872340425,-1.372340425531915,-0.5894736842105263,-0.8631578947368421,-0.7684210526315789,-1.0210526315789474,-2.1789473684210527,-0.6842105263157895,-0.6210526315789474,-1.231578947368421,-0.6631578947368421,-1.2210526315789474,-1.063157894736842,-0.6631578947368421,-0.8315789473684211,-1.1263157894736842,-1.4842105263157894,-0.5157894736842106,-0.5368421052631579,-1.6631578947368422,-0.5473684210526316,-1.0210526315789474
P45618,-0.7894736842105263,-1.9736842105263157,-1.368421052631579,-1.1842105263157894,-2.6578947368421053,-1.2894736842105263,-1.105263157894737,-1.6842105263157894,-1.9210526315789473,-1.0263157894736843,-1.4210526315789473,-0.8947368421052632,-0.8421052631578947,-1.4210526315789473,-1.7105263157894737,-0.8421052631578947,-0.7894736842105263,-2.8157894736842106,-1.8157894736842106,-0.8157894736842105,-0.34210526315789475,-1.8157894736842106,-1.3421052631578947,-1.5263157894736843,-2.6052631578947367,-1.4210526315789473,-1.2105263157894737,-1.2894736842105263,-1.6578947368421053,-0.9210526315789473,-1.605263157894737,-1.0789473684210527,-1.263157894736842,-1.6842105263157894,-1.894736842105263,-0.6842105263157895,-0.631578947368421,-3.3684210526315788,-2.0789473684210527,-0.5263157894736842,-1.0789473684210527,-1.736842105263158,-1.3157894736842106,-1.131578947368421,-3.026315789473684,-0.8947368421052632,-0.9210526315789473,-1.5526315789473684,-1.631578947368421,-1.0526315789473684,-1.2894736842105263,-0.7368421052631579,-1.263157894736842,-1.763157894736842,-2.289473684210526,-1.2894736842105263,-0.7894736842105263,-3.263157894736842,-1.894736842105263,-0.9210526315789473,-0.325,-1.0,-0.825,-1.075,-2.15,-0.575,-0.575,-1.575,-1.55,-0.2,-0.95,-0.2,-0.65,-1.725,-1.125,-0.4,-0.05,-2.95,-1.675,-0.175
Q828D2,-0.8833333333333333,-0.36666666666666664,-0.9666666666666667,-1.1666666666666667,-2.9166666666666665,-0.48333333333333334,-0.8333333333333334,-2.0166666666666666,-2.033333333333333,-1.3666666666666667,-1.7,-0.5166666666666667,-1.2666666666666666,-2.533333333333333,-2.066666666666667,-1.1333333333333333,-1.15,-3.6333333333333333,-2.433333333333333,-0.95,-1.7166666666666666,-0.8833333333333333,-1.75,-1.9166666666666667,-3.716666666666667,-0.5,-0.8833333333333333,-3.033333333333333,-1.8166666666666667,-2.1666666666666665,-2.1166666666666667,0.36666666666666664,-1.8333333333333333,-2.816666666666667,-2.783333333333333,-1.65,-1.5333333333333334,-3.8666666666666667,-2.0833333333333335,-1.9,-1.0166666666666666,-0.6833333333333333,-1.5333333333333334,-1.5666666666666667,-2.933333333333333,-0.7166666666666667,-0.8166666666666667,-2.25,-1.7833333333333334,-1.2166666666666666,-1.3666666666666667,-0.06666666666666667,-0.4,-1.9,-2.4,-1.2166666666666666,-1.2833333333333334,-3.5,-2.1666666666666665,-1.05,0.5573770491803278,-0.13114754098360656,-0.06557377049180328,0.4426229508196721,-2.3278688524590163,0.5081967213114754,1.1967213114754098,-1.1147540983606556,-0.9836065573770492,-1.8032786885245902,-1.9672131147540983,0.7213114754098361,-1.5573770491803278,-2.5737704918032787,0.6065573770491803,0.3442622950819672,-0.01639344262295082,-2.8688524590163933,-1.901639344262295,-1.3442622950819672
P12669,-0.9393939393939394,-1.2121212121212122,-1.0,-0.8787878787878788,-2.0303030303030303,-0.2727272727272727,-0.5151515151515151,-2.0606060606060606,-1.121212121212121,-1.2727272727272727,-1.2424242424242424,-0.5757575757575758,-0.48484848484848486,-1.2727272727272727,-1.0303030303030303,-0.2727272727272727,-0.3333333333333333,-1.5757575757575757,-0.9393939393939394,-0.9696969696969697,0.12121212121212122,-0.7878787878787878,-0.7272727272727273,-1.1515151515151516,-1.7272727272727273,-0.6060606060606061,-0.5151515151515151,-1.1818181818181819,-1.2121212121212122,-1.2121212121212122,-1.1515151515151516,-0.5757575757575758,-0.8484848484848485,-1.2121212121212122,-1.8181818181818181,0.06060606060606061,-0.5454545454545454,-2.393939393939394,-1.1818181818181819,-0.9696969696969697,-0.7272727272727273,-0.9696969696969697,-0.5454545454545454,-1.1818181818181819,-2.0303030303030303,-0.6060606060606061,-0.3939393939393939,-1.878787878787879,-0.7575757575757576,-0.8484848484848485,-1.0606060606060606,-0.45454545454545453,-0.5757575757575758,-1.2727272727272727,-1.5757575757575757,-0.18181818181818182,-0.21212121212121213,-2.4242424242424243,-0.9696969696969697,-0.5454545454545454,-0.48484848484848486,-1.606060606060606,-1.1818181818181819,-0.7575757575757576,-1.4242424242424243,-0.8181818181818182,-0.7878787878787878,-1.7878787878787878,-1.3636363636363635,-0.8787878787878788,-1.0303030303030303,-1.1515151515151516,-0.696969696969697,-1.5151515151515151,-1.2727272727272727,-0.42424242424242425,-0.30303030303030304,-2.121212121212121,-1.1515151515151516,-0.5757575757575758
P39755,-0.6666666666666666,-2.6984126984126986,-1.5555555555555556,-2.7698412698412698,-1.9285714285714286,-2.1746031746031744,-2.5396825396825395,-1.8412698412698412,-2.3412698412698414,0.7222222222222222,0.9523809523809523,-2.4365079365079363,0.8253968253968254,0.7857142857142857,-2.119047619047619,-0.2857142857142857,-0.25396825396825395,-1.5555555555555556,-0.7063492063492064,-0.15079365079365079,-0.20634920634920634,-3.2777777777777777,-2.619047619047619,-3.619047619047619,-2.746031746031746,-2.642857142857143,-3.1507936507936507,-1.4444444444444444,-2.7777777777777777,-0.23809523809523808,0.07142857142857142,-2.873015873015873,0.07142857142857142,-0.07142857142857142,-2.8968253968253967,-0.7777777777777778,-0.9841269841269841,-2.4444444444444446,-0.9444444444444444,-0.7857142857142857,-0.2857142857142857,-2.8015873015873014,-2.1666666666666665,-3.2936507936507935,-2.1507936507936507,-2.3174603174603177,-3.0238095238095237,-1.507936507936508,-2.5714285714285716,0.1349206349206349,0.1349206349206349,-2.6031746031746033,0.6507936507936508,-0.3888888888888889,-2.9365079365079363,-0.6349206349206349,-0.6984126984126984,-2.2777777777777777,-1.1349206349206349,-0.6190476190476191,0.0,-1.6614173228346456,-1.6377952755905512,-2.125984251968504,-2.0,-1.3228346456692914,-1.5433070866141732,-1.3070866141732282,-1.5433070866141732,-0.07874015748031496,-0.11811023622047244,-1.3779527559055118,-0.03937007874015748,-0.1889763779527559,-1.4173228346456692,-0.3228346456692913,-0.3937007874015748,-1.330708661417323,-0.3700787401574803,-0.08661417322834646
P46921,-0.4857142857142857,-1.5714285714285714,-1.457142857142857,-1.6428571428571428,-2.1142857142857143,-1.3,-1.5857142857142856,-1.042857142857143,-1.8428571428571427,0.07142857142857142,-0.11428571428571428,-1.5142857142857142,-0.21428571428571427,-0.18571428571428572,-1.1571428571428573,-0.7285714285714285,-0.32857142857142857,-0.2857142857142857,-0.6857142857142857,0.05714285714285714,0.014285714285714285,-1.9857142857142858,-2.0285714285714285,-2.5428571428571427,-2.442857142857143,-1.6714285714285715,-2.1714285714285713,-0.9857142857142858,-2.3714285714285714,0.42857142857142855,0.5,-2.2142857142857144,-0.1,0.11428571428571428,-1.4714285714285715,-0.6428571428571429,-0.4142857142857143,-1.042857142857143,-0.8714285714285714,0.07142857142857142,-0.07142857142857142,-1.7857142857142858,-2.3,-2.914285714285714,-2.942857142857143,-1.7142857142857142,-2.1857142857142855,-1.7142857142857142,-2.4571428571428573,0.22857142857142856,0.0,-1.8571428571428572,0.05714285714285714,-0.7428571428571429,-1.5714285714285714,-0.9285714285714286,-0.7571428571428571,-2.1,-1.3571428571428572,0.0,0.19444444444444445,-1.4583333333333333,-1.6527777777777777,-2.2222222222222223,-2.361111111111111,-1.4583333333333333,-1.8611111111111112,-0.8333333333333334,-2.4722222222222223,0.2777777777777778,0.09722222222222222,-1.7083333333333333,0.06944444444444445,-0.6944444444444444,-2.0694444444444446,-0.4027777777777778,-0.20833333333333334,-1.8472222222222223,-0.8888888888888888,0.2361111111111111
P53627,-0.6909090909090909,-1.0606060606060606,-0.7878787878787878,-1.0363636363636364,-2.3393939393939394,-0.9090909090909091,-0.7454545454545455,-1.0787878787878789,-1.1090909090909091,-1.6363636363636365,-1.4727272727272727,-0.8484848484848485,-1.0424242424242425,-1.5757575757575757,-1.406060606060606,-0.7575757575757576,-0.6666666666666666,-1.8909090909090909,-1.1575757575757575,-1.3575757575757577,-0.28484848484848485,-0.8727272727272727,-0.3333333333333333,-0.2787878787878788,-1.496969696969697,-0.5393939393939394,-0.3696969696969697,-0.8,-0.6424242424242425,-1.0545454545454545,-0.9696969696969697,-0.5636363636363636,-0.6242424242424243,-1.0545454545454545,-0.8484848484848485,-0.18181818181818182,-0.32727272727272727,-1.096969696969697,-0.3939393939393939,-0.8424242424242424,-0.15151515151515152,-0.9939393939393939,-0.5333333333333333,-0.8545454545454545,-1.9636363636363636,-0.5636363636363636,-0.49696969696969695,-1.1939393939393939,-0.8181818181818182,-0.896969696969697,-0.8909090909090909,-0.593939393939394,-0.5454545454545454,-1.290909090909091,-1.1636363636363636,-0.006060606060606061,0.07272727272727272,-1.915151515151515,-0.9575757575757575,-0.4303030303030303,-0.005988023952095809,-0.2275449101796407,-0.8922155688622755,-1.3652694610778444,-1.7964071856287425,-0.5808383233532934,-0.8323353293413174,-1.0239520958083832,-1.3892215568862276,-1.9820359281437125,-1.8562874251497006,-0.47305389221556887,-1.2035928143712575,-2.3233532934131738,-0.08982035928143713,-0.04790419161676647,-0.281437125748503,-2.461077844311377,-1.904191616766467,-1.2335329341317365
O32885,-0.40860215053763443,-0.5161290322580645,-0.8494623655913979,-0.5483870967741935,-3.139784946236559,-0.11827956989247312,0.3118279569892473,-2.4408602150537635,-1.5913978494623655,-1.2795698924731183,-0.8494623655913979,-0.1827956989247312,-0.8924731182795699,-2.4086021505376345,-2.5053763440860215,-0.7526881720430108,-0.9032258064516129,-3.2580645161290325,-1.967741935483871,-1.3870967741935485,-0.5268817204301075,-1.3870967741935485,-1.5591397849462365,-1.2473118279569892,-2.827956989247312,-0.9032258064516129,-0.2903225806451613,-2.161290322580645,-1.967741935483871,-1.6559139784946237,-1.3655913978494623,-1.010752688172043,-1.096774193548387,-2.4731182795698925,-2.5161290322580645,-0.978494623655914,-1.3118279569892473,-3.4086021505376345,-2.064516129032258,-1.6881720430107527,-1.075268817204301,-1.6666666666666667,-1.8064516129032258,-1.956989247311828,-2.7096774193548385,-1.3440860215053763,-1.3010752688172043,-2.096774193548387,-1.7849462365591398,-1.7526881720430108,-2.4946236559139785,-1.3870967741935485,-1.946236559139785,-2.6559139784946235,-2.3870967741935485,-0.7849462365591398,-0.9247311827956989,-3.4516129032258065,-2.3225806451612905,-1.2365591397849462,-1.1157894736842104,-0.5157894736842106,-1.2421052631578948,-1.2842105263157895,-3.663157894736842,-0.28421052631578947,-0.6210526315789474,-2.557894736842105,-1.8105263157894738,-2.0,-1.9052631578947368,-0.5473684210526316,-1.4421052631578948,-3.0631578947368423,-3.1157894736842104,-1.1368421052631579,-1.3578947368421053,-3.8526315789473684,-2.389473684210526,-2.136842105263158
P39128,-0.3924050632911392,-1.2278481012658229,-1.2911392405063291,-1.9240506329113924,-2.4050632911392404,-1.1772151898734178,-1.5569620253164558,-1.3544303797468353,-1.7848101265822784,0.0379746835443038,-0.05063291139240506,-0.9620253164556962,-0.1518987341772152,0.1518987341772152,-0.9493670886075949,-0.46835443037974683,-0.31645569620253167,-0.810126582278481,-0.5569620253164557,-0.11392405063291139,0.012658227848101266,-1.860759493670886,-1.9620253164556962,-2.6202531645569622,-2.2531645569620253,-1.8354430379746836,-2.5063291139240507,-1.3291139240506329,-2.3037974683544302,0.3670886075949367,0.35443037974683544,-1.9873417721518987,0.0759493670886076,0.569620253164557,-1.6582278481012658,-0.5949367088607594,-0.34177215189873417,-0.9367088607594937,-0.6962025316455697,0.27848101265822783,-0.5316455696202531,-1.6329113924050633,-1.6835443037974684,-2.1139240506329116,-2.430379746835443,-1.2658227848101267,-1.8481012658227849,-1.6582278481012658,-1.9493670886075949,-0.0759493670886076,-0.20253164556962025,-1.7341772151898733,-0.1518987341772152,-0.3291139240506329,-1.3924050632911393,-0.7468354430379747,-0.569620253164557,-0.9113924050632911,-0.7215189873417721,-0.5063291139240507,0.06172839506172839,-1.5925925925925926,-1.2345679012345678,-2.1604938271604937,-2.45679012345679,-1.0493827160493827,-1.7160493827160495,-0.6049382716049383,-2.234567901234568,0.2716049382716049,0.18518518518518517,-1.6049382716049383,-0.13580246913580246,0.24691358024691357,-1.6666666666666667,-0.4444444444444444,-0.18518518518518517,-1.3703703703703705,-0.4444444444444444,0.12345679012345678
P71756,-1.021505376344086,-0.3978494623655914,-1.7204301075268817,-1.5591397849462365,-2.5161290322580645,-1.3333333333333333,-0.946236559139785,-1.5913978494623655,-1.6881720430107527,-0.8387096774193549,-1.0,-1.2473118279569892,-1.4731182795698925,-1.7311827956989247,-2.118279569892473,-1.2150537634408602,-1.118279569892473,-3.075268817204301,-1.1720430107526882,-0.9032258064516129,-1.0,-0.8602150537634409,-1.4623655913978495,-1.053763440860215,-2.7204301075268815,-1.4408602150537635,-1.118279569892473,-2.3655913978494625,-1.1505376344086022,-1.053763440860215,-1.075268817204301,-1.1935483870967742,-0.967741935483871,-1.8064516129032258,-2.4838709677419355,-1.3978494623655915,-0.8387096774193549,-3.2795698924731185,-1.7956989247311828,-1.2258064516129032,-0.5591397849462365,-0.34408602150537637,-0.8387096774193549,-1.2258064516129032,-2.5053763440860215,-0.43010752688172044,-0.3225806451612903,-1.4838709677419355,-0.9139784946236559,-0.989247311827957,-1.1827956989247312,-0.6129032258064516,-0.7849462365591398,-1.4301075268817205,-1.5806451612903225,-0.6666666666666666,-1.032258064516129,-2.0,-0.8924731182795699,-1.2258064516129032,-0.34375,-0.19791666666666666,-0.7708333333333334,-0.96875,-1.96875,-0.46875,-0.3125,-1.2708333333333333,-0.875,-0.8125,-0.5729166666666666,-0.3854166666666667,-0.59375,-0.7708333333333334,-1.5,-0.65625,-0.4479166666666667,-1.9270833333333333,-1.0208333333333333,-0.96875
P39597,0.34615384615384615,-0.6826923076923077,-0.7403846153846154,-0.8653846153846154,-1.75,-0.20192307692307693,-0.5480769230769231,-0.9134615384615384,-1.1153846153846154,-0.8653846153846154,-0.75,-0.3942307692307692,-0.3942307692307692,-1.4711538461538463,-0.625,0.009615384615384616,-0.1346153846153846,-2.2115384615384617,-1.375,-0.5865384615384616,0.019230769230769232,-0.7980769230769231,-0.5384615384615384,-0.5769230769230769,-1.5673076923076923,-0.34615384615384615,-0.5288461538461539,-0.5961538461538461,-0.7596153846153846,-0.8557692307692307,-0.625,-0.7211538461538461,-0.6538461538461539,-1.125,-0.75,-0.09615384615384616,-0.18269230769230768,-1.8846153846153846,-1.2403846153846154,-0.5961538461538461,-0.2403846153846154,-0.6153846153846154,-0.6634615384615384,-0.5,-2.144230769230769,-0.3173076923076923,-0.41346153846153844,-0.9519230769230769,-1.0576923076923077,-1.1826923076923077,-1.1442307692307692,-0.5384615384615384,-0.7692307692307693,-1.2980769230769231,-1.1826923076923077,-0.2980769230769231,-0.38461538461538464,-1.8653846153846154,-1.3461538461538463,-0.9230769230769231,-0.20192307692307693,-0.8557692307692307,-0.6923076923076923,-0.7403846153846154,-1.9615384615384615,-0.41346153846153844,-0.6346153846153846,-1.0,-0.9807692307692307,-1.2307692307692308,-1.1153846153846154,-0.7019230769230769,-0.7596153846153846,-1.3653846153846154,-1.2211538461538463,-0.2692307692307692,-0.34615384615384615,-2.269230769230769,-1.1346153846153846,-0.9903846153846154
Q08002,-0.5137614678899083,-0.6605504587155964,-0.1743119266055046,-0.8623853211009175,-1.9541284403669725,-0.3302752293577982,-0.3761467889908257,-1.651376146788991,-1.1376146788990826,-1.2477064220183487,-1.110091743119266,-0.25688073394495414,-0.6605504587155964,-1.614678899082569,-1.4770642201834863,0.14678899082568808,-0.10091743119266056,-2.623853211009174,-1.4495412844036697,-0.9908256880733946,-0.8623853211009175,-0.9908256880733946,-0.22935779816513763,-0.4954128440366973,-2.18348623853211,-0.5596330275229358,-0.3211009174311927,-1.4036697247706422,-0.8256880733944955,-1.4587155963302751,-1.5871559633027523,-0.5688073394495413,-1.055045871559633,-1.5321100917431192,-1.4862385321100917,-0.3577981651376147,-0.48623853211009177,-2.376146788990826,-1.0642201834862386,-1.1009174311926606,-0.7339449541284404,-0.8807339449541285,-0.3119266055045872,-0.926605504587156,-2.018348623853211,-0.29357798165137616,-0.43119266055045874,-1.6055045871559632,-0.5137614678899083,-1.3761467889908257,-1.146788990825688,-0.5688073394495413,-0.6330275229357798,-1.3577981651376148,-1.688073394495413,-0.1834862385321101,-0.6146788990825688,-2.073394495412844,-0.7247706422018348,-1.1559633027522935,-0.5225225225225225,-0.9009009009009009,-0.5585585585585585,-0.8558558558558559,-2.081081081081081,-0.42342342342342343,-0.3333333333333333,-1.4324324324324325,-1.1441441441441442,-1.3783783783783783,-1.3243243243243243,-0.3963963963963964,-0.7927927927927928,-1.8018018018018018,-1.009009009009009,-0.1981981981981982,-0.4864864864864865,-2.6666666666666665,-1.5315315315315314,-0.963963963963964
P19571,-0.4573643410852713,-1.2248062015503876,-0.9612403100775194,-1.0232558139534884,-2.054263565891473,-0.9224806201550387,-1.2403100775193798,-1.2635658914728682,-1.0,-1.2790697674418605,-1.0232558139534884,-1.1317829457364341,-1.0077519379844961,-0.875968992248062,-1.4108527131782946,-0.6511627906976745,-0.6744186046511628,-1.186046511627907,-0.8062015503875969,-1.186046511627907,-0.6976744186046512,-0.751937984496124,-0.16279069767441862,-0.13178294573643412,-1.751937984496124,-0.9612403100775194,-0.5426356589147286,-0.6976744186046512,0.16279069767441862,-0.8914728682170543,-0.7674418604651163,-0.9689922480620154,-0.7751937984496124,-0.14728682170542637,-0.8604651162790697,-0.5736434108527132,-0.7209302325581395,-0.031007751937984496,0.4186046511627907,-0.813953488372093,-0.6976744186046512,-0.9147286821705426,-0.17054263565891473,-0.3488372093023256,-2.8372093023255816,-0.8294573643410853,-0.8992248062015504,-0.7209302325581395,-0.4496124031007752,-1.2713178294573644,-1.0465116279069768,-1.0387596899224807,-0.31007751937984496,-0.6201550387596899,-1.550387596899225,-0.6356589147286822,-0.689922480620155,-0.5658914728682171,-0.4186046511627907,-1.2325581395348837,-0.5572519083969466,-1.251908396946565,0.17557251908396945,-0.6946564885496184,-2.351145038167939,-0.8625954198473282,-1.3053435114503817,-0.916030534351145,-0.9007633587786259,-1.0534351145038168,-1.3358778625954197,-1.3129770992366412,-1.0076335877862594,-1.1526717557251909,-1.5419847328244274,-0.2748091603053435,-0.33587786259541985,-1.8702290076335877,-0.6183206106870229,-0.9694656488549618
Q55242,0.2768595041322314,-0.6322314049586777,0.32644628099173556,-0.10743801652892562,-1.7314049586776858,0.2231404958677686,0.10330578512396695,-0.9338842975206612,-0.9545454545454546,-1.1115702479338843,-1.322314049586777,0.19421487603305784,-0.8553719008264463,-1.8553719008264462,-1.0082644628099173,0.5867768595041323,0.6735537190082644,-2.4173553719008263,-1.4917355371900827,-0.6652892561983471,-0.49173553719008267,-0.8305785123966942,-0.07851239669421488,-0.4214876033057851,-1.9090909090909092,-0.4256198347107438,-0.5991735537190083,-1.0082644628099173,-0.71900826446281,-1.1570247933884297,-1.3140495867768596,-0.5495867768595041,-0.9297520661157025,-1.0702479338842976,-1.2727272727272727,-0.2809917355371901,-0.23553719008264462,-1.475206611570248,-0.5867768595041323,-0.9793388429752066,-0.30991735537190085,-1.0661157024793388,-0.4132231404958678,-0.7107438016528925,-1.921487603305785,-0.6157024793388429,-0.5743801652892562,-0.8925619834710744,-1.0495867768595042,-1.1818181818181819,-1.165289256198347,-0.6033057851239669,-0.8636363636363636,-1.4297520661157024,-0.8801652892561983,-0.09090909090909091,-0.19421487603305784,-1.9586776859504131,-1.0702479338842976,-0.859504132231405,0.1728395061728395,-0.7860082304526749,-0.5761316872427984,-0.7366255144032922,-2.2263374485596708,-0.4773662551440329,0.2880658436213992,-1.0123456790123457,-1.3045267489711934,-1.5308641975308641,-1.8065843621399178,0.03292181069958848,-1.551440329218107,-2.5555555555555554,1.876543209876543,0.5761316872427984,0.720164609053498,-3.0,-2.0205761316872426,-0.8353909465020576
P06535,-1.1041666666666667,-0.7916666666666666,-0.3958333333333333,-0.9583333333333334,-2.2916666666666665,-0.10416666666666667,-0.4791666666666667,-1.7916666666666667,-0.7083333333333334,-1.5416666666666667,-1.1875,-0.5208333333333334,-0.6458333333333334,-1.9375,-1.9791666666666667,-0.4583333333333333,-0.5208333333333334,-2.5416666666666665,-1.2916666666666667,-1.375,-1.0208333333333333,-1.125,-1.0208333333333333,-1.2708333333333333,-2.3541666666666665,-0.6458333333333334,-0.5833333333333334,-2.3333333333333335,-0.7916666666666666,-1.2083333333333333,-1.0208333333333333,-0.8333333333333334,-0.5208333333333334,-1.0416666666666667,-1.9375,-0.7708333333333334,-0.4583333333333333,-2.1666666666666665,-0.6875,-1.0416666666666667,-0.8958333333333334,-0.6875,-0.875,-0.9166666666666666,-2.3125,-0.14583333333333334,-0.3958333333333333,-2.0,-0.7291666666666666,-1.4791666666666667,-1.1666666666666667,-0.5625,-0.7916666666666666,-1.7708333333333333,-1.75,-0.5,-0.5208333333333334,-2.7291666666666665,-1.25,-1.375,-0.9583333333333334,-1.5208333333333333,-1.2291666666666667,-0.7916666666666666,-2.1666666666666665,-0.8333333333333334,-0.8541666666666666,-1.8125,-1.1041666666666667,-1.0625,-1.125,-1.3958333333333333,-0.8333333333333334,-1.25,-2.0416666666666665,-0.9375,-0.875,-2.625,-1.0208333333333333,-1.1875
P38037,-1.0454545454545454,-0.13636363636363635,-0.18181818181818182,-0.9090909090909091,-2.6818181818181817,0.2727272727272727,0.4090909090909091,-1.9090909090909092,-0.8181818181818182,-1.8636363636363635,-1.7272727272727273,0.8636363636363636,-1.0454545454545454,-1.7727272727272727,-1.5,-0.36363636363636365,-0.6818181818181818,-2.409090909090909,-1.0,-1.4545454545454546,-1.4545454545454546,-1.5909090909090908,-1.9545454545454546,-1.6818181818181819,-2.772727272727273,-1.3181818181818181,-1.0,-2.409090909090909,-2.0454545454545454,-0.8636363636363636,-0.8636363636363636,-1.1818181818181819,-0.45454545454545453,-2.090909090909091,-2.6363636363636362,-1.4090909090909092,-0.6363636363636364,-2.909090909090909,-2.409090909090909,-0.6363636363636364,-1.6363636363636365,-0.5,-1.4545454545454546,-2.272727272727273,-2.9545454545454546,-1.5909090909090908,-2.0,-2.5454545454545454,-0.8636363636363636,-0.9545454545454546,-1.8636363636363635,-0.6818181818181818,-1.1363636363636365,-2.590909090909091,-3.1363636363636362,-1.5909090909090908,-1.8636363636363635,-3.4545454545454546,-2.272727272727273,-1.5454545454545454,-2.0416666666666665,-1.0416666666666667,-2.3333333333333335,-1.8333333333333333,-3.4166666666666665,-1.875,-1.875,-2.7916666666666665,-2.3333333333333335,-1.9166666666666667,-2.0833333333333335,-1.0833333333333333,-1.9583333333333333,-2.7916666666666665,-2.4166666666666665,-1.625,-1.2083333333333333,-3.375,-2.2083333333333335,-1.375
P80734,-0.03125,-1.09375,-1.40625,-1.4375,-1.09375,-0.78125,-0.96875,-1.75,-1.375,-0.96875,-0.9375,-0.8125,-0.5625,-1.625,-1.03125,-0.40625,-0.625,-2.59375,-1.34375,-0.625,-0.25,-0.46875,-0.71875,-0.75,-2.0625,0.125,0.15625,-1.6875,-0.96875,-1.1875,-1.1875,-0.0625,-0.59375,-1.84375,-1.34375,-0.25,-0.4375,-2.6875,-1.46875,-0.75,-0.875,-1.15625,-0.9375,-1.0625,-2.1875,-0.53125,-0.53125,-2.15625,-0.15625,-1.34375,-1.125,-0.6875,-0.84375,-1.09375,-1.1875,-0.5625,-0.75,-1.8125,-0.4375,-1.0,0.14285714285714285,-0.8285714285714286,-1.0285714285714285,-0.9714285714285714,-1.7428571428571429,-0.4,-0.42857142857142855,-1.3714285714285714,-1.4857142857142858,-1.3714285714285714,-1.2571428571428571,-0.02857142857142857,-0.8857142857142857,-1.7428571428571429,-1.3142857142857143,0.0,-0.34285714285714286,-2.2857142857142856,-1.4285714285714286,-0.9142857142857143
P07373,-0.6043956043956044,-1.901098901098901,-2.1758241758241756,-2.802197802197802,-1.934065934065934,-1.8571428571428572,-2.4505494505494507,-1.879120879120879,-1.956043956043956,0.18681318681318682,0.5384615384615384,-1.945054945054945,0.17582417582417584,0.03296703296703297,-2.2637362637362637,-0.8351648351648352,-0.7912087912087912,-1.3186813186813187,-0.6813186813186813,-0.15384615384615385,-0.6263736263736264,-2.21978021978022,-2.4505494505494507,-3.032967032967033,-2.5164835164835164,-2.021978021978022,-2.5494505494505493,-1.6813186813186813,-2.5714285714285716,-0.2967032967032967,-0.31868131868131866,-2.021978021978022,-0.31868131868131866,-0.5384615384615384,-2.241758241758242,-1.164835164835165,-1.2197802197802199,-2.340659340659341,-1.6483516483516483,-0.4175824175824176,-1.010989010989011,-2.1648351648351647,-2.10989010989011,-2.6483516483516483,-3.1538461538461537,-1.6043956043956045,-1.945054945054945,-1.7802197802197801,-1.956043956043956,-1.120879120879121,-1.065934065934066,-2.032967032967033,-0.989010989010989,-1.120879120879121,-2.4945054945054945,-1.10989010989011,-1.4395604395604396,-2.098901098901099,-1.4065934065934067,-1.2857142857142858,-0.7096774193548387,-2.4408602150537635,-2.5376344086021505,-3.4301075268817205,-2.2580645161290325,-2.3333333333333335,-2.870967741935484,-1.7419354838709677,-2.6236559139784945,-0.23655913978494625,-0.21505376344086022,-2.4623655913978495,-0.1935483870967742,-0.4946236559139785,-3.204301075268817,-1.118279569892473,-1.2150537634408602,-2.5591397849462365,-1.5698924731182795,-0.5698924731182796
P35594,-0.4308510638297872,-0.6968085106382979,-0.601063829787234,-0.9468085106382979,-2.2606382978723403,-0.2872340425531915,-0.425531914893617,-1.3351063829787233,-1.4148936170212767,-1.1648936170212767,-1.175531914893617,-0.324468085106383,-1.0159574468085106,-2.026595744680851,-1.4680851063829787,-0.4148936170212766,-0.5425531914893617,-2.978723404255319,-1.7819148936170213,-0.9787234042553191,-1.0,-1.3191489361702127,-1.9414893617021276,-1.824468085106383,-3.3351063829787235,-1.0585106382978724,-0.9148936170212766,-2.5851063829787235,-2.1702127659574466,-1.5053191489361701,-1.5851063829787233,-1.175531914893617,-1.4202127659574468,-2.7872340425531914,-2.75,-1.4042553191489362,-1.452127659574468,-3.7872340425531914,-2.5372340425531914,-1.696808510638298,-0.4627659574468085,-0.324468085106383,-1.2446808510638299,-0.8138297872340425,-2.4893617021276597,-0.5053191489361702,0.05851063829787234,-1.6595744680851063,-1.7074468085106382,-1.0,-1.0212765957446808,-0.02127659574468085,-1.0159574468085106,-2.25531914893617,-2.015957446808511,-0.6117021276595744,-0.925531914893617,-2.8297872340425534,-1.8670212765957446,-0.9521276595744681,-0.9521276595744681,-0.7978723404255319,-1.2925531914893618,-0.9946808510638298,-3.1595744680851063,-0.723404255319149,-0.2925531914893617,-1.9734042553191489,-1.648936170212766,-0.8936170212765957,-1.0585106382978724,-0.5053191489361702,-1.074468085106383,-2.101063829787234,-2.0851063829787235,-1.1117021276595744,-1.101063829787234,-3.6914893617021276,-2.117021276595745,-0.8936170212765957
Q9EYW6,-1.3333333333333333,-1.1851851851851851,-0.8518518518518519,-1.6296296296296295,-2.1481481481481484,-0.4444444444444444,-1.0740740740740742,-2.5185185185185186,-0.8148148148148148,-0.7407407407407407,-0.37037037037037035,-1.2222222222222223,-0.07407407407407407,-0.8148148148148148,-2.2222222222222223,-0.9259259259259259,-0.14814814814814814,-2.185185185185185,-0.5185185185185185,-0.5925925925925926,-1.1481481481481481,-0.8518518518518519,0.07407407407407407,-0.8518518518518519,-2.037037037037037,0.037037037037037035,-0.6666666666666666,-1.3333333333333333,0.25925925925925924,-2.2222222222222223,-2.037037037037037,-0.7777777777777778,-1.3703703703703705,-2.037037037037037,-2.0,-0.2222222222222222,-0.6666666666666666,-2.3703703703703702,-0.9629629629629629,-1.8518518518518519,-1.1111111111111112,-1.3703703703703705,-1.2962962962962963,-1.2592592592592593,-2.259259259259259,-0.9629629629629629,-1.0,-2.4444444444444446,-1.1111111111111112,-0.5925925925925926,-0.8148148148148148,-1.2222222222222223,-0.6666666666666666,-0.7037037037037037,-2.2962962962962963,-1.0,-0.6666666666666666,-2.3703703703703702,-0.48148148148148145,-0.7037037037037037,-0.8214285714285714,-0.8571428571428571,-0.9285714285714286,-1.1785714285714286,-2.2142857142857144,-0.10714285714285714,-0.6785714285714286,-1.7857142857142858,-1.1071428571428572,-1.25,-1.1785714285714286,-0.8214285714285714,-0.7142857142857143,-2.0714285714285716,-1.5714285714285714,-0.32142857142857145,-0.10714285714285714,-2.7857142857142856,-1.4285714285714286,-0.9642857142857143
Q9ZN78,0.014492753623188406,-0.3333333333333333,-1.5507246376811594,-1.2463768115942029,-2.7971014492753623,-0.6086956521739131,-0.7246376811594203,-1.7681159420289856,-1.1594202898550725,-1.391304347826087,-1.2028985507246377,-0.7246376811594203,-0.9855072463768116,-1.8840579710144927,-2.2753623188405796,-0.5942028985507246,-0.7101449275362319,-2.971014492753623,-1.608695652173913,-1.0579710144927537,0.10144927536231885,0.2318840579710145,-0.7536231884057971,-0.2898550724637681,-1.6956521739130435,0.18840579710144928,0.21739130434782608,-1.173913043478261,-0.43478260869565216,-0.5942028985507246,-0.3333333333333333,-0.3333333333333333,-0.3188405797101449,-0.6521739130434783,-1.1014492753623188,-0.3333333333333333,-0.4927536231884058,-1.5072463768115942,-0.7536231884057971,-0.5507246376811594,0.14492753623188406,-0.6666666666666666,-1.3333333333333333,-0.8985507246376812,-1.7246376811594204,-0.5652173913043478,-0.5362318840579711,-1.5797101449275361,-0.6956521739130435,-0.391304347826087,-0.43478260869565216,-0.8985507246376812,-0.43478260869565216,-1.0869565217391304,-1.4202898550724639,-0.2463768115942029,-0.34782608695652173,-2.101449275362319,-0.8405797101449275,-0.3188405797101449,0.4927536231884058,-0.6376811594202898,-0.5362318840579711,-0.7391304347826086,-1.9565217391304348,-0.4782608695652174,-0.3188405797101449,0.42028985507246375,-1.434782608695652,-2.246376811594203,-2.289855072463768,-0.4927536231884058,-1.565217391304348,-2.463768115942029,-1.289855072463768,0.2463768115942029,-0.7971014492753623,-2.652173913043478,-2.2028985507246377,-1.4927536231884058
Q46337,0.004149377593360996,-0.6970954356846473,-0.8672199170124482,-0.9543568464730291,-1.9709543568464731,-0.5311203319502075,-0.46473029045643155,-0.7510373443983402,-1.016597510373444,-0.9377593360995851,-1.045643153526971,-0.6182572614107884,-0.8174273858921162,-1.5103734439834025,-1.1244813278008299,-0.33195020746887965,-0.3236514522821577,-2.3734439834024896,-1.1825726141078838,-0.6929460580912863,0.24481327800829875,-0.9045643153526971,-1.2780082987551866,-1.1493775933609958,-2.2904564315352696,-1.0788381742738589,-0.7385892116182573,-0.9128630705394191,-1.2199170124481329,-0.9543568464730291,-0.966804979253112,-1.058091286307054,-1.1493775933609958,-1.7219917012448134,-1.4522821576763485,-0.7468879668049793,-0.6016597510373444,-2.8464730290456433,-1.5684647302904564,-0.4107883817427386,-0.4730290456431535,-1.2240663900414939,-1.3568464730290457,-1.4771784232365146,-1.983402489626556,-1.070539419087137,-1.1908713692946058,-1.4564315352697095,-1.2572614107883817,-1.4896265560165975,-1.3941908713692945,-1.2199170124481329,-1.0788381742738589,-1.7012448132780082,-1.8132780082987552,-0.9004149377593361,-0.6680497925311203,-2.5809128630705396,-1.6348547717842323,-0.975103734439834,-0.7418032786885246,-1.278688524590164,-1.7540983606557377,-1.848360655737705,-2.7049180327868854,-1.3114754098360655,-1.3565573770491803,-1.4467213114754098,-1.7950819672131149,-1.7540983606557377,-1.5614754098360655,-1.2377049180327868,-1.4180327868852458,-2.0491803278688523,-1.8852459016393444,-1.2049180327868851,-1.1434426229508197,-2.8442622950819674,-1.9836065573770492,-1.3729508196721312
Q2FV54,-0.47333333333333333,-1.2133333333333334,-1.3266666666666667,-1.68,-2.02,-0.9666666666666667,-1.4133333333333333,-1.4266666666666667,-1.1933333333333334,-0.46,-0.16666666666666666,-1.12,-0.36,-0.04666666666666667,-1.2533333333333334,-0.5533333333333333,-0.54,-1.06,-0.28,-0.54,-0.1,-1.3133333333333332,-1.3733333333333333,-1.8733333333333333,-1.3,-1.2133333333333334,-1.5733333333333333,-1.16,-1.4666666666666666,0.14,0.3333333333333333,-1.2866666666666666,0.05333333333333334,0.12666666666666668,-0.9266666666666666,-0.49333333333333335,-0.22,-0.6733333333333333,-0.2733333333333333,0.11333333333333333,-0.34,-0.9666666666666667,-1.04,-1.5933333333333333,-2.06,-0.7066666666666667,-0.9866666666666667,-1.4866666666666666,-1.1066666666666667,-0.36666666666666664,-0.5533333333333333,-0.58,-0.4066666666666667,-0.7,-1.34,-0.44666666666666666,-0.30666666666666664,-1.7133333333333334,-0.7866666666666666,-0.44666666666666666,-0.43137254901960786,-0.9150326797385621,-0.6928104575163399,-1.0588235294117647,-2.215686274509804,-0.29411764705882354,-0.5555555555555556,-1.5555555555555556,-0.9477124183006536,-1.261437908496732,-1.2745098039215685,-0.43137254901960786,-0.8235294117647058,-1.6862745098039216,-1.5490196078431373,-0.17647058823529413,-0.26143790849673204,-2.450980392156863,-1.091503267973856,-0.9803921568627451
P34956,-0.6296296296296297,-2.314814814814815,-1.771604938271605,-2.574074074074074,-2.3641975308641974,-1.6728395061728396,-2.2777777777777777,-1.5493827160493827,-2.2098765432098766,-0.4382716049382716,-0.345679012345679,-2.1358024691358026,-0.012345679012345678,-0.25308641975308643,-2.0987654320987654,-1.1296296296296295,-0.8765432098765432,-1.5555555555555556,-0.8641975308641975,-0.49382716049382713,-0.5,-2.1790123456790123,-1.7345679012345678,-2.5864197530864197,-2.2777777777777777,-1.8209876543209877,-2.191358024691358,-1.5864197530864197,-1.808641975308642,-0.37037037037037035,-0.29012345679012347,-1.9506172839506173,-0.14814814814814814,-0.35802469135802467,-1.9135802469135803,-0.7283950617283951,-0.41975308641975306,-1.5555555555555556,-0.5679012345679012,-0.3950617283950617,-0.9506172839506173,-2.5123456790123457,-2.2160493827160495,-2.888888888888889,-2.54320987654321,-2.154320987654321,-2.691358024691358,-1.7839506172839505,-1.8518518518518519,-0.7530864197530864,-0.7037037037037037,-2.4876543209876543,-0.07407407407407407,-0.30246913580246915,-2.450617283950617,-1.123456790123457,-0.845679012345679,-1.1728395061728396,-0.7160493827160493,-0.7098765432098766,-0.3803680981595092,-1.4233128834355828,-1.2269938650306749,-1.5828220858895705,-2.042944785276074,-1.098159509202454,-1.0736196319018405,-1.3374233128834356,-0.901840490797546,-0.6687116564417178,-0.656441717791411,-1.2638036809815951,-0.4601226993865031,-0.3803680981595092,-1.392638036809816,-0.558282208588957,-0.5153374233128835,-1.3006134969325154,-0.5214723926380368,-0.6380368098159509
P12921,-0.6530612244897959,-0.9183673469387755,-1.0204081632653061,-1.6122448979591837,-2.2244897959183674,-0.5714285714285714,-0.8775510204081632,-1.469387755102041,-1.183673469387755,-1.2040816326530612,-1.2857142857142858,-0.7551020408163265,-0.5510204081632653,-1.346938775510204,-1.489795918367347,-0.6938775510204082,-0.7142857142857143,-2.2448979591836733,-1.0816326530612246,-0.9795918367346939,-1.0408163265306123,-1.1020408163265305,-1.2040816326530612,-1.5714285714285714,-2.2448979591836733,-0.8571428571428571,-1.0816326530612246,-2.0,-1.1224489795918366,-0.8367346938775511,-0.8571428571428571,-1.2653061224489797,-0.6122448979591837,-1.0408163265306123,-1.6734693877551021,-0.9795918367346939,-0.6326530612244898,-2.1020408163265305,-0.673469387755102,-0.8367346938775511,-0.6122448979591837,-0.5102040816326531,-0.9591836734693877,-1.4285714285714286,-2.0,-0.46938775510204084,-0.5306122448979592,-1.5918367346938775,-1.1020408163265305,-1.346938775510204,-1.3061224489795917,-0.4489795918367347,-0.7755102040816326,-1.7346938775510203,-1.7346938775510203,-0.4897959183673469,-0.5102040816326531,-2.4693877551020407,-1.4489795918367347,-1.1224489795918366,-0.8,-0.54,-0.72,-0.84,-2.28,-0.42,-0.54,-1.84,-1.06,-1.06,-1.2,-0.68,-0.7,-1.96,-1.62,-0.68,-0.56,-3.08,-1.64,-0.98
P17670,-0.5490196078431373,-1.3333333333333333,-0.7647058823529411,-1.0392156862745099,-2.4313725490196076,-0.29411764705882354,-0.4117647058823529,-1.9607843137254901,-0.47058823529411764,-1.4509803921568627,-1.2549019607843137,-0.5490196078431373,-1.1372549019607843,-1.7058823529411764,-1.4901960784313726,-0.803921568627451,-0.7450980392156863,-2.607843137254902,-0.8627450980392157,-1.1176470588235294,-0.37254901960784315,-1.7058823529411764,-0.29411764705882354,-1.1764705882352942,-2.6862745098039214,-0.7843137254901961,-0.803921568627451,-0.9607843137254902,-1.0784313725490196,-1.5686274509803921,-1.3725490196078431,-0.7254901960784313,-1.5294117647058822,-2.019607843137255,-1.8431372549019607,-0.803921568627451,-1.0,-2.607843137254902,-1.8627450980392157,-1.607843137254902,-0.5882352941176471,-2.176470588235294,-1.0784313725490196,-1.7843137254901962,-2.803921568627451,-1.1568627450980393,-1.4705882352941178,-1.2156862745098038,-2.1372549019607843,-1.8431372549019607,-1.5098039215686274,-1.2352941176470589,-1.8235294117647058,-1.6666666666666667,-2.588235294117647,-0.9607843137254902,-0.8627450980392157,-2.1372549019607843,-2.196078431372549,-1.411764705882353,-1.3333333333333333,-2.0185185185185186,-1.537037037037037,-2.259259259259259,-3.074074074074074,-1.7222222222222223,-1.8148148148148149,-2.7222222222222223,-1.8333333333333333,-1.7222222222222223,-1.7592592592592593,-1.4814814814814814,-1.6851851851851851,-1.9814814814814814,-2.925925925925926,-1.8703703703703705,-1.9259259259259258,-2.5,-1.2962962962962963,-1.6296296296296295
P29958,0.030612244897959183,-0.6326530612244898,-0.9183673469387755,-1.0459183673469388,-1.9489795918367347,-0.35714285714285715,-0.6071428571428571,-0.9540816326530612,-1.239795918367347,-1.163265306122449,-0.7040816326530612,-0.7193877551020408,-0.6122448979591837,-1.086734693877551,-1.096938775510204,-0.336734693877551,-0.6173469387755102,-1.7857142857142858,-0.9948979591836735,-0.7346938775510204,-0.061224489795918366,-0.6836734693877551,-0.8469387755102041,-1.0765306122448979,-2.316326530612245,-0.413265306122449,-0.8061224489795918,-0.8622448979591837,-1.2551020408163265,-1.3877551020408163,-1.0612244897959184,-0.7346938775510204,-0.8418367346938775,-1.4081632653061225,-1.1683673469387754,-0.32142857142857145,-0.576530612244898,-2.0,-1.1887755102040816,-0.9540816326530612,-0.00510204081632653,-0.37244897959183676,-0.39285714285714285,-0.3163265306122449,-1.8010204081632653,0.0,-0.3469387755102041,-0.7142857142857143,-0.7857142857142857,-1.0612244897959184,-0.8163265306122449,-0.44387755102040816,-0.673469387755102,-1.2908163265306123,-0.37244897959183676,-0.17346938775510204,-0.35714285714285715,-1.096938775510204,-0.7908163265306123,-0.8061224489795918,0.030303030303030304,-0.4797979797979798,-0.7171717171717171,-0.5808080808080808,-2.2373737373737375,-0.04040404040404041,-0.35858585858585856,-0.696969696969697,-0.98989898989899,-1.3333333333333333,-1.121212121212121,-0.42424242424242425,-0.8939393939393939,-1.3888888888888888,-0.8383838383838383,-0.05555555555555555,-0.37373737373737376,-1.4494949494949494,-1.02020202020202,-0.9646464646464646
P21938,-0.6785714285714286,-1.1785714285714286,-1.1785714285714286,-1.0535714285714286,-2.5535714285714284,-1.0625,-0.8928571428571429,-1.4196428571428572,-1.1160714285714286,-1.8482142857142858,-1.7053571428571428,-0.9464285714285714,-1.2142857142857142,-1.2767857142857142,-1.5,-0.9553571428571429,-1.0089285714285714,-2.1339285714285716,-1.1696428571428572,-1.4375,-0.16964285714285715,-0.8214285714285714,-0.9107142857142857,-1.2410714285714286,-2.4642857142857144,-0.8482142857142857,-0.7767857142857143,-1.25,-1.1517857142857142,-1.7410714285714286,-1.4553571428571428,-0.7053571428571429,-1.0357142857142858,-1.6607142857142858,-2.017857142857143,-0.7767857142857143,-0.6964285714285714,-2.4017857142857144,-1.3303571428571428,-1.25,-0.8482142857142857,-1.4821428571428572,-1.0892857142857142,-1.125,-2.8660714285714284,-0.8303571428571429,-1.0535714285714286,-1.25,-1.0535714285714286,-1.5535714285714286,-1.2321428571428572,-1.2053571428571428,-1.1517857142857142,-1.5178571428571428,-1.8571428571428572,-1.0982142857142858,-0.8482142857142857,-2.580357142857143,-1.2232142857142858,-1.4821428571428572,-0.336283185840708,-0.7964601769911505,-0.8407079646017699,-0.8407079646017699,-2.424778761061947,-0.5309734513274337,-0.504424778761062,-1.3628318584070795,-1.0265486725663717,-1.3716814159292035,-1.1946902654867257,-0.5752212389380531,-1.008849557522124,-1.592920353982301,-1.7876106194690264,-0.5309734513274337,-0.9026548672566371,-2.6194690265486726,-1.2920353982300885,-1.2566371681415929
P11931,-1.55,-2.0090909090909093,-1.9090909090909092,-2.1863636363636365,-3.7545454545454544,-1.5318181818181817,-1.559090909090909,-3.036363636363636,-1.9727272727272727,-2.0318181818181817,-2.331818181818182,-1.3363636363636364,-1.7772727272727273,-2.2772727272727273,-2.9727272727272727,-1.7772727272727273,-1.7045454545454546,-3.0272727272727273,-1.8636363636363635,-2.109090909090909,-1.4454545454545455,-2.022727272727273,-1.7227272727272727,-1.7045454545454546,-3.018181818181818,-1.9727272727272727,-1.35,-2.368181818181818,-2.0,-1.6409090909090909,-2.040909090909091,-1.459090909090909,-1.9,-2.3136363636363635,-2.272727272727273,-1.7818181818181817,-1.440909090909091,-3.159090909090909,-2.1045454545454545,-1.5272727272727273,-1.4227272727272726,-1.990909090909091,-1.8454545454545455,-2.0318181818181817,-3.4545454545454546,-1.9318181818181819,-2.0318181818181817,-2.8727272727272726,-2.077272727272727,-1.8590909090909091,-1.731818181818182,-1.9727272727272727,-1.6727272727272726,-1.8454545454545455,-3.35,-1.4681818181818183,-1.3772727272727272,-2.95,-1.6954545454545455,-1.7636363636363637,-0.2818181818181818,-1.3,-1.3227272727272728,-1.3954545454545455,-3.0,-0.9227272727272727,-0.24545454545454545,-2.4,-2.018181818181818,-0.8681818181818182,-0.990909090909091,-0.24545454545454545,-1.3909090909090909,-2.159090909090909,-2.3181818181818183,-1.0818181818181818,-1.05,-3.4954545454545456,-2.0681818181818183,-0.8681818181818182
P42450,-0.30434782608695654,-1.1032608695652173,-1.048913043478261,-1.0869565217391304,-2.5543478260869565,-0.6956521739130435,-0.7119565217391305,-1.5108695652173914,-1.434782608695652,-1.7228260869565217,-1.673913043478261,-0.8967391304347826,-1.423913043478261,-2.1467391304347827,-1.7282608695652173,-0.6521739130434783,-0.782608695652174,-2.755434782608696,-1.7934782608695652,-1.3478260869565217,-0.23369565217391305,-0.9402173913043478,-0.8260869565217391,-0.8913043478260869,-2.239130434782609,-0.8804347826086957,-0.9184782608695652,-1.315217391304348,-1.2445652173913044,-1.190217391304348,-1.1793478260869565,-0.8097826086956522,-1.0,-1.7934782608695652,-1.4619565217391304,-0.5543478260869565,-0.42391304347826086,-2.347826086956522,-1.5543478260869565,-0.8043478260869565,-0.5217391304347826,-1.1141304347826086,-1.2282608695652173,-1.451086956521739,-2.4184782608695654,-0.9619565217391305,-1.1195652173913044,-1.548913043478261,-1.309782608695652,-1.4076086956521738,-1.358695652173913,-0.9782608695652174,-0.8206521739130435,-1.7445652173913044,-2.005434782608696,-0.9619565217391305,-0.9021739130434783,-2.7989130434782608,-1.690217391304348,-1.326086956521739,-0.28342245989304815,-0.9090909090909091,-0.983957219251337,-1.2620320855614973,-2.2941176470588234,-0.5882352941176471,-0.7593582887700535,-1.7379679144385027,-1.2513368983957218,-1.3475935828877006,-1.3262032085561497,-0.839572192513369,-1.0267379679144386,-2.085561497326203,-1.5240641711229947,-0.7112299465240641,-0.7967914438502673,-2.572192513368984,-1.6470588235294117,-1.0053475935828877
Q7TWW7,-0.14634146341463414,-1.4878048780487805,-1.6504065040650406,-1.7886178861788617,-2.292682926829268,-1.1951219512195121,-1.1382113821138211,-1.8373983739837398,-1.8373983739837398,-1.2845528455284554,-1.4552845528455285,-1.1788617886178863,-0.959349593495935,-2.2113821138211383,-1.8943089430894309,-0.7154471544715447,-0.7235772357723578,-2.910569105691057,-2.097560975609756,-1.1544715447154472,-0.6747967479674797,-1.1869918699186992,-0.975609756097561,-0.8617886178861789,-2.186991869918699,-0.8780487804878049,-0.5121951219512195,-1.3821138211382114,-1.2357723577235773,-1.2276422764227641,-1.3089430894308942,-0.8048780487804879,-0.9349593495934959,-1.7235772357723578,-1.5934959349593496,-0.9024390243902439,-0.6260162601626016,-1.886178861788618,-1.4308943089430894,-1.0406504065040652,-0.6829268292682927,-1.6097560975609757,-1.3983739837398375,-1.6016260162601625,-2.292682926829268,-1.4471544715447155,-1.5772357723577235,-1.7073170731707317,-1.853658536585366,-1.3252032520325203,-1.8130081300813008,-1.2764227642276422,-1.048780487804878,-2.4146341463414633,-2.658536585365854,-1.0975609756097562,-1.08130081300813,-3.3252032520325203,-2.065040650406504,-1.056910569105691,-1.0634920634920635,-1.4603174603174602,-1.5714285714285714,-1.7619047619047619,-2.873015873015873,-1.2698412698412698,-1.0238095238095237,-2.2936507936507935,-1.6666666666666667,-1.7222222222222223,-1.6349206349206349,-0.9523809523809523,-1.4285714285714286,-2.3412698412698414,-2.2777777777777777,-1.2301587301587302,-1.1666666666666667,-2.992063492063492,-1.753968253968254,-1.3968253968253967
O32221,-1.1764705882352942,-2.3529411764705883,-2.411764705882353,-2.764705882352941,-0.7058823529411765,-1.5294117647058822,-1.4705882352941178,-2.588235294117647,-2.2941176470588234,-1.411764705882353,-1.8235294117647058,-2.0,-0.6470588235294118,-3.0,-3.0,-1.1176470588235294,-0.4117647058823529,-4.235294117647059,-2.4705882352941178,-0.8235294117647058,-0.29411764705882354,-0.7647058823529411,-1.0588235294117647,-1.588235294117647,-2.8823529411764706,-0.8235294117647058,-0.7647058823529411,-1.8823529411764706,-1.7058823529411764,-1.2941176470588236,-2.176470588235294,0.0,-1.8823529411764706,-2.588235294117647,-2.823529411764706,-0.7058823529411765,-1.0,-4.235294117647059,-2.823529411764706,-0.6470588235294118,-0.29411764705882354,-1.2941176470588236,-0.8823529411764706,-0.9411764705882353,-2.176470588235294,-0.8235294117647058,-0.8235294117647058,-1.8235294117647058,-1.6470588235294117,-0.4117647058823529,-0.9411764705882353,-0.8235294117647058,-1.2941176470588236,-1.7647058823529411,-2.0,-0.6470588235294118,0.0,-3.235294117647059,-1.7058823529411764,0.35294117647058826,0.16666666666666666,-0.7222222222222222,-1.3888888888888888,-1.1666666666666667,-2.7777777777777777,0.0,-0.3333333333333333,-1.9444444444444444,-1.8888888888888888,-1.7777777777777777,-1.6666666666666667,-0.05555555555555555,-1.9444444444444444,-2.7777777777777777,-2.1666666666666665,-0.8333333333333334,-0.6666666666666666,-4.0,-2.611111111111111,-1.5555555555555556
Q10900,0.16748768472906403,-0.9310344827586207,-1.0985221674876848,-1.3891625615763548,-1.8103448275862069,-0.6625615763546798,-0.9014778325123153,-0.9753694581280788,-1.3817733990147782,-1.0862068965517242,-1.3078817733990147,-0.9408866995073891,-0.7906403940886699,-1.8990147783251232,-1.0738916256157636,-0.24630541871921183,-0.3103448275862069,-2.645320197044335,-1.6576354679802956,-0.645320197044335,-0.04926108374384237,-0.9901477832512315,-1.1403940886699508,-1.206896551724138,-1.8300492610837438,-0.6354679802955665,-0.7364532019704434,-1.167487684729064,-1.3029556650246306,-0.8325123152709359,-0.8399014778325123,-0.9187192118226601,-0.7733990147783252,-1.4408866995073892,-0.9975369458128078,-0.3694581280788177,-0.27586206896551724,-2.1305418719211824,-1.4310344827586208,-0.5344827586206896,-0.29310344827586204,-1.0763546798029557,-0.9384236453201971,-1.1650246305418719,-1.5591133004926108,-0.9458128078817734,-0.770935960591133,-1.1921182266009853,-1.4507389162561577,-0.4729064039408867,-0.7512315270935961,-0.8251231527093597,-0.5517241379310345,-1.3817733990147782,-1.6083743842364533,-0.39408866995073893,-0.31773399014778325,-2.3891625615763545,-1.5591133004926108,-0.21182266009852216,-0.3194103194103194,-1.4594594594594594,-1.253071253071253,-1.565110565110565,-1.5036855036855037,-1.058968058968059,-1.3120393120393121,-1.3857493857493857,-1.6486486486486487,-0.1547911547911548,-0.3366093366093366,-1.28009828009828,-0.3882063882063882,-0.5257985257985258,-1.6044226044226044,-0.5724815724815725,-0.547911547911548,-1.5773955773955775,-0.9877149877149877,-0.29975429975429974
P65563,-0.15625,-2.53125,-2.0625,-3.09375,-1.78125,-2.0625,-2.65625,-1.4375,-2.40625,0.84375,0.96875,-2.375,0.75,0.59375,-2.25,-0.71875,-0.65625,-1.5625,-0.875,0.28125,-0.5,-0.90625,-0.625,-0.84375,-1.8125,-0.75,-0.40625,-0.59375,-1.03125,-1.46875,-1.53125,-0.71875,-1.0625,-1.34375,-0.21875,-0.03125,-0.4375,-1.59375,-0.8125,-1.15625,-1.1875,-2.78125,-2.96875,-3.21875,-2.84375,-2.375,-2.71875,-3.34375,-2.59375,-0.1875,-0.25,-2.71875,-0.15625,0.40625,-2.3125,-1.78125,-1.5,-2.09375,-0.53125,-0.53125,-1.0,-3.125,-2.875,-3.25,-3.25,-2.71875,-2.5625,-2.09375,-2.84375,-0.03125,0.28125,-2.5625,-0.125,-0.375,-3.21875,-1.46875,-1.09375,-0.9375,-1.15625,-0.40625
A9Q0M7,-0.47058823529411764,-0.5294117647058824,0.11764705882352941,-0.8823529411764706,-2.2941176470588234,0.4117647058823529,0.4117647058823529,-2.0588235294117645,-1.1764705882352942,-1.0588235294117647,-0.6470588235294118,0.5882352941176471,0.11764705882352941,-1.4705882352941178,-1.588235294117647,-0.058823529411764705,-0.058823529411764705,-2.411764705882353,-1.2941176470588236,-0.7058823529411765,-0.47058823529411764,-1.588235294117647,-0.058823529411764705,-1.7647058823529411,-1.411764705882353,-1.2352941176470589,-1.6470588235294117,0.0,-0.9411764705882353,-1.7058823529411764,-1.8823529411764706,-0.8823529411764706,-1.5294117647058822,-1.7058823529411764,-2.3529411764705883,-0.35294117647058826,-0.5294117647058824,-2.235294117647059,-0.5882352941176471,-1.1764705882352942,-0.11764705882352941,-1.0,0.058823529411764705,-1.1764705882352942,-1.2352941176470589,-0.7058823529411765,-0.7647058823529411,-0.11764705882352941,-1.1764705882352942,-1.4705882352941178,-2.0,-0.35294117647058826,-1.4705882352941178,-1.8235294117647058,-2.1176470588235294,0.058823529411764705,-0.058823529411764705,-1.0588235294117647,-1.411764705882353,-1.2352941176470589,0.631578947368421,-1.1578947368421053,0.10526315789473684,-1.4210526315789473,-1.8421052631578947,-0.8947368421052632,-1.5263157894736843,1.4736842105263157,-1.0,-1.368421052631579,-1.5263157894736843,-0.9473684210526315,-1.105263157894737,-1.6842105263157894,-1.631578947368421,0.10526315789473684,-0.42105263157894735,-1.105263157894737,-1.5789473684210527,-1.0526315789473684
Q9LAB5,0.2558139534883721,-1.3255813953488371,-1.0,-1.7674418604651163,-1.3255813953488371,-0.6511627906976745,-1.1395348837209303,-1.3953488372093024,-1.441860465116279,-0.813953488372093,-0.9534883720930233,-0.8837209302325582,-0.5813953488372093,-1.744186046511628,-1.3255813953488371,-0.023255813953488372,0.5813953488372093,-2.6744186046511627,-1.4651162790697674,-0.20930232558139536,-0.813953488372093,-1.0930232558139534,-0.023255813953488372,-1.1627906976744187,-2.2790697674418605,-0.9767441860465116,-0.9302325581395349,-1.3953488372093024,-0.627906976744186,-1.0232558139534884,-1.558139534883721,-0.46511627906976744,-0.8604651162790697,-1.186046511627907,-2.116279069767442,-0.627906976744186,-0.5348837209302325,-2.558139534883721,-0.7906976744186046,-0.8604651162790697,-0.6976744186046512,-0.7209302325581395,-0.3953488372093023,-0.813953488372093,-2.372093023255814,-0.046511627906976744,-0.27906976744186046,-1.3953488372093024,-1.0930232558139534,-1.5116279069767442,-1.744186046511628,0.13953488372093023,-0.8604651162790697,-1.7674418604651163,-1.813953488372093,-0.32558139534883723,-0.6046511627906976,-2.627906976744186,-1.302325581395349,-1.1162790697674418,-0.7608695652173914,-0.9565217391304348,-0.43478260869565216,-1.173913043478261,-2.3043478260869565,-0.6304347826086957,-0.7608695652173914,-1.391304347826087,-0.6739130434782609,-1.391304347826087,-1.7173913043478262,-0.3695652173913043,-1.0434782608695652,-1.4782608695652173,-1.7826086956521738,-0.3695652173913043,-0.2826086956521739,-2.3043478260869565,-0.8478260869565217,-0.9347826086956522
P45706,-0.3448275862068966,-1.5517241379310345,-1.7413793103448276,-2.2241379310344827,-1.5689655172413792,-1.4137931034482758,-1.8448275862068966,-1.1551724137931034,-2.086206896551724,-0.05172413793103448,0.20689655172413793,-1.396551724137931,-0.41379310344827586,-0.27586206896551724,-1.4310344827586208,-0.43103448275862066,-0.46551724137931033,-1.8620689655172413,-1.0,-0.1724137931034483,0.10344827586206896,-1.8448275862068966,-1.7586206896551724,-2.5517241379310347,-2.2586206896551726,-0.9827586206896551,-1.9310344827586208,-1.1379310344827587,-1.9655172413793103,0.05172413793103448,0.5862068965517241,-1.7758620689655173,0.1896551724137931,0.10344827586206896,-1.7413793103448276,-0.6206896551724138,-0.5517241379310345,-1.9310344827586208,-0.9655172413793104,-0.034482758620689655,0.39655172413793105,-2.1379310344827585,-1.603448275862069,-2.4482758620689653,-1.9655172413793103,-1.4310344827586208,-2.2241379310344827,-0.39655172413793105,-2.189655172413793,-0.4482758620689655,-0.2413793103448276,-1.7758620689655173,-0.3793103448275862,-1.1551724137931034,-1.8448275862068966,-0.1896551724137931,-0.3448275862068966,-2.2413793103448274,-1.396551724137931,-0.3448275862068966,-0.4098360655737705,-1.5573770491803278,-1.7540983606557377,-2.2950819672131146,-2.1475409836065573,-1.540983606557377,-1.8688524590163935,-0.8360655737704918,-2.098360655737705,-0.01639344262295082,0.08196721311475409,-1.4754098360655739,-0.19672131147540983,0.03278688524590164,-1.2622950819672132,-0.9180327868852459,-0.6885245901639344,-1.180327868852459,-1.1311475409836065,-0.16393442622950818
A5H1G9,-0.05263157894736842,-1.7894736842105263,-1.4736842105263157,-1.7894736842105263,-1.736842105263158,-1.1578947368421053,-1.2105263157894737,-0.9473684210526315,-1.894736842105263,-1.0,-0.8421052631578947,-1.3157894736842106,-0.5789473684210527,-1.9473684210526316,-1.9473684210526316,-0.42105263157894735,-0.2631578947368421,-2.6315789473684212,-1.5263157894736843,-0.7894736842105263,0.10526315789473684,-2.0526315789473686,-1.9473684210526316,-1.7894736842105263,-1.5263157894736843,-1.6842105263157894,-1.736842105263158,-2.0,-2.526315789473684,0.2631578947368421,-0.8421052631578947,-1.368421052631579,-0.6842105263157895,-1.631578947368421,-2.1578947368421053,-0.8421052631578947,-0.5789473684210527,-3.0,-1.8421052631578947,0.3157894736842105,0.9473684210526315,-2.1052631578947367,-1.368421052631579,-1.6842105263157894,-1.2105263157894737,-1.4736842105263157,-1.5263157894736843,-0.8421052631578947,-2.1578947368421053,-0.8947368421052632,-1.3157894736842106,-1.5789473684210527,-0.9473684210526315,-1.894736842105263,-1.8421052631578947,0.3684210526315789,0.15789473684210525,-2.8421052631578947,-1.7894736842105263,-0.3157894736842105,-0.6842105263157895,-1.105263157894737,-1.263157894736842,-2.3157894736842106,-1.7894736842105263,-0.8947368421052632,-1.4736842105263157,-2.3684210526315788,-1.736842105263158,-0.42105263157894735,-0.6842105263157895,-0.8421052631578947,-0.47368421052631576,-1.5789473684210527,-2.1578947368421053,-0.7894736842105263,-0.3684210526315789,-1.894736842105263,-1.0526315789473684,-0.2631578947368421
Q09T02,-0.8823529411764706,-1.1764705882352942,-0.9411764705882353,-1.0588235294117647,-2.0,-0.5882352941176471,-0.5294117647058824,-2.235294117647059,-1.588235294117647,-0.8235294117647058,-0.8823529411764706,-0.8823529411764706,-0.17647058823529413,-1.8235294117647058,-0.8235294117647058,-0.5294117647058824,-0.058823529411764705,-2.0,-1.588235294117647,-0.47058823529411764,-0.4117647058823529,-1.2352941176470589,-0.5882352941176471,0.0,-1.9411764705882353,0.0,-0.058823529411764705,-1.3529411764705883,-1.5294117647058822,-1.411764705882353,-1.2941176470588236,-0.7647058823529411,-0.6470588235294118,-2.2941176470588234,-0.9411764705882353,0.17647058823529413,0.0,-2.764705882352941,-1.9411764705882353,-1.0,-0.058823529411764705,-0.7058823529411765,-0.7647058823529411,-0.5294117647058824,-2.0588235294117645,-0.6470588235294118,-0.47058823529411764,-1.3529411764705883,-1.2352941176470589,-1.0588235294117647,-1.411764705882353,-0.7647058823529411,-0.9411764705882353,-1.7058823529411764,-1.3529411764705883,0.17647058823529413,-0.29411764705882354,-2.6470588235294117,-1.2941176470588236,-0.8235294117647058,-0.4117647058823529,-2.1176470588235294,-2.1176470588235294,-2.588235294117647,0.8823529411764706,-1.7647058823529411,-2.176470588235294,-2.2941176470588234,-2.4705882352941178,-0.35294117647058826,-0.47058823529411764,-1.9411764705882353,-0.7647058823529411,-1.7647058823529411,-2.3529411764705883,-0.8235294117647058,0.0,-2.0,-1.7647058823529411,-0.11764705882352941
Q9KJT6,-0.109375,-1.296875,-0.0625,-0.765625,-2.0625,-0.09375,-0.640625,-1.0625,-0.5,-1.46875,-1.640625,-0.734375,-0.96875,-1.34375,-1.421875,0.171875,0.328125,-1.90625,-0.609375,-1.09375,-0.234375,-0.703125,1.765625,-0.453125,-2.03125,0.296875,-0.5625,-0.390625,0.0,-1.75,-1.828125,-0.578125,-1.1875,-0.96875,-1.609375,0.78125,0.203125,-1.6875,0.96875,-1.328125,0.0625,-1.125,0.1875,-0.90625,-1.8125,-0.578125,-1.125,-0.171875,-0.625,-1.796875,-1.953125,-0.890625,-1.4375,-1.59375,-1.25,0.40625,0.03125,-1.40625,-0.40625,-1.21875,-0.13846153846153847,-1.0615384615384615,-0.4461538461538462,-1.3076923076923077,-1.9692307692307693,-0.7538461538461538,-1.0153846153846153,-0.7846153846153846,-0.8923076923076924,-1.1538461538461537,-1.4923076923076923,-0.9230769230769231,-1.0307692307692307,-1.4923076923076923,-1.476923076923077,0.046153846153846156,-0.12307692307692308,-2.1538461538461537,-0.8769230769230769,-0.6153846153846154
P32396,-1.2727272727272727,-1.1168831168831168,-2.0259740259740258,-2.4155844155844157,-3.844155844155844,-1.2337662337662338,-1.5194805194805194,-2.4285714285714284,-2.3766233766233764,-1.896103896103896,-1.5324675324675325,-1.2207792207792207,-1.5324675324675325,-2.6103896103896105,-2.207792207792208,-1.5454545454545454,-1.6103896103896105,-3.4805194805194803,-2.311688311688312,-1.87012987012987,-0.7662337662337663,-1.5714285714285714,-1.8051948051948052,-1.974025974025974,-2.6103896103896105,-1.4155844155844155,-1.6753246753246753,-2.6233766233766236,-1.5584415584415585,-1.5454545454545454,-1.7922077922077921,-1.7012987012987013,-1.8831168831168832,-1.5844155844155845,-2.142857142857143,-1.1168831168831168,-1.077922077922078,-2.5844155844155843,-1.1948051948051948,-1.3636363636363635,-0.974025974025974,-1.6363636363636365,-2.2467532467532467,-2.1298701298701297,-2.5974025974025974,-1.2987012987012987,-1.4545454545454546,-2.5064935064935066,-1.2727272727272727,-1.948051948051948,-1.7532467532467533,-1.5194805194805194,-1.7012987012987013,-2.064935064935065,-2.5064935064935066,-1.2987012987012987,-1.5714285714285714,-3.0,-1.87012987012987,-1.7272727272727273,-0.759493670886076,-2.1645569620253164,-2.0632911392405062,-1.7468354430379747,-2.5443037974683542,-1.6835443037974684,-1.0632911392405062,-2.7848101265822787,-2.0126582278481013,-1.5316455696202531,-1.6962025316455696,-1.7848101265822784,-1.7215189873417722,-2.6455696202531644,-2.7341772151898733,-1.4683544303797469,-1.5443037974683544,-4.025316455696203,-2.1139240506329116,-1.4177215189873418
P0A618,0.20930232558139536,-1.2325581395348837,-1.4651162790697674,-1.930232558139535,-2.186046511627907,-0.46511627906976744,-1.372093023255814,-1.1627906976744187,-2.046511627906977,-0.16279069767441862,0.4186046511627907,-0.9302325581395349,-0.046511627906976744,-0.6046511627906976,-1.0465116279069768,-0.6046511627906976,-0.5348837209302325,-1.7674418604651163,-1.302325581395349,-0.16279069767441862,-1.0,-2.2093023255813953,-1.813953488372093,-1.6744186046511629,-2.395348837209302,-1.3953488372093024,-1.1627906976744187,-2.395348837209302,-2.0232558139534884,-1.4186046511627908,-1.372093023255814,-1.1627906976744187,-1.558139534883721,-1.1395348837209303,-1.744186046511628,-1.186046511627907,-0.7674418604651163,-2.4186046511627906,-1.4883720930232558,-0.9767441860465116,-0.16279069767441862,-0.9534883720930233,-0.16279069767441862,-0.2558139534883721,-1.8604651162790697,-0.18604651162790697,-0.11627906976744186,-1.0465116279069768,-0.8604651162790697,-0.6744186046511628,-0.6976744186046512,0.046511627906976744,-0.6976744186046512,-0.8604651162790697,-0.9534883720930233,-0.46511627906976744,-0.5116279069767442,-1.7906976744186047,-0.8372093023255814,-0.23255813953488372,-0.75,-1.0227272727272727,-1.1590909090909092,-1.2045454545454546,-3.1818181818181817,-0.6818181818181818,-0.6590909090909091,-1.5227272727272727,-1.5,-0.75,-1.0,-0.3181818181818182,-1.0909090909090908,-1.3863636363636365,-1.8409090909090908,-1.0681818181818181,-0.6818181818181818,-2.3863636363636362,-1.2272727272727273,-0.6818181818181818
P21543,-0.5953177257525084,-1.0668896321070234,-0.9565217391304348,-1.0735785953177257,-1.8963210702341138,-0.6822742474916388,-0.7859531772575251,-1.1538461538461537,-1.2876254180602007,-1.2642140468227425,-1.1237458193979932,-0.822742474916388,-0.8963210702341137,-1.2274247491638797,-1.565217391304348,-0.5284280936454849,-0.6187290969899666,-1.7157190635451505,-0.9264214046822743,-1.0535117056856187,-0.27759197324414714,-1.0903010033444815,-0.36454849498327757,-1.1839464882943145,-1.9665551839464883,-0.6521739130434783,-0.8862876254180602,-0.8361204013377926,-0.7859531772575251,-1.411371237458194,-1.5117056856187292,-0.7759197324414716,-1.0501672240802675,-1.568561872909699,-1.0133779264214047,-0.13377926421404682,-0.2408026755852843,-2.1070234113712374,-0.9866220735785953,-1.0702341137123745,-0.431438127090301,-1.234113712374582,-0.8294314381270903,-0.6923076923076923,-2.5217391304347827,-1.0,-1.0033444816053512,-0.9866220735785953,-0.8127090301003345,-1.4983277591973243,-1.5418060200668897,-1.2374581939799332,-1.3478260869565217,-1.254180602006689,-1.0501672240802675,-0.5953177257525084,-0.5484949832775919,-1.37123745819398,-0.8963210702341137,-1.1638795986622072,-0.8160535117056856,-1.2107023411371238,-0.6655518394648829,-0.8494983277591973,-2.705685618729097,-0.9832775919732442,-1.1505016722408026,-1.2775919732441472,-0.6521739130434783,-1.31438127090301,-1.1438127090301002,-1.394648829431438,-0.9130434782608695,-0.9665551839464883,-1.8561872909698998,-0.8193979933110368,-0.8294314381270903,-0.959866220735786,-0.6187290969899666,-1.1872909698996656
P09879,-0.6607142857142857,-0.7678571428571429,0.017857142857142856,-0.35714285714285715,-2.142857142857143,0.2857142857142857,0.03571428571428571,-1.6428571428571428,-0.9285714285714286,-1.3035714285714286,-1.4285714285714286,-0.375,-0.7142857142857143,-2.142857142857143,-1.25,-0.08928571428571429,-0.21428571428571427,-2.8214285714285716,-1.5178571428571428,-0.8214285714285714,-0.30357142857142855,-1.0178571428571428,-0.5,-1.0357142857142858,-1.7142857142857142,-0.6428571428571429,-0.6607142857142857,-1.4821428571428572,-1.2857142857142858,-0.8392857142857143,-0.8928571428571429,-0.75,-0.5892857142857143,-1.5,-1.7678571428571428,0.017857142857142856,-0.03571428571428571,-2.5535714285714284,-1.3928571428571428,-0.5892857142857143,-0.6071428571428571,-0.9464285714285714,-0.9285714285714286,-0.9285714285714286,-1.9285714285714286,-0.5535714285714286,-0.5357142857142857,-2.107142857142857,-1.5,-0.8392857142857143,-0.8571428571428571,-0.42857142857142855,-0.6071428571428571,-1.6428571428571428,-1.3035714285714286,-0.42857142857142855,-0.3392857142857143,-2.5,-1.3571428571428572,-0.5535714285714286,-0.46551724137931033,-0.7758620689655172,-0.6551724137931034,-1.293103448275862,-1.8793103448275863,-0.27586206896551724,-0.5689655172413793,-1.9655172413793103,-1.2758620689655173,-0.7758620689655172,-0.7413793103448276,-0.4482758620689655,-0.43103448275862066,-1.6379310344827587,-1.5862068965517242,-0.46551724137931033,-0.034482758620689655,-2.5517241379310347,-1.2758620689655173,-0.3103448275862069
Q03091,0.18055555555555555,-1.2777777777777777,-1.0416666666666667,-1.4444444444444444,-1.4722222222222223,-0.8194444444444444,-0.9861111111111112,-1.0694444444444444,-1.5277777777777777,-1.0694444444444444,-0.8194444444444444,-0.9444444444444444,-0.7361111111111112,-1.3611111111111112,-1.0138888888888888,0.2222222222222222,0.09722222222222222,-1.9166666666666667,-1.0833333333333333,-0.6805555555555556,-0.5,-0.5833333333333334,-0.16666666666666666,-0.9444444444444444,-2.125,-0.2916666666666667,-0.3472222222222222,-1.3055555555555556,-0.8055555555555556,-1.4166666666666667,-1.3888888888888888,-0.25,-1.0,-1.75,-1.5277777777777777,-0.013888888888888888,-0.3194444444444444,-2.125,-1.25,-1.1527777777777777,-0.4444444444444444,-0.6805555555555556,-0.4583333333333333,-0.7777777777777778,-2.0,-0.4027777777777778,-0.6111111111111112,-0.7916666666666666,-0.8888888888888888,-1.6666666666666667,-1.6388888888888888,-0.375,-0.8611111111111112,-1.5555555555555556,-1.1805555555555556,-0.3333333333333333,-0.6527777777777778,-2.236111111111111,-1.125,-1.3472222222222223,-0.6712328767123288,-0.1506849315068493,-0.3835616438356164,-0.4246575342465753,-1.8493150684931507,0.136986301369863,-0.0136986301369863,-1.1506849315068493,-0.6301369863013698,-1.4246575342465753,-1.3013698630136987,-0.1643835616438356,-0.9315068493150684,-1.2876712328767124,-1.0136986301369864,-0.5068493150684932,-0.5616438356164384,-1.3013698630136987,-0.7123287671232876,-1.2191780821917808
P15698,-0.5544554455445545,-0.7524752475247525,-0.7920792079207921,-1.198019801980198,-2.217821782178218,-0.8217821782178217,-1.00990099009901,-1.306930693069307,-1.4257425742574257,-1.108910891089109,-1.1386138613861385,-0.6237623762376238,-0.9603960396039604,-1.7524752475247525,-1.3267326732673268,-0.22772277227722773,-0.13861386138613863,-2.3366336633663365,-1.3465346534653466,-0.7821782178217822,-0.5247524752475248,-0.900990099009901,-0.43564356435643564,-0.594059405940594,-1.8613861386138615,-0.7227722772277227,-1.0,-0.5841584158415841,-1.2079207920792079,-1.0891089108910892,-1.2277227722772277,-0.6633663366336634,-1.0198019801980198,-1.4356435643564356,-1.108910891089109,-0.009900990099009901,0.0891089108910891,-1.702970297029703,-1.2574257425742574,-0.6039603960396039,-0.4752475247524752,-0.8910891089108911,-0.43564356435643564,-0.8415841584158416,-1.5841584158415842,-0.6336633663366337,-0.9306930693069307,-0.7326732673267327,-1.0594059405940595,-1.2673267326732673,-1.118811881188119,-0.9108910891089109,-1.0198019801980198,-1.4257425742574257,-1.0,-0.13861386138613863,-0.27722772277227725,-2.1683168316831685,-1.0792079207920793,-0.9504950495049505,-0.5148514851485149,-0.8118811881188119,-0.37623762376237624,-0.7227722772277227,-2.0,-0.6039603960396039,-0.5346534653465347,-0.8217821782178217,-0.7722772277227723,-1.188118811881188,-0.9801980198019802,-0.6534653465346535,-1.0198019801980198,-1.2178217821782178,-1.1386138613861385,-0.13861386138613863,-0.43564356435643564,-1.6633663366336633,-0.6237623762376238,-0.9702970297029703
Q56198,-0.10975609756097561,-1.0121951219512195,-1.2073170731707317,-1.0609756097560976,-1.8414634146341464,-1.0731707317073171,-0.8658536585365854,-0.6951219512195121,-1.1829268292682926,-0.43902439024390244,-1.0365853658536586,-1.1341463414634145,-1.1219512195121952,-1.548780487804878,-1.3780487804878048,-0.7439024390243902,-0.34146341463414637,-2.2439024390243905,-1.4634146341463414,-0.4634146341463415,-0.32926829268292684,-1.3414634146341464,-1.170731707317073,-1.5975609756097562,-2.292682926829268,-1.4634146341463414,-1.524390243902439,-0.524390243902439,-1.0609756097560976,-1.1829268292682926,-1.1829268292682926,-1.5975609756097562,-1.5365853658536586,-1.5365853658536586,-1.6951219512195121,-0.9390243902439024,-0.6951219512195121,-2.3048780487804876,-1.8780487804878048,-0.8658536585365854,0.14634146341463414,-0.524390243902439,-1.0853658536585367,-0.8414634146341463,-1.5609756097560976,-0.6097560975609756,-0.45121951219512196,-0.7195121951219512,-0.9146341463414634,-1.0,-0.8780487804878049,-0.9146341463414634,-1.1219512195121952,-1.2804878048780488,-1.1341463414634145,-0.573170731707317,-0.5975609756097561,-1.4146341463414633,-1.1341463414634145,-0.8048780487804879,0.18292682926829268,-1.1097560975609757,-1.1219512195121952,-1.4878048780487805,-1.853658536585366,-1.048780487804878,-1.2317073170731707,-1.048780487804878,-1.451219512195122,-0.5,-0.4878048780487805,-1.2073170731707317,-0.7317073170731707,-0.9512195121951219,-1.3902439024390243,-0.7073170731707317,-0.8048780487804879,-2.6707317073170733,-0.975609756097561,-0.36585365853658536
Q97II1,-1.0224719101123596,-1.8426966292134832,-1.752808988764045,-1.7078651685393258,-3.191011235955056,-1.3595505617977528,-1.0337078651685394,-1.6853932584269662,-1.1685393258426966,-0.651685393258427,-1.4382022471910112,-0.9775280898876404,-1.595505617977528,-2.202247191011236,-2.6853932584269664,-1.1123595505617978,-1.1685393258426966,-3.5168539325842696,-2.2808988764044944,-0.9325842696629213,-0.5842696629213483,-1.8089887640449438,-1.7865168539325842,-2.2808988764044944,-3.1235955056179776,-1.6179775280898876,-1.4943820224719102,-2.561797752808989,-1.348314606741573,-1.7191011235955056,-2.0,-1.4269662921348314,-1.9213483146067416,-2.269662921348315,-1.9775280898876404,-1.2584269662921348,-1.595505617977528,-3.966292134831461,-1.6629213483146068,-1.6292134831460674,-1.303370786516854,-2.5842696629213484,-1.8876404494382022,-2.134831460674157,-2.842696629213483,-2.191011235955056,-2.1123595505617976,-1.6067415730337078,-2.561797752808989,-1.8314606741573034,-2.157303370786517,-2.1235955056179776,-1.6404494382022472,-3.0786516853932584,-3.1123595505617976,-1.146067415730337,-1.348314606741573,-4.191011235955056,-3.0,-1.696629213483146,-0.5056179775280899,-1.6404494382022472,-1.6741573033707866,-1.9213483146067416,-2.651685393258427,-1.5280898876404494,-1.146067415730337,-1.8426966292134832,-2.1123595505617976,-1.1797752808988764,-1.4382022471910112,-1.2921348314606742,-1.3258426966292134,-2.269662921348315,-2.853932584269663,-1.3707865168539326,-1.404494382022472,-3.438202247191011,-1.9775280898876404,-1.1797752808988764
P35804,0.36,-0.98,-1.26,-1.94,-1.64,-1.0,-1.52,-0.32,-1.84,-0.86,-1.18,-1.12,-0.42,-1.58,-1.88,-0.38,-0.44,-2.64,-1.66,-0.34,0.04,-1.22,-0.78,-1.04,-1.6,-0.82,-0.88,-0.44,-0.98,-1.62,-1.94,-1.2,-1.22,-1.46,-1.9,-0.06,-0.5,-2.38,-1.14,-1.26,-0.08,-0.96,-1.02,-1.42,-1.52,-0.4,-0.78,-1.4,-1.66,-1.16,-1.28,-0.58,-0.66,-1.86,-1.26,-0.04,0.16,-2.48,-1.66,-0.66,-0.6078431372549019,-1.411764705882353,-1.196078431372549,-1.4313725490196079,-1.8627450980392157,-0.9215686274509803,-1.2549019607843137,-1.1176470588235294,-1.1764705882352942,-1.3529411764705883,-1.4509803921568627,-1.2941176470588236,-1.0588235294117647,-1.0784313725490196,-1.7058823529411764,-0.39215686274509803,-0.5294117647058824,-1.6666666666666667,-0.6274509803921569,-1.0784313725490196
P0A566,0.4,-0.92,-0.8,-0.96,-1.72,-0.16,-0.2,-1.16,-1.52,-0.88,-0.92,-0.64,-0.24,-1.64,-1.76,-0.16,-0.16,-2.64,-1.68,-0.64,0.48,-0.64,-0.52,-1.04,-1.8,0.6,-0.36,-0.2,-1.24,-1.36,-1.68,-0.36,-0.84,-1.76,-1.64,0.32,-0.04,-2.08,-1.72,-0.88,0.32,-0.32,-0.56,-0.68,-1.84,0.44,0.08,-1.4,-0.92,-1.12,-1.2,-0.12,-0.6,-1.84,-1.68,-0.04,-0.56,-2.64,-1.52,-0.84,-0.2,-0.68,0.08,-0.56,-2.12,0.24,-0.32,-0.72,-0.68,-1.52,-1.48,-0.36,-0.76,-1.76,-1.76,0.28,0.12,-2.44,-1.32,-1.28
O31749,-1.05,-1.6166666666666667,-2.5166666666666666,-2.7333333333333334,-3.216666666666667,-2.1,-2.2333333333333334,-1.8666666666666667,-2.55,-1.25,-1.65,-1.6166666666666667,-1.8,-2.95,-3.5166666666666666,-1.3166666666666667,-1.7333333333333334,-3.966666666666667,-3.0,-0.65,0.43333333333333335,-0.43333333333333335,-1.2833333333333334,-1.3666666666666667,-2.466666666666667,-0.13333333333333333,-0.95,-1.2333333333333334,-1.0833333333333333,-0.55,-0.2,-1.0333333333333334,-0.4,-1.8666666666666667,-1.7666666666666666,-0.5833333333333334,-0.7666666666666667,-2.75,-1.15,-0.7833333333333333,-0.4166666666666667,-1.6666666666666667,-0.7666666666666667,-0.9166666666666666,-1.9333333333333333,-1.6333333333333333,-1.4666666666666666,-1.5333333333333334,-2.033333333333333,-1.0166666666666666,-1.4166666666666667,-1.4333333333333333,-1.3166666666666667,-2.05,-2.2666666666666666,-0.9,-0.55,-3.65,-2.183333333333333,-0.7333333333333333,-0.48333333333333334,-1.2833333333333334,-1.6666666666666667,-1.8166666666666667,-2.8,-1.4833333333333334,-1.3333333333333333,-1.3,-1.8833333333333333,-0.7666666666666667,-1.35,-0.8666666666666667,-1.0166666666666666,-2.533333333333333,-2.5833333333333335,-0.9,-0.8833333333333333,-3.816666666666667,-2.5166666666666666,-1.05
P80172,-0.3548387096774194,-1.118279569892473,-0.6451612903225806,-1.2150537634408602,-1.89247311827957,-0.6021505376344086,-0.7311827956989247,-1.6129032258064515,-1.3118279569892473,-0.8172043010752689,-1.0,-0.6881720430107527,-0.4731182795698925,-1.4301075268817205,-1.5161290322580645,-0.22580645161290322,-0.07526881720430108,-2.5376344086021505,-1.1935483870967742,-0.5376344086021505,-0.7956989247311828,-0.7311827956989247,-0.5591397849462365,-0.6559139784946236,-2.2795698924731185,-0.17204301075268819,-0.2903225806451613,-1.6344086021505377,-0.9354838709677419,-1.2258064516129032,-1.3763440860215055,-0.5053763440860215,-0.7849462365591398,-1.8064516129032258,-1.8279569892473118,-0.4838709677419355,-0.27956989247311825,-2.5268817204301075,-1.2580645161290323,-0.946236559139785,-0.7096774193548387,-0.8817204301075269,-0.8817204301075269,-1.1720430107526882,-2.182795698924731,-0.5591397849462365,-0.7419354838709677,-1.3118279569892473,-1.4301075268817205,-1.0,-1.118279569892473,-0.7419354838709677,-0.6559139784946236,-1.7204301075268817,-1.7634408602150538,-0.6344086021505376,-0.7311827956989247,-2.6774193548387095,-1.4301075268817205,-0.8064516129032258,-0.5520833333333334,-0.9375,-0.6354166666666666,-0.8854166666666666,-2.0520833333333335,-0.4166666666666667,-0.5,-1.5729166666666667,-1.1666666666666667,-1.1979166666666667,-1.4791666666666667,-0.46875,-0.8125,-1.7604166666666667,-1.6145833333333333,-0.3125,-0.3645833333333333,-2.4583333333333335,-1.3125,-0.8854166666666666
P33251,-0.28378378378378377,-1.7162162162162162,-1.0135135135135136,-1.8918918918918919,-2.0945945945945947,-1.0135135135135136,-1.554054054054054,-1.0675675675675675,-0.7162162162162162,0.24324324324324326,0.20270270270270271,-1.4189189189189189,0.16216216216216217,-0.02702702702702703,-1.5675675675675675,-0.24324324324324326,-0.02702702702702703,-1.027027027027027,-0.7567567567567568,-0.08108108108108109,-0.8918918918918919,-2.5945945945945947,-1.8108108108108107,-3.1486486486486487,-2.445945945945946,-2.0675675675675675,-2.675675675675676,-1.8243243243243243,-2.527027027027027,-0.20270270270270271,-0.3783783783783784,-2.4324324324324325,0.14864864864864866,-0.10810810810810811,-2.5405405405405403,-0.7297297297297297,-0.43243243243243246,-1.7432432432432432,-1.3513513513513513,-0.3108108108108108,-0.8648648648648649,-2.418918918918919,-1.9324324324324325,-3.054054054054054,-2.689189189189189,-2.175675675675676,-2.2567567567567566,-1.6216216216216217,-1.5405405405405406,0.0,0.10810810810810811,-1.837837837837838,-0.14864864864864866,0.04054054054054054,-1.8108108108108107,-1.2432432432432432,-0.8108108108108109,-1.864864864864865,-1.0945945945945945,-0.5,-0.2,-2.16,-1.6666666666666667,-1.9333333333333333,-2.2666666666666666,-1.3333333333333333,-1.2133333333333334,-1.2,-0.52,-0.5066666666666667,-0.4533333333333333,-1.84,-0.28,-0.88,-1.7466666666666666,-0.64,-0.9733333333333334,-2.2666666666666666,-1.1733333333333333,-0.5866666666666667
P15363,-0.73,-0.92,-0.41,-0.96,-1.95,-0.6,-0.56,-1.52,-1.32,-1.18,-1.19,-0.36,-0.72,-1.28,-1.79,-0.17,-0.52,-2.3,-1.29,-0.91,-0.76,-1.12,-0.4,-0.65,-2.12,-0.46,-0.46,-1.52,-1.19,-1.16,-1.16,-0.47,-0.89,-1.44,-1.32,-0.24,-0.09,-2.28,-1.29,-0.99,-0.64,-0.69,-0.34,-0.85,-2.27,-0.43,-0.66,-1.32,-0.95,-1.45,-1.36,-0.31,-0.98,-1.3,-1.68,-0.38,-0.47,-2.14,-1.04,-1.22,-0.6990291262135923,-1.0776699029126213,-0.49514563106796117,-0.9514563106796117,-2.262135922330097,-0.6019417475728155,-0.6213592233009708,-1.7087378640776698,-0.9805825242718447,-1.0970873786407767,-1.3203883495145632,-0.5825242718446602,-0.8932038834951457,-1.2912621359223302,-1.4757281553398058,-0.39805825242718446,-0.4368932038834951,-2.320388349514563,-0.883495145631068,-0.9320388349514563
Q59112,-0.10606060606060606,-1.0151515151515151,-0.7878787878787878,-1.1515151515151516,-1.5606060606060606,-0.5909090909090909,-0.6515151515151515,-0.9242424242424242,-1.3636363636363635,-0.5606060606060606,-0.8181818181818182,-0.8636363636363636,-0.3484848484848485,-1.4242424242424243,-1.2272727272727273,-0.3181818181818182,-0.22727272727272727,-2.272727272727273,-1.196969696969697,-0.45454545454545453,-0.10606060606060606,-0.8484848484848485,-0.5909090909090909,-0.8333333333333334,-1.8333333333333333,-0.6515151515151515,-0.803030303030303,-0.5151515151515151,-1.0303030303030303,-0.7727272727272727,-0.9242424242424242,-0.6666666666666666,-0.5606060606060606,-1.1666666666666667,-1.2121212121212122,-0.4090909090909091,-0.3939393939393939,-1.6818181818181819,-1.1666666666666667,-0.45454545454545453,-0.3333333333333333,-0.8787878787878788,-0.8636363636363636,-1.106060606060606,-1.378787878787879,-0.6666666666666666,-0.8636363636363636,-0.6818181818181818,-0.8636363636363636,-0.6818181818181818,-0.9545454545454546,-0.42424242424242425,-0.48484848484848486,-1.4090909090909092,-0.9848484848484849,-0.4393939393939394,-0.22727272727272727,-2.015151515151515,-1.2878787878787878,-0.45454545454545453,-0.11764705882352941,-0.8235294117647058,-0.9117647058823529,-0.4852941176470588,-2.014705882352941,-0.36764705882352944,0.07352941176470588,-1.4705882352941178,-1.2794117647058822,-1.0,-1.0441176470588236,-0.5882352941176471,-0.8529411764705882,-1.7647058823529411,-1.088235294117647,-0.3235294117647059,-0.2647058823529412,-2.3970588235294117,-1.5441176470588236,-0.6470588235294118
P14319,-0.07692307692307693,-2.576923076923077,-2.1153846153846154,-2.8076923076923075,-1.6538461538461537,-2.0384615384615383,-2.076923076923077,-1.5,-2.230769230769231,0.038461538461538464,-0.11538461538461539,-2.076923076923077,-0.15384615384615385,-0.7307692307692307,-2.769230769230769,-0.5384615384615384,-0.7692307692307693,-1.4230769230769231,-1.3076923076923077,-0.23076923076923078,0.07692307692307693,-1.6923076923076923,-2.1538461538461537,-2.8461538461538463,-1.4230769230769231,-1.5384615384615385,-2.1538461538461537,-0.9615384615384616,-1.9230769230769231,0.2692307692307692,0.4230769230769231,-1.4230769230769231,0.3076923076923077,-0.15384615384615385,-2.1538461538461537,-0.5384615384615384,-0.2692307692307692,-0.9615384615384616,-0.5384615384615384,0.11538461538461539,0.23076923076923078,-2.8846153846153846,-2.730769230769231,-3.0384615384615383,-2.423076923076923,-2.5,-2.6153846153846154,-1.3461538461538463,-2.5384615384615383,0.0,-0.15384615384615385,-2.576923076923077,-0.6538461538461539,-0.6923076923076923,-2.4615384615384617,-0.8846153846153846,-0.34615384615384615,-1.6923076923076923,-1.1153846153846154,0.19230769230769232,-0.3103448275862069,-1.6551724137931034,-1.6551724137931034,-2.3793103448275863,-2.0344827586206895,-1.2413793103448276,-1.9655172413793103,-1.103448275862069,-1.896551724137931,-0.1724137931034483,-0.13793103448275862,-1.1724137931034482,-0.3448275862068966,-1.3103448275862069,-2.2758620689655173,-0.6896551724137931,-0.3448275862068966,-2.4827586206896552,-1.896551724137931,-0.20689655172413793
P30345,-0.2,-1.12,-1.24,-1.68,-2.0,-0.96,-1.28,-0.6,-1.96,-1.32,-1.2,-1.12,-0.92,-2.28,-0.48,-0.6,-0.28,-2.84,-2.08,-0.72,0.24,-2.04,-2.0,-2.6,-0.6,-1.84,-2.2,-0.88,-2.48,-0.24,0.0,-1.84,-0.44,-1.56,-1.52,-0.72,-0.88,-2.72,-1.84,-0.08,0.0,-0.64,-1.96,-2.64,-1.48,-1.12,-1.64,-1.88,-1.96,-0.84,-0.24,-1.08,-0.4,-1.44,-1.48,-0.84,-0.56,-1.12,-1.32,-0.64,-0.6,-0.4,-0.48,-0.6,-1.56,-0.32,-0.56,-1.28,-1.08,-2.0,-1.68,-0.56,-1.28,-2.56,-1.2,-0.36,-0.52,-2.88,-1.96,-1.68
P32397,-0.5470085470085471,-0.8205128205128205,-0.905982905982906,-1.0940170940170941,-1.8547008547008548,-1.0854700854700854,-0.9914529914529915,-0.7435897435897436,-0.8974358974358975,-0.9743589743589743,-0.8888888888888888,-0.8290598290598291,-0.8290598290598291,-1.017094017094017,-1.1538461538461537,-0.6581196581196581,-0.6324786324786325,-2.0,-0.9401709401709402,-0.7948717948717948,-0.3076923076923077,-0.4358974358974359,-0.6239316239316239,-0.5384615384615384,-1.8034188034188035,-0.5555555555555556,-0.21367521367521367,-0.6495726495726496,-0.7521367521367521,-0.7350427350427351,-0.29914529914529914,-0.5641025641025641,-0.36752136752136755,-0.3504273504273504,-0.9316239316239316,-0.20512820512820512,-0.5042735042735043,-0.7008547008547008,-0.2905982905982906,-0.7350427350427351,-0.6153846153846154,-0.8803418803418803,-0.9743589743589743,-1.1367521367521367,-1.8632478632478633,-0.8290598290598291,-0.8803418803418803,-1.3418803418803418,-0.9829059829059829,-0.7264957264957265,-0.8461538461538461,-0.7435897435897436,-1.3076923076923077,-1.2820512820512822,-1.1025641025641026,-0.41025641025641024,-0.3076923076923077,-2.5128205128205128,-0.9572649572649573,-0.358974358974359,-0.2184873949579832,-1.084033613445378,-1.26890756302521,-1.0924369747899159,-2.3949579831932772,-0.9747899159663865,-0.8067226890756303,-1.3025210084033614,-0.9747899159663865,-1.3949579831932772,-1.2016806722689075,-1.1932773109243697,-1.5126050420168067,-1.7563025210084033,-1.453781512605042,-0.5630252100840336,-0.7647058823529411,-2.042016806722689,-1.0168067226890756,-1.0084033613445378
O34767,-0.6428571428571429,-0.8163265306122449,-0.42857142857142855,-0.8163265306122449,-2.2244897959183674,-0.19387755102040816,-0.5714285714285714,-1.2244897959183674,-0.9591836734693877,-1.1734693877551021,-1.316326530612245,-0.5918367346938775,-0.7448979591836735,-1.7959183673469388,-0.9591836734693877,-0.3673469387755102,-0.42857142857142855,-2.520408163265306,-1.469387755102041,-0.9693877551020408,-0.15306122448979592,-1.2551020408163265,-0.7551020408163265,-1.0816326530612246,-2.061224489795918,-0.5306122448979592,-0.7244897959183674,-1.153061224489796,-1.0714285714285714,-0.9285714285714286,-1.1326530612244898,-0.8673469387755102,-0.7551020408163265,-1.1122448979591837,-1.4591836734693877,-0.41836734693877553,-0.3163265306122449,-1.9387755102040816,-0.9489795918367347,-0.5816326530612245,-0.4387755102040816,-0.7448979591836735,-0.47959183673469385,-0.9795918367346939,-2.1530612244897958,-0.45918367346938777,-0.2755102040816326,-0.9183673469387755,-0.9183673469387755,-0.8877551020408163,-0.9387755102040817,-0.5306122448979592,-0.7142857142857143,-1.3061224489795917,-0.8163265306122449,-0.061224489795918366,-0.07142857142857142,-2.326530612244898,-0.9489795918367347,-0.5816326530612245,-0.3163265306122449,-1.0918367346938775,-0.9081632653061225,-0.9285714285714286,-2.204081632653061,-0.5714285714285714,-0.7448979591836735,-1.1428571428571428,-1.316326530612245,-0.8469387755102041,-1.010204081632653,-0.6428571428571429,-0.826530612244898,-1.0714285714285714,-0.9897959183673469,-0.336734693877551,-0.2653061224489796,-2.204081632653061,-1.0918367346938775,-0.5
Q99027,-0.9739583333333334,-1.3177083333333333,-1.3802083333333333,-1.9791666666666667,-2.015625,-1.1510416666666667,-1.515625,-2.0833333333333335,-1.4114583333333333,-0.625,-0.6614583333333334,-1.09375,-0.5520833333333334,-0.8177083333333334,-2.0364583333333335,-0.9375,-0.6510416666666666,-2.2760416666666665,-0.6979166666666666,-0.71875,-0.8958333333333334,-1.703125,-1.7916666666666667,-2.3385416666666665,-1.9791666666666667,-1.421875,-1.84375,-2.3229166666666665,-1.6302083333333333,-0.22395833333333334,-0.21354166666666666,-1.6510416666666667,-0.13541666666666666,-0.13020833333333334,-2.1197916666666665,-1.2760416666666667,-0.6614583333333334,-2.046875,-0.4427083333333333,-0.3177083333333333,-0.5572916666666666,-0.5677083333333334,-0.9270833333333334,-1.1302083333333333,-2.4895833333333335,-0.09375,-0.24479166666666666,-2.0364583333333335,-1.0677083333333333,-0.890625,-0.6354166666666666,-0.609375,-0.4270833333333333,-1.2604166666666667,-1.8697916666666667,-0.625,-0.4427083333333333,-2.5364583333333335,-1.09375,-0.7291666666666666,-0.6269430051813472,-0.6010362694300518,-1.2227979274611398,-1.0569948186528497,-2.8911917098445596,-0.5751295336787565,-0.5803108808290155,-1.7305699481865284,-1.2953367875647668,-0.6632124352331606,-0.7202072538860104,-1.217616580310881,-0.844559585492228,-1.9533678756476685,-2.1243523316062176,-0.7875647668393783,-0.7046632124352331,-3.1295336787564767,-2.082901554404145,-0.8808290155440415
P77949,-0.8372093023255814,-1.627906976744186,-1.5116279069767442,-1.813953488372093,-1.9069767441860466,-1.5813953488372092,-1.558139534883721,-2.2093023255813953,-1.6744186046511629,-1.186046511627907,-1.372093023255814,-0.9767441860465116,-1.0930232558139534,-1.6744186046511629,-2.5813953488372094,-1.2325581395348837,-0.4418604651162791,-3.395348837209302,-1.9767441860465116,-0.627906976744186,-1.3488372093023255,-1.558139534883721,-0.7674418604651163,-1.186046511627907,-2.488372093023256,-1.186046511627907,-1.372093023255814,-0.4883720930232558,-1.3488372093023255,-1.9069767441860466,-2.3255813953488373,-0.7441860465116279,-1.7209302325581395,-1.558139534883721,-1.4186046511627908,-0.6976744186046512,-0.8604651162790697,-2.441860465116279,-1.4651162790697674,-1.744186046511628,-1.5813953488372092,-1.8604651162790697,-0.8372093023255814,-1.558139534883721,-2.7674418604651163,-1.9069767441860466,-1.697674418604651,-2.0930232558139537,-1.5813953488372092,-2.395348837209302,-2.186046511627907,-1.697674418604651,-2.186046511627907,-1.4883720930232558,-1.9069767441860466,-1.302325581395349,-1.186046511627907,-3.6744186046511627,-2.302325581395349,-2.186046511627907,-1.173913043478261,-1.434782608695652,-1.4782608695652173,-1.326086956521739,-2.6956521739130435,-1.1521739130434783,-0.9130434782608695,-1.934782608695652,-1.891304347826087,-0.9130434782608695,-1.7391304347826086,-0.5217391304347826,-1.5,-2.5217391304347827,-2.347826086956522,-1.1956521739130435,-0.6739130434782609,-3.652173913043478,-2.0217391304347827,-0.3695652173913043
O34360,-0.7804878048780488,-1.3902439024390243,-1.2682926829268293,-1.853658536585366,-1.3414634146341464,-0.9024390243902439,-1.2682926829268293,-2.3658536585365852,-1.1951219512195121,-0.5609756097560976,-0.34146341463414637,-1.1951219512195121,-0.2682926829268293,-0.9512195121951219,-1.6585365853658536,-0.7317073170731707,-0.7317073170731707,-1.975609756097561,-0.8536585365853658,-0.5853658536585366,0.024390243902439025,-1.024390243902439,-0.3170731707317073,-0.8536585365853658,-1.7804878048780488,-0.3170731707317073,-0.2682926829268293,-1.4634146341463414,-1.0,-1.1219512195121952,-1.2926829268292683,-0.34146341463414637,-0.9512195121951219,-1.7804878048780488,-1.6829268292682926,-0.24390243902439024,-0.3170731707317073,-2.658536585365854,-1.146341463414634,-0.8536585365853658,-0.2926829268292683,-0.8536585365853658,-0.4634146341463415,-1.024390243902439,-1.829268292682927,-0.3170731707317073,-0.7560975609756098,-0.4878048780487805,-0.975609756097561,-1.2439024390243902,-1.1951219512195121,-0.4146341463414634,-0.7560975609756098,-1.4146341463414633,-1.5609756097560976,-0.17073170731707318,-0.34146341463414637,-1.8048780487804879,-0.8780487804878049,-0.926829268292683,-0.6818181818181818,-0.8409090909090909,-0.6363636363636364,-0.9318181818181818,-2.2954545454545454,-0.5454545454545454,-0.3409090909090909,-0.9318181818181818,-0.9772727272727273,-1.6363636363636365,-1.5681818181818181,-0.22727272727272727,-1.0681818181818181,-1.1818181818181819,-1.4090909090909092,-0.36363636363636365,-0.7272727272727273,-1.3636363636363635,-0.8409090909090909,-1.5909090909090908
P33247,-0.732484076433121,-1.6114649681528663,-1.4904458598726114,-1.7452229299363058,-1.9363057324840764,-1.267515923566879,-1.2484076433121019,-1.585987261146497,-1.3121019108280254,-1.3694267515923566,-1.2547770700636942,-1.5668789808917198,-0.9617834394904459,-1.4777070063694266,-1.624203821656051,-0.8853503184713376,-0.9490445859872612,-2.0955414012738856,-1.3184713375796178,-1.4585987261146496,-0.9363057324840764,-1.1019108280254777,-1.356687898089172,-1.5414012738853504,-1.929936305732484,-1.1210191082802548,-1.1910828025477707,-1.9490445859872612,-0.9426751592356688,-1.0318471337579618,-0.89171974522293,-1.10828025477707,-0.6942675159235668,-1.2101910828025477,-1.5541401273885351,-0.9745222929936306,-0.8789808917197452,-1.2229299363057324,-0.4840764331210191,-1.1019108280254777,-0.4585987261146497,-1.3121019108280254,-1.2101910828025477,-1.1592356687898089,-1.694267515923567,-0.9681528662420382,-0.9617834394904459,-1.4968152866242037,-1.10828025477707,-1.356687898089172,-1.3184713375796178,-1.1656050955414012,-1.0955414012738853,-1.7515923566878981,-1.484076433121019,-0.6815286624203821,-0.732484076433121,-2.2929936305732483,-1.394904458598726,-1.1656050955414012,-0.7125,-1.23125,-1.49375,-1.81875,-1.88125,-1.2,-1.31875,-1.6125,-1.225,-1.93125,-1.68125,-1.5125,-1.475,-1.91875,-2.23125,-0.85,-1.16875,-2.225,-1.43125,-1.74375
Q8NNK2,-0.47191011235955055,-1.5280898876404494,-1.2808988764044944,-1.853932584269663,-1.6404494382022472,-1.0449438202247192,-1.4831460674157304,-1.3370786516853932,-1.6292134831460674,-0.25842696629213485,-0.011235955056179775,-1.2359550561797752,0.5056179775280899,-0.3707865168539326,-1.5842696629213484,-0.5280898876404494,-0.3595505617977528,-1.1685393258426966,-0.8764044943820225,-0.47191011235955055,-0.6404494382022472,-1.2134831460674158,-0.7303370786516854,-1.0112359550561798,-1.550561797752809,-0.6853932584269663,-0.8202247191011236,-1.3820224719101124,-0.9438202247191011,-0.06741573033707865,-0.4157303370786517,-0.8539325842696629,-0.11235955056179775,-0.48314606741573035,-0.8539325842696629,-0.42696629213483145,-0.23595505617977527,-0.6853932584269663,-0.20224719101123595,-0.34831460674157305,-0.7191011235955056,-1.2584269662921348,-0.7191011235955056,-0.7640449438202247,-1.898876404494382,-0.7528089887640449,-0.6741573033707865,-1.3370786516853932,-1.2247191011235956,-0.5730337078651685,-0.651685393258427,-0.898876404494382,-0.4606741573033708,-1.1910112359550562,-0.8314606741573034,-0.5280898876404494,-0.3595505617977528,-1.696629213483146,-1.0,-0.47191011235955055,-0.45652173913043476,-1.184782608695652,-0.30434782608695654,-0.9021739130434783,-2.1847826086956523,-0.5869565217391305,-0.5869565217391305,-1.6304347826086956,-1.0869565217391304,-1.315217391304348,-1.4782608695652173,-0.6630434782608695,-0.9130434782608695,-1.2282608695652173,-1.423913043478261,-0.14130434782608695,-0.33695652173913043,-2.5760869565217392,-0.8804347826086957,-1.1630434782608696
Q04942,-1.2321428571428572,-2.607142857142857,-2.517857142857143,-1.875,-2.6607142857142856,-2.1607142857142856,-1.875,-3.482142857142857,-2.1964285714285716,-0.6964285714285714,-0.9285714285714286,-2.6607142857142856,-0.7142857142857143,-2.4107142857142856,-3.5714285714285716,-2.0535714285714284,-1.75,-3.875,-2.892857142857143,-0.8928571428571429,-0.875,-1.6607142857142858,-2.5,-1.6964285714285714,-2.3214285714285716,-1.8928571428571428,-1.6428571428571428,-2.625,-2.0535714285714284,-0.8035714285714286,-1.1428571428571428,-1.5178571428571428,-0.625,-2.3035714285714284,-3.1607142857142856,-1.6785714285714286,-1.1428571428571428,-3.6964285714285716,-2.4285714285714284,-0.9285714285714286,-0.4642857142857143,0.17857142857142858,-0.5178571428571429,-1.0178571428571428,-1.8035714285714286,0.21428571428571427,-0.017857142857142856,-1.5535714285714286,-0.017857142857142856,-0.6607142857142857,-0.6785714285714286,-0.017857142857142856,-0.39285714285714285,-1.3571428571428572,-1.1964285714285714,-0.35714285714285715,-0.3392857142857143,-2.6607142857142856,-1.125,-0.9464285714285714,-1.3333333333333333,-0.45614035087719296,-1.2982456140350878,-1.5263157894736843,-3.210526315789474,-1.1754385964912282,-0.9122807017543859,-2.526315789473684,-1.263157894736842,-1.2982456140350878,-1.4035087719298245,-0.7894736842105263,-1.3157894736842106,-1.912280701754386,-2.087719298245614,-1.280701754385965,-0.9298245614035088,-3.175438596491228,-1.3508771929824561,-1.1754385964912282
P29148,-0.29931972789115646,-1.1020408163265305,-0.40816326530612246,-0.782312925170068,-2.45578231292517,-0.5306122448979592,-0.7891156462585034,-1.0612244897959184,-1.0408163265306123,-1.2789115646258504,-1.272108843537415,-0.30612244897959184,-0.9319727891156463,-1.2653061224489797,-1.3197278911564625,-0.14965986394557823,-0.2585034013605442,-2.380952380952381,-1.054421768707483,-0.7687074829931972,-0.047619047619047616,-0.7687074829931972,-0.19727891156462585,-0.061224489795918366,-2.2176870748299318,-0.24489795918367346,-0.11564625850340136,-0.6190476190476191,-0.8707482993197279,-0.8503401360544217,-0.9319727891156463,0.07482993197278912,-0.9115646258503401,-1.2857142857142858,-0.7006802721088435,-0.013605442176870748,0.3129251700680272,-1.0068027210884354,-0.5306122448979592,-0.11564625850340136,-0.5170068027210885,-0.9727891156462585,0.3945578231292517,-0.5578231292517006,-2.3537414965986394,-0.4489795918367347,-0.8979591836734694,-0.5918367346938775,-0.7551020408163265,-1.619047619047619,-1.4761904761904763,-1.0,-1.217687074829932,-1.034013605442177,-1.2108843537414966,-0.06802721088435375,-0.11564625850340136,-1.8231292517006803,-0.19727891156462585,-1.3673469387755102,-0.2214765100671141,-1.2013422818791946,-0.3087248322147651,-0.6778523489932886,-2.0604026845637584,-0.7516778523489933,-0.9664429530201343,-0.6912751677852349,-1.1476510067114094,-1.2885906040268456,-1.3624161073825503,-0.7449664429530202,-0.8053691275167785,-1.6174496644295302,-1.342281879194631,-0.28859060402684567,-0.33557046979865773,-1.6241610738255035,-0.8993288590604027,-1.0671140939597314
Q9L4Q8,-1.4833333333333334,-1.5083333333333333,-1.8333333333333333,-1.9083333333333334,-3.566666666666667,-1.2583333333333333,-0.775,-2.691666666666667,-1.725,-1.7,-1.625,-1.0083333333333333,-1.1,-2.0166666666666666,-2.6333333333333333,-1.6,-1.6333333333333333,-2.8833333333333333,-1.6416666666666666,-1.7666666666666666,-1.5416666666666667,-1.7583333333333333,-2.0,-1.7333333333333334,-3.0833333333333335,-1.3,-1.4833333333333334,-2.7416666666666667,-1.5333333333333334,-1.65,-1.875,-1.6166666666666667,-1.3083333333333333,-1.5916666666666666,-3.0166666666666666,-1.7583333333333333,-1.2833333333333334,-2.7916666666666665,-1.5916666666666666,-1.85,-0.975,-1.7166666666666666,-1.9083333333333334,-1.975,-3.125,-1.5166666666666666,-1.4083333333333334,-2.533333333333333,-2.091666666666667,-1.375,-1.8583333333333334,-1.375,-1.3583333333333334,-2.325,-2.7416666666666667,-1.5916666666666666,-1.4666666666666666,-3.4,-2.125,-1.3583333333333334,-0.49586776859504134,-0.71900826446281,-1.0661157024793388,-1.0082644628099173,-2.3636363636363638,-0.8264462809917356,-0.2231404958677686,-1.8512396694214877,-1.8512396694214877,-1.4132231404958677,-1.462809917355372,-0.2396694214876033,-1.2479338842975207,-2.0,-2.239669421487603,-0.8347107438016529,-0.6363636363636364,-2.9917355371900825,-1.8429752066115703,-1.0743801652892562
P33379,-0.22641509433962265,-0.33962264150943394,-0.22641509433962265,-0.5157232704402516,-1.9622641509433962,-0.06918238993710692,0.14465408805031446,-1.2830188679245282,-1.0314465408805031,-1.4968553459119496,-1.5471698113207548,0.3333333333333333,-0.89937106918239,-2.138364779874214,-0.5660377358490566,0.33962264150943394,-0.05660377358490566,-2.5660377358490565,-1.6855345911949686,-1.0314465408805031,-0.31446540880503143,-0.33962264150943394,-0.389937106918239,-0.27044025157232704,-2.1257861635220126,0.11949685534591195,0.46540880503144655,-1.5031446540880504,-1.0440251572327044,-1.578616352201258,-1.5220125786163523,0.6037735849056604,-0.8805031446540881,-2.0314465408805034,-0.050314465408805034,0.37735849056603776,0.07547169811320754,-2.5157232704402515,-1.6226415094339623,-1.1069182389937107,-0.2389937106918239,-0.34591194968553457,-0.1949685534591195,-0.22012578616352202,-1.9811320754716981,-0.012578616352201259,0.34591194968553457,-1.119496855345912,-0.9182389937106918,-1.578616352201258,-1.528301886792453,0.4088050314465409,-1.069182389937107,-1.8238993710691824,-0.018867924528301886,0.4779874213836478,0.09433962264150944,-2.3647798742138364,-1.5408805031446542,-1.1257861635220126,-0.2037037037037037,-0.41975308641975306,-0.2962962962962963,-0.6851851851851852,-1.9567901234567902,0.006172839506172839,0.12345679012345678,-1.2530864197530864,-1.0185185185185186,-1.4382716049382716,-1.4320987654320987,0.42592592592592593,-0.7839506172839507,-2.0185185185185186,-0.6481481481481481,0.19135802469135801,-0.09259259259259259,-2.419753086419753,-1.691358024691358,-1.0061728395061729
P39774,-0.867704280155642,-0.8054474708171206,-0.42023346303501946,-0.9182879377431906,-2.0116731517509727,-0.3657587548638132,-0.5369649805447471,-1.88715953307393,-0.8949416342412452,-0.8793774319066148,-0.8754863813229572,-0.38132295719844356,-0.6575875486381323,-1.171206225680934,-1.6848249027237354,-0.311284046692607,-0.3151750972762646,-2.132295719844358,-0.6575875486381323,-0.8132295719844358,-0.6536964980544747,-0.8754863813229572,-0.2490272373540856,-0.8054474708171206,-2.0583657587548636,-0.3229571984435798,-0.15953307392996108,-1.5719844357976653,-0.7354085603112841,-1.0194552529182879,-0.9494163424124513,-0.32684824902723736,-0.6809338521400778,-1.0700389105058365,-1.5447470817120623,-0.2140077821011673,-0.36964980544747084,-2.1828793774319064,-0.6964980544747081,-0.9299610894941635,-0.8871595330739299,-0.6303501945525292,-0.48249027237354086,-0.8754863813229572,-2.0311284046692606,-0.4785992217898833,-0.3735408560311284,-1.828793774319066,-0.8404669260700389,-0.7587548638132295,-0.8443579766536965,-0.32684824902723736,-0.5719844357976653,-0.8365758754863813,-1.4785992217898833,-0.4591439688715953,-0.47470817120622566,-1.8715953307392996,-0.6498054474708171,-0.8871595330739299,-0.8687258687258688,-0.6833976833976834,-0.5791505791505791,-0.8996138996138996,-2.0501930501930503,-0.42084942084942084,-0.416988416988417,-1.915057915057915,-0.915057915057915,-0.6525096525096525,-0.6254826254826255,-0.3166023166023166,-0.4362934362934363,-0.7683397683397684,-1.7065637065637065,-0.5019305019305019,-0.5907335907335908,-1.9961389961389961,-0.5907335907335908,-0.7915057915057915
Q1AU26,-1.5056179775280898,-2.0898876404494384,-2.258426966292135,-2.264044943820225,-3.269662921348315,-1.9213483146067416,-2.0786516853932584,-2.808988764044944,-2.561797752808989,-1.8764044943820224,-2.348314606741573,-1.8876404494382022,-1.6853932584269662,-2.8764044943820224,-3.196629213483146,-1.6067415730337078,-1.196629213483146,-3.9719101123595504,-2.741573033707865,-1.696629213483146,-0.9550561797752809,-1.8146067415730338,-1.6629213483146068,-1.4157303370786516,-2.797752808988764,-1.3932584269662922,-0.8932584269662921,-2.2191011235955056,-1.9382022471910112,-1.353932584269663,-1.398876404494382,-1.252808988764045,-1.3764044943820224,-2.0224719101123596,-2.157303370786517,-1.4382022471910112,-1.297752808988764,-3.455056179775281,-1.9101123595505618,-1.0561797752808988,-1.3258426966292134,-1.6292134831460674,-1.7191011235955056,-1.9382022471910112,-3.455056179775281,-1.252808988764045,-1.1292134831460674,-2.308988764044944,-1.9382022471910112,-1.5617977528089888,-2.0,-1.1067415730337078,-1.6292134831460674,-2.6292134831460676,-2.533707865168539,-1.2359550561797752,-1.101123595505618,-3.960674157303371,-2.4775280898876404,-1.4719101123595506,-0.994475138121547,-1.9447513812154695,-1.8232044198895028,-2.1215469613259668,-2.911602209944751,-1.4143646408839778,-1.3977900552486189,-2.1712707182320443,-2.298342541436464,-1.5082872928176796,-1.9502762430939227,-1.5027624309392265,-1.2541436464088398,-2.5027624309392267,-2.6685082872928176,-0.9171270718232044,-1.2265193370165746,-3.883977900552486,-2.4198895027624308,-1.1878453038674033
Q9K6W0,-0.06766917293233082,-0.6842105263157895,-0.21052631578947367,-0.5714285714285714,-2.0601503759398496,-0.03007518796992481,-0.38345864661654133,-1.1353383458646618,-1.3458646616541354,-0.8270676691729323,-0.9548872180451128,-0.022556390977443608,-0.7669172932330827,-1.5112781954887218,-1.3984962406015038,0.2706766917293233,0.5037593984962406,-2.3759398496240602,-1.3082706766917294,-0.6992481203007519,0.06766917293233082,-0.8195488721804511,0.2631578947368421,0.13533834586466165,-1.9699248120300752,-0.15789473684210525,-0.06015037593984962,-0.24812030075187969,-1.1203007518796992,-0.49624060150375937,-0.849624060150376,-0.007518796992481203,-0.6616541353383458,-1.2857142857142858,-1.0225563909774436,0.2781954887218045,0.23308270676691728,-2.1353383458646618,-1.0075187969924813,-0.43609022556390975,-0.3458646616541353,-0.6240601503759399,-0.15037593984962405,-0.39097744360902253,-1.9774436090225564,-0.3233082706766917,-0.16541353383458646,-0.8571428571428571,-1.218045112781955,-0.7593984962406015,-0.849624060150376,-0.24060150375939848,-0.6015037593984962,-1.2406015037593985,-1.1879699248120301,0.03759398496240601,0.24812030075187969,-2.045112781954887,-1.0827067669172932,-0.6165413533834586,-0.21804511278195488,-0.2932330827067669,-0.022556390977443608,-0.21804511278195488,-1.894736842105263,0.24060150375939848,0.0,-0.9548872180451128,-0.9699248120300752,-0.9172932330827067,-0.8421052631578947,0.10526315789473684,-0.42857142857142855,-1.1278195488721805,-1.3759398496240602,0.06015037593984962,0.09022556390977443,-1.8270676691729324,-0.7744360902255639,-0.8270676691729323
P14677,-0.35294117647058826,-0.3155080213903743,-0.5080213903743316,-0.8983957219251337,-2.160427807486631,-0.22459893048128343,-0.44385026737967914,-1.3368983957219251,-1.1497326203208555,-0.47593582887700536,-0.5026737967914439,0.0213903743315508,-0.6149732620320856,-0.9090909090909091,-1.320855614973262,-0.3155080213903743,-0.39037433155080214,-1.8716577540106951,-0.6256684491978609,-0.5561497326203209,-0.5401069518716578,-1.0748663101604279,-0.45454545454545453,-0.8128342245989305,-2.6898395721925135,-0.5347593582887701,-0.7754010695187166,-1.1711229946524064,-1.4171122994652405,-1.0160427807486632,-1.1764705882352942,-0.39037433155080214,-0.9786096256684492,-1.6684491978609626,-1.213903743315508,-0.32620320855614976,-0.37433155080213903,-2.3475935828877006,-0.732620320855615,-0.9358288770053476,-0.2887700534759358,-0.9625668449197861,-0.679144385026738,-1.0695187165775402,-2.556149732620321,-0.5828877005347594,-0.893048128342246,-0.786096256684492,-1.2834224598930482,-0.9197860962566845,-1.0748663101604279,-0.5668449197860963,-0.7058823529411765,-1.518716577540107,-1.1550802139037433,-0.26737967914438504,-0.1443850267379679,-2.160427807486631,-0.8074866310160428,-0.732620320855615,-0.21693121693121692,-0.9206349206349206,-0.5661375661375662,-0.7301587301587301,-2.232804232804233,-0.32275132275132273,-0.3968253968253968,-1.0105820105820107,-1.3015873015873016,-0.8783068783068783,-1.1058201058201058,-0.21164021164021163,-0.6878306878306878,-1.6137566137566137,-1.0211640211640212,-0.1746031746031746,-0.12698412698412698,-2.195767195767196,-1.1111111111111112,-0.6296296296296297
Q46336,-0.625,-0.7916666666666666,-0.7083333333333334,-1.5,-1.2916666666666667,-0.5,-0.625,-1.25,-0.875,-1.4166666666666667,-1.375,-0.625,-0.7083333333333334,-1.7083333333333333,-0.7916666666666666,-0.5416666666666666,-0.625,-2.4166666666666665,-1.375,-1.2083333333333333,-0.5416666666666666,-0.6666666666666666,-0.5416666666666666,-0.25,-2.2083333333333335,-0.4166666666666667,-0.08333333333333333,-1.5833333333333333,-0.7083333333333334,-1.625,-1.4583333333333333,-0.5833333333333334,-1.1666666666666667,-1.0416666666666667,-0.9583333333333334,-0.16666666666666666,-0.6666666666666666,-1.4583333333333333,-0.3333333333333333,-1.3333333333333333,-0.4583333333333333,-0.3333333333333333,-0.875,-1.4583333333333333,-1.8333333333333333,-0.7083333333333334,-0.7916666666666666,-1.125,-0.5833333333333334,-1.75,-1.5833333333333333,-0.625,-1.1666666666666667,-1.3333333333333333,-1.75,-0.4166666666666667,-0.9583333333333334,-1.3333333333333333,-0.7916666666666666,-1.375,0.0,-0.46153846153846156,-0.7307692307692307,-1.0384615384615385,-1.5769230769230769,-0.3076923076923077,-0.38461538461538464,-0.9615384615384616,-1.0384615384615385,-1.6923076923076923,-1.8076923076923077,-0.5,-1.2307692307692308,-1.8461538461538463,-1.0769230769230769,-0.07692307692307693,-0.11538461538461539,-2.5384615384615383,-1.3846153846153846,-1.1153846153846154
P35829,0.5495495495495496,-1.0810810810810811,-0.34234234234234234,-1.063063063063063,-1.3423423423423424,-0.8288288288288288,-0.8918918918918919,-1.045045045045045,-1.4414414414414414,-0.9099099099099099,-1.135135135135135,-0.7117117117117117,-0.8018018018018018,-1.8468468468468469,-1.117117117117117,0.4774774774774775,0.42342342342342343,-2.7387387387387387,-1.6216216216216217,-0.40540540540540543,-0.15315315315315314,-1.0990990990990992,-0.06306306306306306,-0.6756756756756757,-1.7117117117117118,-0.6216216216216216,-0.6396396396396397,-1.018018018018018,-1.2522522522522523,-1.072072072072072,-1.3513513513513513,-0.6486486486486487,-0.9369369369369369,-1.6576576576576576,-1.3693693693693694,0.1981981981981982,0.35135135135135137,-2.5855855855855854,-1.4054054054054055,-0.6036036036036037,-0.12612612612612611,-0.8288288288288288,-0.43243243243243246,-0.9369369369369369,-1.7657657657657657,-0.4864864864864865,-0.6486486486486487,-1.4864864864864864,-1.117117117117117,-1.072072072072072,-1.1801801801801801,-0.43243243243243246,-0.7657657657657657,-1.5675675675675675,-1.2882882882882882,-0.02702702702702703,0.018018018018018018,-2.4954954954954953,-1.1261261261261262,-0.5045045045045045,-0.4594594594594595,-0.5675675675675675,-0.25225225225225223,-1.1081081081081081,-1.927927927927928,-0.5405405405405406,-0.6126126126126126,-1.2162162162162162,-0.9279279279279279,-1.2432432432432432,-1.3693693693693694,-0.1981981981981982,-0.8918918918918919,-1.5765765765765767,-1.6936936936936937,-0.14414414414414414,-0.04504504504504504,-2.315315315315315,-0.8918918918918919,-0.7387387387387387
Q831U3,-0.6416184971098265,-1.5722543352601157,-2.052023121387283,-2.138728323699422,-3.2716763005780347,-1.3410404624277457,-1.2023121387283238,-2.2890173410404624,-2.3757225433526012,-1.6011560693641618,-1.3815028901734103,-1.0520231213872833,-1.653179190751445,-2.1907514450867054,-2.2427745664739884,-1.3526011560693643,-1.2138728323699421,-3.179190751445087,-2.421965317919075,-1.3352601156069364,-1.0867052023121386,-1.7109826589595376,-1.76878612716763,-1.9826589595375723,-3.479768786127168,-1.4855491329479769,-1.2485549132947977,-2.9248554913294798,-2.0809248554913293,-1.9248554913294798,-1.8901734104046244,-1.3988439306358382,-2.179190751445087,-2.514450867052023,-2.815028901734104,-1.6011560693641618,-1.5375722543352601,-4.034682080924855,-2.520231213872832,-1.699421965317919,-0.8092485549132948,-2.352601156069364,-2.2658959537572256,-2.2023121387283235,-3.4104046242774566,-1.7630057803468209,-1.8323699421965318,-2.468208092485549,-2.5895953757225434,-1.8381502890173411,-1.5895953757225434,-1.8901734104046244,-1.907514450867052,-2.7341040462427744,-3.0289017341040463,-1.5144508670520231,-1.6242774566473988,-4.08092485549133,-2.6242774566473988,-1.8323699421965318,-0.2914285714285714,-1.502857142857143,-1.3942857142857144,-1.3885714285714286,-3.3142857142857145,-1.0457142857142858,-1.0342857142857143,-2.7485714285714287,-2.04,-1.2971428571428572,-1.04,-1.04,-1.5885714285714285,-1.9885714285714287,-2.7485714285714287,-1.28,-1.2514285714285713,-3.7257142857142855,-2.217142857142857,-1.1314285714285715
P68782,-0.9125,-2.325,-2.675,-3.2375,-2.7125,-2.0125,-2.85,-1.6875,-2.5625,-0.1375,-0.35,-1.9875,-0.625,-0.7625,-2.4375,-1.4375,-1.05,-2.3,-1.7625,-0.575,-0.7875,-2.35,-2.375,-2.575,-2.6875,-2.275,-2.6875,-1.1875,-2.2625,0.15,0.025,-2.0625,-0.475,0.35,-2.225,-1.25,-1.1625,-0.65,-0.7875,-0.3125,-0.3375,-3.5,-2.475,-3.225,-2.4875,-2.925,-3.2875,-1.2875,-3.025,-0.825,-0.875,-3.1375,-0.65,-1.175,-2.9875,-1.25,-1.25,-2.875,-2.125,-0.9625,-0.8641975308641975,-1.6419753086419753,-2.4074074074074074,-2.9382716049382718,-2.308641975308642,-1.9135802469135803,-2.197530864197531,-1.8518518518518519,-1.7777777777777777,0.14814814814814814,-0.13580246913580246,-1.7037037037037037,-0.14814814814814814,-0.5185185185185185,-2.3333333333333335,-1.308641975308642,-0.8765432098765432,-1.7407407407407407,-1.1481481481481481,-0.04938271604938271
P45855,0.20408163265306123,-1.530612244897959,-1.469387755102041,-1.7755102040816326,-1.816326530612245,-1.2346938775510203,-1.3979591836734695,-1.0408163265306123,-1.7959183673469388,-0.9387755102040817,-1.2551020408163265,-1.5918367346938775,-0.8469387755102041,-1.6938775510204083,-2.0408163265306123,-0.5918367346938775,-0.3673469387755102,-3.061224489795918,-1.7244897959183674,-0.5816326530612245,0.16326530612244897,-1.1938775510204083,-1.010204081632653,-1.316326530612245,-2.306122448979592,-0.673469387755102,-1.0510204081632653,-1.2142857142857142,-0.9795918367346939,-1.4489795918367347,-1.4489795918367347,-1.010204081632653,-0.41836734693877553,-1.8979591836734695,-2.142857142857143,-0.4897959183673469,-0.8877551020408163,-2.5816326530612246,-1.6326530612244898,-1.2857142857142858,0.07142857142857142,-1.4591836734693877,-1.4795918367346939,-1.2959183673469388,-2.479591836734694,-1.0408163265306123,-0.9591836734693877,-1.2346938775510203,-1.7551020408163265,-1.1938775510204083,-1.3877551020408163,-0.9081632653061225,-0.9795918367346939,-2.0714285714285716,-1.1938775510204083,-0.5612244897959183,-0.6224489795918368,-2.9285714285714284,-1.836734693877551,-0.7142857142857143,-0.10101010101010101,-2.090909090909091,-1.7171717171717171,-2.313131313131313,-2.212121212121212,-1.3636363636363635,-1.7777777777777777,-1.2222222222222223,-2.121212121212121,-1.4141414141414141,-1.2525252525252526,-1.5858585858585859,-1.1818181818181819,-2.494949494949495,-2.585858585858586,-1.1414141414141414,-1.1616161616161615,-3.3636363636363638,-2.4343434343434343,-1.0808080808080809
P36497,-0.46408839779005523,-0.5966850828729282,-0.8121546961325967,-1.143646408839779,-2.0552486187845305,-0.4972375690607735,-0.6298342541436464,-1.3812154696132597,-1.0607734806629834,-0.5911602209944752,-0.44751381215469616,-0.12154696132596685,-0.6132596685082873,-0.8895027624309392,-1.2541436464088398,-0.32044198895027626,-0.3701657458563536,-1.425414364640884,-0.8342541436464088,-0.6298342541436464,-0.1878453038674033,-1.7845303867403315,-1.87292817679558,-2.8011049723756907,-2.4640883977900554,-1.430939226519337,-2.430939226519337,-1.6243093922651934,-2.0939226519337018,0.143646408839779,0.011049723756906077,-2.138121546961326,-0.1270718232044199,-0.2596685082872928,-2.8950276243093924,-0.40331491712707185,-0.3701657458563536,-2.110497237569061,-1.0386740331491713,-0.13812154696132597,-0.585635359116022,-1.701657458563536,-1.160220994475138,-2.298342541436464,-2.6685082872928176,-1.276243093922652,-1.7900552486187846,-1.5027624309392265,-2.0939226519337018,-0.7790055248618785,-0.8895027624309392,-1.5248618784530388,-0.8342541436464088,-1.149171270718232,-2.696132596685083,-0.4419889502762431,-0.6906077348066298,-2.883977900552486,-1.7348066298342542,-0.9723756906077348,-1.558011049723757,-1.8839779005524862,-2.1933701657458564,-2.138121546961326,-3.4419889502762433,-1.6353591160220995,-1.8066298342541436,-3.2099447513812156,-2.3812154696132595,-1.6519337016574585,-1.6740331491712708,-1.9171270718232045,-1.6187845303867403,-2.8066298342541436,-3.541436464088398,-1.6243093922651934,-1.8176795580110496,-4.005524861878453,-2.845303867403315,-1.7679558011049723
A1R7K6,-1.4523809523809523,-1.873015873015873,-2.4206349206349205,-2.373015873015873,-3.8253968253968256,-1.9206349206349207,-1.873015873015873,-2.880952380952381,-2.1587301587301586,-2.4603174603174605,-2.3333333333333335,-1.9285714285714286,-2.365079365079365,-2.7857142857142856,-2.888888888888889,-1.9761904761904763,-2.0317460317460316,-3.9047619047619047,-2.246031746031746,-2.365079365079365,-1.4444444444444444,-1.380952380952381,-2.015873015873016,-1.6428571428571428,-3.0952380952380953,-1.5714285714285714,-1.3095238095238095,-2.873015873015873,-1.5476190476190477,-1.9761904761904763,-1.9761904761904763,-1.7936507936507937,-1.7380952380952381,-2.5952380952380953,-2.365079365079365,-1.873015873015873,-1.6904761904761905,-3.134920634920635,-2.1984126984126986,-1.9682539682539681,-0.8888888888888888,-1.3253968253968254,-1.5158730158730158,-1.5476190476190477,-3.2698412698412698,-1.3888888888888888,-1.1587301587301588,-2.365079365079365,-1.4365079365079365,-1.619047619047619,-1.3650793650793651,-1.2619047619047619,-1.3333333333333333,-2.0873015873015874,-1.880952380952381,-1.2222222222222223,-1.4603174603174602,-2.6031746031746033,-2.0,-1.6666666666666667,-0.15625,-1.3828125,-1.7265625,-1.640625,-3.03125,-1.1953125,-0.7890625,-1.953125,-2.109375,-1.0859375,-0.765625,-0.703125,-1.265625,-1.625,-1.96875,-1.1953125,-1.1796875,-2.796875,-1.9296875,-1.03125
Q53728,-0.2733812949640288,-0.8633093525179856,-0.9064748201438849,-1.0359712230215827,-1.5971223021582734,-0.7194244604316546,-0.841726618705036,-1.2949640287769784,-1.316546762589928,-1.460431654676259,-1.2733812949640289,-0.8129496402877698,-0.9064748201438849,-1.9928057553956835,-0.8920863309352518,-0.23741007194244604,-0.28776978417266186,-2.4748201438848922,-1.7194244604316546,-1.129496402877698,-0.17266187050359713,-1.2374100719424461,-0.8273381294964028,-1.1079136690647482,-1.5971223021582734,-0.9424460431654677,-0.9496402877697842,-1.014388489208633,-1.3741007194244603,-1.158273381294964,-1.1942446043165467,-0.935251798561151,-0.8561151079136691,-1.7194244604316546,-1.4172661870503598,-0.19424460431654678,-0.37410071942446044,-2.302158273381295,-1.460431654676259,-0.7841726618705036,-0.20863309352517986,-1.129496402877698,-0.7194244604316546,-0.8273381294964028,-1.6115107913669064,-0.6834532374100719,-0.6258992805755396,-1.158273381294964,-1.3237410071942446,-1.330935251798561,-1.39568345323741,-0.8273381294964028,-0.9640287769784173,-2.0071942446043165,-0.9424460431654677,-0.1079136690647482,-0.30935251798561153,-2.661870503597122,-1.6474820143884892,-0.9064748201438849,-0.09352517985611511,-0.9784172661870504,-0.841726618705036,-1.0359712230215827,-1.6258992805755397,-0.5035971223021583,-0.6474820143884892,-1.1007194244604317,-1.2589928057553956,-1.460431654676259,-1.2949640287769784,-0.7050359712230215,-0.9064748201438849,-1.7050359712230216,-1.3093525179856116,-0.04316546762589928,-0.539568345323741,-2.2661870503597124,-1.330935251798561,-1.1007194244604317
Q9KWM4,-0.7142857142857143,-0.5,1.1428571428571428,-0.21428571428571427,-2.2857142857142856,0.14285714285714285,0.21428571428571427,-1.5714285714285714,-0.9285714285714286,-0.9285714285714286,-1.1428571428571428,0.21428571428571427,-0.14285714285714285,-1.6428571428571428,-1.5714285714285714,0.07142857142857142,-0.35714285714285715,-2.642857142857143,-1.5714285714285714,-0.8571428571428571,-0.6428571428571429,-1.2142857142857142,-0.7857142857142857,-0.5,-2.2142857142857144,0.21428571428571427,0.9285714285714286,-2.4285714285714284,-1.6428571428571428,-0.6428571428571429,-0.14285714285714285,-0.7142857142857143,0.07142857142857142,-2.0714285714285716,-1.7857142857142858,-0.42857142857142855,-0.2857142857142857,-2.857142857142857,-1.5714285714285714,-0.5714285714285714,-0.14285714285714285,-1.0714285714285714,-0.6428571428571429,-1.5714285714285714,-2.0,-0.7857142857142857,-1.2142857142857142,0.2857142857142857,-0.8571428571428571,-1.5,-1.9285714285714286,-0.42857142857142855,-1.3571428571428572,-2.0714285714285716,-1.3571428571428572,0.0,-0.35714285714285715,-1.4285714285714286,-1.4285714285714286,-1.1428571428571428,-0.7333333333333333,-1.7333333333333334,-0.8666666666666667,-1.7333333333333334,0.4666666666666667,-0.9333333333333333,-1.4,-2.066666666666667,-0.9333333333333333,-1.6,-1.4666666666666666,-1.5333333333333334,-0.8666666666666667,-0.9333333333333333,-1.8,-0.13333333333333333,-0.26666666666666666,-1.6,-1.0,-1.0666666666666667
P39129,-0.3287671232876712,-1.3424657534246576,-1.547945205479452,-2.1095890410958904,-2.452054794520548,-1.2602739726027397,-1.7123287671232876,-1.5616438356164384,-1.63013698630137,0.1780821917808219,0.2054794520547945,-1.3835616438356164,-0.0958904109589041,0.5068493150684932,-1.0410958904109588,-0.5753424657534246,-0.2054794520547945,-0.547945205479452,-0.7123287671232876,0.0410958904109589,0.0136986301369863,-2.1506849315068495,-2.0,-3.095890410958904,-2.6301369863013697,-1.8767123287671232,-2.7260273972602738,-1.36986301369863,-2.5616438356164384,0.5342465753424658,0.4931506849315068,-2.2465753424657535,0.1643835616438356,0.6712328767123288,-1.6849315068493151,-0.8356164383561644,-0.1917808219178082,-0.6027397260273972,-0.6712328767123288,0.5068493150684932,-0.273972602739726,-2.191780821917808,-2.232876712328767,-2.7945205479452055,-2.904109589041096,-1.904109589041096,-2.410958904109589,-2.0273972602739727,-2.7945205479452055,-0.0273972602739726,-0.2602739726027397,-2.3013698630136985,0.0821917808219178,-0.4520547945205479,-2.0547945205479454,-0.958904109589041,-0.547945205479452,-1.8493150684931507,-1.1232876712328768,-0.2602739726027397,0.18421052631578946,-1.6710526315789473,-1.2763157894736843,-2.0,-2.3947368421052633,-1.105263157894737,-1.763157894736842,-0.6842105263157895,-2.1052631578947367,0.2236842105263158,0.02631578947368421,-1.4342105263157894,0.02631578947368421,-0.25,-1.605263157894737,-0.4473684210526316,-0.11842105263157894,-1.6973684210526316,-0.7763157894736842,0.039473684210526314
P85147,0.2,-1.2,-0.3333333333333333,-1.5333333333333334,-0.9333333333333333,-1.2,-1.4666666666666666,0.8,-1.2666666666666666,-2.1333333333333333,-2.1333333333333333,-1.2666666666666666,-1.5333333333333334,-1.8666666666666667,-2.0,0.0,-0.8666666666666667,-1.5333333333333334,-1.3333333333333333,-1.6,0.26666666666666666,-1.3333333333333333,-0.9333333333333333,-1.4,-1.0666666666666667,-0.9333333333333333,-0.7333333333333333,-0.2,-1.4666666666666666,-1.4,-1.4666666666666666,-0.8666666666666667,-1.1333333333333333,-1.8666666666666667,-1.8,-0.3333333333333333,-0.8666666666666667,-2.4,-1.4,-0.7333333333333333,-0.13333333333333333,-1.2,-1.2666666666666666,-1.7333333333333334,-1.8,-1.2,-1.2666666666666666,0.6,-1.7333333333333334,-1.7333333333333334,-1.7333333333333334,-1.0666666666666667,-1.0,-1.4666666666666666,-2.066666666666667,-0.6,-1.2666666666666666,-1.3333333333333333,-1.5333333333333334,-1.2,-0.058823529411764705,-1.1176470588235294,-0.35294117647058826,-1.2352941176470589,-1.1764705882352942,-0.9411764705882353,-1.0588235294117647,0.058823529411764705,-0.9411764705882353,-2.3529411764705883,-2.176470588235294,-0.5882352941176471,-1.4705882352941178,-1.7647058823529411,-1.2941176470588236,0.47058823529411764,-0.47058823529411764,-1.7058823529411764,-1.4705882352941178,-1.8823529411764706
O30417,0.112,-2.64,-1.912,-2.992,-2.024,-2.168,-2.56,-0.664,-2.624,0.04,-0.16,-2.448,-0.208,0.064,-2.088,-0.272,-0.52,-1.328,-0.8,-0.096,0.128,-2.64,-1.592,-2.888,-1.68,-2.384,-2.624,-0.608,-2.48,0.568,-0.192,-2.056,-0.216,0.608,-2.456,-0.416,-0.4,-1.392,-1.176,0.296,0.12,-2.304,-1.16,-2.256,-1.448,-1.6,-2.192,-0.92,-2.128,-0.072,-0.2,-1.976,-0.168,-0.176,-1.704,-0.16,-0.328,-1.496,-0.872,-0.048,-0.3984375,-1.265625,-1.34375,-2.0,-1.5078125,-1.03125,-1.53125,-1.3125,-1.1328125,-0.109375,-0.2578125,-0.8515625,-0.3046875,0.296875,-1.0234375,-0.65625,-0.640625,-0.4453125,0.09375,-0.1328125
P54264,-0.7976190476190477,-1.119047619047619,-1.0238095238095237,-1.2142857142857142,-2.488095238095238,-0.38095238095238093,-0.6785714285714286,-1.9047619047619047,-1.3452380952380953,-1.130952380952381,-1.1428571428571428,-0.5238095238095238,-0.8452380952380952,-1.75,-1.7976190476190477,-0.6071428571428571,-0.6190476190476191,-2.9404761904761907,-1.6071428571428572,-0.8809523809523809,-1.0476190476190477,-0.9642857142857143,-1.1785714285714286,-1.2023809523809523,-2.7857142857142856,-0.7619047619047619,-0.5119047619047619,-2.0833333333333335,-1.0476190476190477,-1.6428571428571428,-1.5595238095238095,-0.6785714285714286,-1.1547619047619047,-1.7142857142857142,-2.1904761904761907,-1.0119047619047619,-0.9880952380952381,-2.1547619047619047,-1.130952380952381,-1.4285714285714286,-1.1785714285714286,-1.3571428571428572,-1.3095238095238095,-0.9523809523809523,-2.6666666666666665,-0.8333333333333334,-0.6785714285714286,-1.7738095238095237,-1.2857142857142858,-1.619047619047619,-1.5952380952380953,-0.8095238095238095,-1.5,-1.9642857142857142,-1.75,-1.0238095238095237,-1.1666666666666667,-2.642857142857143,-1.5238095238095237,-1.5952380952380953,-0.9651162790697675,-1.1744186046511629,-1.4883720930232558,-1.4883720930232558,-2.372093023255814,-0.5813953488372093,-0.813953488372093,-1.7906976744186047,-1.4883720930232558,-1.430232558139535,-1.0813953488372092,-0.7906976744186046,-0.7906976744186046,-2.0232558139534884,-2.2906976744186047,-0.9186046511627907,-1.2209302325581395,-2.872093023255814,-1.8488372093023255,-1.3372093023255813
P17893,-1.1891891891891893,-0.6486486486486487,-1.5945945945945945,-1.8918918918918919,-3.4054054054054053,-0.3783783783783784,-0.5405405405405406,-2.972972972972973,-1.864864864864865,-1.4324324324324325,-1.3783783783783783,-0.6216216216216216,-1.3243243243243243,-2.891891891891892,-3.6216216216216215,-1.5405405405405406,-1.4594594594594594,-4.378378378378378,-2.7027027027027026,-1.7297297297297298,-1.1081081081081081,-0.972972972972973,-1.5135135135135136,-1.6756756756756757,-3.4324324324324325,-1.135135135135135,-1.2972972972972974,-2.081081081081081,-1.8108108108108107,-1.7567567567567568,-1.7027027027027026,-0.7567567567567568,-0.972972972972973,-2.810810810810811,-2.081081081081081,-0.8108108108108109,-0.972972972972973,-3.5405405405405403,-2.27027027027027,-1.5135135135135136,-0.4594594594594595,-1.7567567567567568,-1.5135135135135136,-1.864864864864865,-3.189189189189189,-1.7027027027027026,-1.837837837837838,-1.972972972972973,-1.864864864864865,-0.972972972972973,-0.9459459459459459,-1.7837837837837838,-0.5945945945945946,-1.8108108108108107,-2.5675675675675675,-0.6756756756756757,-1.054054054054054,-3.5405405405405403,-2.2432432432432434,-0.6756756756756757,-0.7368421052631579,-1.9473684210526316,-1.763157894736842,-1.5,-2.5,-1.8421052631578947,-1.2894736842105263,-2.289473684210526,-2.3947368421052633,-0.868421052631579,-1.236842105263158,-1.5263157894736843,-1.263157894736842,-2.4210526315789473,-2.473684210526316,-1.3421052631578947,-0.9473684210526315,-3.8157894736842106,-2.9210526315789473,-1.105263157894737
Q2SS99,-0.9949494949494949,-1.8484848484848484,-1.2878787878787878,-1.52020202020202,-2.494949494949495,-1.4393939393939394,-1.02020202020202,-2.005050505050505,-1.9646464646464648,-0.8888888888888888,-1.207070707070707,-1.1111111111111112,-1.404040404040404,-2.005050505050505,-2.0555555555555554,-1.2323232323232323,-1.0353535353535352,-3.3838383838383836,-2.0656565656565657,-0.8686868686868687,-0.8131313131313131,-1.3434343434343434,-1.0101010101010102,-1.2474747474747474,-2.4343434343434343,-1.3838383838383839,-1.0303030303030303,-1.7676767676767677,-1.7171717171717171,-0.5808080808080808,-1.02020202020202,-0.9444444444444444,-1.505050505050505,-1.6868686868686869,-1.898989898989899,-0.8686868686868687,-0.7777777777777778,-3.5707070707070705,-1.7222222222222223,-0.797979797979798,-1.1565656565656566,-1.5151515151515151,-1.3434343434343434,-1.8434343434343434,-3.015151515151515,-1.4545454545454546,-1.2474747474747474,-2.707070707070707,-1.8636363636363635,-1.196969696969697,-1.1818181818181819,-1.47979797979798,-1.4090909090909092,-1.9898989898989898,-2.196969696969697,-1.2474747474747474,-1.196969696969697,-3.6414141414141414,-1.8636363636363635,-1.3383838383838385,-0.625,-1.245,-1.22,-1.41,-2.675,-1.055,-0.81,-2.13,-1.615,-1.015,-1.12,-0.885,-1.555,-1.505,-2.24,-1.015,-1.13,-2.965,-1.57,-0.91
P0C0N4,-1.0416666666666667,-1.1041666666666667,-1.1041666666666667,-1.5625,-2.5208333333333335,-0.6041666666666666,-1.0,-2.1666666666666665,-1.6458333333333333,0.125,-0.0625,-0.4375,-0.08333333333333333,-0.8333333333333334,-2.6458333333333335,-0.8333333333333334,-0.6458333333333334,-2.4583333333333335,-0.7291666666666666,-0.2916666666666667,-0.6666666666666666,-2.0208333333333335,-1.7916666666666667,-2.8125,-1.6875,-1.8333333333333333,-2.0625,-1.9583333333333333,-1.4166666666666667,0.20833333333333334,0.3541666666666667,-1.7708333333333333,-0.16666666666666666,0.1875,-2.375,-0.8958333333333334,-0.3541666666666667,-1.9375,-0.14583333333333334,-0.20833333333333334,-0.7708333333333334,-1.2083333333333333,-1.125,-2.2708333333333335,-2.0416666666666665,-1.1458333333333333,-1.6458333333333333,-2.3541666666666665,-1.5416666666666667,0.2916666666666667,0.125,-0.4791666666666667,-0.22916666666666666,-0.10416666666666667,-1.5833333333333333,-0.8541666666666666,-0.625,-2.0625,-0.5833333333333334,-0.041666666666666664,-1.12,-1.9,-1.7,-2.4,-1.68,-1.26,-1.72,-2.18,-1.74,0.5,0.18,-1.54,-0.06,-0.02,-1.9,-0.78,-0.34,-2.32,-0.8,-0.14
Q2FWV6,-0.10344827586206896,-0.9310344827586207,-0.9310344827586207,-1.5862068965517242,-1.5517241379310345,-0.896551724137931,-1.0344827586206897,-1.793103448275862,-1.793103448275862,-0.41379310344827586,-0.27586206896551724,-0.6551724137931034,-0.20689655172413793,-1.6896551724137931,-1.5172413793103448,-0.2413793103448276,-0.20689655172413793,-2.793103448275862,-1.7241379310344827,-0.1724137931034483,-0.5172413793103449,-0.6896551724137931,0.10344827586206896,-0.7586206896551724,-2.0689655172413794,0.06896551724137931,0.06896551724137931,-1.7241379310344827,-1.0,-1.4827586206896552,-0.9655172413793104,-0.20689655172413793,-0.6896551724137931,-1.9310344827586208,-1.3448275862068966,0.3103448275862069,-0.13793103448275862,-2.689655172413793,-1.4827586206896552,-1.2413793103448276,-0.3103448275862069,-0.6896551724137931,-0.6551724137931034,-1.6551724137931034,-1.6896551724137931,-0.5862068965517241,-0.896551724137931,-1.5172413793103448,-1.206896551724138,-0.9310344827586207,-0.6551724137931034,-0.41379310344827586,-0.4482758620689655,-1.3448275862068966,-1.8275862068965518,-0.1724137931034483,-0.20689655172413793,-2.1724137931034484,-0.8620689655172413,-0.5862068965517241,-0.6896551724137931,-0.4482758620689655,-0.5517241379310345,-0.8275862068965517,-2.206896551724138,0.1724137931034483,0.10344827586206896,-1.9655172413793103,-0.8275862068965517,-1.4827586206896552,-1.206896551724138,0.3103448275862069,-0.6206896551724138,-1.3793103448275863,-1.6551724137931034,-0.06896551724137931,-0.8275862068965517,-2.2413793103448274,-0.7241379310344828,-1.1724137931034482
O32083,0.02857142857142857,-0.5285714285714286,-0.9428571428571428,-1.1,-1.8142857142857143,-0.3,-0.4714285714285714,-1.3428571428571427,-0.9428571428571428,-0.7428571428571429,-0.6857142857142857,0.05714285714285714,-0.4714285714285714,-1.042857142857143,-0.9,-0.15714285714285714,-0.2571428571428571,-2.357142857142857,-0.9142857142857143,-0.4857142857142857,-0.3142857142857143,-1.0,-0.44285714285714284,-0.8857142857142857,-2.3,-0.5142857142857142,-0.6142857142857143,-1.2,-1.0,-1.3142857142857143,-1.2857142857142858,-0.37142857142857144,-0.9714285714285714,-1.2,-1.3714285714285714,-0.07142857142857142,-0.18571428571428572,-1.5142857142857142,-0.6857142857142857,-0.9714285714285714,-0.02857142857142857,-0.5285714285714286,-0.12857142857142856,-0.4857142857142857,-2.1142857142857143,-0.3,-0.6285714285714286,-0.7714285714285715,-0.8571428571428571,-1.1428571428571428,-1.1571428571428573,-0.2857142857142857,-0.8714285714285714,-1.2142857142857142,-1.4857142857142858,-0.1,0.014285714285714285,-1.5714285714285714,-0.42857142857142855,-1.0857142857142856,-0.3333333333333333,-0.6805555555555556,-0.5555555555555556,-0.9722222222222222,-2.0277777777777777,-0.4305555555555556,-0.7222222222222222,-1.1666666666666667,-1.2916666666666667,-1.2222222222222223,-1.4583333333333333,-0.3333333333333333,-0.9583333333333334,-1.7916666666666667,-1.5555555555555556,0.041666666666666664,-0.06944444444444445,-2.0833333333333335,-1.3333333333333333,-0.8333333333333334
P23532,-0.23076923076923078,-1.0,-1.0,-1.4615384615384615,-2.076923076923077,-0.34615384615384615,-0.46153846153846156,-1.2692307692307692,-1.1153846153846154,-1.1153846153846154,-0.8846153846153846,-0.8846153846153846,-0.23076923076923078,-1.3846153846153846,-2.1923076923076925,-0.38461538461538464,-0.8076923076923077,-2.5384615384615383,-1.3076923076923077,-0.8461538461538461,0.9615384615384616,-0.6538461538461539,-0.5769230769230769,-0.19230769230769232,-2.0384615384615383,0.38461538461538464,0.5769230769230769,-1.2692307692307692,-1.4615384615384615,-1.8461538461538463,-1.6153846153846154,0.11538461538461539,-1.0,-2.3076923076923075,-1.7692307692307692,0.07692307692307693,-0.7307692307692307,-2.8461538461538463,-1.8461538461538463,-1.4230769230769231,-0.19230769230769232,-1.2307692307692308,-1.1538461538461537,-1.2692307692307692,-2.3846153846153846,0.038461538461538464,-0.4230769230769231,-1.2692307692307692,-0.5769230769230769,-1.2307692307692308,-0.8846153846153846,-0.6923076923076923,-0.15384615384615385,-1.8076923076923077,-1.8846153846153846,-0.5,-0.3076923076923077,-2.3461538461538463,-1.2307692307692308,-1.0,-0.6296296296296297,-0.8888888888888888,-1.2592592592592593,-1.3333333333333333,-2.4444444444444446,-0.48148148148148145,-0.37037037037037035,-1.9259259259259258,-0.8148148148148148,-1.1481481481481481,-0.5925925925925926,-0.48148148148148145,0.037037037037037035,-1.6296296296296295,-2.259259259259259,-0.8148148148148148,-0.4074074074074074,-2.6296296296296298,-1.4814814814814814,-1.0
A0JSV8,-1.256198347107438,-1.5454545454545454,-1.4958677685950412,-1.7851239669421488,-2.793388429752066,-1.6611570247933884,-1.603305785123967,-2.644628099173554,-1.6198347107438016,-1.43801652892562,-1.6942148760330578,-1.5867768595041323,-1.4793388429752066,-1.9669421487603307,-2.5702479338842976,-1.6611570247933884,-1.1570247933884297,-3.024793388429752,-1.6446280991735538,-1.396694214876033,-1.3553719008264462,-2.0991735537190084,-2.1983471074380163,-1.8512396694214877,-3.190082644628099,-1.8512396694214877,-1.4710743801652892,-2.0991735537190084,-2.049586776859504,-2.0330578512396693,-2.347107438016529,-1.603305785123967,-2.2479338842975207,-2.115702479338843,-2.4049586776859506,-1.421487603305785,-1.9090909090909092,-3.190082644628099,-2.049586776859504,-2.1404958677685952,-0.9008264462809917,-1.256198347107438,-1.1983471074380165,-1.7024793388429753,-2.7851239669421486,-1.4049586776859504,-1.3057851239669422,-1.9669421487603307,-1.1735537190082646,-1.9090909090909092,-1.5289256198347108,-1.3471074380165289,-1.5454545454545454,-1.6528925619834711,-2.56198347107438,-1.140495867768595,-1.2975206611570247,-2.644628099173554,-1.6115702479338843,-1.6942148760330578,-0.3225806451612903,-1.1290322580645162,-1.653225806451613,-1.1693548387096775,-3.725806451612903,-1.096774193548387,-0.6854838709677419,-2.4193548387096775,-2.3548387096774195,-1.5241935483870968,-1.2903225806451613,-0.8709677419354839,-1.7741935483870968,-2.120967741935484,-3.193548387096774,-1.4758064516129032,-1.596774193548387,-3.3629032258064515,-2.596774193548387,-1.6612903225806452
P22266,0.6744186046511628,-0.9651162790697675,-0.8488372093023255,-1.2325581395348837,-1.3488372093023255,-0.7790697674418605,-0.9534883720930233,-0.5697674418604651,-1.2325581395348837,-1.0465116279069768,-0.9418604651162791,-0.7674418604651163,-0.7441860465116279,-1.5116279069767442,-0.7906976744186046,0.36046511627906974,0.10465116279069768,-2.1744186046511627,-1.2906976744186047,-0.6627906976744186,0.046511627906976744,-0.8604651162790697,-0.43023255813953487,-0.5697674418604651,-1.2790697674418605,-0.32558139534883723,-0.5813953488372093,-0.23255813953488372,-1.069767441860465,-0.9418604651162791,-0.8837209302325582,-0.5465116279069767,-0.7441860465116279,-1.2674418604651163,-0.686046511627907,0.11627906976744186,0.22093023255813954,-1.8255813953488371,-1.2325581395348837,-0.6744186046511628,0.011627906976744186,-0.6395348837209303,-0.9418604651162791,-0.686046511627907,-1.2325581395348837,-0.37209302325581395,-0.46511627906976744,-0.7558139534883721,-1.0116279069767442,-0.9069767441860465,-0.8023255813953488,-0.4418604651162791,-0.7674418604651163,-1.1511627906976745,-0.5232558139534884,-0.10465116279069768,-0.18604651162790697,-1.6046511627906976,-0.8372093023255814,-0.6627906976744186,-0.04597701149425287,-0.632183908045977,-0.5977011494252874,-0.5977011494252874,-1.6896551724137931,-0.3563218390804598,-0.367816091954023,-0.7241379310344828,-0.7816091954022989,-1.1264367816091954,-1.1379310344827587,-0.5287356321839081,-0.8045977011494253,-1.5517241379310345,-1.3333333333333333,-0.1839080459770115,-0.3333333333333333,-2.0229885057471266,-1.160919540229885,-0.9080459770114943
P27623,-1.625,-2.40625,-3.09375,-3.0625,-3.28125,-2.6875,-3.03125,-2.71875,-2.03125,-1.28125,-1.9375,-2.5,-1.75,-1.84375,-3.5625,-2.71875,-1.8125,-4.125,-2.1875,-1.4375,-0.125,-0.65625,-1.0625,-1.59375,-2.1875,-1.0625,-0.875,-2.0,-1.3125,-1.0,-1.09375,-0.6875,-1.0625,-2.03125,-1.5625,-0.75,-0.71875,-3.125,-1.875,-0.59375,-1.0,-1.0,-1.375,-0.71875,-2.71875,-1.65625,-1.3125,-2.09375,-1.5625,-0.65625,-0.875,-1.5625,-1.78125,-1.34375,-2.03125,-1.6875,-1.09375,-3.5,-1.5,-0.125,-1.2121212121212122,-1.0909090909090908,-2.303030303030303,-1.9696969696969697,-3.1818181818181817,-1.4545454545454546,-0.7878787878787878,-2.696969696969697,-2.4545454545454546,-1.1515151515151516,-1.6666666666666667,-1.0,-1.0303030303030303,-1.7575757575757576,-3.4545454545454546,-1.0,-1.1515151515151516,-3.4545454545454546,-1.8484848484848484,-1.0606060606060606
P96614,-1.3983739837398375,-2.5203252032520327,-2.7154471544715446,-3.1463414634146343,-2.707317073170732,-1.8211382113821137,-2.4552845528455283,-2.902439024390244,-2.6666666666666665,-1.8455284552845528,-1.975609756097561,-2.040650406504065,-1.6910569105691058,-3.048780487804878,-2.975609756097561,-1.4634146341463414,-1.4146341463414633,-4.7317073170731705,-3.227642276422764,-1.6341463414634145,-2.113821138211382,-2.113821138211382,-2.569105691056911,-2.3902439024390243,-3.0569105691056913,-1.8780487804878048,-2.024390243902439,-3.6666666666666665,-2.4959349593495936,-1.4227642276422765,-1.3902439024390243,-1.7235772357723578,-1.1788617886178863,-2.5609756097560976,-3.3821138211382116,-1.91869918699187,-1.4796747967479675,-4.357723577235772,-2.951219512195122,-1.3252032520325203,-1.6016260162601625,-1.8455284552845528,-2.0813008130081303,-2.5609756097560976,-3.203252032520325,-2.0,-2.1951219512195124,-3.1219512195121952,-2.073170731707317,-2.0,-2.186991869918699,-1.991869918699187,-2.097560975609756,-2.7398373983739837,-3.5528455284552845,-1.5203252032520325,-1.6260162601626016,-4.373983739837398,-2.7560975609756095,-1.7967479674796747,-0.28,0.704,-0.104,0.104,-2.896,0.264,0.456,-0.808,-0.528,-1.44,-1.144,1.28,-0.752,-1.496,-1.048,0.136,-0.688,-2.184,-1.072,-1.16
Q53591,-0.3821138211382114,-0.6991869918699187,-0.4105691056910569,-0.508130081300813,-1.9593495934959348,-0.13821138211382114,-0.16260162601626016,-1.1097560975609757,-0.9390243902439024,-1.1666666666666667,-1.2845528455284554,-0.08130081300813008,-0.8089430894308943,-1.6626016260162602,-1.1910569105691058,-0.04065040650406504,-0.044715447154471545,-1.975609756097561,-1.2439024390243902,-0.8739837398373984,-0.2682926829268293,-0.6219512195121951,-0.532520325203252,-0.5691056910569106,-1.951219512195122,-0.3821138211382114,-0.46747967479674796,-1.2154471544715446,-0.8617886178861789,-1.089430894308943,-0.9471544715447154,-0.42276422764227645,-0.6910569105691057,-1.2479674796747968,-1.1016260162601625,-0.3008130081300813,-0.18292682926829268,-1.5447154471544715,-0.5203252032520326,-0.9105691056910569,-0.18292682926829268,-0.6788617886178862,-0.4146341463414634,-0.7073170731707317,-2.065040650406504,-0.3780487804878049,-0.5813008130081301,-0.8577235772357723,-0.8495934959349594,-1.1219512195121952,-0.9471544715447154,-0.5040650406504065,-0.532520325203252,-1.2154471544715446,-1.024390243902439,0.02032520325203252,-0.17886178861788618,-1.353658536585366,-0.6300813008130082,-0.9227642276422764,-0.2601626016260163,-0.7926829268292683,-0.18699186991869918,-0.5528455284552846,-2.048780487804878,-0.2764227642276423,-0.4715447154471545,-1.032520325203252,-0.8373983739837398,-1.032520325203252,-1.1097560975609757,-0.26422764227642276,-0.7764227642276422,-1.3658536585365855,-1.3008130081300813,-0.0975609756097561,0.024390243902439025,-1.8658536585365855,-0.9552845528455285,-0.7642276422764228
O53441,-0.5849056603773585,-1.7830188679245282,-1.5849056603773586,-2.1320754716981134,-2.5943396226415096,-1.2735849056603774,-1.0660377358490567,-2.349056603773585,-1.5943396226415094,-1.9339622641509433,-1.6037735849056605,-1.7075471698113207,-1.4150943396226414,-2.188679245283019,-2.849056603773585,-1.1603773584905661,-1.2358490566037736,-3.292452830188679,-1.8867924528301887,-1.5377358490566038,-0.5188679245283019,-1.650943396226415,-1.6603773584905661,-1.5566037735849056,-2.330188679245283,-1.820754716981132,-1.4150943396226414,-1.6037735849056605,-0.9716981132075472,-1.2358490566037736,-1.4622641509433962,-1.490566037735849,-0.9622641509433962,-1.8867924528301887,-2.207547169811321,-1.1603773584905661,-1.4245283018867925,-3.3867924528301887,-1.7641509433962264,-1.0566037735849056,-0.330188679245283,-1.5754716981132075,-1.5,-1.8773584905660377,-2.5283018867924527,-1.2641509433962264,-1.509433962264151,-1.5,-1.3018867924528301,-1.5,-1.6037735849056605,-1.2641509433962264,-1.1886792452830188,-2.0283018867924527,-2.30188679245283,-0.7924528301886793,-0.7264150943396226,-3.349056603773585,-1.9528301886792452,-1.3584905660377358,-0.6018518518518519,-1.3148148148148149,-1.4444444444444444,-1.4537037037037037,-2.6203703703703702,-1.5462962962962963,-1.1481481481481481,-1.8611111111111112,-1.9351851851851851,-1.3425925925925926,-1.4907407407407407,-1.1851851851851851,-1.4074074074074074,-2.212962962962963,-2.1018518518518516,-1.2962962962962963,-1.0925925925925926,-3.1296296296296298,-2.1574074074074074,-0.9537037037037037
P54423,-0.19730941704035873,-0.8475336322869955,-0.9327354260089686,-1.1255605381165918,-1.8789237668161436,-0.39461883408071746,-0.3273542600896861,-1.3677130044843049,-1.2914798206278026,-1.3318385650224216,-1.2645739910313902,-0.4170403587443946,-0.7847533632286996,-1.609865470852018,-1.2869955156950672,-0.12556053811659193,-0.5336322869955157,-2.201793721973094,-1.251121076233184,-0.8385650224215246,-0.3273542600896861,-0.4484304932735426,-0.43946188340807174,-0.5112107623318386,-2.4798206278026904,-0.22869955156950672,-0.2556053811659193,-1.2735426008968609,-0.33183856502242154,-1.0134529147982063,-0.9910313901345291,-0.1031390134529148,-0.8834080717488789,-1.2152466367713004,-1.1973094170403586,0.08071748878923767,-0.3273542600896861,-2.1345291479820627,-0.9730941704035875,-0.7488789237668162,-0.15246636771300448,-2.013452914798206,-0.7713004484304933,-1.2645739910313902,-2.1659192825112106,-1.6860986547085202,-1.8699551569506727,-0.7399103139013453,-1.798206278026906,-1.5650224215246638,-2.0582959641255605,-1.7085201793721974,-1.6771300448430493,-1.9103139013452914,-1.968609865470852,-0.08968609865470852,-0.7443946188340808,-2.704035874439462,-1.5381165919282511,-1.0852017937219731,-0.3377777777777778,-0.5955555555555555,-0.4,-0.6977777777777778,-2.2311111111111113,-0.6666666666666666,-0.68,-0.96,-1.208888888888889,-0.8755555555555555,-0.9644444444444444,-0.27555555555555555,-0.9466666666666667,-1.448888888888889,-0.7644444444444445,-0.09333333333333334,0.08,-2.0844444444444443,-1.048888888888889,-0.6044444444444445
A5U127,-1.054054054054054,-3.0,-2.5675675675675675,-2.6216216216216215,-3.675675675675676,-2.7027027027027026,-2.7027027027027026,-2.189189189189189,-3.5405405405405403,-1.2162162162162162,-1.945945945945946,-2.2162162162162162,-1.4324324324324325,-1.945945945945946,-3.864864864864865,-1.7567567567567568,-1.864864864864865,-3.7837837837837838,-2.918918918918919,-0.8378378378378378,-0.6486486486486487,-2.4324324324324325,-1.5405405405405406,-2.081081081081081,-2.7837837837837838,-1.6216216216216217,-2.1621621621621623,-1.054054054054054,-2.6216216216216215,-0.05405405405405406,-0.2972972972972973,-1.7837837837837838,-0.6486486486486487,-0.7567567567567568,-1.837837837837838,-1.2162162162162162,-1.027027027027027,-2.3783783783783785,-1.7297297297297298,-0.21621621621621623,-0.2702702702702703,-1.6756756756756757,-1.7567567567567568,-2.135135135135135,-2.8378378378378377,-1.3243243243243243,-0.8378378378378378,-2.5135135135135136,-2.6486486486486487,-0.13513513513513514,-1.027027027027027,-0.6486486486486487,-0.9459459459459459,-1.1081081081081081,-1.1081081081081081,-1.2972972972972974,-0.8918918918918919,-3.27027027027027,-2.2162162162162162,-0.24324324324324326,-0.75,-0.475,-0.85,-0.975,-2.85,-0.3,-0.525,-1.6,-1.5,-2.125,-1.8,-0.275,-1.75,-3.025,-0.725,-0.325,-0.25,-3.6,-2.325,-1.8
P38578,-0.8823529411764706,-0.7058823529411765,-0.17647058823529413,-1.0588235294117647,-2.3529411764705883,0.29411764705882354,-0.23529411764705882,-1.7058823529411764,-0.7647058823529411,-1.2352941176470589,-1.1176470588235294,0.058823529411764705,0.058823529411764705,-2.0,-1.8823529411764706,-0.29411764705882354,-0.4117647058823529,-2.764705882352941,-1.5294117647058822,-0.6470588235294118,-0.23529411764705882,-1.3529411764705883,0.23529411764705882,-0.29411764705882354,-1.3529411764705883,-0.5882352941176471,-0.8235294117647058,0.35294117647058826,-1.0588235294117647,-1.588235294117647,-1.7058823529411764,-0.7058823529411765,-0.9411764705882353,-1.7058823529411764,-1.4705882352941178,0.4117647058823529,-0.35294117647058826,-2.176470588235294,-1.2352941176470589,-1.1176470588235294,0.11764705882352941,-1.588235294117647,-1.2352941176470589,-2.0,-0.8235294117647058,-1.4705882352941178,-1.6470588235294117,0.058823529411764705,-2.1176470588235294,-0.8235294117647058,-1.0,-1.0588235294117647,-0.7647058823529411,-1.7647058823529411,-1.8823529411764706,-0.29411764705882354,-0.4117647058823529,-2.411764705882353,-1.8235294117647058,-0.29411764705882354,0.1,-1.6,-1.15,-1.8,-1.0,-1.3,-1.6,-0.2,-1.95,-1.35,-1.2,-1.2,-0.75,-1.9,-1.1,-0.15,-0.8,-2.0,-1.85,-0.95
P35825,-0.05537459283387622,-0.6612377850162866,-0.749185667752443,-1.003257328990228,-1.8013029315960911,-0.3778501628664495,-0.34527687296416937,-1.6058631921824105,-1.218241042345277,-1.1400651465798046,-1.1172638436482085,-0.3713355048859935,-0.755700325732899,-1.6742671009771988,-1.4169381107491856,-0.16612377850162866,-0.2280130293159609,-2.530944625407166,-1.218241042345277,-0.6091205211726385,-0.3550488599348534,-1.0618892508143323,-0.5700325732899023,-1.013029315960912,-1.781758957654723,-0.7719869706840391,-0.6644951140065146,-1.3843648208469055,-1.4723127035830619,-1.019543973941368,-1.0749185667752443,-0.7003257328990228,-0.8013029315960912,-1.5570032573289903,-1.498371335504886,-0.1237785016286645,0.1465798045602606,-2.446254071661238,-1.3908794788273615,-0.5765472312703583,-0.09446254071661238,-1.0260586319218241,-0.5863192182410424,-0.9381107491856677,-1.6710097719869708,-0.7231270358306189,-0.6742671009771987,-1.1563517915309447,-1.521172638436482,-1.0749185667752443,-1.1889250814332248,-0.7068403908794788,-0.8566775244299675,-1.736156351791531,-1.4657980456026058,0.009771986970684038,0.1270358306188925,-2.54071661237785,-1.5602605863192183,-0.5667752442996743,-0.30618892508143325,-1.1302931596091206,-0.5960912052117264,-0.8371335504885994,-1.749185667752443,-0.7980456026058632,-0.6286644951140065,-1.4104234527687296,-1.4560260586319218,-0.9120521172638436,-1.1661237785016287,-0.7915309446254072,-0.8403908794788274,-1.5732899022801303,-1.4690553745928339,-0.06840390879478828,0.11726384364820847,-2.560260586319218,-1.4267100977198697,-0.4755700325732899
P96710,-0.21551724137931033,-2.603448275862069,-1.9655172413793103,-2.8189655172413794,-1.3706896551724137,-1.7758620689655173,-2.586206896551724,-1.0775862068965518,-2.5258620689655173,-0.20689655172413793,-0.41379310344827586,-2.439655172413793,-0.09482758620689655,-0.09482758620689655,-1.9137931034482758,-0.1810344827586207,-0.31896551724137934,-1.1120689655172413,-1.043103448275862,-0.1724137931034483,-0.06896551724137931,-2.060344827586207,-2.0517241379310347,-2.9827586206896552,-1.1379310344827587,-1.8879310344827587,-2.5344827586206895,-0.7241379310344828,-2.3189655172413794,-0.04310344827586207,-0.0603448275862069,-2.336206896551724,0.0,0.034482758620689655,-1.646551724137931,-0.6724137931034483,-0.7241379310344828,-0.6896551724137931,-1.0086206896551724,-0.22413793103448276,-0.3017241379310345,-2.0,-1.8706896551724137,-2.9827586206896552,-1.3448275862068966,-1.8189655172413792,-2.6724137931034484,-0.9741379310344828,-2.1379310344827585,0.4396551724137931,0.35344827586206895,-2.1724137931034484,0.603448275862069,0.6896551724137931,-1.6637931034482758,-0.4396551724137931,-0.3793103448275862,-0.7586206896551724,-0.4482758620689655,-0.02586206896551724,0.0,-2.6810344827586206,-1.9655172413793103,-3.043103448275862,-1.1379310344827587,-1.9137931034482758,-2.8189655172413794,-0.8620689655172413,-2.310344827586207,0.02586206896551724,-0.0603448275862069,-2.6206896551724137,0.09482758620689655,0.2672413793103448,-1.7844827586206897,-0.46551724137931033,-0.41379310344827586,-1.1896551724137931,-0.7758620689655172,-0.27586206896551724
Q02VB0,-0.7307692307692307,-0.8397435897435898,-0.5192307692307693,-0.6794871794871795,-2.6025641025641026,-0.5192307692307693,-0.532051282051282,-1.6153846153846154,-1.2243589743589745,-1.1987179487179487,-1.0833333333333333,-0.7628205128205128,-0.9166666666666666,-1.3012820512820513,-1.4743589743589745,-0.5,-0.5448717948717948,-1.9871794871794872,-1.0320512820512822,-1.2564102564102564,-0.6730769230769231,-0.6794871794871795,-0.9423076923076923,-1.0384615384615385,-2.6858974358974357,-0.3525641025641026,-0.4423076923076923,-2.2371794871794872,-1.1538461538461537,-0.8782051282051282,-0.6987179487179487,-0.48717948717948717,-0.5256410256410257,-1.2564102564102564,-1.5897435897435896,-0.6410256410256411,-0.5512820512820513,-2.0576923076923075,-0.7628205128205128,-0.7628205128205128,-0.7884615384615384,-1.205128205128205,-0.782051282051282,-1.2884615384615385,-3.0,-0.6282051282051282,-0.7756410256410257,-2.141025641025641,-1.3846153846153846,-1.2820512820512822,-1.2884615384615385,-0.75,-0.7884615384615384,-1.3653846153846154,-1.8717948717948718,-0.7307692307692307,-0.8717948717948718,-2.41025641025641,-1.0064102564102564,-1.2692307692307692,-0.9245283018867925,-1.2767295597484276,-0.8364779874213837,-1.320754716981132,-2.5849056603773586,-0.7044025157232704,-1.0817610062893082,-1.8364779874213837,-1.20125786163522,-1.7232704402515724,-1.5660377358490567,-1.050314465408805,-1.3522012578616351,-1.9056603773584906,-2.0754716981132075,-0.7295597484276729,-1.0314465408805031,-2.5723270440251573,-1.4276729559748427,-1.6603773584905661
Q7NAT8,-1.264367816091954,-1.8160919540229885,-1.8505747126436782,-1.9080459770114941,-3.1954022988505746,-1.2988505747126438,-1.7701149425287357,-2.4367816091954024,-2.0114942528735633,-0.9885057471264368,-1.103448275862069,-1.3103448275862069,-1.2183908045977012,-1.5747126436781609,-2.9310344827586206,-1.6666666666666667,-1.1149425287356323,-2.7241379310344827,-1.528735632183908,-1.2298850574712643,-0.6666666666666666,-1.4252873563218391,-1.5517241379310345,-1.632183908045977,-2.7471264367816093,-0.8275862068965517,-1.1494252873563218,-2.0,-1.4597701149425288,-1.103448275862069,-1.0574712643678161,-1.206896551724138,-0.5172413793103449,-1.4942528735632183,-2.1264367816091956,-1.2988505747126438,-1.160919540229885,-3.1724137931034484,-1.528735632183908,-1.0459770114942528,-0.896551724137931,-1.0919540229885059,-1.0919540229885059,-0.9540229885057471,-2.425287356321839,-1.0,-0.3103448275862069,-1.3448275862068966,-1.3333333333333333,-0.9540229885057471,-0.9310344827586207,-0.2413793103448276,-0.7471264367816092,-1.5402298850574712,-0.7816091954022989,-0.4827586206896552,-0.7931034482758621,-2.781609195402299,-1.206896551724138,-1.0114942528735633,-0.29213483146067415,-0.42696629213483145,-1.3146067415730338,-0.9101123595505618,-2.438202247191011,-0.5842696629213483,0.29213483146067415,-1.8089887640449438,-1.2696629213483146,-0.9775280898876404,-0.8539325842696629,0.011235955056179775,-0.8651685393258427,-1.5168539325842696,-1.9325842696629214,-1.1685393258426966,-1.101123595505618,-2.955056179775281,-1.2359550561797752,-1.0337078651685394
P22821,-0.6341463414634146,-1.5853658536585367,-1.6829268292682926,-2.1463414634146343,-1.6585365853658536,-1.048780487804878,-1.4878048780487805,-1.9024390243902438,-1.853658536585366,-0.6829268292682927,-0.6829268292682927,-1.3658536585365855,-0.4634146341463415,-1.4146341463414633,-1.4146341463414633,-0.6585365853658537,-0.34146341463414637,-2.4878048780487805,-1.4878048780487805,-0.7317073170731707,-0.5121951219512195,-2.0,-2.1707317073170733,-2.8048780487804876,-1.5609756097560976,-1.853658536585366,-2.1951219512195124,-2.1219512195121952,-2.048780487804878,0.43902439024390244,-0.04878048780487805,-1.951219512195122,-0.17073170731707318,-0.6341463414634146,-2.4146341463414633,-1.2439024390243902,-0.7560975609756098,-2.3658536585365852,-1.0975609756097562,0.21951219512195122,-0.5365853658536586,-1.9024390243902438,-2.1219512195121952,-2.8536585365853657,-1.6341463414634145,-1.829268292682927,-2.2195121951219514,-1.6829268292682926,-2.5121951219512195,0.04878048780487805,-0.07317073170731707,-2.024390243902439,-0.21951219512195122,-1.3658536585365855,-1.6097560975609757,-1.0731707317073171,-0.17073170731707318,-2.658536585365854,-1.7560975609756098,0.04878048780487805,-0.627906976744186,-1.6744186046511629,-1.5813953488372092,-2.4651162790697674,-1.9069767441860466,-1.441860465116279,-1.7674418604651163,-2.302325581395349,-1.5813953488372092,-0.3023255813953488,-0.5116279069767442,-1.4651162790697674,-0.27906976744186046,-1.2325581395348837,-1.627906976744186,-1.0930232558139534,-0.5348837209302325,-2.5813953488372094,-1.0,-0.13953488372093023
O33702,1.0,-1.1944444444444444,-1.1944444444444444,-1.6388888888888888,-1.3055555555555556,-0.7777777777777778,-1.1388888888888888,-0.16666666666666666,-1.5555555555555556,-1.0555555555555556,-0.8611111111111112,-1.0555555555555556,-0.6666666666666666,-1.6944444444444444,-0.6944444444444444,0.19444444444444445,0.19444444444444445,-2.3055555555555554,-1.4722222222222223,-0.5555555555555556,0.4166666666666667,-1.4444444444444444,-1.5555555555555556,-1.8055555555555556,-1.7777777777777777,-1.2222222222222223,-1.3611111111111112,-1.2222222222222223,-1.6666666666666667,-1.3611111111111112,-1.3055555555555556,-1.3055555555555556,-1.2777777777777777,-2.2222222222222223,-0.8055555555555556,-0.027777777777777776,0.1388888888888889,-2.9166666666666665,-1.8611111111111112,-0.5555555555555556,0.5555555555555556,-0.8888888888888888,-1.1944444444444444,-0.6944444444444444,-1.6666666666666667,-0.9722222222222222,-0.8611111111111112,-0.7777777777777778,-1.2222222222222223,-1.75,-1.6111111111111112,-0.75,-1.3888888888888888,-2.0277777777777777,-0.9722222222222222,-0.4166666666666667,-0.5,-2.5833333333333335,-1.7777777777777777,-1.25,-0.5405405405405406,-1.3783783783783783,-1.2162162162162162,-1.5945945945945945,-2.027027027027027,-1.0810810810810811,-0.972972972972973,-1.3783783783783783,-1.3783783783783783,-1.7027027027027026,-1.7567567567567568,-1.1891891891891893,-1.3513513513513513,-1.5405405405405406,-2.108108108108108,-0.5405405405405406,-0.2972972972972973,-2.27027027027027,-1.4054054054054055,-0.7837837837837838
Q9ZBM2,-0.22666666666666666,-1.5333333333333334,-1.56,-2.066666666666667,-1.9066666666666667,-1.5066666666666666,-1.8933333333333333,-1.3333333333333333,-2.066666666666667,-0.25333333333333335,-0.16,-1.44,-0.17333333333333334,-0.6,-2.0933333333333333,-0.56,-0.5333333333333333,-1.6533333333333333,-1.1333333333333333,-0.48,-0.013333333333333334,-1.4666666666666666,-1.48,-1.6133333333333333,-1.16,-1.4266666666666667,-1.4933333333333334,-0.7466666666666667,-1.9866666666666666,0.10666666666666667,0.02666666666666667,-1.36,-0.08,0.17333333333333334,-1.36,-0.24,-0.18666666666666668,-1.6133333333333333,-0.4,0.09333333333333334,-0.04,-1.4266666666666667,-1.5333333333333334,-2.1866666666666665,-1.0533333333333332,-1.2266666666666666,-1.48,-1.4933333333333334,-1.4533333333333334,0.4533333333333333,0.4666666666666667,-1.1066666666666667,0.26666666666666666,0.04,-1.1333333333333333,-0.48,-0.25333333333333335,-1.04,-0.4666666666666667,0.30666666666666664,-0.48,-0.05333333333333334,-1.1066666666666667,-1.7333333333333334,-2.0533333333333332,-0.41333333333333333,-0.9066666666666666,-1.76,-0.7733333333333333,-1.44,-1.2933333333333332,-0.4266666666666667,-0.8,-1.6,-0.9466666666666667,-0.5866666666666667,-0.8133333333333334,-2.24,-1.12,-1.24
P07515,-0.4090909090909091,-1.1363636363636365,-1.8636363636363635,-2.4545454545454546,-2.4545454545454546,-1.1363636363636365,-1.4545454545454546,-2.409090909090909,-1.3181818181818181,-1.0454545454545454,-1.1818181818181819,-1.0909090909090908,-0.8636363636363636,-2.1363636363636362,-1.9545454545454546,-1.1363636363636365,-0.6818181818181818,-2.5,-2.272727272727273,-0.9090909090909091,0.13636363636363635,-1.0909090909090908,-0.6363636363636364,-1.0,-2.090909090909091,-0.5,-0.22727272727272727,-1.3181818181818181,-1.7272727272727273,-1.5,-1.5909090909090908,-0.4090909090909091,-1.4545454545454546,-2.0,-1.7727272727272727,-0.2727272727272727,0.09090909090909091,-2.909090909090909,-1.9545454545454546,-0.7727272727272727,-0.2727272727272727,-1.6363636363636365,-1.2727272727272727,-1.8181818181818181,-2.1818181818181817,-0.8181818181818182,-1.3636363636363635,-1.4545454545454546,-1.7727272727272727,-0.5454545454545454,-0.6363636363636364,-1.0454545454545454,-0.2727272727272727,-2.1818181818181817,-2.8636363636363638,-0.18181818181818182,-0.4090909090909091,-3.5454545454545454,-2.3636363636363638,-0.6818181818181818,0.4090909090909091,-1.3181818181818181,-1.2272727272727273,-0.5,-2.4545454545454546,-0.22727272727272727,0.4090909090909091,-1.1818181818181819,-1.5909090909090908,-1.6818181818181819,-1.6363636363636365,-0.7727272727272727,-1.3181818181818181,-2.4545454545454546,-2.227272727272727,-0.7727272727272727,-1.1818181818181819,-3.1363636363636362,-2.5,-1.5454545454545454
P16304,-0.7962962962962963,-2.0,-1.8703703703703705,-2.240740740740741,-2.4444444444444446,-1.3703703703703705,-1.7592592592592593,-1.8333333333333333,-1.8703703703703705,-1.0925925925925926,-1.4259259259259258,-1.0925925925925926,-0.9629629629629629,-2.462962962962963,-2.7777777777777777,-1.0555555555555556,-1.2962962962962963,-3.6296296296296298,-2.2222222222222223,-1.4074074074074074,-1.1666666666666667,-1.3518518518518519,-1.0185185185185186,-0.7592592592592593,-2.7222222222222223,-1.1481481481481481,-0.7962962962962963,-2.1666666666666665,-2.074074074074074,-0.9444444444444444,-1.1851851851851851,-1.0185185185185186,-1.3333333333333333,-2.111111111111111,-2.259259259259259,-1.3703703703703705,-1.3703703703703705,-3.259259259259259,-2.3333333333333335,-1.2592592592592593,-1.1111111111111112,-0.5925925925925926,-1.2962962962962963,-0.9074074074074074,-1.7777777777777777,-1.2777777777777777,-0.6666666666666666,-2.240740740740741,-1.6296296296296295,-0.9629629629629629,-1.2777777777777777,-0.7962962962962963,-1.7592592592592593,-1.9259259259259258,-1.8703703703703705,-1.1666666666666667,-1.3148148148148149,-3.1296296296296298,-2.111111111111111,-1.0,-1.2363636363636363,-1.4545454545454546,-1.3636363636363635,-1.490909090909091,-3.5636363636363635,-0.8545454545454545,-0.509090909090909,-2.981818181818182,-1.709090909090909,-1.4545454545454546,-1.690909090909091,-0.5636363636363636,-1.9454545454545455,-2.5090909090909093,-2.7636363636363637,-1.4545454545454546,-1.3272727272727274,-3.581818181818182,-1.9454545454545455,-1.4363636363636363
P24012,-0.9607843137254902,-2.0980392156862746,-2.0980392156862746,-2.5686274509803924,-2.8627450980392157,-1.7450980392156863,-1.8823529411764706,-2.0,-1.2352941176470589,-0.6078431372549019,-0.7647058823529411,-2.019607843137255,-0.43137254901960786,-0.058823529411764705,-2.6470588235294117,-0.9019607843137255,-0.7843137254901961,-1.588235294117647,-0.9215686274509803,-0.8627450980392157,-0.6862745098039216,-2.0784313725490198,-1.0196078431372548,-2.2745098039215685,-2.235294117647059,-1.5294117647058822,-1.6862745098039216,-1.6470588235294117,-1.6470588235294117,-0.47058823529411764,-0.4117647058823529,-1.7254901960784315,-0.43137254901960786,-0.8627450980392157,-1.5686274509803921,-0.5098039215686274,-0.5882352941176471,-2.2549019607843137,-1.2941176470588236,-0.5882352941176471,-1.1372549019607843,-3.0980392156862746,-2.2745098039215685,-3.1176470588235294,-2.215686274509804,-2.4313725490196076,-2.5686274509803924,-1.8431372549019607,-1.8431372549019607,-0.7058823529411765,-0.5686274509803921,-2.8627450980392157,-0.6666666666666666,0.21568627450980393,-3.235294117647059,-1.196078431372549,-0.7450980392156863,-1.8627450980392157,-0.5686274509803921,-0.9607843137254902,-1.462962962962963,-2.7037037037037037,-2.5185185185185186,-3.3333333333333335,-1.962962962962963,-2.537037037037037,-2.9814814814814814,-2.0925925925925926,-2.0555555555555554,-0.14814814814814814,-0.4074074074074074,-2.7962962962962963,-0.5370370370370371,0.2222222222222222,-3.759259259259259,-1.8888888888888888,-1.3518518518518519,-1.2222222222222223,-0.2962962962962963,-0.48148148148148145
P59934,-0.12578616352201258,-0.9433962264150944,-0.8050314465408805,-0.7547169811320755,-1.4842767295597483,-0.5094339622641509,-0.4025157232704403,-1.2955974842767295,-1.2327044025157232,-0.9433962264150944,-1.0943396226415094,-0.5094339622641509,-0.8427672955974843,-1.5534591194968554,-1.4968553459119496,-0.6855345911949685,-0.5157232704402516,-2.251572327044025,-1.3584905660377358,-0.9748427672955975,-0.41509433962264153,-1.4339622641509433,-1.069182389937107,-0.9811320754716981,-2.0754716981132075,-0.9433962264150944,-0.5534591194968553,-1.0628930817610063,-1.0,-0.9748427672955975,-0.8490566037735849,-0.8867924528301887,-0.6981132075471698,-1.748427672955975,-1.6540880503144655,-0.7924528301886793,-0.5534591194968553,-2.5220125786163523,-1.3522012578616351,-0.8616352201257862,-0.11320754716981132,-0.9056603773584906,-1.0440251572327044,-0.9685534591194969,-1.490566037735849,-0.949685534591195,-0.5157232704402516,-1.0628930817610063,-1.4150943396226414,-0.6415094339622641,-1.0,-0.5849056603773585,-0.7484276729559748,-1.471698113207547,-0.9182389937106918,-0.6792452830188679,-0.5031446540880503,-2.5283018867924527,-1.490566037735849,-0.4088050314465409,-0.16352201257861634,-1.3647798742138364,-1.0566037735849056,-1.2075471698113207,-1.7861635220125787,-1.0314465408805031,-0.9622641509433962,-1.0062893081761006,-1.6415094339622642,-0.8050314465408805,-0.7987421383647799,-0.89937106918239,-0.8301886792452831,-1.5534591194968554,-1.2893081761006289,-0.610062893081761,-0.6037735849056604,-2.220125786163522,-1.3270440251572326,-0.6477987421383647
A6QH29,-0.628099173553719,-0.14049586776859505,0.8016528925619835,0.7107438016528925,-2.2892561983471076,0.7768595041322314,0.8842975206611571,-1.2231404958677685,-0.17355371900826447,-1.9173553719008265,-1.7685950413223142,0.2231404958677686,-1.115702479338843,-1.9421487603305785,-0.9421487603305785,0.2809917355371901,-0.2231404958677686,-2.5289256198347108,-1.4545454545454546,-1.677685950413223,0.0743801652892562,-0.09090909090909091,0.5537190082644629,0.7272727272727273,-1.9669421487603307,0.5041322314049587,0.628099173553719,-0.2727272727272727,0.03305785123966942,-1.7933884297520661,-1.8429752066115703,0.5867768595041323,-1.1239669421487604,-2.0578512396694215,-0.8181818181818182,0.39669421487603307,-0.1652892561983471,-2.4214876033057853,-1.371900826446281,-1.4297520661157024,0.0743801652892562,-0.30578512396694213,0.49586776859504134,0.30578512396694213,-1.975206611570248,0.36363636363636365,0.34710743801652894,-0.32231404958677684,-0.05785123966942149,-1.603305785123967,-1.6115702479338843,0.371900826446281,-0.9834710743801653,-2.0082644628099175,-1.1322314049586777,0.18181818181818182,-0.2727272727272727,-2.43801652892562,-1.3471074380165289,-1.3388429752066116,-0.36585365853658536,-0.3983739837398374,0.9349593495934959,0.3089430894308943,-2.317073170731707,0.9349593495934959,0.22764227642276422,-0.959349593495935,-0.6016260162601627,-1.951219512195122,-2.097560975609756,0.2032520325203252,-1.3252032520325203,-2.2439024390243905,-1.1626016260162602,0.45528455284552843,-0.25203252032520324,-2.747967479674797,-1.5365853658536586,-1.5365853658536586
P46815,-0.6666666666666666,-0.5454545454545454,-0.6363636363636364,-0.4696969696969697,-2.727272727272727,-0.015151515151515152,0.12121212121212122,-1.803030303030303,-1.1515151515151516,-1.378787878787879,-1.2878787878787878,-0.12121212121212122,-1.0757575757575757,-1.9090909090909092,-1.5606060606060606,-0.6515151515151515,-0.6060606060606061,-2.909090909090909,-1.5909090909090908,-1.1515151515151516,0.3333333333333333,-0.15151515151515152,-0.13636363636363635,-0.48484848484848486,-2.015151515151515,0.21212121212121213,0.2727272727272727,-1.1818181818181819,-0.9545454545454546,-1.1818181818181819,-1.0606060606060606,0.09090909090909091,-0.8333333333333334,-1.9393939393939394,-0.9696969696969697,0.24242424242424243,0.0,-2.6363636363636362,-1.606060606060606,-0.8333333333333334,0.3787878787878788,0.3484848484848485,-0.6666666666666666,-0.4696969696969697,-2.1666666666666665,0.7121212121212122,0.8181818181818182,-1.5454545454545454,-0.8484848484848485,-1.2575757575757576,-1.2727272727272727,0.5303030303030303,-0.8484848484848485,-2.090909090909091,-1.5757575757575757,0.09090909090909091,-0.4393939393939394,-2.712121212121212,-1.5757575757575757,-0.9696969696969697,-0.4117647058823529,-0.20588235294117646,-0.23529411764705882,-0.7058823529411765,-2.2058823529411766,0.08823529411764706,0.1323529411764706,-0.9264705882352942,-0.9117647058823529,-1.5,-1.3529411764705883,-0.23529411764705882,-0.8235294117647058,-1.75,-1.6176470588235294,-0.058823529411764705,-0.5,-2.3676470588235294,-1.3529411764705883,-1.2352941176470589
P68802,-0.525,-1.05,-0.875,-1.425,-1.675,-0.875,-1.0,-1.7,-1.525,-0.775,-0.4,-0.6,-0.25,-0.825,-1.975,0.05,-0.375,-2.2,-1.075,-0.75,-0.725,-1.4,-0.825,-1.075,-2.05,-0.925,-0.8,-1.15,-1.15,-1.325,-1.4,-1.025,-0.95,-1.45,-0.825,-0.475,-0.55,-2.3,-1.05,-0.9,-0.525,-1.0,-1.25,-1.025,-1.975,-0.55,-0.2,-2.175,-1.15,-0.925,-1.0,-0.6,-0.775,-1.15,-1.575,-0.575,-0.325,-1.875,-0.525,-0.475,-0.9069767441860465,-0.7209302325581395,-0.5348837209302325,-0.9534883720930233,-2.302325581395349,-0.5348837209302325,-0.20930232558139536,-1.813953488372093,-1.186046511627907,-1.2093023255813953,-1.2790697674418605,0.0,-0.8372093023255814,-1.6511627906976745,-1.186046511627907,-0.37209302325581395,-0.46511627906976744,-2.697674418604651,-1.4651162790697674,-0.813953488372093
P59076,-1.264516129032258,-1.8903225806451613,-1.729032258064516,-1.967741935483871,-3.0064516129032257,-1.5548387096774194,-1.6387096774193548,-2.832258064516129,-1.6387096774193548,-1.864516129032258,-2.174193548387097,-1.5290322580645161,-1.6258064516129032,-2.129032258064516,-2.9741935483870967,-1.6451612903225807,-1.3548387096774193,-2.8193548387096774,-1.4387096774193548,-1.864516129032258,-1.303225806451613,-1.3806451612903226,-1.270967741935484,-0.8903225806451613,-2.6838709677419357,-1.0774193548387097,-0.7419354838709677,-1.9935483870967743,-1.1870967741935483,-1.2967741935483872,-1.367741935483871,-0.8903225806451613,-1.3612903225806452,-1.1483870967741936,-1.4322580645161291,-1.232258064516129,-0.9612903225806452,-1.6516129032258065,-1.2451612903225806,-1.4064516129032258,-0.8580645161290322,-1.6129032258064515,-1.3096774193548386,-1.7161290322580645,-3.296774193548387,-1.729032258064516,-1.3548387096774193,-2.0903225806451613,-1.935483870967742,-1.6387096774193548,-1.4967741935483871,-1.270967741935484,-1.5225806451612902,-1.8,-2.9612903225806453,-1.2193548387096773,-1.3096774193548386,-2.7483870967741937,-1.5741935483870968,-1.5806451612903225,0.10897435897435898,-1.0961538461538463,-1.1217948717948718,-1.0320512820512822,-2.5961538461538463,-0.5641025641025641,-0.1282051282051282,-2.051282051282051,-1.7692307692307692,-0.6858974358974359,-0.7692307692307693,-0.28846153846153844,-0.8717948717948718,-1.75,-1.3397435897435896,-0.8653846153846154,-0.7756410256410257,-2.4743589743589745,-1.9102564102564104,-0.7628205128205128
P54582,-0.3581081081081081,-1.4932432432432432,-1.222972972972973,-1.4932432432432432,-1.9662162162162162,-1.0743243243243243,-1.0810810810810811,-1.4864864864864864,-1.8108108108108107,-0.7094594594594594,-0.6959459459459459,-1.0945945945945945,-0.6486486486486487,-0.831081081081081,-1.5135135135135136,-0.4391891891891892,-0.43243243243243246,-1.7432432432432432,-1.2297297297297298,-0.5202702702702703,-0.18243243243243243,-2.0,-1.75,-2.304054054054054,-1.885135135135135,-1.5202702702702702,-1.8918918918918919,-1.0945945945945945,-1.695945945945946,-0.3581081081081081,-0.5202702702702703,-1.7297297297297298,-0.4391891891891892,-0.6891891891891891,-1.7162162162162162,-0.5675675675675675,-0.46621621621621623,-1.7364864864864864,-1.0405405405405406,-0.33783783783783783,-0.7635135135135135,-1.8581081081081081,-1.614864864864865,-2.195945945945946,-2.2567567567567566,-1.4662162162162162,-1.8581081081081081,-1.2027027027027026,-2.0472972972972974,-0.5608108108108109,-0.581081081081081,-1.7702702702702702,-0.4189189189189189,-0.4864864864864865,-2.1486486486486487,-0.7972972972972973,-0.6148648648648649,-1.3310810810810811,-0.9459459459459459,-0.5675675675675675,-0.09271523178807947,-1.1986754966887416,-1.3576158940397351,-1.6556291390728477,-1.8543046357615893,-0.8609271523178808,-1.1986754966887416,-1.2781456953642385,-1.6688741721854305,-0.5165562913907285,-0.48344370860927155,-0.9668874172185431,-0.19205298013245034,-1.0927152317880795,-1.490066225165563,-0.304635761589404,-0.2052980132450331,-2.0463576158940397,-1.1655629139072847,-0.4370860927152318
Q06539,-0.5824175824175825,-1.043956043956044,-1.1428571428571428,-1.0769230769230769,-2.087912087912088,-0.6923076923076923,-0.9010989010989011,-1.1978021978021978,-1.1868131868131868,-1.164835164835165,-1.10989010989011,-0.7692307692307693,-0.5934065934065934,-1.2307692307692308,-1.6153846153846154,-0.7142857142857143,-0.6153846153846154,-2.3626373626373627,-1.2637362637362637,-0.967032967032967,-0.6153846153846154,-1.2747252747252746,-1.2747252747252746,-1.3076923076923077,-2.340659340659341,-1.3956043956043955,-1.1428571428571428,-0.5934065934065934,-1.7802197802197801,-1.098901098901099,-1.5824175824175823,-1.2197802197802199,-0.9120879120879121,-1.6043956043956045,-1.835164835164835,-0.7362637362637363,-0.5384615384615384,-2.7252747252747254,-1.3846153846153846,-0.9340659340659341,-0.08791208791208792,-1.6153846153846154,-1.3846153846153846,-1.2747252747252746,-2.2967032967032965,-1.2527472527472527,-1.032967032967033,-1.1318681318681318,-1.6153846153846154,-1.120879120879121,-1.4615384615384615,-0.8461538461538461,-1.4945054945054945,-2.120879120879121,-2.4175824175824174,-0.8571428571428571,-0.7472527472527473,-3.318681318681319,-1.9230769230769231,-0.6593406593406593,-0.2087912087912088,-1.032967032967033,-0.7692307692307693,-1.010989010989011,-2.3516483516483517,-0.9340659340659341,-0.6043956043956044,-1.5714285714285714,-1.3296703296703296,-1.2967032967032968,-1.5164835164835164,-0.7362637362637363,-0.8461538461538461,-1.8571428571428572,-2.1538461538461537,-0.7362637362637363,-0.8461538461538461,-2.4285714285714284,-1.3076923076923077,-0.8791208791208791
P72058,-0.04375,-1.14375,-1.40625,-1.8375,-1.78125,-0.8375,-1.2375,-1.15,-1.46875,-0.7875,-0.70625,-1.1375,-0.4375,-1.2,-1.48125,-0.4125,-0.2875,-2.1875,-1.1875,-0.4625,0.2875,-1.46875,-1.85,-2.2375,-1.4375,-1.28125,-1.58125,-1.20625,-1.9375,-0.2,-0.2875,-1.36875,-0.2125,-0.925,-1.58125,-0.56875,-0.275,-1.575,-1.0625,0.0375,0.01875,-1.3625,-1.44375,-1.81875,-1.7125,-1.0375,-1.3375,-1.3875,-1.5,-0.53125,-0.3375,-1.325,-0.275,-1.15,-1.4875,-0.38125,-0.10625,-2.14375,-1.18125,-0.28125,-0.49079754601226994,-0.8650306748466258,-0.8711656441717791,-0.9447852760736196,-2.312883435582822,-0.49079754601226994,-0.6932515337423313,-1.4294478527607362,-0.8773006134969326,-1.4294478527607362,-1.4049079754601228,-0.8282208588957055,-1.0061349693251533,-1.3312883435582823,-1.030674846625767,-0.44171779141104295,-0.48466257668711654,-2.0306748466257667,-0.803680981595092,-1.165644171779141
Q8NNK5,0.5,-0.7285714285714285,-0.8714285714285714,-1.2857142857142858,-1.4428571428571428,-0.5,-0.7857142857142857,-0.9857142857142858,-1.7142857142857142,-0.9714285714285714,-1.0285714285714285,-0.5285714285714286,-0.6142857142857143,-1.9857142857142858,-1.3,-0.12857142857142856,-0.1,-2.642857142857143,-1.7428571428571429,-0.5714285714285714,0.08571428571428572,-0.8857142857142857,-0.6142857142857143,-0.9142857142857143,-2.085714285714286,-0.2857142857142857,-0.5142857142857142,-0.07142857142857142,-0.9,-1.1714285714285715,-1.1428571428571428,-0.6,-0.7,-1.7,-0.9571428571428572,-0.22857142857142856,-0.34285714285714286,-1.8714285714285714,-1.3428571428571427,-0.9,0.2857142857142857,-0.9285714285714286,-0.37142857142857144,-0.5571428571428572,-1.5,-0.4,-0.6,-0.21428571428571427,-1.0714285714285714,-1.4,-1.2285714285714286,-0.6,-0.9857142857142858,-1.7,-1.1,-0.08571428571428572,-0.22857142857142856,-2.085714285714286,-1.2857142857142858,-1.1,-0.0273972602739726,-1.2602739726027397,-1.3150684931506849,-1.5616438356164384,-2.0547945205479454,-0.6986301369863014,-1.178082191780822,-0.6027397260273972,-1.5890410958904109,-0.9041095890410958,-0.9178082191780822,-1.0547945205479452,-0.410958904109589,-1.4246575342465753,-1.3972602739726028,-0.5068493150684932,-0.6164383561643836,-2.0,-1.3972602739726028,-0.6301369863013698
P59959,-0.45454545454545453,-0.6545454545454545,-0.8181818181818182,-0.9818181818181818,-1.8727272727272728,-0.6181818181818182,-0.6727272727272727,-0.9636363636363636,-1.0545454545454545,-1.2363636363636363,-1.018181818181818,-0.6545454545454545,-0.7090909090909091,-1.8909090909090909,-1.6181818181818182,-0.2909090909090909,-0.4909090909090909,-2.4363636363636365,-1.4363636363636363,-0.9272727272727272,-0.7454545454545455,-1.4545454545454546,-1.8363636363636364,-1.509090909090909,-2.909090909090909,-1.690909090909091,-1.4,-2.2363636363636363,-2.109090909090909,-0.6545454545454545,-1.3636363636363635,-1.2181818181818183,-1.018181818181818,-1.8363636363636364,-2.327272727272727,-1.3454545454545455,-1.0545454545454545,-3.6363636363636362,-1.7636363636363637,-0.9818181818181818,-0.6363636363636364,-1.7272727272727273,-1.8545454545454545,-1.8,-2.8545454545454545,-1.4727272727272727,-1.2363636363636363,-1.2545454545454546,-1.4,-1.3272727272727274,-1.6181818181818182,-0.8909090909090909,-1.5272727272727273,-1.7454545454545454,-1.6181818181818182,-1.0,-1.1454545454545455,-3.381818181818182,-1.290909090909091,-1.0545454545454545,-0.6379310344827587,-2.4655172413793105,-2.586206896551724,-2.3275862068965516,-2.6206896551724137,-2.4655172413793105,-1.896551724137931,-2.2758620689655173,-3.206896551724138,-0.9310344827586207,-1.4137931034482758,-1.8793103448275863,-1.8275862068965518,-2.6206896551724137,-3.7586206896551726,-1.9310344827586208,-1.4310344827586208,-4.879310344827586,-3.1379310344827585,-0.6206896551724138
P65565,-0.6666666666666666,-3.0833333333333335,-2.5416666666666665,-3.6666666666666665,-2.0833333333333335,-2.6666666666666665,-3.25,-2.0833333333333335,-2.4583333333333335,0.5833333333333334,0.625,-3.1666666666666665,1.125,0.0,-3.25,-1.0,-0.875,-2.3333333333333335,-0.9166666666666666,-0.20833333333333334,-1.1666666666666667,-3.125,-2.2083333333333335,-4.041666666666667,-2.7083333333333335,-3.125,-3.2916666666666665,-3.2916666666666665,-3.1666666666666665,0.5833333333333334,1.0833333333333333,-3.125,1.7083333333333333,-0.625,-4.083333333333333,-1.2083333333333333,-1.125,-3.5833333333333335,-2.7083333333333335,-0.4166666666666667,0.08333333333333333,-3.2916666666666665,-2.25,-3.0,-2.625,-2.3333333333333335,-2.7083333333333335,-2.4166666666666665,-2.3333333333333335,-0.20833333333333334,-0.6666666666666666,-3.0833333333333335,0.16666666666666666,-0.625,-2.875,-0.875,-0.75,-3.375,-1.4583333333333333,-0.4583333333333333,-1.2592592592592593,-1.9259259259259258,-1.4074074074074074,-2.5925925925925926,-3.814814814814815,-2.111111111111111,-3.037037037037037,-2.4074074074074074,-2.074074074074074,-1.4074074074074074,-0.9259259259259259,-2.1481481481481484,-1.0740740740740742,-2.3333333333333335,-4.185185185185185,-0.9629629629629629,-1.4444444444444444,-4.148148148148148,-2.2962962962962963,-1.4074074074074074
Q08788,-0.6333333333333333,-1.2333333333333334,-1.4833333333333334,-1.6666666666666667,-1.85,-1.2666666666666666,-1.6666666666666667,-1.0666666666666667,-1.0,-1.2166666666666666,-0.95,-1.6166666666666667,-1.2,-1.0166666666666666,-0.65,-0.6333333333333333,-0.85,-1.8166666666666667,-1.3166666666666667,-0.95,-0.08333333333333333,-1.4833333333333334,-2.316666666666667,-2.066666666666667,-2.3333333333333335,-1.15,-1.5166666666666666,-1.7166666666666666,-1.55,-1.05,-1.0,-2.0,-1.2166666666666666,-1.7333333333333334,-1.8166666666666667,-1.2666666666666666,-1.4166666666666667,-2.6666666666666665,-1.7166666666666666,-0.9166666666666666,0.06666666666666667,-0.16666666666666666,-0.7666666666666667,-0.23333333333333334,-2.0833333333333335,-0.21666666666666667,-0.15,-0.9333333333333333,-0.8833333333333333,-0.85,-0.4666666666666667,-0.6833333333333333,-0.43333333333333335,-0.95,-0.5,-0.45,-0.16666666666666666,-1.3666666666666667,-1.0333333333333334,-0.85,-0.45161290322580644,-1.2258064516129032,-1.3064516129032258,-0.6290322580645161,-2.1451612903225805,-0.8387096774193549,-0.6129032258064516,-1.3387096774193548,-0.5161290322580645,-1.2741935483870968,-1.2580645161290323,-1.2580645161290323,-0.6451612903225806,-1.4516129032258065,-0.9516129032258065,-0.8709677419354839,-0.8870967741935484,-1.9193548387096775,-1.1129032258064515,-1.032258064516129
P11018,-0.7974683544303798,-1.2151898734177216,-0.5063291139240507,-0.5822784810126582,-2.8227848101265822,-0.6962025316455697,-0.9493670886075949,-1.1518987341772151,-1.0379746835443038,-1.3924050632911393,-1.7341772151898733,-0.9620253164556962,-1.5822784810126582,-1.379746835443038,-1.4177215189873418,-0.4050632911392405,-0.620253164556962,-2.2531645569620253,-0.8860759493670886,-1.139240506329114,-0.05063291139240506,-1.8481012658227849,-0.9620253164556962,-1.1012658227848102,-2.1772151898734178,-1.7848101265822784,-1.9113924050632911,-0.43037974683544306,-1.6455696202531647,-1.2531645569620253,-1.860759493670886,-1.7215189873417722,-1.379746835443038,-2.2151898734177213,-1.9240506329113924,-0.21518987341772153,-0.9873417721518988,-2.8354430379746836,-1.7088607594936709,-1.1139240506329113,0.189873417721519,-1.7974683544303798,-0.20253164556962025,-1.3291139240506329,-2.0632911392405062,-1.7341772151898733,-1.8987341772151898,-0.810126582278481,-1.8987341772151898,-1.4303797468354431,-1.9240506329113924,-1.7341772151898733,-1.6075949367088607,-1.6835443037974684,-1.7721518987341771,0.31645569620253167,-0.2911392405063291,-2.2278481012658227,-1.3417721518987342,-0.8227848101265823,-0.08536585365853659,-1.5365853658536586,-0.926829268292683,-1.2804878048780488,-2.268292682926829,-1.146341463414634,-1.451219512195122,-1.3170731707317074,-1.7439024390243902,-1.170731707317073,-1.1951219512195121,-1.048780487804878,-1.0731707317073171,-1.7682926829268293,-1.8780487804878048,-0.17073170731707318,-0.23170731707317074,-2.5365853658536586,-0.9512195121951219,-1.0853658536585367
P39071,0.0,-1.9384615384615385,-2.6307692307692307,-2.8461538461538463,-2.4923076923076923,-2.3384615384615386,-2.5692307692307694,-1.9384615384615385,-2.4307692307692306,-1.7846153846153847,-1.7384615384615385,-1.9076923076923078,-2.3076923076923075,-2.8615384615384616,-4.092307692307692,-1.4307692307692308,-1.5692307692307692,-4.107692307692307,-3.0153846153846153,-1.4615384615384615,-0.26153846153846155,-2.1384615384615384,-1.646153846153846,-1.9846153846153847,-2.0615384615384613,-1.9846153846153847,-2.0923076923076924,-2.4,-1.0461538461538462,-1.2153846153846153,-1.2923076923076924,-2.2153846153846155,-1.2615384615384615,-1.5538461538461539,-3.1076923076923078,-1.1538461538461537,-0.9538461538461539,-2.9384615384615387,-2.0615384615384613,-0.6461538461538462,-0.3076923076923077,-2.6,-1.9384615384615385,-3.5384615384615383,-2.0307692307692307,-2.353846153846154,-3.276923076923077,-1.7692307692307692,-2.0153846153846153,-1.6615384615384616,-1.9538461538461538,-2.723076923076923,-1.0615384615384615,-2.076923076923077,-3.4461538461538463,-0.5846153846153846,-1.0769230769230769,-3.276923076923077,-2.169230769230769,-1.1692307692307693,-0.24242424242424243,-1.9545454545454546,-1.7121212121212122,-1.8181818181818181,-2.4545454545454546,-1.5,-1.5757575757575757,-1.3181818181818181,-2.090909090909091,-1.5151515151515151,-1.378787878787879,-1.7575757575757576,-0.8333333333333334,-2.1666666666666665,-2.121212121212121,-0.9848484848484849,-0.9545454545454546,-2.515151515151515,-1.9242424242424243,-1.0454545454545454
P37487,-0.4935064935064935,-1.4025974025974026,-0.961038961038961,-1.025974025974026,-2.064935064935065,-0.961038961038961,-0.8051948051948052,-1.922077922077922,-1.2337662337662338,-0.948051948051948,-0.8961038961038961,-0.8181818181818182,-0.9090909090909091,-1.1168831168831168,-1.6103896103896105,-0.7272727272727273,-0.4805194805194805,-2.961038961038961,-1.2727272727272727,-0.5844155844155844,-0.6233766233766234,-1.2857142857142858,-1.2987012987012987,-1.103896103896104,-2.272727272727273,-1.2727272727272727,-0.8441558441558441,-1.948051948051948,-1.4155844155844155,-0.6753246753246753,-0.8831168831168831,-1.025974025974026,-1.025974025974026,-1.7402597402597402,-1.5064935064935066,-0.8051948051948052,-0.7792207792207793,-2.935064935064935,-1.3636363636363635,-0.7792207792207793,-0.23376623376623376,-0.987012987012987,-0.922077922077922,-0.7142857142857143,-2.3506493506493507,-0.5584415584415584,-0.2857142857142857,-1.6493506493506493,-1.5974025974025974,-1.0909090909090908,-1.051948051948052,-0.09090909090909091,-0.8831168831168831,-1.4675324675324675,-1.7532467532467533,-0.37662337662337664,-0.37662337662337664,-2.5324675324675323,-1.2727272727272727,-0.7662337662337663,-0.32051282051282054,-1.2692307692307692,-0.9487179487179487,-1.0769230769230769,-2.230769230769231,-0.6923076923076923,-0.5512820512820513,-1.7820512820512822,-1.5,-1.0256410256410255,-0.9230769230769231,-0.5641025641025641,-0.7948717948717948,-1.435897435897436,-1.8974358974358974,-0.5769230769230769,-0.44871794871794873,-2.923076923076923,-1.6538461538461537,-0.5256410256410257
P24301,-1.36,-1.0,-1.8,-2.36,-3.68,-1.0,-0.8,-3.2,-2.32,-1.4,-1.6,-0.36,-0.84,-2.8,-2.2,-1.4,-1.36,-4.36,-3.04,-0.76,-0.68,-2.48,-2.44,-2.8,-3.68,-1.76,-1.76,-1.16,-3.12,-1.92,-2.56,-1.08,-2.4,-3.72,-2.12,-0.92,-0.88,-4.52,-3.44,-1.2,-1.12,-1.76,-1.52,-1.0,-2.88,-1.24,-0.88,-1.44,-2.16,-1.4,-1.84,-0.48,-1.8,-2.28,-2.28,-1.08,-1.24,-3.16,-1.84,-0.6,-1.64,-2.56,-2.16,-1.12,-3.56,-1.8,-0.52,-2.76,-2.52,-1.12,-1.6,-1.0,-1.96,-2.64,-3.68,-1.84,-1.44,-4.28,-2.72,-0.68
P40943,-0.0891089108910891,-0.9207920792079208,-0.6732673267326733,-1.1683168316831682,-2.277227722772277,-0.4752475247524752,-0.8514851485148515,-1.118811881188119,-1.4356435643564356,-0.8118811881188119,-0.8316831683168316,-0.7623762376237624,-0.6336633663366337,-1.0495049504950495,-1.2673267326732673,-0.31683168316831684,-0.3465346534653465,-2.217821782178218,-1.0297029702970297,-0.7326732673267327,-0.7128712871287128,-0.9801980198019802,-0.3564356435643564,-1.0198019801980198,-2.1782178217821784,-0.7227722772277227,-0.9603960396039604,-1.5643564356435644,-0.7722772277227723,-1.4851485148514851,-1.4653465346534653,-0.9306930693069307,-1.0693069306930694,-1.4653465346534653,-1.7821782178217822,-0.7524752475247525,-0.7623762376237624,-1.702970297029703,-0.9306930693069307,-1.1683168316831682,-0.5346534653465347,-1.683168316831683,-0.9405940594059405,-1.2871287128712872,-2.5346534653465347,-1.1584158415841583,-1.2178217821782178,-1.613861386138614,-1.7128712871287128,-1.0,-1.3663366336633664,-1.0792079207920793,-1.108910891089109,-1.7722772277227723,-1.9207920792079207,-0.900990099009901,-0.9108910891089109,-2.376237623762376,-1.1287128712871286,-1.108910891089109,-0.34615384615384615,-0.7884615384615384,-0.375,-0.5961538461538461,-1.5769230769230769,-0.5096153846153846,-0.6442307692307693,-1.0769230769230769,-0.9903846153846154,-1.2980769230769231,-1.1442307692307692,-0.5,-0.9423076923076923,-0.9711538461538461,-0.8269230769230769,-0.5384615384615384,-0.47115384615384615,-1.0961538461538463,-0.5769230769230769,-0.7788461538461539
P54146,-0.168141592920354,-2.2831858407079646,-1.5044247787610618,-2.1415929203539825,-1.8407079646017699,-1.5044247787610618,-2.079646017699115,-0.8938053097345132,-1.7964601769911503,-0.48672566371681414,-0.45132743362831856,-1.7964601769911503,-0.017699115044247787,0.12389380530973451,-2.230088495575221,-0.584070796460177,-0.6017699115044248,-1.2920353982300885,-0.6991150442477876,-0.4424778761061947,-0.3893805309734513,-2.0707964601769913,-1.6991150442477876,-2.327433628318584,-2.0353982300884956,-1.8407079646017699,-2.0088495575221237,-0.8053097345132744,-1.7256637168141593,-0.8230088495575221,-0.7787610619469026,-1.8938053097345133,-0.6283185840707964,-0.4778761061946903,-1.8141592920353982,-0.7079646017699115,-0.8230088495575221,-1.5044247787610618,-0.831858407079646,-0.7610619469026548,0.09734513274336283,-2.336283185840708,-1.9292035398230087,-2.3893805309734515,-1.1946902654867257,-1.8584070796460177,-2.265486725663717,-0.6637168141592921,-1.823008849557522,-0.6371681415929203,-0.7522123893805309,-1.920353982300885,-0.6460176991150443,-1.3539823008849559,-2.150442477876106,-0.48672566371681414,-0.4424778761061947,-2.0,-1.6106194690265487,-0.2920353982300885,0.008849557522123894,-1.0973451327433628,-0.9203539823008849,-1.0176991150442478,-2.15929203539823,-0.6106194690265486,-0.584070796460177,-0.5132743362831859,-1.1415929203539823,-0.7964601769911505,-1.0,-0.911504424778761,-0.7787610619469026,-1.2920353982300885,-1.2300884955752212,-0.23008849557522124,-0.2920353982300885,-2.1327433628318584,-1.2654867256637168,-0.6106194690265486
P0A5S6,-0.40789473684210525,-0.7105263157894737,-0.8947368421052632,-0.9078947368421053,-1.6578947368421053,-0.7236842105263158,-0.32894736842105265,-1.5526315789473684,-0.47368421052631576,-0.42105263157894735,-0.618421052631579,-0.4868421052631579,-0.9868421052631579,-1.3026315789473684,-1.4078947368421053,-0.6710526315789473,-0.7236842105263158,-2.5526315789473686,-1.0394736842105263,-0.5,-1.2763157894736843,-1.5789473684210527,-1.8157894736842106,-1.868421052631579,-2.3815789473684212,-1.8289473684210527,-1.5394736842105263,-2.0789473684210527,-1.605263157894737,-1.3026315789473684,-1.105263157894737,-1.855263157894737,-1.368421052631579,-1.631578947368421,-2.6578947368421053,-1.4342105263157894,-1.2894736842105263,-3.3815789473684212,-1.8026315789473684,-1.2894736842105263,-1.3157894736842106,-3.1973684210526314,-2.4473684210526314,-3.3157894736842106,-3.236842105263158,-3.236842105263158,-3.223684210526316,-2.9473684210526314,-3.0526315789473686,-2.0657894736842106,-2.3157894736842106,-3.3026315789473686,-2.3157894736842106,-2.8684210526315788,-3.3947368421052633,-1.263157894736842,-1.631578947368421,-4.697368421052632,-3.0789473684210527,-1.7236842105263157,-1.4556962025316456,-1.0126582278481013,-1.481012658227848,-1.7341772151898733,-2.5063291139240507,-1.6329113924050633,-1.620253164556962,-2.4050632911392404,-1.0759493670886076,-1.3417721518987342,-1.5822784810126582,-1.0,-1.7341772151898733,-1.8860759493670887,-2.2278481012658227,-0.7341772151898734,-1.0253164556962024,-2.8227848101265822,-1.9620253164556962,-1.1012658227848102
P10424,0.32894736842105265,-0.9868421052631579,-0.8157894736842105,-1.236842105263158,-1.4473684210526316,-0.5263157894736842,-0.9078947368421053,-0.9342105263157895,-1.4736842105263157,-0.868421052631579,-0.5657894736842105,-0.6052631578947368,-0.5921052631578947,-1.5789473684210527,-1.105263157894737,0.0,0.05263157894736842,-2.5,-1.5657894736842106,-0.5,-0.40789473684210525,-1.394736842105263,-1.1578947368421053,-1.486842105263158,-2.3684210526315788,-0.9473684210526315,-1.1710526315789473,-2.0657894736842106,-1.5,-1.5263157894736843,-1.368421052631579,-1.0526315789473684,-0.9736842105263158,-2.0,-2.0,-0.4473684210526316,-0.5394736842105263,-3.1710526315789473,-1.6842105263157894,-1.118421052631579,-0.6052631578947368,-1.0657894736842106,-0.9605263157894737,-1.1710526315789473,-3.039473684210526,-0.868421052631579,-0.9078947368421053,-1.8421052631578947,-1.75,-1.5526315789473684,-1.236842105263158,-0.868421052631579,-1.1842105263157894,-2.1315789473684212,-1.9210526315789473,-0.7894736842105263,-0.25,-2.736842105263158,-1.9342105263157894,-1.4473684210526316,-0.01282051282051282,-1.1153846153846154,-1.294871794871795,-1.1923076923076923,-2.6153846153846154,-1.1666666666666667,-1.294871794871795,-1.1666666666666667,-1.8461538461538463,-1.3461538461538463,-1.6282051282051282,-0.7564102564102564,-1.4871794871794872,-2.423076923076923,-1.8205128205128205,-0.5897435897435898,-0.2564102564102564,-3.1538461538461537,-1.9487179487179487,-0.9230769230769231
P26900,-0.2682926829268293,-1.5975609756097562,-1.3658536585365855,-1.2804878048780488,-2.4634146341463414,-1.1097560975609757,-1.0,-1.5121951219512195,-1.7804878048780488,-0.7926829268292683,-1.2804878048780488,-1.1097560975609757,-0.9390243902439024,-1.8902439024390243,-1.8048780487804879,-0.5975609756097561,-0.3902439024390244,-3.1219512195121952,-1.4634146341463414,-0.573170731707317,-0.25609756097560976,-1.4634146341463414,-1.3658536585365855,-1.7439024390243902,-2.3780487804878048,-1.4268292682926829,-1.5,-1.7317073170731707,-1.6585365853658536,-1.6097560975609757,-1.5853658536585367,-1.524390243902439,-0.926829268292683,-2.1219512195121952,-2.1219512195121952,-0.35365853658536583,-0.34146341463414637,-3.292682926829268,-1.8780487804878048,-1.0365853658536586,-0.47560975609756095,-1.1829268292682926,-0.975609756097561,-0.9146341463414634,-2.451219512195122,-1.146341463414634,-0.926829268292683,-1.0853658536585367,-1.146341463414634,-1.0609756097560976,-1.0975609756097562,-0.9024390243902439,-1.1829268292682926,-1.3414634146341464,-0.9878048780487805,-0.6585365853658537,-0.6463414634146342,-2.3292682926829267,-0.7926829268292683,-0.7926829268292683,-0.5542168674698795,-1.108433734939759,-1.1686746987951808,-1.3975903614457832,-2.072289156626506,-0.891566265060241,-0.9036144578313253,-1.5662650602409638,-1.6506024096385543,-0.9156626506024096,-0.9518072289156626,-1.0240963855421688,-0.4819277108433735,-1.963855421686747,-2.0120481927710845,-0.7831325301204819,-0.37349397590361444,-2.855421686746988,-1.4578313253012047,-0.5542168674698795
O53077,-0.4583333333333333,-1.6666666666666667,-1.7916666666666667,-1.7916666666666667,-2.375,-0.9583333333333334,-0.9583333333333334,-2.1666666666666665,-2.3333333333333335,-1.0416666666666667,-1.5833333333333333,-1.0,-0.375,-2.7916666666666665,-1.8333333333333333,-0.4166666666666667,-0.4166666666666667,-3.625,-2.6666666666666665,-0.7916666666666666,-0.7916666666666666,-1.25,-0.875,-0.875,-2.7916666666666665,-0.2916666666666667,-0.5,-2.0,-1.4583333333333333,-0.5416666666666666,-1.5416666666666667,-0.7083333333333334,-1.1666666666666667,-2.25,-2.25,-0.7916666666666666,-0.7916666666666666,-3.3333333333333335,-2.125,-0.5833333333333334,-0.4583333333333333,-1.5833333333333333,-1.125,-0.9166666666666666,-2.1666666666666665,-0.8333333333333334,-0.7916666666666666,-1.6666666666666667,-1.9166666666666667,-1.375,-1.2083333333333333,-0.875,-1.125,-2.625,-2.625,-1.1666666666666667,-0.75,-3.4583333333333335,-1.9583333333333333,-0.625,0.24,-0.84,-1.6,-1.6,-2.16,-0.48,-0.56,-2.16,-1.88,-0.76,-0.72,-0.84,-0.84,-2.16,-1.96,-0.72,-0.4,-2.28,-1.8,-0.6
P45741,-0.09803921568627451,-1.107843137254902,-1.1666666666666667,-1.1274509803921569,-1.8333333333333333,-0.6078431372549019,-0.8431372549019608,-1.5784313725490196,-1.3529411764705883,-0.8627450980392157,-0.7450980392156863,-0.7352941176470589,-0.35294117647058826,-1.1568627450980393,-1.107843137254902,-0.29411764705882354,-0.45098039215686275,-1.7941176470588236,-0.9901960784313726,-0.45098039215686275,-0.12745098039215685,-0.9509803921568627,-0.7647058823529411,-0.8627450980392157,-1.7450980392156863,-0.3333333333333333,-0.4411764705882353,-0.8823529411764706,-1.0490196078431373,-1.0196078431372548,-0.8235294117647058,-0.5882352941176471,-0.6078431372549019,-1.1666666666666667,-0.9411764705882353,-0.23529411764705882,-0.2549019607843137,-1.4509803921568627,-0.7058823529411765,-0.803921568627451,-0.14705882352941177,-0.8921568627450981,-0.7549019607843137,-0.8235294117647058,-2.0392156862745097,-0.5980392156862745,-0.7352941176470589,-0.9705882352941176,-1.2647058823529411,-1.0588235294117647,-1.0392156862745099,-0.6764705882352942,-0.7058823529411765,-1.5196078431372548,-1.0490196078431373,-0.16666666666666666,-0.45098039215686275,-2.264705882352941,-1.1274509803921569,-0.6764705882352942,-0.04854368932038835,-0.6116504854368932,-0.7378640776699029,-0.9029126213592233,-1.9223300970873787,-0.02912621359223301,-0.3592233009708738,-1.5922330097087378,-1.1067961165048543,-1.1941747572815533,-0.9805825242718447,-0.42718446601941745,-0.6213592233009708,-1.766990291262136,-0.8058252427184466,-0.08737864077669903,-0.21359223300970873,-2.320388349514563,-1.2718446601941749,-0.7378640776699029
P45829,-0.7580645161290323,-2.0161290322580645,-1.1451612903225807,-2.435483870967742,-2.7903225806451615,-1.4516129032258065,-2.1774193548387095,-1.2903225806451613,-1.4193548387096775,0.14516129032258066,0.12903225806451613,-1.7741935483870968,-0.06451612903225806,0.0967741935483871,-1.6935483870967742,-0.5161290322580645,-0.22580645161290322,-1.2419354838709677,-1.1774193548387097,-0.1774193548387097,-1.1774193548387097,-2.4838709677419355,-1.5806451612903225,-2.532258064516129,-2.5806451612903225,-1.967741935483871,-2.161290322580645,-1.7741935483870968,-2.0161290322580645,-0.08064516129032258,-0.04838709677419355,-2.2580645161290325,0.24193548387096775,0.41935483870967744,-2.306451612903226,-1.2419354838709677,-1.0161290322580645,-1.1774193548387097,-1.1774193548387097,-0.43548387096774194,-0.7580645161290323,-2.693548387096774,-2.1129032258064515,-3.2580645161290325,-2.6774193548387095,-2.338709677419355,-2.5483870967741935,-2.064516129032258,-1.7580645161290323,0.11290322580645161,0.04838709677419355,-2.096774193548387,-0.16129032258064516,0.1774193548387097,-1.4838709677419355,-0.8709677419354839,-0.3709677419354839,-1.7096774193548387,-1.1774193548387097,-0.3387096774193548,-0.49230769230769234,-2.8923076923076922,-2.5538461538461537,-2.9846153846153847,-2.753846153846154,-2.2153846153846155,-2.292307692307692,-1.8923076923076922,-1.5846153846153845,-0.12307692307692308,-0.046153846153846156,-2.646153846153846,0.09230769230769231,-0.5076923076923077,-2.8461538461538463,-1.2307692307692308,-1.1538461538461537,-2.5076923076923077,-1.4153846153846155,-0.5384615384615384
P50847,-0.21951219512195122,-1.7317073170731707,-1.7439024390243902,-2.341463414634146,-1.829268292682927,-1.4024390243902438,-1.7804878048780488,-1.2073170731707317,-1.9390243902439024,-0.5121951219512195,-0.5853658536585366,-1.2195121951219512,-0.2804878048780488,-1.1585365853658536,-1.7560975609756098,-0.7317073170731707,-0.3048780487804878,-2.1951219512195124,-1.451219512195122,-0.4634146341463415,0.14634146341463414,-1.9390243902439024,-1.4878048780487805,-1.9146341463414633,-1.8170731707317074,-1.2682926829268293,-1.451219512195122,-0.6341463414634146,-1.829268292682927,-0.6829268292682927,-0.6219512195121951,-1.5,-0.14634146341463414,-1.2926829268292683,-1.7439024390243902,-0.3902439024390244,-0.4878048780487805,-2.3536585365853657,-1.3780487804878048,-0.3780487804878049,-0.4634146341463415,-1.9390243902439024,-1.7317073170731707,-2.0121951219512195,-2.0,-1.5731707317073171,-1.9146341463414633,-1.4878048780487805,-1.853658536585366,-0.24390243902439024,-0.15853658536585366,-1.646341463414634,-0.23170731707317074,-0.6341463414634146,-1.829268292682927,-1.024390243902439,-0.5975609756097561,-2.2804878048780486,-1.353658536585366,-0.3048780487804878,0.8333333333333334,-1.3452380952380953,-1.1785714285714286,-1.6666666666666667,-1.630952380952381,-0.7619047619047619,-1.1071428571428572,-1.0357142857142858,-1.7380952380952381,-0.8452380952380952,-1.0714285714285714,-0.8928571428571429,-0.6904761904761905,-2.0476190476190474,-0.9285714285714286,0.03571428571428571,0.13095238095238096,-2.4761904761904763,-1.6904761904761905,-0.32142857142857145
Q9AGY7,-0.061224489795918366,-0.7755102040816326,-1.1020408163265305,-1.1428571428571428,-2.142857142857143,-0.1836734693877551,-0.2653061224489796,-2.326530612244898,-1.3061224489795917,0.14285714285714285,-0.4489795918367347,-0.46938775510204084,-0.4897959183673469,-1.5918367346938775,-2.489795918367347,-0.9591836734693877,-0.8979591836734694,-3.4693877551020407,-1.530612244897959,-0.4897959183673469,0.22448979591836735,-1.489795918367347,-1.2448979591836735,-1.469387755102041,-2.122448979591837,-1.6122448979591837,-1.1224489795918366,-0.42857142857142855,-0.8367346938775511,-1.2448979591836735,-1.2857142857142858,-1.510204081632653,-1.163265306122449,-1.510204081632653,-1.510204081632653,-0.32653061224489793,-0.6938775510204082,-2.877551020408163,-1.6122448979591837,-1.1020408163265305,0.12244897959183673,-1.5918367346938775,-1.2244897959183674,-1.9183673469387754,-1.8571428571428572,-1.510204081632653,-1.653061224489796,-1.4081632653061225,-1.7346938775510203,-0.8571428571428571,-1.1224489795918366,-1.2653061224489797,-0.9795918367346939,-2.061224489795918,-2.489795918367347,-0.6530612244897959,-0.673469387755102,-3.5510204081632653,-2.0816326530612246,-0.6326530612244898,-0.7254901960784313,-1.8823529411764706,-1.588235294117647,-1.4509803921568627,-1.8627450980392157,-1.3137254901960784,-0.9411764705882353,-2.0784313725490198,-1.1764705882352942,-0.6274509803921569,-1.1176470588235294,-1.6274509803921569,-0.9019607843137255,-2.176470588235294,-2.156862745098039,-1.0392156862745099,-0.9215686274509803,-3.7058823529411766,-2.019607843137255,-0.7058823529411765
Q82K53,0.46360153256704983,0.32567049808429116,0.13026819923371646,-0.4789272030651341,-3.049808429118774,0.48659003831417624,0.4367816091954023,-0.5977011494252874,-0.7701149425287356,-1.3831417624521072,-1.7088122605363985,0.7241379310344828,-1.2260536398467432,-2.310344827586207,1.0574712643678161,0.06896551724137931,-0.2260536398467433,-3.467432950191571,-2.111111111111111,-0.7547892720306514,0.1724137931034483,0.41762452107279696,-0.21839080459770116,-0.5708812260536399,-3.2375478927203063,0.13793103448275862,0.18007662835249041,-0.27586206896551724,-1.3563218390804597,-1.6168582375478928,-1.8544061302681993,0.5593869731800766,-1.2298850574712643,-2.2260536398467434,0.19923371647509577,-0.37547892720306514,-0.47126436781609193,-3.111111111111111,-2.203065134099617,-1.1340996168582376,-0.89272030651341,-1.9003831417624522,-1.8275862068965518,-1.7816091954022988,-3.1379310344827585,-1.5172413793103448,-1.3218390804597702,-2.2796934865900385,-2.318007662835249,-1.1800766283524904,-1.7279693486590038,-1.417624521072797,-1.5095785440613028,-2.739463601532567,-2.475095785440613,-1.4597701149425288,-1.157088122605364,-3.9693486590038316,-2.471264367816092,-1.0,-0.9201520912547528,-1.4106463878326996,-1.5171102661596958,-1.4828897338403042,-3.1444866920152093,-1.1330798479087452,-0.7756653992395437,-2.091254752851711,-2.23574144486692,-1.0418250950570342,-1.726235741444867,-0.8555133079847909,-1.6463878326996197,-2.482889733840304,-2.4790874524714828,-1.1863117870722433,-1.2623574144486691,-3.7756653992395437,-2.3193916349809887,-0.8745247148288974
Q93M42,-0.5767195767195767,-1.2275132275132274,-0.8253968253968254,-0.7724867724867724,-2.417989417989418,-0.4973544973544973,-0.746031746031746,-1.9206349206349207,-0.8888888888888888,-1.1587301587301588,-0.7671957671957672,-0.7883597883597884,-0.798941798941799,-1.0476190476190477,-1.5714285714285714,-0.5925925925925926,-0.455026455026455,-2.2063492063492065,-1.0317460317460319,-1.0264550264550265,-0.26455026455026454,-1.1428571428571428,-0.8783068783068783,-1.0846560846560847,-2.132275132275132,-0.8835978835978836,-0.8412698412698413,-1.1587301587301588,-1.3915343915343916,-1.3227513227513228,-1.5343915343915344,-0.8888888888888888,-1.1322751322751323,-1.7513227513227514,-1.1746031746031746,-0.2962962962962963,-0.13227513227513227,-2.3333333333333335,-1.2433862433862435,-0.91005291005291,-0.6507936507936508,-1.0582010582010581,-0.5925925925925926,-0.783068783068783,-2.4444444444444446,-0.4444444444444444,-0.746031746031746,-1.5343915343915344,-0.7354497354497355,-1.5238095238095237,-1.312169312169312,-0.8148148148148148,-1.2380952380952381,-1.507936507936508,-1.597883597883598,-0.7142857142857143,-0.6931216931216931,-1.8253968253968254,-1.0582010582010581,-1.2645502645502646,-0.59375,-0.875,-0.859375,-0.6770833333333334,-2.3489583333333335,-0.4791666666666667,-0.65625,-1.6822916666666667,-0.9166666666666666,-1.109375,-0.921875,-0.5416666666666666,-0.9375,-1.34375,-1.0885416666666667,-0.4322916666666667,-0.06770833333333333,-2.3489583333333335,-1.1510416666666667,-0.9322916666666666
P0A4N3,-0.44285714285714284,-1.3428571428571427,-1.2428571428571429,-2.157142857142857,-2.5285714285714285,-1.4285714285714286,-1.8428571428571427,-1.3714285714285714,-1.7714285714285714,0.014285714285714285,0.2571428571428571,-1.3714285714285714,0.08571428571428572,0.45714285714285713,-1.0285714285714285,-0.5285714285714286,-0.2857142857142857,0.12857142857142856,-0.4857142857142857,-0.1,-0.14285714285714285,-2.2142857142857144,-2.0714285714285716,-3.085714285714286,-2.557142857142857,-2.085714285714286,-2.8285714285714287,-1.3714285714285714,-2.6285714285714286,0.6285714285714286,0.5285714285714286,-2.2857142857142856,0.12857142857142856,0.38571428571428573,-1.9142857142857144,-0.7142857142857143,-0.2571428571428571,-1.0714285714285714,-0.7857142857142857,0.6142857142857143,-0.18571428571428572,-2.0,-2.3,-2.9571428571428573,-2.7857142857142856,-1.8714285714285714,-2.4714285714285715,-2.0285714285714285,-2.8285714285714287,-0.02857142857142857,-0.07142857142857142,-2.2857142857142856,0.2,-0.45714285714285713,-2.1285714285714286,-1.0285714285714285,-0.6428571428571429,-1.5571428571428572,-1.2571428571428571,-0.2857142857142857,0.0,-1.8571428571428572,-1.4714285714285715,-2.2714285714285714,-2.6714285714285713,-1.3,-2.0428571428571427,-0.9857142857142858,-2.5428571428571427,-0.04285714285714286,-0.07142857142857142,-1.7,0.014285714285714285,-0.3142857142857143,-2.0142857142857142,-0.5857142857142857,-0.2857142857142857,-1.7571428571428571,-0.8571428571428571,0.02857142857142857
Q6E3K9,-0.6190476190476191,-0.8095238095238095,-0.19047619047619047,-0.8412698412698413,-1.8095238095238095,-0.42857142857142855,-0.4444444444444444,-1.5396825396825398,-1.2698412698412698,-1.126984126984127,-1.0317460317460319,-0.5714285714285714,-0.6825396825396826,-1.7777777777777777,-1.8095238095238095,-0.19047619047619047,-0.1746031746031746,-2.492063492063492,-1.5238095238095237,-0.8571428571428571,-0.38095238095238093,-1.2222222222222223,-1.0,-1.2698412698412698,-1.5873015873015872,-0.9523809523809523,-0.9841269841269841,-1.3650793650793651,-1.3968253968253967,-0.873015873015873,-1.0634920634920635,-1.0793650793650793,-0.746031746031746,-1.2857142857142858,-1.7301587301587302,-0.38095238095238093,-0.6507936507936508,-2.0634920634920637,-1.0476190476190477,-0.6984126984126984,-0.14285714285714285,-1.0634920634920635,-1.0793650793650793,-1.253968253968254,-1.8412698412698412,-0.6031746031746031,-0.5238095238095238,-1.4603174603174602,-1.3492063492063493,-1.0952380952380953,-1.0952380952380953,-0.6825396825396826,-0.7142857142857143,-1.7619047619047619,-0.873015873015873,-0.2698412698412698,-0.3333333333333333,-2.5555555555555554,-1.3492063492063493,-0.5714285714285714,-0.7272727272727273,-0.8333333333333334,-0.5,-0.8484848484848485,-1.7727272727272727,-0.5151515151515151,-0.6060606060606061,-1.6363636363636365,-1.4393939393939394,-0.9696969696969697,-0.9696969696969697,-0.6666666666666666,-0.6818181818181818,-1.7272727272727273,-1.8333333333333333,-0.24242424242424243,-0.09090909090909091,-2.4545454545454546,-1.5454545454545454,-0.7727272727272727
P0A3G5,-0.3813559322033898,-0.7796610169491526,-0.559322033898305,-0.9915254237288136,-1.9745762711864407,-0.3644067796610169,-0.5932203389830508,-1.4406779661016949,-1.1271186440677967,-0.5847457627118644,-0.5677966101694916,-0.4152542372881356,-0.4406779661016949,-1.0593220338983051,-1.576271186440678,-0.2966101694915254,-0.1864406779661017,-2.2796610169491527,-1.0084745762711864,-0.4322033898305085,-0.05084745762711865,-0.2796610169491525,-0.059322033898305086,-0.3474576271186441,-1.8559322033898304,0.7372881355932204,0.4152542372881356,-0.9152542372881356,-0.5932203389830508,-1.1355932203389831,-0.8983050847457628,-0.0423728813559322,-0.652542372881356,-1.4152542372881356,-1.2118644067796611,0.2033898305084746,-0.13559322033898305,-2.0338983050847457,-0.923728813559322,-1.0,0.01694915254237288,-0.2542372881355932,-0.4406779661016949,-0.3305084745762712,-1.805084745762712,0.7372881355932204,0.22033898305084745,-1.1016949152542372,-0.7966101694915254,-0.8898305084745762,-0.7203389830508474,0.07627118644067797,-0.5169491525423728,-1.7457627118644068,-1.2457627118644068,0.3389830508474576,0.05084745762711865,-2.23728813559322,-1.2118644067796611,-0.6101694915254238,-0.425,-0.8083333333333333,-0.45,-1.0583333333333333,-1.9333333333333333,-0.39166666666666666,-0.5583333333333333,-1.3166666666666667,-1.0916666666666666,-0.8,-1.0333333333333334,-0.24166666666666667,-0.6666666666666666,-1.4166666666666667,-1.3166666666666667,-0.21666666666666667,0.06666666666666667,-2.3,-1.0583333333333333,-0.6166666666666667
P39694,0.058823529411764705,-0.9019607843137255,-0.8431372549019608,-1.5098039215686274,-1.6666666666666667,-0.49019607843137253,-0.7450980392156863,-1.6666666666666667,-1.3725490196078431,-0.8431372549019608,-0.7450980392156863,-0.45098039215686275,-0.3137254901960784,-1.5098039215686274,-1.3725490196078431,-0.29411764705882354,-0.27450980392156865,-2.1176470588235294,-1.3725490196078431,-0.4117647058823529,-0.1568627450980392,-0.39215686274509803,-0.37254901960784315,-0.5098039215686274,-2.0980392156862746,0.27450980392156865,0.1568627450980392,-0.9411764705882353,-1.0196078431372548,-1.2745098039215685,-1.607843137254902,-0.0392156862745098,-0.9019607843137255,-2.196078431372549,-0.5098039215686274,0.13725490196078433,-0.13725490196078433,-2.6666666666666665,-1.7058823529411764,-0.8823529411764706,0.09803921568627451,-0.6274509803921569,-0.47058823529411764,-0.5098039215686274,-1.7254901960784315,0.23529411764705882,0.37254901960784315,-1.0980392156862746,-1.1176470588235294,-1.0784313725490196,-1.0196078431372548,0.0784313725490196,-1.0588235294117647,-2.0392156862745097,-0.6862745098039216,0.37254901960784315,0.0,-2.6666666666666665,-1.7843137254901962,-0.803921568627451,-0.5384615384615384,-0.25,-0.8846153846153846,-1.4038461538461537,-2.230769230769231,-0.36538461538461536,-0.5,-1.4807692307692308,-1.6346153846153846,-0.9038461538461539,-0.9615384615384616,-0.15384615384615385,-0.8076923076923077,-1.5192307692307692,-1.7692307692307692,-0.6923076923076923,-0.8269230769230769,-2.6538461538461537,-1.4423076923076923,-0.8846153846153846
Q9RLV9,-0.39759036144578314,-0.9156626506024096,-0.5903614457831325,-1.1686746987951808,-2.0120481927710845,-0.6867469879518072,-0.891566265060241,-0.9759036144578314,-1.1686746987951808,-0.8795180722891566,-0.7831325301204819,-0.5783132530120482,-0.5421686746987951,-0.9036144578313253,-1.4819277108433735,-0.2891566265060241,-0.46987951807228917,-2.1686746987951806,-0.927710843373494,-0.7831325301204819,-0.5060240963855421,-0.8433734939759037,-0.6867469879518072,-1.0843373493975903,-1.4819277108433735,-0.5542168674698795,-0.6265060240963856,-1.0,-0.8313253012048193,-1.0963855421686748,-1.0602409638554218,-0.6385542168674698,-0.927710843373494,-0.8674698795180723,-1.2771084337349397,-0.3132530120481928,-0.8072289156626506,-1.5662650602409638,-0.5180722891566265,-0.9036144578313253,-0.5542168674698795,-0.8795180722891566,-0.5060240963855421,-0.927710843373494,-1.6987951807228916,-0.3614457831325301,-0.7951807228915663,-1.5421686746987953,-0.7951807228915663,-0.9156626506024096,-0.8433734939759037,-0.6265060240963856,-0.7349397590361446,-1.3373493975903614,-1.6265060240963856,-0.42168674698795183,-0.5662650602409639,-2.4819277108433737,-1.0120481927710843,-0.7710843373493976,-0.5116279069767442,-0.872093023255814,-0.3488372093023256,-0.686046511627907,-2.1744186046511627,-0.3953488372093023,-0.36046511627906974,-1.4767441860465116,-0.46511627906976744,-1.3372093023255813,-1.4534883720930232,-0.46511627906976744,-1.1046511627906976,-1.0,-0.813953488372093,-0.1511627906976744,-0.32558139534883723,-1.6162790697674418,-0.19767441860465115,-1.0465116279069768
P00691,-0.6363636363636364,-1.4545454545454546,-1.121212121212121,-1.1333333333333333,-2.2,-1.096969696969697,-1.2424242424242424,-1.2545454545454546,-0.9696969696969697,-1.393939393939394,-1.2,-1.3515151515151516,-1.1151515151515152,-0.9636363636363636,-1.406060606060606,-0.696969696969697,-0.9212121212121213,-1.4606060606060607,-0.9030303030303031,-1.3454545454545455,-0.7636363636363637,-1.1090909090909091,-0.4909090909090909,-0.6242424242424243,-2.915151515151515,-1.0,-0.9575757575757575,-1.096969696969697,-0.5212121212121212,-1.490909090909091,-1.206060606060606,-1.3151515151515152,-0.6545454545454545,-0.7393939393939394,-1.696969696969697,-0.9030303030303031,-0.7575757575757576,-0.6121212121212121,-0.30303030303030304,-1.4,-0.6242424242424243,-1.303030303030303,-0.20606060606060606,-0.6787878787878788,-2.478787878787879,-0.7818181818181819,-1.006060606060606,-0.8181818181818182,-1.0,-1.1636363636363636,-1.3272727272727274,-1.187878787878788,-1.0727272727272728,-1.1575757575757575,-1.690909090909091,-0.37575757575757573,-0.3393939393939394,-1.7454545454545454,-0.6727272727272727,-0.9272727272727272,-0.20606060606060606,-1.006060606060606,-0.07878787878787878,-0.7333333333333333,-1.9575757575757575,-0.4909090909090909,-0.6787878787878788,-0.5878787878787879,-1.0787878787878789,-1.1818181818181819,-1.4181818181818182,-0.4303030303030303,-0.9818181818181818,-1.2727272727272727,-1.1272727272727272,0.10909090909090909,0.14545454545454545,-1.7212121212121212,-0.8121212121212121,-0.8242424242424242
P35160,0.022727272727272728,-1.0454545454545454,-1.5681818181818181,-1.8181818181818181,-2.1363636363636362,-0.5909090909090909,-1.4545454545454546,-1.2045454545454546,-1.5909090909090908,-0.2727272727272727,0.06818181818181818,-0.5454545454545454,-0.3409090909090909,-0.6136363636363636,-0.7954545454545454,-0.5681818181818182,-0.75,-1.8409090909090908,-1.25,-0.2727272727272727,-0.9772727272727273,-2.25,-1.6818181818181819,-1.4772727272727273,-2.9318181818181817,-1.3636363636363635,-1.4772727272727273,-2.4545454545454546,-1.75,-1.3636363636363635,-1.4090909090909092,-1.2272727272727273,-1.8181818181818181,-0.7272727272727273,-1.8409090909090908,-1.1590909090909092,-0.7272727272727273,-2.5,-1.4318181818181819,-0.8863636363636364,-0.3181818181818182,-1.2045454545454546,-0.4772727272727273,-0.22727272727272727,-2.0,-0.5681818181818182,-0.36363636363636365,-1.3409090909090908,-0.9772727272727273,-0.7954545454545454,-0.9545454545454546,-0.1590909090909091,-1.0454545454545454,-0.9318181818181818,-0.9318181818181818,-0.6818181818181818,-0.5227272727272727,-2.227272727272727,-1.2727272727272727,-0.4772727272727273,-0.9148936170212766,-0.9361702127659575,-1.2340425531914894,-1.425531914893617,-3.5319148936170213,-1.0851063829787233,-0.9574468085106383,-1.8085106382978724,-1.851063829787234,-1.1702127659574468,-1.2127659574468086,-0.3617021276595745,-1.5106382978723405,-1.446808510638298,-1.9787234042553192,-1.1063829787234043,-0.9148936170212766,-2.9361702127659575,-1.6808510638297873,-0.9787234042553191
Q83FF5,-1.1132075471698113,-0.8301886792452831,-1.6037735849056605,-1.9339622641509433,-2.9622641509433962,-1.179245283018868,-1.0566037735849056,-2.2452830188679247,-1.1981132075471699,-1.2075471698113207,-1.028301886792453,-1.2452830188679245,-0.8679245283018868,-1.2924528301886793,-2.2358490566037736,-1.320754716981132,-1.1603773584905661,-2.811320754716981,-1.2547169811320755,-1.2924528301886793,-0.8773584905660378,-1.1886792452830188,-1.6603773584905661,-1.471698113207547,-2.4716981132075473,-0.9905660377358491,-0.8584905660377359,-2.207547169811321,-1.509433962264151,-1.4150943396226414,-1.1226415094339623,-1.4245283018867925,-1.4622641509433962,-1.5,-2.490566037735849,-1.2264150943396226,-1.490566037735849,-3.1792452830188678,-1.528301886792453,-1.4622641509433962,-0.7452830188679245,-1.1415094339622642,-1.5,-1.0849056603773586,-2.4622641509433962,-1.2358490566037736,-0.9905660377358491,-1.3962264150943395,-1.7452830188679245,-1.5566037735849056,-0.8867924528301887,-1.4433962264150944,-1.7924528301886793,-1.7358490566037736,-2.2735849056603774,-1.320754716981132,-1.3113207547169812,-3.4245283018867925,-1.528301886792453,-1.3962264150943395,-0.3425925925925926,-1.3425925925925926,-1.8796296296296295,-1.8611111111111112,-2.787037037037037,-1.212962962962963,-1.2314814814814814,-1.9166666666666667,-2.611111111111111,-1.2685185185185186,-1.1018518518518519,-1.1666666666666667,-1.3888888888888888,-2.185185185185185,-2.6018518518518516,-1.3518518518518519,-1.5555555555555556,-3.490740740740741,-2.324074074074074,-1.1851851851851851
O34310,0.07272727272727272,-1.1636363636363636,-1.0909090909090908,-1.4727272727272727,-1.6,-0.7090909090909091,-0.8727272727272727,-0.6,-1.4181818181818182,-0.7818181818181819,-0.7636363636363637,-0.6,-0.43636363636363634,-1.1636363636363636,-1.2363636363636363,-0.12727272727272726,-0.2,-2.1636363636363636,-0.9818181818181818,-0.38181818181818183,-0.38181818181818183,-1.5454545454545454,-0.7818181818181819,-0.7272727272727273,-1.5272727272727273,-0.7454545454545455,-0.5636363636363636,-0.8,-1.6,-1.4727272727272727,-1.709090909090909,-0.9090909090909091,-1.4181818181818182,-2.0727272727272728,-2.0,-0.509090909090909,-0.5272727272727272,-2.2,-1.7818181818181817,-1.1454545454545455,-0.34545454545454546,-1.290909090909091,-0.6,-1.2,-2.018181818181818,-0.7818181818181819,-1.0545454545454545,-0.43636363636363634,-1.2545454545454546,-1.3454545454545455,-1.7636363636363637,-0.8181818181818182,-1.2727272727272727,-1.6545454545454545,-2.036363636363636,-0.23636363636363636,-0.3090909090909091,-2.381818181818182,-1.1636363636363636,-1.0727272727272728,-0.5,-0.6785714285714286,-0.125,-0.9285714285714286,-1.9285714285714286,-0.35714285714285715,-0.6428571428571429,-1.25,-0.75,-1.125,-1.5357142857142858,-0.32142857142857145,-0.8392857142857143,-1.6785714285714286,-1.75,0.08928571428571429,0.32142857142857145,-2.5,-1.3035714285714286,-0.7142857142857143
P39790,0.07692307692307693,-0.717948717948718,-0.717948717948718,-1.1666666666666667,-1.5128205128205128,-0.2692307692307692,-0.34615384615384615,-1.1025641025641026,-1.0897435897435896,-1.1666666666666667,-1.0769230769230769,-0.3333333333333333,-0.8205128205128205,-1.435897435897436,-0.358974358974359,0.14102564102564102,0.10256410256410256,-2.0641025641025643,-0.8589743589743589,-0.6794871794871795,-0.15384615384615385,-0.8717948717948718,-0.24358974358974358,-0.8333333333333334,-1.7820512820512822,-0.6666666666666666,-0.7307692307692307,-0.7307692307692307,-0.7435897435897436,-1.1794871794871795,-1.5769230769230769,-0.32051282051282054,-1.3461538461538463,-1.3333333333333333,-1.1282051282051282,0.0641025641025641,-0.01282051282051282,-1.9743589743589745,-0.9230769230769231,-0.7692307692307693,-0.38461538461538464,-0.6410256410256411,-0.24358974358974358,-0.7564102564102564,-2.1153846153846154,-0.6538461538461539,-0.48717948717948717,-0.5897435897435898,-0.9102564102564102,-0.782051282051282,-1.1025641025641026,-0.15384615384615385,-1.2179487179487178,-1.1923076923076923,-0.5256410256410257,-0.14102564102564102,-0.1282051282051282,-2.0128205128205128,-0.8076923076923077,-0.6282051282051282,-0.5949367088607594,-1.1772151898734178,-0.16455696202531644,-0.8481012658227848,-1.481012658227848,-0.5443037974683544,-0.8987341772151899,-0.4177215189873418,-0.9873417721518988,-1.2784810126582278,-1.4683544303797469,-0.6075949367088608,-1.1772151898734178,-1.2025316455696202,-1.5063291139240507,-0.0379746835443038,-0.34177215189873417,-1.4936708860759493,-0.4936708860759494,-0.9620253164556962
P0A5P0,-0.26666666666666666,-0.36,-0.7733333333333333,-0.38666666666666666,-2.466666666666667,-0.21333333333333335,-0.04,-1.24,-0.25333333333333335,-1.4266666666666667,-1.1066666666666667,-0.56,-0.64,-1.0933333333333333,-1.1733333333333333,-0.32,-0.25333333333333335,-1.8133333333333332,-1.0133333333333334,-1.3066666666666666,-0.21333333333333335,-1.96,-1.4133333333333333,-1.44,-1.7066666666666668,-1.5333333333333334,-1.24,-1.7066666666666668,-1.6133333333333333,-1.2266666666666666,-1.3466666666666667,-1.9066666666666667,-1.2266666666666666,-2.1466666666666665,-2.5733333333333333,-1.24,-1.1333333333333333,-3.48,-2.1066666666666665,-0.8266666666666667,-0.28,-0.6666666666666666,-0.8933333333333333,-0.7733333333333333,-1.9866666666666666,-0.8266666666666667,-0.6266666666666667,-1.0933333333333333,-0.52,-0.8666666666666667,-0.68,-0.4533333333333333,-0.7066666666666667,-0.5866666666666667,-0.7733333333333333,-0.76,-0.68,-1.3066666666666666,-0.6666666666666666,-0.64,-0.44155844155844154,-0.5714285714285714,-1.0,-1.0389610389610389,-2.2467532467532467,-0.6623376623376623,-0.3116883116883117,-1.5064935064935066,-0.7792207792207793,-0.935064935064935,-0.8571428571428571,-0.7532467532467533,-0.6883116883116883,-0.8831168831168831,-1.9610389610389611,-0.7012987012987013,-0.5324675324675324,-1.0,-0.6103896103896104,-0.7922077922077922
Q03Q83,-1.7633587786259541,-2.4656488549618323,-2.618320610687023,-2.687022900763359,-3.7709923664122136,-1.9770992366412214,-2.0916030534351147,-3.183206106870229,-2.8625954198473282,-2.427480916030534,-2.931297709923664,-2.1755725190839694,-2.2290076335877864,-3.404580152671756,-3.618320610687023,-1.8244274809160306,-1.1984732824427482,-4.259541984732825,-3.1755725190839694,-2.0916030534351147,-1.1374045801526718,-1.5877862595419847,-1.748091603053435,-1.297709923664122,-3.1755725190839694,-1.3893129770992367,-0.6641221374045801,-2.351145038167939,-2.015267175572519,-1.381679389312977,-1.5801526717557253,-1.2748091603053435,-1.1068702290076335,-2.16793893129771,-2.5343511450381677,-1.7099236641221374,-1.4045801526717556,-3.6793893129770994,-2.114503816793893,-1.4045801526717556,-1.3282442748091603,-2.053435114503817,-2.0076335877862594,-1.8778625954198473,-3.381679389312977,-1.83206106870229,-1.7099236641221374,-2.50381679389313,-2.2595419847328246,-1.8778625954198473,-2.1603053435114505,-1.633587786259542,-1.6488549618320612,-2.5114503816793894,-2.50381679389313,-1.5190839694656488,-1.213740458015267,-4.259541984732825,-2.618320610687023,-1.4427480916030535,-1.1742424242424243,-1.371212121212121,-1.9090909090909092,-1.9166666666666667,-3.462121212121212,-0.9696969696969697,-0.9015151515151515,-2.25,-2.037878787878788,-1.8333333333333333,-1.8257575757575757,-1.0909090909090908,-1.5833333333333333,-2.287878787878788,-2.4696969696969697,-1.4545454545454546,-1.3863636363636365,-3.484848484848485,-2.196969696969697,-1.4545454545454546
P00469,-1.5696202531645569,-1.5949367088607596,-1.4936708860759493,-2.0,-3.088607594936709,-1.4050632911392404,-1.6962025316455696,-2.392405063291139,-1.7088607594936709,-1.6455696202531647,-1.5443037974683544,-1.1772151898734178,-1.5822784810126582,-1.860759493670886,-2.9873417721518987,-1.4936708860759493,-1.0,-3.0,-1.5949367088607596,-1.7215189873417722,-0.5063291139240507,-0.4177215189873418,-0.1518987341772152,-0.11392405063291139,-1.9367088607594938,-0.20253164556962025,-0.17721518987341772,-0.5063291139240507,-0.620253164556962,-1.0379746835443038,-1.2278481012658229,-0.3670886075949367,-0.9873417721518988,-0.6582278481012658,-0.6835443037974683,-0.4050632911392405,-0.5189873417721519,-0.4050632911392405,-0.3670886075949367,-1.0253164556962024,-1.1898734177215189,-1.9620253164556962,-1.4430379746835442,-1.9240506329113924,-2.3164556962025316,-1.3670886075949367,-2.050632911392405,-2.4683544303797467,-1.4936708860759493,-1.379746835443038,-1.3037974683544304,-1.9113924050632911,-1.1139240506329113,-1.9240506329113924,-2.6455696202531644,-1.4303797468354431,-1.240506329113924,-2.911392405063291,-1.7341772151898733,-1.481012658227848,-1.1898734177215189,-1.860759493670886,-1.7974683544303798,-1.3924050632911393,-3.1139240506329116,-1.2658227848101267,-1.139240506329114,-2.8227848101265822,-1.0759493670886076,-1.3417721518987342,-1.6329113924050633,-1.3037974683544304,-1.2784810126582278,-1.6708860759493671,-2.1645569620253164,-1.5063291139240507,-1.379746835443038,-3.1139240506329116,-1.5696202531645569,-1.2658227848101267
Q08291,-0.24324324324324326,-1.2567567567567568,-1.1216216216216217,-0.9459459459459459,-2.22972972972973,-0.8783783783783784,-0.7972972972972973,-1.8513513513513513,-1.2297297297297298,-0.7972972972972973,-0.5,-0.8243243243243243,-0.7432432432432432,-1.5,-1.445945945945946,-0.43243243243243246,-0.7972972972972973,-2.4324324324324325,-1.3918918918918919,-0.8783783783783784,-0.8513513513513513,-1.9054054054054055,-1.4054054054054055,-1.445945945945946,-2.3378378378378377,-1.472972972972973,-1.7162162162162162,-2.527027027027027,-1.3918918918918919,-0.8648648648648649,-0.9054054054054054,-1.837837837837838,-0.9324324324324325,-1.6756756756756757,-2.3783783783783785,-1.2027027027027026,-1.0810810810810811,-3.108108108108108,-1.9054054054054055,-1.135135135135135,-0.5675675675675675,-1.527027027027027,-1.6486486486486487,-1.837837837837838,-1.7297297297297298,-1.0945945945945945,-1.054054054054054,-1.7297297297297298,-1.162162162162162,-0.9324324324324325,-0.7702702702702703,-1.3783783783783783,-0.4594594594594595,-1.2837837837837838,-2.5675675675675675,-0.7972972972972973,-0.7702702702702703,-2.8783783783783785,-0.918918918918919,-1.2297297297297298,-0.8133333333333334,-1.1466666666666667,-0.92,-0.7866666666666666,-2.4266666666666667,-0.56,-0.6533333333333333,-2.1466666666666665,-1.5333333333333334,-1.2666666666666666,-1.0666666666666667,-0.49333333333333335,-1.36,-1.9733333333333334,-2.4133333333333336,-0.8133333333333334,-1.0533333333333332,-3.3733333333333335,-1.6266666666666667,-1.4533333333333334
P07343,-0.2956521739130435,-1.2695652173913043,-1.5391304347826087,-1.0434782608695652,-2.973913043478261,-0.7565217391304347,-0.391304347826087,-1.9304347826086956,-1.4608695652173913,-1.2869565217391303,-1.3043478260869565,-0.9217391304347826,-1.3130434782608695,-2.130434782608696,-2.5043478260869567,-0.8695652173913043,-1.1391304347826088,-2.8,-2.017391304347826,-1.2608695652173914,-0.5652173913043478,-1.3391304347826087,-2.1043478260869564,-2.2956521739130435,-2.617391304347826,-1.4,-1.826086956521739,-2.5217391304347827,-1.6347826086956523,-1.626086956521739,-1.0521739130434782,-1.6608695652173913,-1.2173913043478262,-2.382608695652174,-3.2,-1.5130434782608695,-1.3043478260869565,-3.1652173913043478,-2.2695652173913046,-1.5130434782608695,-0.5391304347826087,-1.9391304347826086,-1.826086956521739,-2.1043478260869564,-2.6,-1.7652173913043478,-1.8347826086956522,-2.0695652173913044,-2.026086956521739,-1.5217391304347827,-1.4608695652173913,-2.121739130434783,-1.3478260869565217,-1.8434782608695652,-2.5565217391304347,-0.7913043478260869,-0.9130434782608695,-3.4521739130434783,-2.3391304347826085,-1.5217391304347827,-0.1623931623931624,-1.017094017094017,-1.2905982905982907,-1.0598290598290598,-2.4444444444444446,-1.0512820512820513,-0.6666666666666666,-1.8888888888888888,-1.3162393162393162,-1.0854700854700854,-0.7435897435897436,-0.7863247863247863,-0.5555555555555556,-1.829059829059829,-2.1794871794871793,-0.905982905982906,-0.7264957264957265,-2.905982905982906,-1.829059829059829,-0.8974358974358975
P0A3Q0,-0.5238095238095238,-0.8333333333333334,-1.0873015873015872,-0.9920634920634921,-1.8492063492063493,-0.5873015873015873,-0.7698412698412699,-1.4603174603174602,-1.3015873015873016,-1.2063492063492063,-0.8095238095238095,-0.6904761904761905,-0.9285714285714286,-1.2222222222222223,-1.007936507936508,-0.3412698412698413,-0.8888888888888888,-1.8095238095238095,-0.9365079365079365,-1.126984126984127,-0.48412698412698413,-0.9444444444444444,-1.0634920634920635,-0.8650793650793651,-1.9285714285714286,-0.5238095238095238,-0.5714285714285714,-1.7222222222222223,-0.6190476190476191,-1.4047619047619047,-1.1349206349206349,-0.6507936507936508,-1.0793650793650793,-0.8650793650793651,-1.5952380952380953,-0.6190476190476191,-0.9920634920634921,-1.5714285714285714,-0.48412698412698413,-1.2936507936507937,-0.8174603174603174,-1.0396825396825398,-1.2301587301587302,-1.2142857142857142,-2.5,-0.8968253968253969,-0.7619047619047619,-1.4365079365079365,-1.2142857142857142,-1.3888888888888888,-1.2142857142857142,-0.9365079365079365,-1.0238095238095237,-1.119047619047619,-1.626984126984127,-0.9603174603174603,-0.9761904761904762,-1.6666666666666667,-0.9126984126984127,-1.3174603174603174,-0.6062992125984252,-0.7795275590551181,-0.5826771653543307,-1.0866141732283465,-2.0393700787401574,-0.6220472440944882,-0.5748031496062992,-1.5039370078740157,-0.905511811023622,-1.188976377952756,-1.0,-0.7637795275590551,-0.8346456692913385,-1.3622047244094488,-1.3779527559055118,-0.25196850393700787,-0.33070866141732286,-2.0,-0.968503937007874,-1.031496062992126
O34853,-0.8064516129032258,-1.3709677419354838,-1.8387096774193548,-2.274193548387097,-1.7903225806451613,-1.1290322580645162,-1.435483870967742,-2.096774193548387,-1.6612903225806452,-0.27419354838709675,-0.25806451612903225,-1.1774193548387097,-0.03225806451612903,-0.3064516129032258,-2.2580645161290325,-1.0161290322580645,-0.6451612903225806,-1.032258064516129,-0.24193548387096775,-0.24193548387096775,-0.5645161290322581,-1.1290322580645162,-1.1612903225806452,-1.6935483870967742,-2.032258064516129,-0.8225806451612904,-0.9354838709677419,-2.0161290322580645,-1.2258064516129032,-0.22580645161290322,-0.3387096774193548,-0.9032258064516129,-0.20967741935483872,-0.8064516129032258,-2.064516129032258,-0.532258064516129,-0.25806451612903225,-1.8064516129032258,-0.6612903225806451,-0.4032258064516129,-0.5161290322580645,-0.9193548387096774,-0.5483870967741935,-0.6612903225806451,-2.032258064516129,-0.3387096774193548,-0.3064516129032258,-1.7419354838709677,-0.6774193548387096,-1.4193548387096775,-1.435483870967742,-0.6129032258064516,-0.8709677419354839,-1.7903225806451613,-1.5,-0.3548387096774194,-0.2903225806451613,-2.3548387096774195,-1.064516129032258,-1.1290322580645162,-1.0,-1.435483870967742,-1.064516129032258,-1.0161290322580645,-2.1129032258064515,-0.7580645161290323,-0.6935483870967742,-2.0161290322580645,-1.3225806451612903,-0.6290322580645161,-0.9032258064516129,-1.0806451612903225,-0.7258064516129032,-1.1290322580645162,-1.7419354838709677,-0.6935483870967742,-0.3709677419354839,-2.225806451612903,-0.7258064516129032,-0.532258064516129
P0A0C1,-0.5378151260504201,-0.5294117647058824,-0.8739495798319328,-0.7142857142857143,-2.0,-0.3277310924369748,-0.2857142857142857,-1.1932773109243697,-0.6050420168067226,-0.8991596638655462,-0.7394957983193278,-0.44537815126050423,-0.6470588235294118,-0.7899159663865546,-1.2436974789915967,-0.5210084033613446,-0.5546218487394958,-1.0168067226890756,-0.3949579831932773,-0.7563025210084033,-0.7394957983193278,-0.44537815126050423,-0.5630252100840336,-1.0168067226890756,-1.8739495798319328,-0.42016806722689076,-0.4789915966386555,-1.546218487394958,-0.6722689075630253,-0.9159663865546218,-0.907563025210084,-0.3697478991596639,-0.7226890756302521,-0.8907563025210085,-1.3949579831932772,-0.4117647058823529,-0.4789915966386555,-2.0588235294117645,-0.5630252100840336,-0.8571428571428571,-0.15966386554621848,-0.5042016806722689,-0.7142857142857143,-0.4957983193277311,-1.73109243697479,-0.29411764705882354,-0.05042016806722689,-1.1596638655462186,-0.9747899159663865,-0.8403361344537815,-0.6638655462184874,-0.5798319327731093,-0.5546218487394958,-1.2605042016806722,-0.773109243697479,-0.3949579831932773,-0.3865546218487395,-1.546218487394958,-0.957983193277311,-0.7310924369747899,-0.7377049180327869,-0.7540983606557377,-1.0081967213114753,-0.6557377049180327,-1.8114754098360655,-0.639344262295082,-0.4262295081967213,-1.5163934426229508,-0.8524590163934426,-1.098360655737705,-0.7622950819672131,-0.8114754098360656,-0.9262295081967213,-1.0081967213114753,-1.6967213114754098,-0.8934426229508197,-0.9836065573770492,-1.8688524590163935,-0.8852459016393442,-1.040983606557377
P32959,-0.38392857142857145,-1.0357142857142858,-1.1160714285714286,-1.0892857142857142,-2.6339285714285716,-0.5714285714285714,-0.9910714285714286,-1.6071428571428572,-1.2678571428571428,-1.1696428571428572,-1.0714285714285714,-0.8214285714285714,-0.9732142857142857,-1.8125,-1.7410714285714286,-0.44642857142857145,-0.45535714285714285,-2.330357142857143,-1.3928571428571428,-0.9732142857142857,-0.4642857142857143,-0.5803571428571429,-0.6607142857142857,-0.75,-2.1785714285714284,-0.4107142857142857,-0.42857142857142855,-1.0535714285714286,-0.9107142857142857,-1.1160714285714286,-0.7946428571428571,-0.5357142857142857,-0.7410714285714286,-1.0267857142857142,-0.8928571428571429,-0.5,-0.35714285714285715,-1.7142857142857142,-0.4642857142857143,-0.875,-0.16964285714285715,-1.0089285714285714,-0.6696428571428571,-0.9375,-2.375,-0.6517857142857143,-1.1339285714285714,-0.49107142857142855,-0.9821428571428571,-1.1517857142857142,-0.9196428571428571,-0.9285714285714286,-0.5446428571428571,-1.0446428571428572,-0.9642857142857143,-0.33035714285714285,-0.2767857142857143,-1.1517857142857142,-0.5535714285714286,-0.8571428571428571,-0.11304347826086956,-0.6869565217391305,-0.9304347826086956,-1.0260869565217392,-2.0,-0.3652173913043478,-0.33043478260869563,-1.3652173913043477,-1.3043478260869565,-0.9391304347826087,-0.8434782608695652,-0.5130434782608696,-0.7304347826086957,-1.3391304347826087,-0.9565217391304348,-0.12173913043478261,-0.05217391304347826,-1.9391304347826086,-1.1043478260869566,-0.7304347826086957
P34024,-0.6455696202531646,-1.1772151898734178,-0.7215189873417721,-1.3924050632911393,-1.3924050632911393,-0.8860759493670886,-1.1772151898734178,-1.5822784810126582,-0.810126582278481,-1.0253164556962024,-0.7848101265822784,-0.7215189873417721,-0.46835443037974683,-0.8860759493670886,-1.2911392405063291,-0.16455696202531644,-0.35443037974683544,-1.4050632911392404,-0.7341772151898734,-0.8481012658227848,-0.9746835443037974,-1.1012658227848102,-0.810126582278481,-0.8987341772151899,-2.1012658227848102,-0.5569620253164557,-0.7848101265822784,-1.7468354430379747,-0.7215189873417721,-1.0253164556962024,-0.7848101265822784,-0.810126582278481,-0.569620253164557,-0.8860759493670886,-2.1012658227848102,-0.5316455696202531,-0.379746835443038,-2.1265822784810124,-0.6582278481012658,-0.8607594936708861,-0.569620253164557,-0.7468354430379747,-0.46835443037974683,-0.8734177215189873,-1.8101265822784811,-0.3291139240506329,-0.5443037974683544,-1.2025316455696202,-1.0,-0.8734177215189873,-0.9493670886075949,-0.20253164556962025,-0.620253164556962,-0.8987341772151899,-0.8481012658227848,-0.35443037974683544,-0.10126582278481013,-1.481012658227848,-0.4810126582278481,-0.6582278481012658,-0.2375,-0.75,-0.3,-1.0375,-2.025,-0.3375,-0.5375,-1.3625,-1.0,-0.8875,-1.05,-0.25,-0.675,-1.1875,-1.4875,-0.0375,-0.05,-2.0,-0.825,-0.6625
P37608,-0.42441860465116277,-0.7790697674418605,-0.9186046511627907,-1.2325581395348837,-2.0755813953488373,-0.4941860465116279,-0.5232558139534884,-1.494186046511628,-1.0813953488372092,-0.4941860465116279,-0.28488372093023256,-0.19186046511627908,-0.6337209302325582,-0.7093023255813954,-1.1395348837209303,-0.26744186046511625,-0.5174418604651163,-1.302325581395349,-0.6802325581395349,-0.5930232558139535,-0.2558139534883721,-1.6453488372093024,-1.7383720930232558,-2.703488372093023,-2.4593023255813953,-1.255813953488372,-2.3372093023255816,-1.7325581395348837,-2.0290697674418605,0.10465116279069768,0.0872093023255814,-2.005813953488372,-0.14534883720930233,-0.19186046511627908,-2.86046511627907,-0.436046511627907,-0.38372093023255816,-1.9883720930232558,-0.9593023255813954,-0.11627906976744186,-0.7209302325581395,-1.7267441860465116,-1.1569767441860466,-2.3313953488372094,-2.744186046511628,-1.2151162790697674,-1.819767441860465,-1.6627906976744187,-2.1569767441860463,-0.6337209302325582,-0.7383720930232558,-1.5988372093023255,-0.75,-1.1046511627906976,-2.738372093023256,-0.5232558139534884,-0.6918604651162791,-2.9127906976744184,-1.6569767441860466,-0.9011627906976745,-1.4342857142857144,-1.822857142857143,-1.96,-2.0285714285714285,-3.4571428571428573,-1.4857142857142858,-1.6628571428571428,-2.9085714285714284,-2.262857142857143,-1.4857142857142858,-1.542857142857143,-1.697142857142857,-1.5771428571428572,-2.5485714285714285,-3.474285714285714,-1.5657142857142856,-1.7314285714285715,-4.034285714285715,-2.7142857142857144,-1.72
P00644,-0.10526315789473684,-1.4035087719298245,-1.543859649122807,-2.0,-1.0175438596491229,-1.087719298245614,-1.5087719298245614,-1.631578947368421,-1.8596491228070176,-0.03508771929824561,0.0,-1.1929824561403508,0.2982456140350877,-0.631578947368421,-2.0,-0.49122807017543857,-0.24561403508771928,-2.0,-1.0175438596491229,0.0,-0.38596491228070173,-0.21052631578947367,-0.12280701754385964,-0.45614035087719296,-1.9473684210526316,-0.3508771929824561,-0.45614035087719296,-1.3157894736842106,-0.9298245614035088,-1.1754385964912282,-1.2280701754385965,0.08771929824561403,-1.3333333333333333,-1.1403508771929824,-1.2105263157894737,0.14035087719298245,-0.08771929824561403,-2.210526315789474,-0.5087719298245614,-0.7192982456140351,-0.6491228070175439,-0.22807017543859648,-1.4210526315789473,-1.2456140350877194,-2.0701754385964914,-0.543859649122807,-0.7894736842105263,-1.6491228070175439,-1.1754385964912282,-1.5789473684210527,-1.4035087719298245,-0.40350877192982454,-1.3508771929824561,-1.631578947368421,-1.4912280701754386,-0.8947368421052632,-0.8771929824561403,-2.3333333333333335,-1.1754385964912282,-1.263157894736842,-0.2833333333333333,-0.55,-0.9333333333333333,-1.35,-2.65,-0.3,-0.38333333333333336,-1.35,-1.25,-1.8666666666666667,-1.6666666666666667,-0.16666666666666666,-1.2333333333333334,-2.0166666666666666,-2.033333333333333,-0.8333333333333334,-1.2666666666666666,-1.6166666666666667,-1.1,-1.35
P11540,-0.9090909090909091,-0.5,-0.5454545454545454,-0.4090909090909091,-2.3181818181818183,-0.2727272727272727,-0.2727272727272727,-2.0,-1.1818181818181819,-0.7272727272727273,-1.1363636363636365,-0.45454545454545453,-0.5454545454545454,-1.7727272727272727,-2.090909090909091,-0.6818181818181818,-0.6363636363636364,-2.8181818181818183,-1.4545454545454546,-0.6818181818181818,-0.9545454545454546,-1.5909090909090908,-1.0909090909090908,-0.6818181818181818,-2.0454545454545454,-1.0,-0.6818181818181818,-1.5909090909090908,-1.3636363636363635,-1.5454545454545454,-1.2727272727272727,-1.1818181818181819,-1.2272727272727273,-1.5,-1.7727272727272727,-0.9090909090909091,-0.9545454545454546,-2.0,-1.0454545454545454,-1.5,-1.0909090909090908,-1.1818181818181819,-0.8636363636363636,-1.5,-2.3181818181818183,-0.09090909090909091,-0.5909090909090909,-2.1363636363636362,-1.3181818181818181,-1.0909090909090908,-0.6818181818181818,-0.7727272727272727,-0.5909090909090909,-0.8181818181818182,-1.8636363636363635,-0.8181818181818182,-0.36363636363636365,-1.1363636363636365,-0.7272727272727273,-1.0,-0.20833333333333334,-1.375,-1.25,-0.8333333333333334,-1.5,-0.5,-0.3333333333333333,-1.625,-1.625,-0.6666666666666666,-1.0,-0.9583333333333334,-0.7083333333333334,-1.625,-1.9166666666666667,-0.375,-0.5,-2.625,-1.4166666666666667,-0.5
P0A4Y0,0.18181818181818182,-0.8727272727272727,-1.209090909090909,-1.7727272727272727,-1.0272727272727273,-0.8909090909090909,-1.3,-1.4,-1.3818181818181818,-0.38181818181818183,-0.13636363636363635,-1.0454545454545454,-0.22727272727272727,-0.6181818181818182,-1.3727272727272728,-0.22727272727272727,-0.10909090909090909,-1.7181818181818183,-0.8545454545454545,0.0,-0.32727272727272727,-0.9636363636363636,-1.1818181818181819,-1.3909090909090909,-1.1454545454545455,-0.7545454545454545,-0.8363636363636363,-1.3272727272727274,-0.8363636363636363,0.12727272727272726,0.4636363636363636,-1.0363636363636364,0.3181818181818182,-0.06363636363636363,-1.5818181818181818,-0.42727272727272725,-0.14545454545454545,-1.3545454545454545,-0.14545454545454545,0.07272727272727272,-0.4090909090909091,-1.3272727272727274,-1.4545454545454546,-1.3181818181818181,-1.3181818181818181,-1.1181818181818182,-0.9636363636363636,-1.990909090909091,-1.4727272727272727,-0.7909090909090909,-0.7363636363636363,-1.3545454545454545,-0.5,-1.290909090909091,-2.1545454545454548,-0.7363636363636363,-0.8545454545454545,-3.0,-1.3636363636363635,-0.6363636363636364,-0.8230088495575221,-1.168141592920354,-1.2123893805309736,-1.4778761061946903,-1.8672566371681416,-1.1592920353982301,-1.168141592920354,-1.5221238938053097,-1.4690265486725664,-1.3805309734513274,-1.4778761061946903,-1.0176991150442478,-0.9557522123893806,-2.1946902654867255,-1.9734513274336283,-0.7522123893805309,-0.672566371681416,-3.0,-1.9646017699115044,-0.8407079646017699
Q2FZL3,-0.336734693877551,-0.7142857142857143,-0.3979591836734694,-0.9183673469387755,-1.8775510204081634,-0.30612244897959184,-0.5306122448979592,-1.4795918367346939,-0.9591836734693877,-1.0510204081632653,-1.153061224489796,-0.02040816326530612,-0.5714285714285714,-1.316326530612245,-1.5,0.0,-0.2653061224489796,-2.36734693877551,-0.9591836734693877,-0.826530612244898,-0.5816326530612245,-0.7346938775510204,-0.05102040816326531,-0.6326530612244898,-2.0,-0.3877551020408163,-0.42857142857142855,-1.5204081632653061,-1.030612244897959,-1.0816326530612246,-1.2551020408163265,-0.02040816326530612,-0.826530612244898,-1.4489795918367347,-1.1938775510204083,-0.12244897959183673,0.030612244897959183,-2.306122448979592,-0.8877551020408163,-0.7653061224489796,-0.6224489795918368,-0.5,-0.11224489795918367,-0.9897959183673469,-1.969387755102041,0.05102040816326531,-0.32653061224489793,-1.5,-0.6632653061224489,-1.4081632653061225,-1.2244897959183674,-0.35714285714285715,-0.6632653061224489,-1.1326530612244898,-1.5204081632653061,-0.17346938775510204,-0.11224489795918367,-2.061224489795918,-0.6836734693877551,-1.1224489795918366,-0.6060606060606061,-1.0,-0.16161616161616163,-0.8181818181818182,-2.111111111111111,-0.31313131313131315,-0.6666666666666666,-1.0808080808080809,-0.6565656565656566,-1.2727272727272727,-1.4141414141414141,-0.7171717171717171,-0.797979797979798,-1.5858585858585859,-1.5656565656565657,-0.24242424242424243,-0.43434343434343436,-2.121212121212121,-1.0101010101010102,-1.02020202020202
Q53778,-0.62,-0.6266666666666667,-0.20666666666666667,-0.49333333333333335,-2.2466666666666666,-0.05333333333333334,0.10666666666666667,-1.86,-0.7666666666666667,-1.0466666666666666,-0.7866666666666666,0.06,-0.58,-0.92,-1.7733333333333334,-0.25333333333333335,-0.31333333333333335,-2.0,-0.46,-0.92,-0.48,-0.7266666666666667,-0.26,-0.88,-2.16,-0.12666666666666668,-0.18,-1.64,-0.72,-1.0733333333333333,-0.98,-0.13333333333333333,-0.68,-1.0466666666666666,-1.52,-0.24666666666666667,-0.36,-2.1266666666666665,-0.5,-0.88,-0.68,-1.02,-0.5933333333333334,-1.0666666666666667,-2.16,-0.6466666666666666,-0.66,-1.5933333333333333,-0.8666666666666667,-1.0333333333333334,-0.92,-0.66,-0.7,-1.0333333333333334,-1.5466666666666666,-0.30666666666666664,-0.41333333333333333,-2.046666666666667,-0.6066666666666667,-0.94,-0.423841059602649,-0.9536423841059603,-0.8344370860927153,-0.9337748344370861,-2.0860927152317883,-0.33774834437086093,-0.32450331125827814,-1.490066225165563,-0.8211920529801324,-1.086092715231788,-0.9470198675496688,-0.32450331125827814,-0.7218543046357616,-0.9403973509933775,-1.6158940397350994,-0.40397350993377484,-0.5629139072847682,-1.7086092715231789,-0.47019867549668876,-0.9006622516556292
Q44052,-0.075,-0.8625,-0.675,-1.28125,-1.6375,-0.70625,-0.98125,-1.0625,-1.13125,-1.35,-1.13125,-0.775,-0.75625,-1.35,-1.09375,-0.19375,-0.36875,-1.525,-1.025,-0.95,-0.25625,-0.6625,-0.23125,-0.29375,-1.36875,-0.31875,-0.4875,-0.725,-0.9625,-0.9875,-0.9875,-0.5125,-0.6625,-1.0375,-1.0375,-0.15,-0.35,-0.90625,-0.7125,-0.81875,-0.3375,-1.0625,-0.45,-0.6125,-2.3,-0.56875,-0.83125,-0.74375,-1.25625,-1.075,-0.98125,-0.85625,-0.78125,-1.425,-1.29375,-0.2,-0.3375,-1.6125,-0.9875,-0.84375,0.14906832298136646,-1.062111801242236,-0.13664596273291926,-0.7453416149068323,-1.6024844720496894,-0.6024844720496895,-0.7577639751552795,-0.4472049689440994,-1.0869565217391304,-0.7453416149068323,-1.0683229813664596,-0.7080745341614907,-0.9751552795031055,-1.3726708074534162,-0.9316770186335404,0.36024844720496896,0.6211180124223602,-1.9751552795031055,-0.9130434782608695,-0.36645962732919257
P16397,-0.11452513966480447,-0.8770949720670391,-0.5698324022346368,-0.6396648044692738,-2.195530726256983,-0.729050279329609,-0.7486033519553073,-0.770949720670391,-0.9162011173184358,-0.9441340782122905,-1.0921787709497206,-0.5111731843575419,-0.9636871508379888,-1.282122905027933,-1.111731843575419,-0.01675977653631285,-0.3659217877094972,-1.988826815642458,-0.9804469273743017,-0.6452513966480447,-0.19832402234636873,-1.2988826815642458,-0.4860335195530726,-1.1452513966480447,-2.0754189944134076,-0.9301675977653632,-1.2430167597765363,-0.9301675977653632,-1.4776536312849162,-1.1284916201117319,-1.3491620111731844,-1.0251396648044693,-1.0977653631284916,-1.6899441340782122,-1.170391061452514,0.06424581005586592,-0.13687150837988826,-2.17877094972067,-1.2039106145251397,-0.888268156424581,-0.3407821229050279,-1.005586592178771,-0.6899441340782123,-0.8910614525139665,-2.011173184357542,-0.46089385474860334,-0.4553072625698324,-1.058659217877095,-1.2569832402234637,-1.458100558659218,-1.4385474860335195,-0.49441340782122906,-0.946927374301676,-1.6508379888268156,-1.3016759776536313,-0.1564245810055866,-0.4134078212290503,-2.164804469273743,-1.2402234636871508,-0.9636871508379888,-0.3955431754874652,-0.883008356545961,-0.4011142061281337,-0.7743732590529248,-1.9415041782729805,-0.5738161559888579,-0.5069637883008357,-1.1364902506963788,-1.298050139275766,-1.4038997214484679,-1.434540389972145,-0.5376044568245125,-0.9832869080779945,-1.8885793871866294,-1.3147632311977715,-0.06685236768802229,-0.30919220055710306,-2.4428969359331476,-1.5598885793871866,-0.947075208913649
P42175,-0.4527687296416938,-0.8143322475570033,-0.758957654723127,-1.0684039087947883,-2.1107491856677525,-0.6807817589576547,-0.9120521172638436,-1.0553745928338762,-0.8859934853420195,-1.257328990228013,-1.495114006514658,-0.6872964169381107,-0.8045602605863192,-1.504885993485342,-1.485342019543974,-0.46905537459283386,-0.511400651465798,-1.5602605863192183,-1.0749185667752443,-1.0423452768729642,-0.20846905537459284,-0.8143322475570033,-0.5863192182410424,-0.8110749185667753,-1.8045602605863191,-0.44625407166123776,-0.4495114006514658,-0.504885993485342,-0.762214983713355,-0.9022801302931596,-0.9153094462540716,-0.46579804560260585,-0.5309446254071661,-1.1205211726384365,-1.0521172638436482,-0.46905537459283386,-0.2899022801302932,-1.1172638436482085,-0.7850162866449512,-0.7850162866449512,-0.32247557003257327,-0.5830618892508144,-0.5863192182410424,-0.5700325732899023,-1.9022801302931596,-0.22149837133550487,-0.14006514657980457,-0.8697068403908795,-0.8208469055374593,-1.003257328990228,-0.8990228013029316,-0.504885993485342,-0.5309446254071661,-1.1400651465798046,-0.6612377850162866,-0.3941368078175896,-0.3713355048859935,-1.482084690553746,-0.8566775244299675,-0.7654723127035831,-0.4495114006514658,-0.4755700325732899,-0.5863192182410424,-0.6612377850162866,-2.013029315960912,-0.41042345276872966,-0.3127035830618892,-1.1042345276872965,-0.7003257328990228,-1.1986970684039089,-1.244299674267101,-0.498371335504886,-0.742671009771987,-1.241042345276873,-0.8729641693811075,-0.511400651465798,-0.41368078175895767,-1.5635179153094463,-0.8599348534201955,-0.9478827361563518
P12012,0.0,-1.9107142857142858,-2.0089285714285716,-2.375,-1.8928571428571428,-1.5446428571428572,-1.9642857142857142,-0.9910714285714286,-2.0982142857142856,-0.026785714285714284,0.044642857142857144,-1.5178571428571428,0.20535714285714285,-1.0982142857142858,-2.2410714285714284,-0.8571428571428571,-0.4732142857142857,-2.419642857142857,-1.6517857142857142,0.017857142857142856,-0.026785714285714284,-1.7232142857142858,-1.5178571428571428,-1.9017857142857142,-1.8392857142857142,-1.2857142857142858,-1.3928571428571428,-1.2232142857142858,-1.6785714285714286,-0.3125,-0.4017857142857143,-1.1160714285714286,-0.41964285714285715,-0.9196428571428571,-1.0178571428571428,-0.6964285714285714,-0.5,-2.3392857142857144,-1.2142857142857142,-0.19642857142857142,-0.026785714285714284,-1.7053571428571428,-1.5089285714285714,-1.9553571428571428,-1.7678571428571428,-1.3125,-1.6696428571428572,-0.9821428571428571,-1.7589285714285714,-0.07142857142857142,-0.13392857142857142,-1.3303571428571428,0.008928571428571428,-0.9017857142857143,-1.4375,-0.5357142857142857,-0.3482142857142857,-1.9910714285714286,-1.375,-0.08035714285714286,0.125,-1.9642857142857142,-1.5357142857142858,-2.1160714285714284,-1.4464285714285714,-1.4017857142857142,-1.7232142857142858,-1.0089285714285714,-1.7410714285714286,-0.11607142857142858,-0.17857142857142858,-1.5982142857142858,0.08928571428571429,-0.9821428571428571,-1.7321428571428572,-0.25892857142857145,0.008928571428571428,-2.142857142857143,-1.3660714285714286,-0.11607142857142858
Q03424,0.7078651685393258,-0.651685393258427,-1.0898876404494382,-1.2584269662921348,-1.4831460674157304,-0.4943820224719101,-0.6966292134831461,-0.7415730337078652,-1.4943820224719102,-1.0337078651685394,-0.9213483146067416,-0.38202247191011235,-0.7415730337078652,-1.7415730337078652,-1.1573033707865168,0.1348314606741573,0.12359550561797752,-2.4719101123595504,-1.5056179775280898,-0.550561797752809,0.6741573033707865,-0.651685393258427,-0.6404494382022472,-0.7415730337078652,-1.8426966292134832,-0.5955056179775281,-0.5168539325842697,-0.6966292134831461,-1.5393258426966292,-0.9887640449438202,-1.1797752808988764,-0.24719101123595505,-0.9550561797752809,-1.8651685393258426,-1.2134831460674158,0.1348314606741573,0.0,-2.269662921348315,-1.4269662921348314,-0.42696629213483145,0.16853932584269662,-1.0,-0.15730337078651685,-1.1348314606741574,-1.595505617977528,-0.8764044943820225,-1.0449438202247192,0.06741573033707865,-1.1797752808988764,-1.4831460674157304,-1.6067415730337078,-1.0112359550561798,-1.146067415730337,-1.6179775280898876,-1.4943820224719102,0.2247191011235955,0.2808988764044944,-1.898876404494382,-1.0898876404494382,-0.9213483146067416,0.0,-1.1222222222222222,-0.5888888888888889,-1.4111111111111112,-1.3333333333333333,-0.7,-1.1222222222222222,-0.23333333333333334,-1.1888888888888889,-1.5222222222222221,-1.5333333333333334,-0.9666666666666667,-1.0333333333333334,-1.9555555555555555,-1.488888888888889,0.2222222222222222,0.15555555555555556,-2.2555555555555555,-1.3444444444444446,-1.011111111111111
P16400,-0.5833333333333334,-1.0138888888888888,-2.1666666666666665,-2.6944444444444446,-3.2777777777777777,-1.0277777777777777,-1.6111111111111112,-2.6527777777777777,-1.4861111111111112,-1.7083333333333333,-0.875,-1.6111111111111112,-1.0277777777777777,-2.4027777777777777,-2.7916666666666665,-1.3333333333333333,-1.0138888888888888,-3.763888888888889,-2.375,-1.25,-0.2222222222222222,-0.20833333333333334,-1.5972222222222223,-1.2361111111111112,-2.6666666666666665,-0.4166666666666667,-0.7638888888888888,-1.9444444444444444,-0.9583333333333334,-0.4444444444444444,-0.19444444444444445,-1.8888888888888888,-0.6388888888888888,-1.1388888888888888,-1.6944444444444444,-0.8055555555555556,-0.7638888888888888,-2.4583333333333335,-1.9305555555555556,-0.5416666666666666,-0.16666666666666666,-0.041666666666666664,-1.2777777777777777,-1.0277777777777777,-1.7777777777777777,-0.5833333333333334,-0.7222222222222222,-1.5972222222222223,0.125,-1.1666666666666667,-0.4444444444444444,-1.2638888888888888,-0.9583333333333334,-0.6944444444444444,-0.5555555555555556,-0.8611111111111112,-0.9305555555555556,-1.5833333333333333,-1.0694444444444444,-0.9166666666666666,-0.05333333333333334,-0.56,-1.9733333333333334,-2.066666666666667,-2.2,-1.1333333333333333,-1.2933333333333332,-2.2133333333333334,-1.16,-0.7866666666666666,-0.22666666666666666,-1.6,-0.4666666666666667,-1.48,-1.4266666666666667,-0.8533333333333334,-0.6933333333333334,-1.9466666666666668,-1.4133333333333333,-0.5333333333333333
Q2G1N7,-1.0,-0.9354838709677419,-0.8387096774193549,-1.2258064516129032,-2.161290322580645,-0.5806451612903226,-0.5645161290322581,-2.3870967741935485,-0.8225806451612904,-0.6612903225806451,-0.5806451612903226,-0.3709677419354839,-0.3064516129032258,-0.43548387096774194,-2.0,-0.8064516129032258,-0.6451612903225806,-1.8870967741935485,-0.016129032258064516,-0.7741935483870968,-0.7419354838709677,-0.3064516129032258,-0.3870967741935484,-0.8064516129032258,-2.1129032258064515,0.04838709677419355,-0.11290322580645161,-2.1129032258064515,-0.9193548387096774,-0.8387096774193549,-1.2741935483870968,0.11290322580645161,-0.9032258064516129,-1.7903225806451613,-1.7419354838709677,-0.14516129032258066,-0.43548387096774194,-2.7580645161290325,-1.2903225806451613,-0.7580645161290323,-0.9516129032258065,-0.9516129032258065,-0.7580645161290323,-1.3870967741935485,-2.0161290322580645,-0.7580645161290323,-0.6935483870967742,-2.3870967741935485,-0.8870967741935484,-0.5806451612903226,-0.46774193548387094,-0.43548387096774194,-0.22580645161290322,-0.2903225806451613,-2.0483870967741935,-0.46774193548387094,-0.4032258064516129,-1.7419354838709677,0.08064516129032258,-0.7258064516129032,-0.875,-0.390625,-0.34375,-0.796875,-2.21875,-0.046875,-0.359375,-2.203125,-0.703125,-0.875,-1.0,-0.03125,-0.53125,-1.765625,-1.734375,-0.515625,-0.46875,-2.71875,-1.15625,-0.921875
Q45479,-1.105263157894737,-2.710526315789474,-2.9210526315789473,-3.236842105263158,-3.1052631578947367,-2.3947368421052633,-2.8157894736842106,-2.4473684210526314,-2.6052631578947367,0.6052631578947368,0.5263157894736842,-2.6578947368421053,-0.9210526315789473,0.2894736842105263,-2.8421052631578947,-1.763157894736842,-1.4210526315789473,-0.631578947368421,-1.0263157894736843,0.10526315789473684,-0.8947368421052632,-2.763157894736842,-2.710526315789474,-4.026315789473684,-3.026315789473684,-2.736842105263158,-3.3947368421052633,-1.7105263157894737,-2.3421052631578947,-0.07894736842105263,-0.13157894736842105,-3.0,-0.6842105263157895,0.5,-3.526315789473684,-1.4473684210526316,-1.5,-1.1842105263157894,-0.6052631578947368,-0.5263157894736842,-1.394736842105263,-2.3947368421052633,-2.526315789473684,-3.026315789473684,-3.1578947368421053,-2.5526315789473686,-3.289473684210526,-1.5526315789473684,-2.763157894736842,-0.8947368421052632,-1.2105263157894737,-2.6842105263157894,-1.5789473684210527,-0.7894736842105263,-3.710526315789474,-1.9210526315789473,-1.9473684210526316,-2.736842105263158,-1.6842105263157894,-1.5,-1.125,-2.5,-2.25,-2.375,-2.575,-2.425,-2.425,-2.175,-2.4,-0.725,-1.475,-1.975,-1.575,-0.175,-2.65,-1.525,-1.675,-2.125,-1.325,-1.125
P26235,-0.5157894736842106,-2.0736842105263156,-2.526315789473684,-2.968421052631579,-2.031578947368421,-2.094736842105263,-2.431578947368421,-1.4,-2.6315789473684212,0.5263157894736842,0.4421052631578947,-2.1052631578947367,-0.11578947368421053,0.11578947368421053,-2.0736842105263156,-1.105263157894737,-1.0421052631578946,-2.526315789473684,-1.5578947368421052,0.17894736842105263,0.12631578947368421,-2.1789473684210527,-1.8736842105263158,-2.357894736842105,-1.7894736842105263,-1.7157894736842105,-1.9578947368421054,-0.6210526315789474,-2.1578947368421053,0.25263157894736843,0.30526315789473685,-2.0736842105263156,0.07368421052631578,-0.17894736842105263,-2.1578947368421053,-0.18947368421052632,-0.3684210526315789,-2.1052631578947367,-1.5789473684210527,0.29473684210526313,-0.45263157894736844,-1.9894736842105263,-2.0631578947368423,-2.6526315789473682,-1.8736842105263158,-1.9684210526315788,-2.126315789473684,-1.0210526315789474,-2.1052631578947367,0.11578947368421053,0.15789473684210525,-2.042105263157895,-0.09473684210526316,0.09473684210526316,-1.936842105263158,-0.6842105263157895,-0.8421052631578947,-1.4947368421052631,-0.9263157894736842,-0.010526315789473684,-0.05102040816326531,-1.653061224489796,-2.061224489795918,-2.704081632653061,-2.336734693877551,-1.8061224489795917,-2.2857142857142856,-1.5714285714285714,-2.2244897959183674,0.46938775510204084,0.40816326530612246,-1.6734693877551021,-0.10204081632653061,-0.23469387755102042,-1.8979591836734695,-0.7755102040816326,-0.3469387755102041,-1.4591836734693877,-1.1428571428571428,0.3877551020408163
P15555,0.0297029702970297,-1.118811881188119,-1.0693069306930694,-1.4257425742574257,-1.891089108910891,-0.7524752475247525,-1.1683168316831682,-1.2772277227722773,-1.6435643564356435,-0.8811881188118812,-0.8910891089108911,-1.00990099009901,-0.9207920792079208,-1.3564356435643565,-1.3762376237623761,-0.18811881188118812,-0.04950495049504951,-2.514851485148515,-1.3465346534653466,-0.44554455445544555,-0.49504950495049505,-0.9801980198019802,-1.00990099009901,-0.8316831683168316,-2.3564356435643563,-0.6237623762376238,-1.0792079207920793,-1.306930693069307,-1.0396039603960396,-1.1386138613861385,-0.7128712871287128,-0.9900990099009901,-0.7920792079207921,-1.5346534653465347,-1.118811881188119,-0.5643564356435643,-0.5841584158415841,-1.7623762376237624,-0.9504950495049505,-1.0693069306930694,-0.37623762376237624,-0.7821782178217822,-0.7128712871287128,-0.7623762376237624,-2.4752475247524752,-0.46534653465346537,-0.693069306930693,-0.9504950495049505,-0.9702970297029703,-1.2277227722772277,-0.9207920792079208,-0.7623762376237624,-0.6534653465346535,-1.1584158415841583,-0.8910891089108911,-0.38613861386138615,-0.37623762376237624,-1.7623762376237624,-0.49504950495049505,-0.9603960396039604,0.04854368932038835,-1.0485436893203883,-0.5922330097087378,-1.0194174757281553,-2.3398058252427183,-0.6310679611650486,-0.7572815533980582,-0.5728155339805825,-1.2718446601941749,-1.203883495145631,-1.174757281553398,-0.6893203883495146,-0.7378640776699029,-1.3980582524271845,-0.6990291262135923,-0.23300970873786409,-0.1941747572815534,-1.766990291262136,-0.7864077669902912,-0.8543689320388349
Q2RKV6,-1.4430379746835442,-1.8860759493670887,-1.8481012658227849,-2.4430379746835444,-3.0126582278481013,-1.0759493670886076,-1.9113924050632911,-2.430379746835443,-1.6582278481012658,-2.4556962025316458,-2.2911392405063293,-1.7468354430379747,-1.5443037974683544,-2.2531645569620253,-2.3544303797468356,-1.4303797468354431,-1.5949367088607596,-3.1139240506329116,-1.5949367088607596,-2.2278481012658227,-1.7974683544303798,-2.6962025316455698,-2.1265822784810124,-2.1139240506329116,-2.8860759493670884,-1.7341772151898733,-1.7215189873417722,-2.5949367088607596,-2.6582278481012658,-1.9367088607594938,-1.9367088607594938,-2.151898734177215,-1.7848101265822784,-2.607594936708861,-2.5949367088607596,-1.6708860759493671,-1.7215189873417722,-3.037974683544304,-2.4556962025316458,-1.860759493670886,-1.240506329113924,-1.6708860759493671,-1.481012658227848,-1.5443037974683544,-2.5443037974683542,-0.8354430379746836,-0.810126582278481,-2.569620253164557,-1.1645569620253164,-1.8354430379746836,-1.4430379746835442,-1.240506329113924,-1.2278481012658229,-1.4303797468354431,-2.721518987341772,-1.3417721518987342,-1.379746835443038,-2.4556962025316458,-0.8354430379746836,-1.5316455696202531,-0.23170731707317074,-0.6829268292682927,-1.0975609756097562,-1.5121951219512195,-2.182926829268293,-0.6707317073170732,-0.8780487804878049,-1.6341463414634145,-1.4634146341463414,-1.7317073170731707,-1.5975609756097562,-0.5853658536585366,-1.3414634146341464,-2.402439024390244,-1.9634146341463414,-0.5365853658536586,-0.9390243902439024,-3.0609756097560976,-1.8658536585365855,-1.3658536585365855
P96501,0.12162162162162163,-0.9864864864864865,0.1891891891891892,-1.2297297297297298,-2.7027027027027026,0.0,-1.1891891891891893,-1.2162162162162162,-1.6486486486486487,-1.3108108108108107,-1.3108108108108107,-0.9594594594594594,-0.5135135135135135,-2.4864864864864864,-2.4054054054054053,0.2702702702702703,-0.2702702702702703,-3.1216216216216215,-2.0,-1.162162162162162,-0.05405405405405406,-0.9594594594594594,-0.06756756756756757,-0.6891891891891891,-2.7027027027027026,0.06756756756756757,-0.5405405405405406,-1.2432432432432432,-1.8108108108108107,-1.2972972972972974,-1.337837837837838,-0.5135135135135135,-0.9459459459459459,-2.2027027027027026,-2.310810810810811,-0.013513513513513514,0.0,-3.175675675675676,-1.8513513513513513,-1.1756756756756757,0.6351351351351351,-1.1081081081081081,0.25675675675675674,0.40540540540540543,-2.3378378378378377,-0.13513513513513514,-0.3783783783783784,0.22972972972972974,-1.554054054054054,-0.5540540540540541,-0.8108108108108109,-0.20270270270270271,-0.5405405405405406,-1.364864864864865,-1.337837837837838,0.36486486486486486,0.8243243243243243,-2.527027027027027,-1.3918918918918919,-0.2972972972972973,-0.19736842105263158,-1.5394736842105263,-0.3157894736842105,-1.1710526315789473,-3.0657894736842106,-0.18421052631578946,-1.105263157894737,-1.9736842105263157,-2.1710526315789473,-1.1710526315789473,-1.4078947368421053,-0.9078947368421053,-0.8289473684210527,-2.3026315789473686,-2.736842105263158,0.0,-0.17105263157894737,-3.486842105263158,-2.0921052631578947,-0.8289473684210527
Q59118,-0.19298245614035087,-0.7543859649122807,-0.7953216374269005,-0.8187134502923976,-1.9298245614035088,-0.49122807017543857,-0.39766081871345027,-1.345029239766082,-1.128654970760234,-0.6842105263157895,-0.9064327485380117,-0.5146198830409356,-0.8245614035087719,-1.4619883040935673,-0.6432748538011696,-0.19298245614035087,-0.12280701754385964,-2.2222222222222223,-1.263157894736842,-0.5029239766081871,-0.8128654970760234,-0.9005847953216374,-0.9824561403508771,-1.1929824561403508,-2.3567251461988303,-0.8362573099415205,-1.0058479532163742,-1.4210526315789473,-1.0175438596491229,-1.239766081871345,-1.2923976608187135,-0.9941520467836257,-0.8596491228070176,-1.2456140350877194,-1.0701754385964912,-0.5964912280701754,-0.695906432748538,-2.497076023391813,-0.9590643274853801,-0.9239766081871345,-0.672514619883041,-1.1345029239766082,-0.8713450292397661,-1.1637426900584795,-2.52046783625731,-0.9005847953216374,-0.8713450292397661,-1.5321637426900585,-0.8538011695906432,-1.128654970760234,-1.304093567251462,-0.9064327485380117,-0.9883040935672515,-1.1754385964912282,-1.695906432748538,-0.6257309941520468,-0.38596491228070173,-2.064327485380117,-0.7076023391812866,-0.8771929824561403,-0.7251461988304093,-1.1812865497076024,-0.695906432748538,-1.1228070175438596,-2.304093567251462,-0.8187134502923976,-0.9122807017543859,-1.4152046783625731,-0.8245614035087719,-1.6842105263157894,-1.6666666666666667,-1.0760233918128654,-1.3859649122807018,-1.672514619883041,-0.9298245614035088,-0.45614035087719296,-0.4444444444444444,-2.146198830409357,-1.3216374269005848,-1.2514619883040936
P81102,-0.4,-1.08,-1.8,-1.68,-2.76,-1.4,-1.34,-2.66,-1.06,-1.9,-1.78,-1.38,-1.44,-2.36,-2.28,-0.68,-0.46,-3.32,-2.16,-1.46,0.08,-0.1,-1.0,-0.46,-2.42,-0.3,0.04,-1.4,-1.04,-1.16,-0.84,-0.1,-0.72,-1.38,-1.04,-0.8,-0.72,-1.28,-0.84,-0.58,0.56,-0.86,-0.94,-1.0,-1.32,-0.28,-0.78,-0.64,-1.04,-0.62,-0.38,-1.0,-0.2,-0.68,-1.28,-0.48,-0.54,-1.64,-0.62,-0.42,-0.5,-1.1730769230769231,-1.3461538461538463,-1.3076923076923077,-2.1153846153846154,-1.2884615384615385,-0.9230769230769231,-1.5384615384615385,-1.5961538461538463,-1.2307692307692308,-1.0961538461538463,-1.1346153846153846,-1.0576923076923077,-1.5769230769230769,-0.7692307692307693,-0.9615384615384616,-0.9230769230769231,-2.576923076923077,-1.7307692307692308,-0.6346153846153846
P07883,-0.44155844155844154,-1.051948051948052,-0.44155844155844154,-0.6103896103896104,-2.0,-0.5194805194805194,-0.6363636363636364,-1.103896103896104,-1.1948051948051948,-1.1168831168831168,-1.077922077922078,-0.4935064935064935,-0.8571428571428571,-1.1948051948051948,-0.922077922077922,-0.35064935064935066,-0.22077922077922077,-1.6103896103896105,-1.0,-1.0,-0.44155844155844154,-0.8441558441558441,-0.3246753246753247,-1.1168831168831168,-2.3376623376623376,-0.7402597402597403,-0.987012987012987,-0.6753246753246753,-1.4155844155844155,-1.6493506493506493,-1.6233766233766234,-0.5194805194805194,-0.8701298701298701,-1.2207792207792207,-1.0389610389610389,-0.11688311688311688,-0.03896103896103896,-1.3896103896103895,-0.6103896103896104,-1.0909090909090908,-0.6493506493506493,-0.7142857142857143,-0.025974025974025976,-0.2077922077922078,-1.7402597402597402,-0.2597402597402597,-0.33766233766233766,-0.42857142857142855,-0.05194805194805195,-1.0129870129870129,-1.2597402597402598,-0.4155844155844156,-0.974025974025974,-0.7532467532467533,-0.7792207792207793,-0.35064935064935066,-0.15584415584415584,-0.45454545454545453,-0.2597402597402597,-0.7922077922077922,-0.7435897435897436,-0.9102564102564102,-0.6025641025641025,-0.6410256410256411,-2.423076923076923,-0.7564102564102564,-0.6923076923076923,-1.3717948717948718,-0.9358974358974359,-1.064102564102564,-1.2820512820512822,-0.6282051282051282,-0.7692307692307693,-1.0897435897435896,-0.8974358974358975,-0.7051282051282052,-0.47435897435897434,-1.1923076923076923,-0.47435897435897434,-0.8461538461538461
Q5HJF4,-0.4385026737967914,-0.5935828877005348,-0.5882352941176471,-0.6898395721925134,-2.128342245989305,-0.3850267379679144,-0.27807486631016043,-1.3155080213903743,-0.8877005347593583,-1.1818181818181819,-1.160427807486631,-0.2887700534759358,-0.6844919786096256,-1.427807486631016,-1.4331550802139037,-0.47593582887700536,-0.35294117647058826,-2.0,-1.0,-1.0267379679144386,-0.37433155080213903,-0.7754010695187166,-0.8181818181818182,-0.8609625668449198,-1.9786096256684491,-0.39037433155080214,-0.42245989304812837,-1.5240641711229947,-0.9786096256684492,-0.9144385026737968,-0.8877005347593583,-0.5668449197860963,-0.4919786096256685,-1.358288770053476,-1.6203208556149733,-0.5187165775401069,-0.40106951871657753,-2.0588235294117645,-0.9144385026737968,-0.946524064171123,-0.44919786096256686,-1.0695187165775402,-0.7112299465240641,-0.8502673796791443,-1.6363636363636365,-0.7433155080213903,-0.5882352941176471,-1.267379679144385,-1.0481283422459893,-1.032085561497326,-0.946524064171123,-0.6577540106951871,-0.40641711229946526,-1.13903743315508,-1.5080213903743316,-0.6042780748663101,-0.5133689839572193,-1.9358288770053476,-0.7058823529411765,-0.8235294117647058,-0.526595744680851,-0.9468085106382979,-0.5425531914893617,-0.851063829787234,-2.148936170212766,-0.574468085106383,-0.7127659574468085,-1.2712765957446808,-0.9521276595744681,-1.3404255319148937,-1.3351063829787233,-0.648936170212766,-0.8882978723404256,-1.6117021276595744,-1.4574468085106382,-0.34574468085106386,-0.42021276595744683,-2.4680851063829787,-1.1329787234042554,-0.9468085106382979
P46033,-0.5338983050847458,-1.0932203389830508,-1.1864406779661016,-0.9576271186440678,-2.0762711864406778,-1.0254237288135593,-0.8813559322033898,-1.6440677966101696,-1.5593220338983051,-1.2033898305084745,-1.271186440677966,-0.8559322033898306,-0.864406779661017,-1.3389830508474576,-1.4915254237288136,-0.788135593220339,-0.6949152542372882,-1.9830508474576272,-1.5338983050847457,-1.0423728813559323,-0.4661016949152542,-1.305084745762712,-0.9661016949152542,-0.8305084745762712,-1.8220338983050848,-0.788135593220339,-0.6101694915254238,-0.8898305084745762,-0.8813559322033898,-1.2796610169491525,-1.3220338983050848,-1.0338983050847457,-1.0338983050847457,-1.0338983050847457,-0.9322033898305084,-0.6271186440677966,-0.8559322033898306,-1.9322033898305084,-0.8389830508474576,-1.0,-0.5254237288135594,-1.4915254237288136,-1.152542372881356,-1.7881355932203389,-2.23728813559322,-1.4830508474576272,-1.4152542372881356,-1.3559322033898304,-1.1694915254237288,-1.6271186440677967,-1.61864406779661,-1.076271186440678,-1.194915254237288,-1.923728813559322,-2.1271186440677967,-0.7542372881355932,-0.9576271186440678,-2.516949152542373,-1.4067796610169492,-1.423728813559322,-0.525,-1.1916666666666667,-1.2833333333333334,-1.0666666666666667,-2.3,-1.0333333333333334,-0.625,-1.8583333333333334,-1.45,-1.5166666666666666,-1.2083333333333333,-0.9916666666666667,-1.2,-1.8,-1.675,-0.9083333333333333,-1.025,-2.683333333333333,-1.275,-1.35
Q47N75,-0.25806451612903225,-0.8924731182795699,-0.8387096774193549,-0.9247311827956989,-3.161290322580645,-0.25806451612903225,0.12903225806451613,-2.096774193548387,-1.8387096774193548,-1.118279569892473,-1.086021505376344,0.16129032258064516,-1.3333333333333333,-2.2688172043010755,-2.064516129032258,-0.7741935483870968,-0.6451612903225806,-3.4838709677419355,-2.2795698924731185,-1.2795698924731183,-1.2688172043010753,-1.4086021505376345,-1.2258064516129032,-1.3225806451612903,-3.3870967741935485,-1.032258064516129,-0.7311827956989247,-2.4516129032258065,-1.4193548387096775,-1.5376344086021505,-1.6451612903225807,-1.010752688172043,-1.4623655913978495,-1.5698924731182795,-1.967741935483871,-1.2795698924731183,-1.1827956989247312,-2.849462365591398,-1.4731182795698925,-1.6236559139784945,-1.6774193548387097,-1.7311827956989247,-2.182795698924731,-2.3548387096774195,-2.913978494623656,-1.6881720430107527,-1.7741935483870968,-2.817204301075269,-1.6881720430107527,-1.7204301075268817,-1.8064516129032258,-1.8172043010752688,-1.1612903225806452,-1.7956989247311828,-2.7204301075268815,-1.3978494623655915,-1.1827956989247312,-3.4838709677419355,-1.6881720430107527,-1.6989247311827957,-1.6666666666666667,-1.8602150537634408,-1.6559139784946237,-1.935483870967742,-2.6129032258064515,-1.6881720430107527,-1.5698924731182795,-1.6559139784946237,-1.8494623655913978,-1.6881720430107527,-1.5053763440860215,-1.6666666666666667,-1.075268817204301,-1.5806451612903225,-2.4623655913978495,-1.6129032258064515,-1.8064516129032258,-2.3548387096774195,-1.6236559139784945,-1.4408602150537635
Q45068,-0.21551724137931033,-1.7155172413793103,-1.7672413793103448,-2.1120689655172415,-1.8448275862068966,-1.2327586206896552,-1.6982758620689655,-1.2844827586206897,-1.8017241379310345,-0.6120689655172413,-0.6206896551724138,-1.4051724137931034,-0.33620689655172414,-0.6810344827586207,-1.8275862068965518,-0.5258620689655172,-0.3448275862068966,-1.8189655172413792,-1.0172413793103448,-0.5431034482758621,-0.13793103448275862,-1.5086206896551724,-1.5172413793103448,-2.103448275862069,-1.9224137931034482,-1.3362068965517242,-1.7413793103448276,-0.9827586206896551,-1.8706896551724137,-0.07758620689655173,-0.47413793103448276,-1.293103448275862,-0.12931034482758622,-0.5775862068965517,-1.9051724137931034,-0.6982758620689655,-0.5172413793103449,-2.1551724137931036,-1.103448275862069,-0.06896551724137931,0.3103448275862069,-1.9051724137931034,-1.3793103448275863,-1.9137931034482758,-1.8620689655172413,-1.103448275862069,-1.4741379310344827,-0.7672413793103449,-1.603448275862069,-0.75,-0.8879310344827587,-1.4137931034482758,-0.43103448275862066,-1.1120689655172413,-1.6896551724137931,-0.23275862068965517,-0.1896551724137931,-2.103448275862069,-1.3706896551724137,-0.5431034482758621,-0.41025641025641024,-1.2564102564102564,-1.264957264957265,-1.6923076923076923,-1.8632478632478633,-1.017094017094017,-1.170940170940171,-1.4871794871794872,-1.4786324786324787,-0.3247863247863248,-0.42735042735042733,-0.7948717948717948,-0.358974358974359,-0.5982905982905983,-1.794871794871795,-0.717948717948718,-0.49572649572649574,-1.4786324786324787,-0.5726495726495726,-0.29914529914529914
Q8RP81,-1.018348623853211,-1.9541284403669725,-1.7339449541284404,-1.7889908256880733,-3.2752293577981653,-1.889908256880734,-1.385321100917431,-2.055045871559633,-2.522935779816514,-1.9357798165137614,-2.302752293577982,-1.4862385321100917,-2.18348623853211,-2.926605504587156,-2.7339449541284404,-1.3027522935779816,-1.3944954128440368,-4.165137614678899,-2.770642201834862,-1.5596330275229358,-0.6697247706422018,-2.614678899082569,-1.944954128440367,-2.770642201834862,-2.963302752293578,-2.0825688073394497,-2.2660550458715596,-2.036697247706422,-2.477064220183486,-1.908256880733945,-1.963302752293578,-1.889908256880734,-1.5229357798165137,-2.7981651376146788,-2.688073394495413,-1.3211009174311927,-1.5321100917431192,-4.174311926605505,-2.7247706422018347,-1.834862385321101,-1.128440366972477,-2.36697247706422,-1.871559633027523,-1.2201834862385321,-2.614678899082569,-1.5137614678899083,-1.1926605504587156,-2.2477064220183487,-2.1009174311926606,-1.5504587155963303,-1.798165137614679,-1.3027522935779816,-1.724770642201835,-2.0642201834862384,-2.889908256880734,-1.2568807339449541,-1.3394495412844036,-3.165137614678899,-1.7889908256880733,-1.5871559633027523,-0.6666666666666666,-1.3513513513513513,-1.5135135135135136,-2.009009009009009,-2.5765765765765765,-1.3153153153153154,-1.4504504504504505,-1.8198198198198199,-1.882882882882883,-1.4864864864864864,-1.7837837837837838,-1.117117117117117,-1.5675675675675675,-2.5495495495495497,-2.774774774774775,-0.9009009009009009,-0.9459459459459459,-3.5315315315315314,-2.324324324324324,-1.6126126126126126
Q8G4V2,-0.16774193548387098,-1.4709677419354839,-0.9741935483870968,-1.3161290322580645,-2.6516129032258067,-0.8516129032258064,-0.9354838709677419,-1.8838709677419354,-1.6709677419354838,-0.864516129032258,-1.1419354838709677,-0.6645161290322581,-1.3225806451612903,-1.6580645161290322,-1.4967741935483871,-0.8,-0.8451612903225807,-3.096774193548387,-1.9870967741935484,-0.9483870967741935,-0.6193548387096774,-0.8451612903225807,-1.0064516129032257,-0.6709677419354839,-2.52258064516129,-0.8387096774193549,-0.22580645161290322,-1.4193548387096775,-1.0258064516129033,-1.1806451612903226,-1.096774193548387,-0.6193548387096774,-1.238709677419355,-1.2451612903225806,-2.264516129032258,-1.096774193548387,-1.2,-1.7548387096774194,-0.6516129032258065,-1.167741935483871,-0.8774193548387097,-1.2451612903225806,-1.3870967741935485,-1.0129032258064516,-2.9806451612903224,-1.1612903225806452,-1.1935483870967742,-1.7419354838709677,-1.4387096774193548,-1.1290322580645162,-1.1935483870967742,-0.9096774193548387,-0.9032258064516129,-1.303225806451613,-2.329032258064516,-1.1612903225806452,-0.9806451612903225,-2.2774193548387096,-1.3096774193548386,-0.8580645161290322,-0.4838709677419355,-1.1419354838709677,-1.238709677419355,-1.4129032258064516,-2.361290322580645,-1.1096774193548387,-0.9096774193548387,-2.141935483870968,-1.5161290322580645,-1.1935483870967742,-0.7612903225806451,-1.0516129032258064,-1.0774193548387097,-1.6129032258064515,-2.3096774193548386,-0.9612903225806452,-0.896774193548387,-2.664516129032258,-1.3741935483870968,-1.032258064516129
P43163,0.9122807017543859,-1.1929824561403508,-1.1754385964912282,-1.368421052631579,-1.4210526315789473,-0.6666666666666666,-0.9824561403508771,-0.2982456140350877,-1.631578947368421,-1.1403508771929824,-0.9824561403508771,-0.8421052631578947,-0.8070175438596491,-1.8596491228070176,-0.2807017543859649,0.15789473684210525,0.0,-2.3684210526315788,-1.6140350877192982,-0.5964912280701754,0.5087719298245614,-0.631578947368421,-0.6491228070175439,-1.2982456140350878,-1.5263157894736843,-0.38596491228070173,-0.5964912280701754,-1.1754385964912282,-1.2280701754385965,-1.1578947368421053,-1.2982456140350878,-0.543859649122807,-0.8070175438596491,-1.5614035087719298,-1.2280701754385965,0.3684210526315789,0.08771929824561403,-2.3859649122807016,-1.263157894736842,-0.49122807017543857,-0.40350877192982454,-0.5263157894736842,-0.21052631578947367,-0.6666666666666666,-2.017543859649123,-0.15789473684210525,-0.47368421052631576,-0.6666666666666666,-0.3333333333333333,-1.8771929824561404,-1.8771929824561404,-0.7017543859649122,-1.2456140350877194,-1.543859649122807,-1.631578947368421,0.017543859649122806,-0.3333333333333333,-2.0526315789473686,-0.7543859649122807,-1.4210526315789473,-0.06896551724137931,-0.9655172413793104,-0.5689655172413793,-1.0517241379310345,-1.5344827586206897,-0.3275862068965517,-0.6551724137931034,-0.7586206896551724,-1.1724137931034482,-1.9310344827586208,-1.5862068965517242,-0.6896551724137931,-1.0,-1.9310344827586208,-0.9137931034482759,0.06896551724137931,-0.5172413793103449,-2.293103448275862,-1.5344827586206897,-1.396551724137931
P0A5T0,-0.2,-0.68,-1.34,-1.14,-2.12,-0.52,-0.36,-2.06,-1.24,-0.62,-1.18,-0.66,-0.4,-2.06,-1.68,-0.66,-0.14,-2.58,-1.4,-0.8,-0.82,-0.74,-1.76,-1.16,-2.22,-1.34,-1.2,-1.38,-1.36,-0.52,-0.84,-1.04,-0.9,-1.96,-1.78,-1.04,-0.78,-3.0,-1.82,-0.68,-0.62,-1.08,-1.54,-0.98,-2.34,-1.42,-1.2,-1.58,-1.94,-0.62,-1.02,-1.02,-0.96,-2.06,-1.9,-1.08,-0.5,-3.4,-1.94,-0.3,-1.4423076923076923,-1.5576923076923077,-1.5,-1.0576923076923077,-2.5576923076923075,-1.5961538461538463,-1.2692307692307692,-2.1153846153846154,-1.5,-1.1538461538461537,-1.5769230769230769,-1.4423076923076923,-1.5576923076923077,-1.4230769230769231,-1.8269230769230769,-1.6923076923076923,-1.7115384615384615,-2.5384615384615383,-0.8846153846153846,-0.8269230769230769
P0A668,0.6666666666666666,-1.2083333333333333,-0.8125,-1.4791666666666667,-0.625,-0.6458333333333334,-0.9791666666666666,-0.4791666666666667,-1.3333333333333333,-1.2708333333333333,-1.2916666666666667,-0.6875,-0.7708333333333334,-1.7708333333333333,-0.875,0.25,-0.08333333333333333,-2.2291666666666665,-1.25,-0.8125,-0.2708333333333333,-0.6875,-0.3541666666666667,-0.8125,-1.7708333333333333,0.08333333333333333,-0.4583333333333333,-0.8125,-1.0208333333333333,-0.875,-0.5208333333333334,-0.5,-0.625,-1.3333333333333333,-0.9166666666666666,0.0,0.08333333333333333,-2.625,-1.2083333333333333,-0.5625,-0.5416666666666666,-1.0208333333333333,-0.5625,-1.0,-2.3958333333333335,-0.6875,-0.8541666666666666,-1.6875,-1.5,-0.8541666666666666,-0.6666666666666666,-0.7708333333333334,-0.7916666666666666,-1.3541666666666667,-1.5,-0.4375,-0.375,-2.3125,-1.3541666666666667,-0.8958333333333334,-0.7142857142857143,-1.489795918367347,-0.5510204081632653,-0.8979591836734694,-2.4489795918367347,-0.8367346938775511,-1.0612244897959184,-1.3877551020408163,-1.2244897959183674,-0.7755102040816326,-1.2653061224489797,-1.2040816326530612,-1.1224489795918366,-2.2244897959183674,-1.469387755102041,-0.4489795918367347,-0.22448979591836735,-3.163265306122449,-1.7346938775510203,-0.30612244897959184
P39046,-0.08433734939759036,-0.5662650602409639,-0.536144578313253,-0.9337349397590361,-1.9457831325301205,-0.3132530120481928,-0.42771084337349397,-1.3012048192771084,-0.9759036144578314,-1.1686746987951808,-1.0903614457831325,-0.2469879518072289,-0.7469879518072289,-1.4036144578313252,-1.144578313253012,-0.03614457831325301,-0.1746987951807229,-2.13855421686747,-0.9819277108433735,-0.8795180722891566,0.14457831325301204,-1.1024096385542168,-0.012048192771084338,-0.6626506024096386,-1.1566265060240963,-0.1686746987951807,-0.7831325301204819,-0.572289156626506,-1.0843373493975903,-0.9939759036144579,-1.180722891566265,-0.3253012048192771,-1.2289156626506024,-1.536144578313253,-0.25903614457831325,0.5421686746987951,0.7891566265060241,-1.8614457831325302,-0.9096385542168675,-0.6686746987951807,-0.09036144578313253,-1.0180722891566265,0.3072289156626506,-0.6325301204819277,-1.1987951807228916,-0.12048192771084337,-0.6626506024096386,-0.7951807228915663,-1.4096385542168675,-1.0301204819277108,-1.3614457831325302,-0.09036144578313253,-1.4337349397590362,-1.5783132530120483,-0.12048192771084337,0.3855421686746988,0.6265060240963856,-2.3734939759036147,-1.0060240963855422,-0.6566265060240963,-0.26785714285714285,-1.25,0.05357142857142857,-0.8273809523809523,-1.4583333333333333,-0.125,-0.8095238095238095,-0.9523809523809523,-1.2678571428571428,-0.9047619047619048,-1.3452380952380953,-0.21428571428571427,-1.3154761904761905,-1.6130952380952381,-0.4166666666666667,0.0,0.27380952380952384,-2.113095238095238,-1.0416666666666667,-0.7083333333333334
O05724,-1.3658536585365855,-1.5365853658536586,-1.2439024390243902,-1.7073170731707317,-2.7560975609756095,-1.3414634146341464,-1.048780487804878,-2.4390243902439024,-1.8048780487804879,-1.1951219512195121,-1.8048780487804879,-0.7317073170731707,-1.024390243902439,-1.5365853658536586,-2.048780487804878,-1.3170731707317074,-1.1219512195121952,-3.2439024390243905,-1.4634146341463414,-0.8292682926829268,-1.6341463414634145,-2.5853658536585367,-1.975609756097561,-2.1219512195121952,-2.1219512195121952,-2.1463414634146343,-2.048780487804878,-2.1951219512195124,-2.1219512195121952,-1.4146341463414633,-1.7804878048780488,-2.1219512195121952,-1.975609756097561,-2.2195121951219514,-1.7560975609756098,-2.024390243902439,-1.6097560975609757,-3.1951219512195124,-1.7804878048780488,-1.048780487804878,-1.3414634146341464,-1.9268292682926829,-1.5365853658536586,-0.5121951219512195,-2.7804878048780486,-1.2682926829268293,-0.6585365853658537,-2.4146341463414633,-1.7560975609756098,-1.6097560975609757,-1.7804878048780488,-0.8780487804878049,-1.4146341463414633,-2.8536585365853657,-2.341463414634146,-1.4634146341463414,-1.4634146341463414,-3.5853658536585367,-2.317073170731707,-1.7073170731707317,-1.0,-1.0952380952380953,-1.0476190476190477,-1.1428571428571428,-3.0,-0.8809523809523809,0.047619047619047616,-2.261904761904762,-1.2142857142857142,-1.619047619047619,-1.9523809523809523,0.19047619047619047,-1.9761904761904763,-1.8571428571428572,-2.642857142857143,-1.4523809523809523,-1.4285714285714286,-2.119047619047619,-1.3333333333333333,-1.5714285714285714
P11701,0.32323232323232326,-0.8434343434343434,0.20202020202020202,-0.1919191919191919,-2.0707070707070705,0.18686868686868688,0.19696969696969696,-1.106060606060606,-1.1464646464646464,-1.3080808080808082,-1.601010101010101,0.20202020202020202,-1.0909090909090908,-2.257575757575758,-1.2323232323232323,0.6565656565656566,0.8333333333333334,-2.7474747474747474,-1.6717171717171717,-0.5909090909090909,-0.41414141414141414,-0.8333333333333334,-0.09090909090909091,-0.37373737373737376,-1.9545454545454546,-0.3333333333333333,-0.5656565656565656,-1.005050505050505,-0.7777777777777778,-1.1868686868686869,-1.3232323232323233,-0.4898989898989899,-0.9595959595959596,-1.106060606060606,-1.3282828282828283,-0.18181818181818182,-0.23232323232323232,-1.5505050505050506,-0.6616161616161617,-1.005050505050505,-0.4595959595959596,-1.0606060606060606,-0.37373737373737376,-0.7323232323232324,-1.9242424242424243,-0.6464646464646465,-0.7272727272727273,-0.9646464646464646,-1.0,-1.1868686868686869,-1.1565656565656566,-0.7626262626262627,-0.8636363636363636,-1.2272727272727273,-1.1363636363636365,-0.2727272727272727,-0.31313131313131315,-1.8484848484848484,-0.8686868686868687,-0.8939393939393939,-0.40298507462686567,-1.0049751243781095,-0.15920398009950248,-0.527363184079602,-1.9751243781094527,-0.5373134328358209,-0.5373134328358209,-0.9950248756218906,-1.0,-1.3134328358208955,-1.492537313432836,-0.4228855721393035,-1.064676616915423,-1.6069651741293531,-0.7761194029850746,0.06467661691542288,-0.13930348258706468,-2.2139303482587063,-1.2885572139303483,-0.9502487562189055
P36921,-1.0909090909090908,-2.1515151515151514,-2.272727272727273,-2.6666666666666665,-2.9696969696969697,-2.393939393939394,-2.0606060606060606,-0.7878787878787878,-2.4242424242424243,-1.8181818181818181,-2.727272727272727,-1.3333333333333333,-2.5757575757575757,-2.6363636363636362,-3.1515151515151514,-1.2424242424242424,-1.393939393939394,-2.8484848484848486,-1.9090909090909092,-1.5757575757575757,-0.3939393939393939,-1.4848484848484849,-1.5454545454545454,-2.121212121212121,-2.4545454545454546,-0.9393939393939394,-0.9090909090909091,-2.1818181818181817,-2.0606060606060606,-1.606060606060606,-1.4242424242424243,-1.1515151515151516,-1.393939393939394,-2.5757575757575757,-2.1515151515151514,-1.4848484848484849,-0.8787878787878788,-3.6666666666666665,-2.121212121212121,-1.5454545454545454,-1.7272727272727273,-1.3333333333333333,-0.8787878787878788,-2.121212121212121,-3.909090909090909,-0.7575757575757576,-1.4242424242424243,-2.5454545454545454,-2.484848484848485,-1.0303030303030303,-1.8484848484848484,-0.36363636363636365,-1.8181818181818181,-2.9696969696969697,-3.0606060606060606,-1.5757575757575757,-1.4242424242424243,-0.6666666666666666,-1.9696969696969697,-1.606060606060606,-0.6666666666666666,-0.6944444444444444,-1.4444444444444444,-1.6388888888888888,-3.6944444444444446,-0.6111111111111112,-0.6388888888888888,-1.9722222222222223,-1.2222222222222223,-2.0,-2.0833333333333335,-0.3611111111111111,-1.9722222222222223,-2.9722222222222223,-2.7777777777777777,-1.4444444444444444,-1.7222222222222223,-3.4166666666666665,-2.111111111111111,-1.6944444444444444
Q4JVH7,-1.4019607843137254,-2.588235294117647,-2.284313725490196,-2.127450980392157,-2.980392156862745,-2.176470588235294,-1.9411764705882353,-2.9705882352941178,-2.7058823529411766,-2.1372549019607843,-2.6372549019607843,-2.0392156862745097,-2.3529411764705883,-3.2745098039215685,-3.4019607843137254,-1.2843137254901962,-1.3333333333333333,-4.411764705882353,-2.911764705882353,-1.6862745098039216,-1.2058823529411764,-1.9215686274509804,-1.9215686274509804,-1.892156862745098,-3.1372549019607843,-1.5392156862745099,-1.5588235294117647,-2.284313725490196,-2.0588235294117645,-1.9607843137254901,-2.049019607843137,-1.6862745098039216,-1.8431372549019607,-2.9019607843137254,-2.5686274509803924,-1.411764705882353,-1.2941176470588236,-3.676470588235294,-2.4901960784313726,-1.696078431372549,-1.2450980392156863,-2.127450980392157,-1.9607843137254901,-1.911764705882353,-3.2549019607843137,-1.8725490196078431,-1.8137254901960784,-1.911764705882353,-1.9019607843137254,-2.2058823529411766,-2.6862745098039214,-1.607843137254902,-2.2745098039215685,-2.872549019607843,-2.450980392156863,-1.4215686274509804,-1.4411764705882353,-3.4607843137254903,-2.3823529411764706,-2.049019607843137,-0.6952380952380952,-1.5238095238095237,-1.7809523809523808,-1.9142857142857144,-2.742857142857143,-1.2857142857142858,-1.276190476190476,-2.342857142857143,-2.066666666666667,-1.5333333333333334,-1.5238095238095237,-1.0761904761904761,-1.638095238095238,-2.1619047619047618,-2.342857142857143,-1.1904761904761905,-1.1333333333333333,-3.3333333333333335,-2.1523809523809523,-1.380952380952381
P50846,-0.10204081632653061,-0.8571428571428571,-1.4081632653061225,-1.3061224489795917,-1.8571428571428572,-0.7959183673469388,-0.5714285714285714,-1.7346938775510203,-1.9387755102040816,-0.40816326530612246,-0.6530612244897959,-0.6326530612244898,-0.5918367346938775,-1.8979591836734695,-1.2857142857142858,-0.673469387755102,-0.2653061224489796,-2.979591836734694,-1.9795918367346939,-0.14285714285714285,0.3877551020408163,-1.1224489795918366,-1.4285714285714286,-1.2653061224489797,-1.469387755102041,-0.6530612244897959,-0.7142857142857143,-1.1224489795918366,-1.7755102040816326,-0.8367346938775511,-0.9183673469387755,-1.0612244897959184,-0.7551020408163265,-1.7959183673469388,-1.3265306122448979,-0.40816326530612246,-0.3469387755102041,-2.673469387755102,-1.8979591836734695,-0.40816326530612246,0.3469387755102041,-1.3265306122448979,-1.489795918367347,-1.816326530612245,-1.816326530612245,-1.1020408163265305,-1.2448979591836735,-0.7959183673469388,-1.6122448979591837,-0.9183673469387755,-0.7346938775510204,-0.9387755102040817,-0.40816326530612246,-1.0204081632653061,-1.346938775510204,-0.32653061224489793,-0.3469387755102041,-2.63265306122449,-1.3265306122448979,-0.6938775510204082,-0.061224489795918366,-1.489795918367347,-1.2653061224489797,-1.346938775510204,-1.469387755102041,-0.8775510204081632,-1.1428571428571428,-0.9795918367346939,-1.653061224489796,-1.1224489795918366,-1.2040816326530612,-1.2653061224489797,-0.8163265306122449,-1.5510204081632653,-1.2448979591836735,-0.40816326530612246,-0.5714285714285714,-2.2448979591836733,-1.4489795918367347,-0.6938775510204082
P19080,-0.5483870967741935,-0.3870967741935484,-1.032258064516129,-1.1612903225806452,-2.032258064516129,-0.1935483870967742,-0.12903225806451613,-1.8064516129032258,-1.1935483870967742,-0.7419354838709677,-0.7419354838709677,-0.2903225806451613,-0.0967741935483871,-1.8387096774193548,-1.6451612903225807,-0.5161290322580645,-0.1935483870967742,-2.5806451612903225,-1.6774193548387097,-0.5161290322580645,0.16129032258064516,-1.2903225806451613,-1.0,-1.032258064516129,-1.8709677419354838,-0.2903225806451613,-0.2903225806451613,-1.6129032258064515,-0.9354838709677419,-0.8387096774193549,-1.0,-0.7741935483870968,-0.6451612903225806,-1.4838709677419355,-1.0,-0.06451612903225806,-0.0967741935483871,-2.5806451612903225,-1.5161290322580645,-0.41935483870967744,-0.5161290322580645,-0.6451612903225806,-1.4193548387096775,-1.6451612903225807,-1.4516129032258065,-0.5161290322580645,-0.9354838709677419,-1.6129032258064515,-1.3870967741935485,-0.7419354838709677,-0.6451612903225806,-0.6774193548387096,0.06451612903225806,-1.7096774193548387,-1.0,-0.6129032258064516,-0.45161290322580644,-2.129032258064516,-1.2903225806451613,-0.3870967741935484,-0.8823529411764706,-0.47058823529411764,-0.7058823529411765,-1.0,-2.1176470588235294,-0.20588235294117646,-0.47058823529411764,-2.0588235294117645,-1.088235294117647,-0.9117647058823529,-0.7941176470588235,-0.4411764705882353,-0.6176470588235294,-1.8529411764705883,-1.411764705882353,-0.5294117647058824,-0.11764705882352941,-2.2941176470588234,-1.2647058823529411,-0.5588235294117647
P43440,-0.4107142857142857,-1.4196428571428572,-1.5892857142857142,-1.9642857142857142,-2.169642857142857,-1.0,-1.5178571428571428,-1.3571428571428572,-1.6428571428571428,-0.10714285714285714,0.21428571428571427,-1.2053571428571428,0.10714285714285714,-0.35714285714285715,-1.7321428571428572,-0.36607142857142855,-0.3392857142857143,-1.6607142857142858,-0.9017857142857143,-0.09821428571428571,-0.45535714285714285,-1.5625,-1.3392857142857142,-1.8303571428571428,-1.7053571428571428,-1.3125,-1.6696428571428572,-1.25,-1.5178571428571428,-0.08035714285714286,-0.16071428571428573,-1.4553571428571428,-0.25,-0.125,-1.5178571428571428,-0.39285714285714285,-0.39285714285714285,-1.2053571428571428,-0.49107142857142855,-0.30357142857142855,-0.39285714285714285,-1.4196428571428572,-1.1607142857142858,-1.7410714285714286,-1.7410714285714286,-1.0446428571428572,-1.4821428571428572,-1.3125,-1.4196428571428572,-0.22321428571428573,-0.17857142857142858,-1.3482142857142858,-0.15178571428571427,-0.41964285714285715,-1.6875,-0.125,0.09821428571428571,-1.8571428571428572,-0.9017857142857143,-0.30357142857142855,-0.48695652173913045,-1.4260869565217391,-1.2434782608695651,-1.8,-1.8347826086956522,-1.3478260869565217,-1.373913043478261,-1.4695652173913043,-1.9304347826086956,-0.25217391304347825,-0.20869565217391303,-1.2521739130434784,-0.3565217391304348,-0.5565217391304348,-1.6782608695652175,-0.40869565217391307,-0.3391304347826087,-2.130434782608696,-1.0347826086956522,-0.2608695652173913
Q8Y960,-0.6052631578947368,-0.3026315789473684,-0.27631578947368424,-0.6052631578947368,-2.223684210526316,0.39473684210526316,0.4605263157894737,-1.644736842105263,-0.7105263157894737,-1.236842105263158,-1.1578947368421053,0.2236842105263158,-0.4868421052631579,-1.7894736842105263,-1.4342105263157894,-0.17105263157894737,-0.4473684210526316,-2.276315789473684,-1.263157894736842,-0.9605263157894737,-0.5394736842105263,-0.11842105263157894,-0.3026315789473684,-0.6973684210526315,-2.0,0.39473684210526316,0.07894736842105263,-1.855263157894737,-1.013157894736842,-1.1973684210526316,-0.881578947368421,0.2894736842105263,-0.4605263157894737,-1.855263157894737,-1.3289473684210527,0.039473684210526314,-0.19736842105263158,-2.486842105263158,-1.394736842105263,-1.0,-0.4868421052631579,-0.34210526315789475,-0.2631578947368421,-0.47368421052631576,-2.1184210526315788,0.18421052631578946,0.18421052631578946,-1.368421052631579,-0.6842105263157895,-1.1578947368421053,-0.9605263157894737,0.10526315789473684,-0.7236842105263158,-1.618421052631579,-1.4473684210526316,-0.05263157894736842,-0.42105263157894735,-2.3157894736842106,-1.118421052631579,-0.8421052631578947,-0.6538461538461539,-0.6666666666666666,-0.6410256410256411,-0.8974358974358975,-1.9230769230769231,0.32051282051282054,-0.21794871794871795,-1.9871794871794872,-0.8846153846153846,-0.9871794871794872,-0.7948717948717948,-0.28205128205128205,-0.3717948717948718,-1.4102564102564104,-1.705128205128205,-0.358974358974359,-0.3974358974358974,-2.230769230769231,-0.9487179487179487,-0.7051282051282052
P00649,-0.125,-1.4,-1.3,-1.8,-1.725,-0.675,-1.025,-1.85,-1.575,-0.675,-0.85,-0.95,-0.3,-1.0,-1.325,-0.425,0.05,-2.35,-1.075,-0.4,-0.6,-1.225,-0.8,-1.025,-1.95,-0.75,-0.9,-1.85,-0.975,-0.75,-1.05,-0.9,-0.775,-1.4,-1.8,-0.475,0.125,-2.65,-0.925,-0.525,0.0,-1.075,-0.7,-1.15,-2.025,-0.675,-0.775,-0.2,-1.525,-1.8,-1.975,-0.65,-1.325,-2.2,-1.35,0.05,-0.675,-2.625,-1.875,-1.325,-0.9285714285714286,-0.5476190476190477,-0.6190476190476191,-1.1428571428571428,-2.3095238095238093,-0.8095238095238095,-0.8333333333333334,-1.8333333333333333,-0.8333333333333334,-1.3571428571428572,-1.4523809523809523,-0.7619047619047619,-1.0476190476190477,-1.2142857142857142,-2.119047619047619,-0.47619047619047616,-0.21428571428571427,-1.8333333333333333,-0.5714285714285714,-1.1666666666666667
Q45588,-0.6730769230769231,-0.6346153846153846,-1.3269230769230769,-1.0961538461538463,-1.5961538461538463,-0.25,0.019230769230769232,-1.9230769230769231,-0.6538461538461539,-1.3269230769230769,-0.9038461538461539,-0.4230769230769231,-0.6346153846153846,-1.75,-1.7884615384615385,-0.6730769230769231,-0.6538461538461539,-2.4423076923076925,-1.1153846153846154,-0.9807692307692307,0.21153846153846154,-0.6153846153846154,-1.1346153846153846,-1.8076923076923077,-1.8846153846153846,-0.9038461538461539,-0.9807692307692307,-1.6153846153846154,-1.3461538461538463,-1.1538461538461537,-0.8846153846153846,-0.38461538461538464,-0.4807692307692308,-1.3653846153846154,-1.3269230769230769,-0.2692307692307692,-0.2692307692307692,-2.0576923076923075,-1.1538461538461537,-0.7884615384615384,-0.5384615384615384,-1.3846153846153846,-0.7115384615384616,-0.8461538461538461,-2.173076923076923,-0.9423076923076923,-0.6538461538461539,-1.2307692307692308,-1.2692307692307692,-0.9615384615384616,-1.3846153846153846,-0.9230769230769231,-1.0,-1.8653846153846154,-1.6346153846153846,-0.36538461538461536,-0.19230769230769232,-2.673076923076923,-1.5576923076923077,-0.5576923076923077,-0.6153846153846154,-1.3076923076923077,-0.5,-1.0384615384615385,-2.2884615384615383,-0.6153846153846154,-0.4230769230769231,-1.25,-1.2115384615384615,-1.2307692307692308,-1.4230769230769231,-0.7307692307692307,-0.8461538461538461,-1.3846153846153846,-1.8076923076923077,-0.28846153846153844,-0.4230769230769231,-2.0,-1.0192307692307692,-0.8653846153846154
O34777,-0.5277777777777778,-0.19444444444444445,-0.6388888888888888,-0.7222222222222222,-2.3055555555555554,0.3055555555555556,-0.2777777777777778,-1.9722222222222223,-0.4722222222222222,-1.1666666666666667,-0.5,-0.16666666666666666,-0.25,-1.0,-1.8333333333333333,-0.25,-0.7222222222222222,-2.0833333333333335,-1.0,-1.1111111111111112,-0.4722222222222222,-1.2777777777777777,-1.1944444444444444,-1.6388888888888888,-2.3055555555555554,-0.5833333333333334,-0.8055555555555556,-1.8611111111111112,-1.1111111111111112,-0.6944444444444444,-0.7222222222222222,-1.1111111111111112,-0.5277777777777778,-1.9444444444444444,-1.9722222222222223,-0.25,-0.2222222222222222,-2.7222222222222223,-1.4722222222222223,-0.7777777777777778,-1.1944444444444444,-0.16666666666666666,-1.5,-1.25,-3.2222222222222223,-0.8888888888888888,-0.3611111111111111,-2.4166666666666665,-1.6944444444444444,-1.3611111111111112,-1.3055555555555556,0.027777777777777776,-1.4722222222222223,-2.2222222222222223,-2.1944444444444446,-1.0277777777777777,-0.8888888888888888,-3.0555555555555554,-1.9444444444444444,-1.3055555555555556,-0.48717948717948717,-0.3333333333333333,-0.23076923076923078,-0.48717948717948717,-2.6666666666666665,0.20512820512820512,0.7692307692307693,-2.076923076923077,-0.1794871794871795,-0.8205128205128205,-0.1794871794871795,0.02564102564102564,-0.15384615384615385,-1.1794871794871795,-2.2564102564102564,-0.5641025641025641,-0.46153846153846156,-2.8974358974358974,-1.4871794871794872,-0.9487179487179487
P40411,-0.01020408163265306,-1.8979591836734695,-1.989795918367347,-2.4081632653061225,-1.846938775510204,-1.6224489795918366,-1.969387755102041,-1.3061224489795917,-2.1122448979591835,-0.11224489795918367,-0.08163265306122448,-1.8061224489795917,-0.25510204081632654,-1.010204081632653,-2.020408163265306,-0.6224489795918368,-0.6224489795918368,-1.8265306122448979,-1.5918367346938775,-0.19387755102040816,0.05102040816326531,-1.816326530612245,-1.6122448979591837,-2.2653061224489797,-2.1122448979591835,-1.3673469387755102,-2.020408163265306,-0.7653061224489796,-1.836734693877551,0.14285714285714285,0.336734693877551,-1.7551020408163265,0.4489795918367347,0.01020408163265306,-2.0,-0.336734693877551,-0.40816326530612246,-1.7448979591836735,-0.9285714285714286,-0.1836734693877551,-0.04081632653061224,-2.0306122448979593,-2.204081632653061,-2.8469387755102042,-1.530612244897959,-1.7959183673469388,-2.4183673469387754,-1.6224489795918366,-2.316326530612245,0.1836734693877551,0.3877551020408163,-1.9591836734693877,0.030612244897959183,-0.826530612244898,-2.0408163265306123,-0.8367346938775511,-0.6224489795918368,-1.9285714285714286,-1.4285714285714286,0.14285714285714285,-0.46,-0.73,-1.41,-2.04,-1.91,-0.79,-1.3,-1.69,-1.54,-0.89,-0.75,-0.89,-0.69,-1.21,-1.48,-0.52,-0.65,-2.23,-1.17,-0.76
O06493,-0.12195121951219512,-1.7886178861788617,-1.7560975609756098,-2.4959349593495936,-2.0569105691056913,-1.5121951219512195,-1.983739837398374,-0.6829268292682927,-1.967479674796748,-0.2682926829268293,-0.43089430894308944,-1.7479674796747968,-0.4146341463414634,-0.34959349593495936,-2.024390243902439,-0.5853658536585366,-0.43902439024390244,-0.975609756097561,-0.5609756097560976,-0.2845528455284553,-0.0975609756097561,-2.4065040650406506,-1.951219512195122,-2.3495934959349594,-1.7723577235772359,-1.7479674796747968,-2.252032520325203,-1.008130081300813,-1.943089430894309,0.3170731707317073,0.08943089430894309,-2.024390243902439,0.032520325203252036,-0.10569105691056911,-2.097560975609756,-0.6747967479674797,-0.18699186991869918,-1.3170731707317074,-0.7560975609756098,0.25203252032520324,0.12195121951219512,-1.951219512195122,-1.6829268292682926,-2.1707317073170733,-1.5691056910569106,-1.4634146341463414,-1.9593495934959348,-1.3008130081300813,-1.943089430894309,-0.36585365853658536,-0.2926829268292683,-1.6178861788617886,0.04878048780487805,-0.7723577235772358,-1.6585365853658536,-0.2764227642276423,-0.5040650406504065,-2.227642276422764,-1.1951219512195121,-0.2682926829268293,-0.08943089430894309,-1.9024390243902438,-1.5934959349593496,-2.3252032520325203,-1.4552845528455285,-1.5203252032520325,-1.943089430894309,-0.8943089430894309,-2.154471544715447,-0.10569105691056911,-0.11382113821138211,-1.5203252032520325,-0.17073170731707318,-0.3252032520325203,-1.5203252032520325,-0.5447154471544715,-0.4715447154471545,-1.5447154471544715,-0.9024390243902439,0.024390243902439025
P0A609,0.23333333333333334,-0.95,-0.5666666666666667,-1.45,-1.45,-0.8833333333333333,-1.3166666666666667,-0.7666666666666667,-0.85,-0.5666666666666667,-0.6333333333333333,-0.8833333333333333,-0.3,-1.15,-0.4666666666666667,0.5666666666666667,0.15,-2.4166666666666665,-1.2166666666666666,-0.2833333333333333,-0.25,-1.35,-0.7166666666666667,-1.3166666666666667,-2.216666666666667,-0.9,-0.8666666666666667,-0.6166666666666667,-1.1,-0.9666666666666667,-1.1,-0.6,-1.2166666666666666,-1.6666666666666667,-1.3166666666666667,-0.4166666666666667,0.05,-2.9833333333333334,-1.5833333333333333,-0.3333333333333333,-0.5833333333333334,-1.5833333333333333,0.26666666666666666,-0.43333333333333335,-2.216666666666667,-1.1833333333333333,-1.0166666666666666,-0.3,-0.55,-2.05,-1.9166666666666667,-0.8666666666666667,-1.7333333333333334,-2.0166666666666666,-0.5833333333333334,-0.48333333333333334,-0.4166666666666667,-2.966666666666667,-1.8833333333333333,-1.4833333333333334,-0.5166666666666667,-1.55,-0.95,-1.0833333333333333,-2.3333333333333335,-1.5666666666666667,-1.5,-0.2833333333333333,-1.6,-1.5166666666666666,-1.6833333333333333,-1.1166666666666667,-1.5166666666666666,-2.4,-1.6833333333333333,-0.6833333333333333,-0.9833333333333333,-2.966666666666667,-2.183333333333333,-1.2333333333333334
P50738,-0.5555555555555556,-1.8518518518518519,-2.314814814814815,-2.6296296296296298,-1.7962962962962963,-1.5740740740740742,-1.8888888888888888,-2.314814814814815,-1.7777777777777777,0.2037037037037037,0.2222222222222222,-1.6666666666666667,0.25925925925925924,-0.18518518518518517,-2.074074074074074,-1.1851851851851851,-0.7962962962962963,-1.9259259259259258,-0.5185185185185185,0.037037037037037035,-0.4444444444444444,-1.6851851851851851,-1.5925925925925926,-1.7222222222222223,-2.3518518518518516,-1.1666666666666667,-1.037037037037037,-1.6481481481481481,-1.0555555555555556,-0.6851851851851852,-0.5185185185185185,-1.2777777777777777,-0.5555555555555556,0.18518518518518517,-1.962962962962963,-0.7037037037037037,-0.8518518518518519,-1.7037037037037037,-0.05555555555555555,-0.5555555555555556,-0.2962962962962963,-1.2407407407407407,-1.4259259259259258,-2.0185185185185186,-2.185185185185185,-1.0555555555555556,-1.3333333333333333,-1.4074074074074074,-1.0740740740740742,-0.8888888888888888,-0.9814814814814815,-0.8888888888888888,-0.48148148148148145,-1.0185185185185186,-2.0,-0.6111111111111112,-0.5185185185185185,-2.2037037037037037,-0.5,-0.7777777777777778,-0.8214285714285714,-1.5892857142857142,-1.875,-2.5892857142857144,-2.0892857142857144,-1.4642857142857142,-1.9464285714285714,-2.107142857142857,-1.6071428571428572,-0.17857142857142858,0.35714285714285715,-1.4107142857142858,0.23214285714285715,-0.05357142857142857,-2.1785714285714284,-1.1964285714285714,-1.0,-0.7142857142857143,-0.16071428571428573,-0.30357142857142855
P0C0P9,-0.6976744186046512,-0.6744186046511628,-0.16279069767441862,-1.255813953488372,-1.8837209302325582,-0.3023255813953488,-0.7209302325581395,-1.441860465116279,-0.6744186046511628,-1.3953488372093024,-1.3953488372093024,-0.5813953488372093,-0.7209302325581395,-1.0930232558139534,-1.9767441860465116,-0.2558139534883721,-0.16279069767441862,-1.8372093023255813,-0.4883720930232558,-1.069767441860465,-0.7906976744186046,-0.3953488372093023,-0.4883720930232558,-1.1162790697674418,-2.1627906976744184,0.13953488372093023,-0.3953488372093023,-1.4186046511627908,-0.46511627906976744,-1.5348837209302326,-1.186046511627907,-0.5581395348837209,-0.627906976744186,-1.2325581395348837,-1.302325581395349,-0.3488372093023256,-0.3953488372093023,-2.186046511627907,-0.7906976744186046,-1.3255813953488371,-0.23255813953488372,-0.9534883720930233,-0.2558139534883721,-0.9069767441860465,-1.9534883720930232,-0.37209302325581395,-0.7906976744186046,-0.9302325581395349,-0.9302325581395349,-1.1395348837209303,-1.4883720930232558,-0.627906976744186,-0.5813953488372093,-1.9069767441860466,-1.3953488372093024,-0.16279069767441862,-0.23255813953488372,-2.8372093023255816,-1.5348837209302326,-0.6976744186046512,-1.0,-1.3555555555555556,-0.15555555555555556,-0.6888888888888889,-2.2,-0.6,-0.7777777777777778,-1.3333333333333333,-0.6222222222222222,-1.2444444444444445,-1.4666666666666666,-0.9777777777777777,-0.9555555555555556,-1.1555555555555554,-1.8444444444444446,-0.4222222222222222,-0.6888888888888889,-1.3777777777777778,-0.5333333333333333,-1.1555555555555554
A5U697,0.16417910447761194,-0.31343283582089554,-0.47761194029850745,-0.6865671641791045,-2.08955223880597,0.31343283582089554,-0.04477611940298507,-1.671641791044776,-1.0597014925373134,-1.1791044776119404,-0.8805970149253731,-0.07462686567164178,-0.34328358208955223,-1.7313432835820894,-1.5671641791044777,-0.1791044776119403,-0.417910447761194,-2.417910447761194,-1.328358208955224,-0.8208955223880597,0.31343283582089554,-0.08955223880597014,-0.373134328358209,-0.26865671641791045,-1.9104477611940298,0.4925373134328358,0.4925373134328358,-1.1940298507462686,-0.9402985074626866,-1.1791044776119404,-0.7761194029850746,0.208955223880597,-0.5223880597014925,-1.7313432835820894,-1.507462686567164,0.05970149253731343,-0.13432835820895522,-2.208955223880597,-1.3432835820895523,-0.8656716417910447,0.373134328358209,0.014925373134328358,-0.208955223880597,-0.582089552238806,-1.7014925373134329,0.3880597014925373,0.11940298507462686,-0.9253731343283582,-1.0298507462686568,-1.0746268656716418,-0.8805970149253731,0.13432835820895522,-0.22388059701492538,-1.6417910447761195,-1.2985074626865671,0.22388059701492538,-0.04477611940298507,-2.1044776119402986,-1.4328358208955223,-0.8208955223880597,0.3188405797101449,-0.6956521739130435,-0.6231884057971014,-0.42028985507246375,-1.7391304347826086,0.057971014492753624,-0.07246376811594203,-0.30434782608695654,-1.1594202898550725,-1.318840579710145,-1.144927536231884,-0.2898550724637681,-0.6376811594202898,-1.7681159420289856,-0.8405797101449275,0.2753623188405797,-0.10144927536231885,-2.347826086956522,-1.5072463768115942,-1.0434782608695652
Q03VA1,-0.2696629213483146,-1.0561797752808988,-1.1573033707865168,-0.8202247191011236,-3.842696629213483,-0.2696629213483146,0.6741573033707865,-3.0112359550561796,-2.0224719101123596,-1.404494382022472,-0.9101123595505618,-0.43820224719101125,-1.1685393258426966,-2.8876404494382024,-3.191011235955056,-1.101123595505618,-1.202247191011236,-4.089887640449438,-2.49438202247191,-1.7078651685393258,-0.7528089887640449,-1.5617977528089888,-1.7640449438202248,-1.6741573033707866,-2.966292134831461,-1.3258426966292134,-0.9325842696629213,-2.056179775280899,-2.044943820224719,-2.0112359550561796,-1.7640449438202248,-1.3370786516853932,-1.4943820224719102,-2.235955056179775,-2.9101123595505616,-1.0561797752808988,-1.4606741573033708,-3.247191011235955,-1.9325842696629214,-1.8876404494382022,-1.0112359550561798,-1.3258426966292134,-1.5056179775280898,-1.6629213483146068,-2.707865168539326,-1.0,-1.0674157303370786,-2.146067415730337,-1.696629213483146,-1.6404494382022472,-2.359550561797753,-1.247191011235955,-1.8426966292134832,-2.797752808988764,-2.2247191011235956,-0.7640449438202247,-0.7865168539325843,-3.606741573033708,-2.5280898876404496,-1.2247191011235956,-0.9550561797752809,-0.7191011235955056,-1.2696629213483146,-1.3370786516853932,-3.561797752808989,-0.23595505617977527,-0.5842696629213483,-2.438202247191011,-1.8426966292134832,-1.853932584269663,-1.5617977528089888,-0.5730337078651685,-1.1685393258426966,-2.955056179775281,-3.056179775280899,-1.1573033707865168,-1.3146067415730338,-3.6179775280898876,-2.3258426966292136,-1.8876404494382022
Q8EUR6,-1.7801724137931034,-2.185344827586207,-1.7758620689655173,-1.9051724137931034,-3.146551724137931,-1.9612068965517242,-1.7198275862068966,-2.4913793103448274,-2.0732758620689653,-2.1508620689655173,-2.293103448275862,-1.8362068965517242,-1.978448275862069,-2.1767241379310347,-2.435344827586207,-1.6422413793103448,-1.5689655172413792,-3.1508620689655173,-2.060344827586207,-2.060344827586207,-0.9612068965517241,-1.375,-1.6206896551724137,-1.5301724137931034,-3.0344827586206895,-1.353448275862069,-0.9439655172413793,-2.206896551724138,-1.9051724137931034,-1.2413793103448276,-1.3275862068965518,-1.1206896551724137,-1.2112068965517242,-2.0344827586206895,-2.5043103448275863,-1.271551724137931,-1.2155172413793103,-3.3448275862068964,-1.8362068965517242,-1.2413793103448276,-1.0129310344827587,-1.5172413793103448,-1.6422413793103448,-1.2974137931034482,-3.3491379310344827,-1.0905172413793103,-0.728448275862069,-1.9698275862068966,-1.6551724137931034,-1.5,-1.8491379310344827,-0.9956896551724138,-1.9094827586206897,-2.1336206896551726,-2.685344827586207,-1.3146551724137931,-1.1163793103448276,-3.456896551724138,-1.9913793103448276,-1.1163793103448276,-0.09829059829059829,-1.1111111111111112,-1.123931623931624,-1.3034188034188035,-2.769230769230769,-0.9316239316239316,-0.782051282051282,-1.1367521367521367,-2.051282051282051,-1.1367521367521367,-1.1923076923076923,-0.28205128205128205,-1.4871794871794872,-2.217948717948718,-2.423076923076923,-0.8461538461538461,-1.1581196581196582,-3.217948717948718,-2.2948717948717947,-0.9529914529914529
P33113,-0.5350877192982456,-0.7456140350877193,-0.8333333333333334,-0.9912280701754386,-2.017543859649123,-0.5175438596491229,-0.6228070175438597,-1.5789473684210527,-0.9824561403508771,-0.32456140350877194,-0.32456140350877194,-0.5263157894736842,-0.09649122807017543,-0.7105263157894737,-1.368421052631579,-0.35964912280701755,-0.2982456140350877,-2.043859649122807,-0.6754385964912281,-0.45614035087719296,-0.30701754385964913,-0.3333333333333333,-0.7280701754385965,-0.9473684210526315,-2.1666666666666665,-0.13157894736842105,-0.3508771929824561,-1.368421052631579,-0.4649122807017544,0.11403508771929824,0.07894736842105263,-0.8070175438596491,-0.17543859649122806,-0.6491228070175439,-1.3596491228070176,-0.3508771929824561,-0.4649122807017544,-1.3771929824561404,-0.631578947368421,-0.15789473684210525,-0.43859649122807015,-0.2631578947368421,-0.9473684210526315,-0.8596491228070176,-2.789473684210526,0.14035087719298245,-0.08771929824561403,-2.2017543859649122,-0.7543859649122807,-0.631578947368421,-0.2982456140350877,-0.9385964912280702,-0.2982456140350877,-1.7543859649122806,-2.4298245614035086,-0.543859649122807,-0.631578947368421,-3.2719298245614037,-1.6491228070175439,-0.8859649122807017,-1.1794871794871795,-1.0427350427350428,-1.452991452991453,-1.4700854700854702,-2.1965811965811968,-0.9829059829059829,-1.1367521367521367,-1.6923076923076923,-1.1794871794871795,-0.8632478632478633,-1.2905982905982907,-1.3675213675213675,-0.8376068376068376,-1.8461538461538463,-2.3504273504273505,-0.8974358974358975,-0.9829059829059829,-2.58974358974359,-1.7521367521367521,-0.9743589743589743
Q5HKP9,-0.88,-0.48,-1.36,-2.04,-2.24,-0.4,-0.84,-2.56,-1.36,-0.84,-0.68,-0.56,-0.44,-1.6,-1.28,-0.52,-0.2,-2.44,-1.04,-0.72,-0.88,-2.36,-2.16,-3.12,-0.92,-1.96,-2.28,-2.48,-1.92,0.6,-0.04,-2.24,0.2,-0.36,-2.72,-1.32,-0.44,-1.52,-0.32,0.52,-1.04,-1.36,-0.8,-1.28,-2.12,-0.92,-0.64,-2.32,-1.64,-0.32,-0.64,-1.12,-0.12,-1.4,-2.16,-0.68,-0.04,-2.2,-1.24,-0.24,-1.1153846153846154,-1.5384615384615385,-2.0384615384615383,-2.5,-2.1153846153846154,-1.4615384615384615,-1.8461538461538463,-2.3846153846153846,-1.8076923076923077,0.07692307692307693,-0.34615384615384615,-1.4230769230769231,-0.2692307692307692,0.038461538461538464,-2.5384615384615383,-1.1923076923076923,-0.8461538461538461,-1.5,-0.5384615384615384,-0.2692307692307692
P47481,-0.3686868686868687,-0.601010101010101,-1.106060606060606,-0.7575757575757576,-2.8282828282828283,-0.7121212121212122,-0.2222222222222222,-1.8686868686868687,-1.3080808080808082,-0.21717171717171718,-0.5606060606060606,-0.40404040404040403,-0.8535353535353535,-1.505050505050505,-1.0606060606060606,-0.6565656565656566,-0.6464646464646465,-3.3282828282828283,-1.3686868686868687,-0.4090909090909091,-0.6616161616161617,-0.5151515151515151,-1.1919191919191918,-0.9848484848484849,-3.025252525252525,-0.3787878787878788,0.09595959595959595,-1.8383838383838385,-1.6262626262626263,-1.095959595959596,-0.8535353535353535,0.045454545454545456,-0.98989898989899,-2.3636363636363638,-1.8636363636363635,-0.8383838383838383,-1.0606060606060606,-2.9242424242424243,-1.9545454545454546,-1.0252525252525253,-0.6666666666666666,-0.5404040404040404,-1.1464646464646464,-0.8535353535353535,-2.8636363636363638,-0.8939393939393939,-0.4292929292929293,-1.5303030303030303,-1.6717171717171717,-0.7222222222222222,-0.9393939393939394,-0.7878787878787878,-0.6919191919191919,-1.5353535353535352,-1.9393939393939394,-0.8838383838383839,-1.1313131313131313,-3.525252525252525,-1.7626262626262625,-0.8585858585858586,-0.7064676616915423,-1.626865671641791,-1.5820895522388059,-1.5771144278606966,-2.970149253731343,-1.308457711442786,-1.1243781094527363,-1.6517412935323383,-1.7263681592039801,-1.0895522388059702,-1.4029850746268657,-1.0199004975124377,-1.0049751243781095,-2.18407960199005,-1.955223880597015,-0.8955223880597015,-0.7910447761194029,-3.3582089552238807,-1.9950248756218905,-0.8507462686567164
P22094,0.1527777777777778,-2.8194444444444446,-1.9722222222222223,-2.9166666666666665,-1.4305555555555556,-2.0833333333333335,-2.6527777777777777,-0.8611111111111112,-2.2222222222222223,-0.6805555555555556,-0.7638888888888888,-2.4166666666666665,-0.5277777777777778,-0.6388888888888888,-2.6805555555555554,-0.625,-0.6666666666666666,-2.1944444444444446,-1.4861111111111112,-0.20833333333333334,0.4027777777777778,-1.4027777777777777,-1.25,-1.7083333333333333,-1.0277777777777777,-1.0694444444444444,-1.5555555555555556,-0.18055555555555555,-1.1805555555555556,-0.3472222222222222,-0.20833333333333334,-1.25,-0.4722222222222222,-0.06944444444444445,-0.9444444444444444,-0.3611111111111111,-0.3472222222222222,-1.125,-0.5277777777777778,-0.2222222222222222,-0.027777777777777776,-1.3055555555555556,-0.9166666666666666,-1.25,-1.2361111111111112,-0.9722222222222222,-1.0833333333333333,-0.5694444444444444,-1.2222222222222223,-0.1111111111111111,-0.2222222222222222,-1.2083333333333333,0.125,-0.013888888888888888,-0.8888888888888888,-0.5138888888888888,-0.2361111111111111,-1.4166666666666667,-0.7916666666666666,-0.05555555555555555,-0.1506849315068493,-2.410958904109589,-1.7397260273972603,-2.5616438356164384,-1.8630136986301369,-2.095890410958904,-2.547945205479452,-0.8356164383561644,-1.9863013698630136,-0.547945205479452,-0.6986301369863014,-2.219178082191781,-0.821917808219178,-0.3287671232876712,-1.8767123287671232,-1.0410958904109588,-1.0410958904109588,-1.082191780821918,-0.8493150684931506,-0.6301369863013698
A6QIG2,-0.5,-1.0273972602739727,-0.3904109589041096,-1.0342465753424657,-1.9589041095890412,-0.6438356164383562,-0.7945205479452054,-1.5205479452054795,-1.0890410958904109,-1.0616438356164384,-1.356164383561644,-0.5616438356164384,-0.8082191780821918,-1.5890410958904109,-1.7945205479452055,-0.1506849315068493,-0.1095890410958904,-2.7054794520547945,-1.2602739726027397,-0.7876712328767124,-0.726027397260274,-0.7397260273972602,0.0273972602739726,-0.8287671232876712,-2.1506849315068495,-0.363013698630137,-0.541095890410959,-1.5205479452054795,-1.0616438356164384,-1.226027397260274,-1.5342465753424657,-0.14383561643835616,-0.8698630136986302,-1.7945205479452055,-1.6917808219178083,-0.1643835616438356,-0.1506849315068493,-2.7945205479452055,-1.3424657534246576,-0.910958904109589,-0.6712328767123288,-0.636986301369863,-0.5958904109589042,-1.1712328767123288,-2.171232876712329,-0.5821917808219178,-0.6917808219178082,-1.6095890410958904,-0.9452054794520548,-1.2465753424657535,-1.4863013698630136,-0.0684931506849315,-0.910958904109589,-1.6095890410958904,-1.6369863013698631,-0.3287671232876712,-0.3287671232876712,-2.4383561643835616,-0.958904109589041,-0.9041095890410958,-0.726027397260274,-0.7808219178082192,-0.5136986301369864,-0.9452054794520548,-2.1575342465753424,-0.5,-0.6712328767123288,-1.7465753424657535,-1.2054794520547945,-1.0753424657534247,-1.404109589041096,-0.0410958904109589,-0.7876712328767124,-1.63013698630137,-1.6643835616438356,-0.3698630136986301,-0.3493150684931507,-2.691780821917808,-1.2054794520547945,-0.8013698630136986
P55111,0.11678832116788321,-0.8175182481751825,-0.48905109489051096,-0.927007299270073,-1.6569343065693432,-0.3795620437956204,-0.6715328467153284,-0.9124087591240876,-1.051094890510949,-0.9416058394160584,-1.0145985401459854,-0.45985401459854014,-0.6496350364963503,-1.583941605839416,-1.0583941605839415,0.145985401459854,0.0072992700729927005,-2.4160583941605838,-1.3284671532846715,-0.5109489051094891,0.06569343065693431,-0.5328467153284672,-0.13138686131386862,-0.1678832116788321,-1.7518248175182483,-0.22627737226277372,-0.2773722627737226,-0.45985401459854014,-1.102189781021898,-0.7518248175182481,-1.0,-0.021897810218978103,-0.7737226277372263,-1.2554744525547445,-0.7007299270072993,0.25547445255474455,0.30656934306569344,-1.9708029197080292,-0.7664233576642335,-0.40875912408759124,-0.30656934306569344,-1.072992700729927,-0.06569343065693431,-0.5182481751824818,-2.116788321167883,-0.5693430656934306,-0.7153284671532847,-0.3795620437956204,-0.8102189781021898,-1.467153284671533,-1.4306569343065694,-0.9635036496350365,-0.9781021897810219,-1.1094890510948905,-1.5766423357664234,-0.22627737226277372,-0.3357664233576642,-1.7737226277372262,-0.5109489051094891,-1.2481751824817517,-0.08759124087591241,-0.8978102189781022,-0.10218978102189781,-0.5182481751824818,-1.854014598540146,-0.5109489051094891,-0.8175182481751825,-0.5109489051094891,-0.8759124087591241,-1.1532846715328466,-1.051094890510949,-0.48175182481751827,-0.8029197080291971,-1.4452554744525548,-1.0875912408759123,-0.16058394160583941,-0.1897810218978102,-1.5401459854014599,-0.656934306569343,-0.7883211678832117
A5U654,-0.25757575757575757,-0.8333333333333334,-0.8787878787878788,-0.8939393939393939,-2.3636363636363638,-0.7272727272727273,-0.48484848484848486,-0.9242424242424242,-1.0151515151515151,-0.8636363636363636,-1.2272727272727273,-0.6060606060606061,-1.0454545454545454,-1.9848484848484849,-1.606060606060606,-0.45454545454545453,0.30303030303030304,-2.5757575757575757,-1.6666666666666667,-0.803030303030303,-0.18181818181818182,-1.5303030303030303,-0.8181818181818182,-1.0454545454545454,-1.9848484848484849,-1.1363636363636365,-1.0454545454545454,-0.9696969696969697,-1.4393939393939394,-0.9696969696969697,-1.2272727272727273,-1.2121212121212122,-1.3181818181818181,-1.5757575757575757,-1.5303030303030303,-0.7727272727272727,-0.6515151515151515,-2.4393939393939394,-1.6666666666666667,-0.8181818181818182,-0.5151515151515151,-1.303030303030303,-1.0454545454545454,-1.3484848484848484,-2.1515151515151514,-1.0454545454545454,-1.106060606060606,-0.16666666666666666,-1.1666666666666667,-0.8181818181818182,-1.2424242424242424,-1.0757575757575757,-1.2424242424242424,-1.5303030303030303,-2.0454545454545454,-0.7121212121212122,-0.696969696969697,-2.4696969696969697,-1.3484848484848484,-0.7272727272727273,0.208955223880597,-1.0895522388059702,-1.1791044776119404,-1.373134328358209,-1.7313432835820894,-0.9402985074626866,-1.0746268656716418,-0.9552238805970149,-1.3880597014925373,-0.6716417910447762,-0.6716417910447762,-0.9402985074626866,-0.6716417910447762,-1.5223880597014925,-1.6865671641791045,-0.5970149253731343,-0.582089552238806,-2.7761194029850746,-1.5820895522388059,-0.582089552238806
P26829,-0.37209302325581395,-0.7596899224806202,-0.7286821705426356,-0.875968992248062,-2.0,-0.3178294573643411,-0.24806201550387597,-1.5348837209302326,-1.178294573643411,-0.937984496124031,-0.7441860465116279,-0.4186046511627907,-0.5581395348837209,-1.503875968992248,-1.2945736434108528,-0.13178294573643412,-0.2868217054263566,-2.4806201550387597,-1.3643410852713178,-0.751937984496124,-0.3953488372093023,-1.0387596899224807,-1.124031007751938,-1.1395348837209303,-1.8682170542635659,-0.6821705426356589,-0.7131782945736435,-1.255813953488372,-1.0387596899224807,-1.0077519379844961,-1.1550387596899225,-0.7829457364341085,-0.751937984496124,-1.4728682170542635,-1.2790697674418605,-0.5503875968992248,-0.6976744186046512,-2.24031007751938,-1.1085271317829457,-0.7286821705426356,-0.5193798449612403,-1.0310077519379846,-1.1007751937984496,-1.0465116279069768,-1.682170542635659,-1.0775193798449612,-0.8682170542635659,-1.186046511627907,-0.5426356589147286,-0.6356589147286822,-1.0155038759689923,-0.8914728682170543,-0.875968992248062,-1.0775193798449612,-1.565891472868217,-0.7829457364341085,-0.6744186046511628,-1.7984496124031009,-1.0077519379844961,-0.5271317829457365,-0.4393939393939394,-1.2878787878787878,-0.9015151515151515,-1.143939393939394,-2.393939393939394,-0.9848484848484849,-0.8560606060606061,-1.2272727272727273,-0.7727272727272727,-0.946969696969697,-1.2727272727272727,-0.8257575757575758,-1.1893939393939394,-1.8636363636363635,-2.106060606060606,-0.9318181818181818,-0.696969696969697,-2.8484848484848486,-1.7348484848484849,-0.7121212121212122
Q4A6A2,-1.0607734806629834,-1.9337016574585635,-1.3867403314917126,-1.4751381215469612,-2.5801104972375692,-1.5359116022099448,-1.0,-2.132596685082873,-2.0718232044198897,-0.9281767955801105,-1.3646408839779005,-1.160220994475138,-1.5635359116022098,-2.2320441988950277,-2.160220994475138,-1.270718232044199,-1.132596685082873,-3.552486187845304,-2.281767955801105,-0.8674033149171271,-0.9226519337016574,-1.3204419889502763,-0.861878453038674,-1.2596685082872927,-2.4972375690607733,-1.3204419889502763,-1.0994475138121547,-1.8176795580110496,-1.6077348066298343,-0.5469613259668509,-0.994475138121547,-0.7734806629834254,-1.419889502762431,-1.712707182320442,-2.0718232044198897,-0.8342541436464088,-0.861878453038674,-3.591160220994475,-1.6298342541436464,-1.011049723756906,-1.2099447513812154,-1.6132596685082874,-1.2596685082872927,-1.6961325966850829,-2.955801104972376,-1.5359116022099448,-1.12707182320442,-2.6464088397790055,-2.0607734806629834,-0.9613259668508287,-1.0,-1.425414364640884,-1.2651933701657458,-2.0,-2.1215469613259668,-1.2430939226519337,-0.994475138121547,-3.6298342541436464,-1.9005524861878453,-1.1104972375690607,-0.9234972677595629,-1.6284153005464481,-1.453551912568306,-1.6721311475409837,-3.360655737704918,-1.3060109289617485,-1.1311475409836065,-2.431693989071038,-1.9726775956284153,-1.2240437158469946,-1.4153005464480874,-1.2185792349726776,-2.0765027322404372,-1.715846994535519,-2.4262295081967213,-1.1967213114754098,-1.453551912568306,-3.557377049180328,-1.7322404371584699,-1.1256830601092895
P0A672,-0.7894736842105263,-0.5614035087719298,-1.3157894736842106,-1.087719298245614,-2.0701754385964914,-0.47368421052631576,-0.3333333333333333,-1.9649122807017543,-1.1578947368421053,-0.5263157894736842,-0.5964912280701754,-0.47368421052631576,-0.19298245614035087,-1.087719298245614,-1.736842105263158,-0.5964912280701754,-0.5614035087719298,-2.0701754385964914,-0.7894736842105263,-0.45614035087719296,-0.6491228070175439,-0.543859649122807,-1.0526315789473684,-0.7192982456140351,-2.3684210526315788,-0.543859649122807,0.05263157894736842,-1.736842105263158,-0.6842105263157895,-1.0526315789473684,-0.9473684210526315,-0.543859649122807,-0.7543859649122807,-1.5614035087719298,-2.0526315789473686,-0.5964912280701754,-0.8245614035087719,-1.5964912280701755,-1.1929824561403508,-0.9824561403508771,-0.42105263157894735,-0.7719298245614035,-0.8245614035087719,-0.6666666666666666,-1.7719298245614035,-0.40350877192982454,-0.45614035087719296,-1.3333333333333333,-1.280701754385965,-0.6842105263157895,-0.8245614035087719,-0.631578947368421,-0.7192982456140351,-1.8070175438596492,-0.3333333333333333,-0.47368421052631576,-0.49122807017543857,-2.789473684210526,-1.5964912280701755,-0.631578947368421,-0.4067796610169492,-1.0,-0.6949152542372882,-0.5423728813559322,-2.1016949152542375,-0.4067796610169492,-0.2542372881355932,-1.5423728813559323,-0.7627118644067796,-0.4915254237288136,-0.8135593220338984,-0.7288135593220338,-0.4406779661016949,-1.7118644067796611,-1.3389830508474576,-0.4406779661016949,-0.22033898305084745,-2.76271186440678,-1.4915254237288136,-0.1864406779661017
O32271,-0.40869565217391307,-1.3304347826086957,-0.7739130434782608,-1.2173913043478262,-2.0,-1.2695652173913043,-1.1043478260869566,-1.5478260869565217,-1.3391304347826087,-0.6956521739130435,-1.008695652173913,-0.7913043478260869,-1.017391304347826,-1.7826086956521738,-1.7652173913043478,-0.7739130434782608,-0.6173913043478261,-2.860869565217391,-1.626086956521739,-0.5565217391304348,-0.06956521739130435,-1.2521739130434784,-0.9130434782608695,-1.373913043478261,-2.1739130434782608,-1.208695652173913,-0.6173913043478261,-1.2347826086956522,-1.4782608695652173,-0.5652173913043478,-1.0434782608695652,-0.9304347826086956,-0.8173913043478261,-1.5826086956521739,-1.7217391304347827,-0.4434782608695652,-0.391304347826087,-2.991304347826087,-1.5478260869565217,-0.391304347826087,-0.48695652173913045,-0.8869565217391304,-0.8608695652173913,-1.2434782608695651,-2.2869565217391306,-0.7391304347826086,-1.0869565217391304,-1.3130434782608695,-1.5304347826086957,-0.8782608695652174,-1.0347826086956522,-0.6521739130434783,-0.8695652173913043,-1.6521739130434783,-1.6434782608695653,-0.7217391304347827,-0.9217391304347826,-2.4521739130434783,-1.4,-0.8956521739130435,-0.5,-0.8793103448275862,-0.8620689655172413,-0.603448275862069,-2.0,-0.7327586206896551,-0.4482758620689655,-1.4224137931034482,-1.0258620689655173,-0.896551724137931,-0.9482758620689655,-0.3448275862068966,-0.9310344827586207,-1.2586206896551724,-1.1896551724137931,-0.6120689655172413,-0.8448275862068966,-2.1551724137931036,-0.9568965517241379,-0.646551724137931
P37957,0.018867924528301886,-1.4150943396226414,-1.5660377358490567,-1.9245283018867925,-1.7924528301886793,-1.0566037735849056,-1.6226415094339623,-1.150943396226415,-1.3584905660377358,-0.6415094339622641,-0.3584905660377358,-1.0566037735849056,-0.3584905660377358,-0.7924528301886793,-0.8301886792452831,-0.16981132075471697,-0.5660377358490566,-2.2452830188679247,-1.0566037735849056,-0.4528301886792453,0.05660377358490566,-0.5849056603773585,-0.8113207547169812,-0.7547169811320755,-1.8113207547169812,-0.24528301886792453,-0.7169811320754716,-1.0,-0.4339622641509434,-1.2264150943396226,-0.7358490566037735,-0.7924528301886793,-0.9622641509433962,-1.679245283018868,-1.5471698113207548,-0.6415094339622641,-0.5471698113207547,-2.358490566037736,-1.1320754716981132,-0.5849056603773585,-0.11320754716981132,-1.320754716981132,-0.9433962264150944,-1.5849056603773586,-1.9245283018867925,-1.0188679245283019,-1.3773584905660377,-1.1886792452830188,-1.150943396226415,-0.9622641509433962,-0.7358490566037735,-1.2264150943396226,-0.6792452830188679,-1.6415094339622642,-1.2075471698113207,-0.41509433962264153,-0.4339622641509434,-2.3962264150943398,-1.4528301886792452,-0.8301886792452831,-0.7735849056603774,-1.0566037735849056,-0.1320754716981132,-1.169811320754717,-2.169811320754717,-0.6037735849056604,-1.0566037735849056,-0.660377358490566,-0.8679245283018868,-1.1132075471698113,-1.2075471698113207,-0.9811320754716981,-0.6792452830188679,-1.679245283018868,-2.1132075471698113,-0.20754716981132076,-0.5849056603773585,-2.547169811320755,-1.1132075471698113,-0.9622641509433962
Q83GH3,-1.5625,-1.5892857142857142,-1.6964285714285714,-2.125,-3.1964285714285716,-1.9553571428571428,-1.7857142857142858,-3.0535714285714284,-1.6964285714285714,-1.6785714285714286,-1.7946428571428572,-1.7142857142857142,-1.5982142857142858,-2.1875,-2.8125,-1.875,-1.1696428571428572,-3.4107142857142856,-1.6517857142857142,-1.5535714285714286,-1.6607142857142858,-2.455357142857143,-2.5535714285714284,-2.25,-3.7589285714285716,-2.2589285714285716,-1.9017857142857142,-2.3214285714285716,-2.4107142857142856,-2.705357142857143,-2.9017857142857144,-2.0,-2.7589285714285716,-2.955357142857143,-3.2142857142857144,-1.7767857142857142,-2.4017857142857144,-3.8035714285714284,-2.607142857142857,-2.5625,-1.1428571428571428,-1.2767857142857142,-1.4285714285714286,-1.9375,-2.955357142857143,-1.5446428571428572,-1.4553571428571428,-2.392857142857143,-1.1339285714285714,-1.9642857142857142,-1.6785714285714286,-1.5892857142857142,-1.4910714285714286,-1.7589285714285714,-2.8660714285714284,-1.3035714285714286,-1.4107142857142858,-2.6607142857142856,-1.6071428571428572,-1.8571428571428572,0.7631578947368421,-0.2894736842105263,-0.8070175438596491,-0.11403508771929824,-2.710526315789474,-0.5877192982456141,0.19298245614035087,-1.394736842105263,-1.368421052631579,-0.7807017543859649,-0.35964912280701755,-0.38596491228070173,-0.9824561403508771,-1.3771929824561404,-1.6842105263157894,-0.6842105263157895,-0.7894736842105263,-2.043859649122807,-1.8771929824561404,-0.5789473684210527
O52866,-1.2253521126760563,-1.943661971830986,-1.5211267605633803,-1.8309859154929577,-2.295774647887324,-1.8873239436619718,-2.267605633802817,-2.028169014084507,-0.6901408450704225,-1.9295774647887325,-1.8591549295774648,-2.408450704225352,-1.9577464788732395,-1.5070422535211268,-2.0,-1.352112676056338,-1.2535211267605635,-2.563380281690141,-1.591549295774648,-1.5774647887323943,-0.028169014084507043,-1.6619718309859155,-2.056338028169014,-2.0985915492957745,-1.7183098591549295,-1.4647887323943662,-1.9154929577464788,-1.5070422535211268,-0.8873239436619719,-1.2394366197183098,-0.7323943661971831,-2.408450704225352,-0.7746478873239436,-1.591549295774648,-2.1971830985915495,-0.971830985915493,-1.1971830985915493,-1.4929577464788732,-1.5492957746478873,-0.9436619718309859,-0.07042253521126761,0.11267605633802817,-0.352112676056338,-0.4084507042253521,-1.9295774647887325,0.07042253521126761,-0.09859154929577464,-0.971830985915493,-0.4225352112676056,-0.8028169014084507,-0.16901408450704225,-0.5633802816901409,-0.056338028169014086,-0.08450704225352113,-0.36619718309859156,-0.3380281690140845,-0.5070422535211268,-0.36619718309859156,-0.16901408450704225,-0.8169014084507042,-0.3561643835616438,-1.2054794520547945,-1.9589041095890412,-1.36986301369863,-2.547945205479452,-1.1643835616438356,-1.4246575342465753,-2.164383561643836,-0.5068493150684932,-1.36986301369863,-1.082191780821918,-1.3972602739726028,-1.3835616438356164,-1.273972602739726,-1.7945205479452055,-1.273972602739726,-1.178082191780822,-2.7260273972602738,-1.5616438356164384,-1.0
P19579,-0.4117647058823529,-0.6764705882352942,-1.0784313725490196,-1.5490196078431373,-2.0294117647058822,-0.5686274509803921,-0.8137254901960784,-1.6176470588235294,-1.0392156862745099,-0.7352941176470589,-0.8235294117647058,-0.4019607843137255,-0.3431372549019608,-1.088235294117647,-1.5,-0.6078431372549019,-0.3627450980392157,-2.1666666666666665,-0.8235294117647058,-0.4215686274509804,-0.06862745098039216,-0.8235294117647058,-0.45098039215686275,-0.9607843137254902,-1.8235294117647058,-0.43137254901960786,-0.49019607843137253,-0.9803921568627451,-0.9411764705882353,-1.0196078431372548,-1.1176470588235294,-0.5098039215686274,-0.7254901960784313,-1.3333333333333333,-1.4313725490196079,-0.17647058823529413,-0.27450980392156865,-2.411764705882353,-1.0588235294117647,-0.6666666666666666,-0.3431372549019608,-0.6862745098039216,-0.8921568627450981,-0.7843137254901961,-2.0294117647058822,-0.5686274509803921,-0.7156862745098039,-1.1470588235294117,-0.803921568627451,-1.1862745098039216,-1.4019607843137254,-0.5980392156862745,-0.8529411764705882,-1.5588235294117647,-1.0,-0.3431372549019608,-0.7450980392156863,-2.4215686274509802,-1.1764705882352942,-0.8529411764705882,-0.6857142857142857,-0.34285714285714286,-0.4666666666666667,-0.6857142857142857,-2.295238095238095,0.02857142857142857,-0.09523809523809523,-1.6285714285714286,-0.8761904761904762,-1.4952380952380953,-1.4761904761904763,0.12380952380952381,-0.9333333333333333,-1.9714285714285715,-1.4095238095238096,-0.29523809523809524,-0.24761904761904763,-2.4952380952380953,-1.4,-1.0952380952380953
P22629,0.5111111111111111,-0.9777777777777777,-1.1333333333333333,-1.3777777777777778,-1.2666666666666666,-0.6,-0.8444444444444444,-1.1333333333333333,-1.711111111111111,-0.6444444444444445,-0.6666666666666666,-0.6444444444444445,-0.26666666666666666,-1.5333333333333334,-1.1111111111111112,0.26666666666666666,-0.044444444444444446,-2.2666666666666666,-1.6,-0.24444444444444444,-0.08888888888888889,-1.0,-0.1111111111111111,-0.7555555555555555,-1.5555555555555556,-0.4888888888888889,-0.7555555555555555,-0.4666666666666667,-1.0666666666666667,-0.8222222222222222,-1.0222222222222221,-0.8666666666666667,-0.6444444444444445,-1.1111111111111112,-1.1333333333333333,0.044444444444444446,0.28888888888888886,-2.111111111111111,-0.6888888888888889,-0.6222222222222222,-0.2,-1.0444444444444445,-0.4444444444444444,-1.1333333333333333,-1.1333333333333333,-0.6666666666666666,-0.8,-0.9333333333333333,-1.1111111111111112,-1.1555555555555554,-1.2,-0.8444444444444444,-1.0222222222222221,-0.8666666666666667,-1.6444444444444444,0.022222222222222223,0.2222222222222222,-0.9111111111111111,-0.6,-0.8,-0.0625,-0.6666666666666666,-0.0625,-0.5,-1.875,0.0,-0.3958333333333333,-0.875,-1.2083333333333333,-1.3541666666666667,-1.6875,-0.2708333333333333,-0.9583333333333334,-2.0208333333333335,-1.3958333333333333,0.20833333333333334,-0.2916666666666667,-2.4166666666666665,-1.5833333333333333,-0.9583333333333334
O33635,0.12312312312312312,-0.23423423423423423,0.3303303303303303,-0.042042042042042045,-2.018018018018018,0.7777777777777778,0.6816816816816816,-1.2852852852852852,-0.9099099099099099,-1.5975975975975976,-1.7267267267267268,0.8018018018018018,-1.2492492492492493,-2.3423423423423424,-0.12012012012012012,0.5495495495495496,0.5945945945945946,-2.7477477477477477,-1.6276276276276276,-0.9669669669669669,-0.1981981981981982,-0.7927927927927928,-0.1921921921921922,-0.8048048048048048,-1.9009009009009008,-0.3663663663663664,-0.6186186186186187,-0.7357357357357357,-0.8258258258258259,-1.1861861861861862,-1.2972972972972974,-0.1921921921921922,-0.9669669669669669,-1.3243243243243243,-1.0,0.015015015015015015,-0.02702702702702703,-1.6456456456456456,-0.5855855855855856,-0.9009009009009009,-0.2042042042042042,-0.7447447447447447,-0.2702702702702703,-1.006006006006006,-1.84984984984985,-0.2732732732732733,-0.6726726726726727,-0.9519519519519519,-1.003003003003003,-1.1411411411411412,-1.2492492492492493,-0.17717717717717718,-0.8198198198198198,-1.4594594594594594,-1.0960960960960962,0.04804804804804805,0.23423423423423423,-1.8618618618618619,-0.8618618618618619,-0.7687687687687688,-0.3392857142857143,-0.7976190476190477,-0.25892857142857145,-0.9404761904761905,-1.9196428571428572,-0.32142857142857145,-0.6666666666666666,-1.0208333333333333,-0.8482142857142857,-1.1517857142857142,-1.2053571428571428,-0.29464285714285715,-0.7976190476190477,-1.244047619047619,-1.4553571428571428,-0.1875,-0.23214285714285715,-1.8303571428571428,-0.6398809523809523,-0.9166666666666666
P39570,-0.15217391304347827,-1.7826086956521738,-1.5543478260869565,-2.4456521739130435,-2.141304347826087,-1.358695652173913,-1.9782608695652173,-0.7717391304347826,-1.891304347826087,-0.07608695652173914,-0.358695652173913,-1.576086956521739,-0.2391304347826087,-0.7282608695652174,-2.108695652173913,-0.34782608695652173,-0.532608695652174,-1.5326086956521738,-0.9891304347826086,-0.4891304347826087,-0.18478260869565216,-2.119565217391304,-1.5326086956521738,-2.380434782608696,-1.7391304347826086,-1.608695652173913,-1.9456521739130435,-0.9021739130434783,-1.826086956521739,0.6847826086956522,0.22826086956521738,-1.826086956521739,-0.07608695652173914,0.6739130434782609,-1.7608695652173914,-0.7717391304347826,-0.32608695652173914,-1.326086956521739,-0.5869565217391305,0.2717391304347826,-0.21739130434782608,-1.815217391304348,-1.6195652173913044,-2.260869565217391,-2.108695652173913,-1.4021739130434783,-1.5869565217391304,-1.2065217391304348,-1.934782608695652,0.2391304347826087,-0.03260869565217391,-1.434782608695652,-0.010869565217391304,-0.30434782608695654,-1.75,-0.3695652173913043,-0.45652173913043476,-2.097826086956522,-0.9565217391304348,0.18478260869565216,-0.25,-1.5217391304347827,-1.1956521739130435,-1.891304347826087,-1.673913043478261,-0.9891304347826086,-1.5326086956521738,-1.4565217391304348,-1.565217391304348,0.08695652173913043,0.05434782608695652,-1.0326086956521738,0.010869565217391304,-0.021739130434782608,-1.5543478260869565,-0.391304347826087,-0.17391304347826086,-1.0,-0.25,-0.10869565217391304
Q06852,-0.4204152249134948,-1.0778546712802768,-0.6920415224913494,-0.972318339100346,-1.911764705882353,-0.643598615916955,-0.5570934256055363,-1.2698961937716262,-1.2906574394463668,-0.8996539792387543,-1.0726643598615917,-0.6089965397923875,-0.6660899653979239,-1.4965397923875432,-1.240484429065744,-0.2179930795847751,-0.11591695501730104,-2.2802768166089966,-1.2422145328719723,-0.5640138408304498,-0.35294117647058826,-1.013840830449827,-0.6314878892733564,-0.8910034602076125,-1.8944636678200693,-0.5519031141868512,-0.4273356401384083,-1.1505190311418685,-1.231833910034602,-0.9463667820069204,-1.1332179930795847,-0.5415224913494809,-0.7145328719723183,-1.5017301038062283,-1.0380622837370241,-0.185121107266436,-0.07439446366782007,-2.167820069204152,-1.2231833910034602,-0.6055363321799307,0.05363321799307959,-0.7854671280276817,-1.268166089965398,-1.055363321799308,-2.4671280276816607,0.21453287197231835,0.01384083044982699,-0.9757785467128027,-0.9567474048442907,-1.6487889273356402,-1.4152249134948096,-0.46539792387543255,-1.2474048442906573,-2.3339100346020762,1.6332179930795847,0.9013840830449827,0.6020761245674741,-2.9740484429065743,-2.057093425605536,-0.6557093425605537,0.12607944732297063,-0.6735751295336787,-1.0604490500863557,-1.0259067357512954,-2.3229706390328153,0.14853195164075994,-0.008635578583765112,-0.690846286701209,-0.7461139896373057,-1.618307426597582,-1.4024179620034543,-0.2504317789291883,-1.072538860103627,-1.9412780656303972,1.2573402417962003,0.8497409326424871,0.5734024179620034,-2.754749568221071,-1.6649395509499136,-0.7512953367875648
P42252,-0.6885245901639344,-1.721311475409836,-2.0,-2.1311475409836067,-2.1311475409836067,-1.2459016393442623,-1.3934426229508197,-2.19672131147541,-1.4426229508196722,-0.03278688524590164,-0.22950819672131148,-1.6229508196721312,-0.4262295081967213,-0.01639344262295082,-2.081967213114754,-1.0819672131147542,-0.6885245901639344,-1.9344262295081966,-0.8688524590163934,-0.2459016393442623,-0.5081967213114754,-2.0163934426229506,-2.5737704918032787,-3.0655737704918034,-1.639344262295082,-2.0491803278688523,-2.377049180327869,-1.9180327868852458,-2.19672131147541,-0.08196721311475409,-0.03278688524590164,-1.8688524590163935,-0.4262295081967213,0.639344262295082,-2.1147540983606556,-1.0327868852459017,-0.8852459016393442,-1.4754098360655739,-0.36065573770491804,-0.4426229508196721,-0.7868852459016393,-2.3114754098360657,-2.098360655737705,-2.6065573770491803,-2.3442622950819674,-1.6557377049180328,-2.081967213114754,-2.0163934426229506,-2.098360655737705,0.13114754098360656,0.14754098360655737,-2.0491803278688523,-0.11475409836065574,0.45901639344262296,-2.19672131147541,-0.9672131147540983,-0.5245901639344263,-2.2459016393442623,-0.6229508196721312,0.04918032786885246,-0.16129032258064516,-1.4838709677419355,-2.306451612903226,-2.5161290322580645,-2.1774193548387095,-1.6774193548387097,-1.8548387096774193,-1.9193548387096775,-2.1774193548387095,-0.14516129032258066,-0.3548387096774194,-1.5161290322580645,-0.2903225806451613,-0.3870967741935484,-1.9838709677419355,-0.967741935483871,-0.8225806451612904,-1.7419354838709677,-1.2741935483870968,-0.24193548387096775
O07628,-1.25,-1.0416666666666667,-1.4583333333333333,-1.4583333333333333,-1.5,-0.7916666666666666,-0.7916666666666666,-2.375,-1.1666666666666667,-1.2083333333333333,-0.6666666666666666,-1.125,-0.6666666666666666,-1.5833333333333333,-1.8333333333333333,-1.0833333333333333,-0.625,-2.5833333333333335,-1.2083333333333333,-1.25,-0.75,-1.25,-1.125,-1.0,-1.4583333333333333,-0.4583333333333333,-0.3333333333333333,-2.25,-1.0,-1.4166666666666667,-1.25,-0.875,-0.5,-1.75,-1.6666666666666667,-0.5416666666666666,-0.5416666666666666,-2.6666666666666665,-1.2083333333333333,-1.2083333333333333,-0.8333333333333334,-0.375,-1.2083333333333333,-1.0833333333333333,-2.7083333333333335,0.3333333333333333,0.625,-2.3333333333333335,-0.5416666666666666,-1.875,-1.3333333333333333,-0.25,-0.9583333333333334,-1.7083333333333333,-1.4166666666666667,-0.7083333333333334,-0.9166666666666666,-2.0416666666666665,-0.5416666666666666,-1.5,-0.16,-2.12,-2.6,-2.88,-0.96,-1.6,-2.32,-2.0,-2.52,0.36,0.32,-1.76,0.56,-0.72,-2.44,-1.48,-0.96,-1.92,-1.24,0.2
P42086,-0.11926605504587157,-2.128440366972477,-1.981651376146789,-2.5596330275229358,-1.5045871559633028,-1.4403669724770642,-2.018348623853211,-0.9908256880733946,-1.963302752293578,0.09174311926605505,-0.01834862385321101,-1.944954128440367,-0.07339449541284404,-0.5229357798165137,-1.4128440366972477,-0.6330275229357798,-0.3486238532110092,-2.091743119266055,-1.1009174311926606,0.06422018348623854,-0.1651376146788991,-1.6788990825688073,-1.7706422018348624,-2.3577981651376145,-1.4036697247706422,-1.5137614678899083,-1.9908256880733946,-0.8532110091743119,-1.6972477064220184,0.4036697247706422,0.11926605504587157,-1.6422018348623852,-0.05504587155963303,-0.1743119266055046,-0.926605504587156,-0.5688073394495413,-0.42201834862385323,-1.5229357798165137,-0.963302752293578,0.23853211009174313,0.045871559633027525,-1.8623853211009174,-1.5963302752293578,-2.2110091743119265,-1.5688073394495412,-1.5871559633027523,-1.8807339449541285,-0.48623853211009177,-1.926605504587156,-0.44954128440366975,-0.5688073394495413,-1.7431192660550459,-0.30275229357798167,-0.8073394495412844,-1.5229357798165137,-0.3302752293577982,-0.25688073394495414,-2.4954128440366974,-1.4862385321100917,-0.07339449541284404,-0.0990990990990991,-1.6576576576576576,-1.3243243243243243,-2.009009009009009,-1.9189189189189189,-1.2882882882882882,-1.5585585585585586,-1.2522522522522523,-1.6756756756756757,-0.16216216216216217,-0.24324324324324326,-1.3963963963963963,-0.22522522522522523,-0.5675675675675675,-1.5765765765765767,-0.3333333333333333,-0.23423423423423423,-2.2972972972972974,-1.1801801801801801,-0.17117117117117117
P35154,-1.6774193548387097,-2.2903225806451615,-1.6612903225806452,-1.596774193548387,-3.467741935483871,-1.3225806451612903,-1.3548387096774193,-3.370967741935484,-1.9516129032258065,-0.7096774193548387,-0.7096774193548387,-1.5161290322580645,-0.7741935483870968,-1.5483870967741935,-2.935483870967742,-1.7580645161290323,-1.4193548387096775,-3.370967741935484,-1.5161290322580645,-1.1612903225806452,-1.0,-0.6935483870967742,-1.1935483870967742,-0.8064516129032258,-2.9516129032258065,0.11290322580645161,0.3548387096774194,-2.596774193548387,-1.5161290322580645,-1.2419354838709677,-0.7903225806451613,-0.12903225806451613,-0.8225806451612904,-1.9516129032258065,-1.8870967741935485,-1.0161290322580645,-1.096774193548387,-3.2580645161290325,-1.4516129032258065,-1.5,-0.9193548387096774,-0.5,-0.6129032258064516,-0.532258064516129,-3.0161290322580645,-0.22580645161290322,0.14516129032258066,-2.5,-1.1129032258064515,-0.6612903225806451,-0.8548387096774194,0.27419354838709675,-0.5967741935483871,-1.5161290322580645,-1.3870967741935485,-0.5967741935483871,-0.3387096774193548,-2.6451612903225805,-1.3064516129032258,-0.5806451612903226,-1.3384615384615384,-1.2,-1.2,-1.3076923076923077,-2.2,-0.7538461538461538,-0.6153846153846154,-2.4461538461538463,-1.2615384615384615,-0.6153846153846154,-0.7692307692307693,-0.9538461538461539,-1.0769230769230769,-1.1538461538461537,-2.6,-0.9076923076923077,-0.8461538461538461,-3.123076923076923,-1.3846153846153846,-0.7076923076923077
Q11010,-0.7289719626168224,-1.2757009345794392,-0.9158878504672897,-1.088785046728972,-2.060747663551402,-0.9018691588785047,-0.7850467289719626,-1.8644859813084111,-1.0467289719626167,-1.0233644859813085,-1.205607476635514,-0.8644859813084113,-1.205607476635514,-1.2242990654205608,-1.2102803738317758,-0.27102803738317754,-0.14485981308411214,-2.4299065420560746,-1.0841121495327102,-0.7897196261682243,-0.8925233644859814,-1.602803738317757,-1.1355140186915889,-1.3831775700934579,-2.3738317757009346,-1.0514018691588785,-0.9626168224299065,-2.0794392523364484,-1.1822429906542056,-1.219626168224299,-1.074766355140187,-1.2383177570093458,-0.9953271028037384,-1.0420560747663552,-2.107476635514019,-0.6074766355140186,-0.8457943925233645,-2.014018691588785,-0.9532710280373832,-1.233644859813084,-0.4532710280373832,-0.8037383177570093,-0.5233644859813084,-0.5887850467289719,-2.2196261682242993,-0.35514018691588783,-0.4532710280373832,-1.4205607476635513,-1.0841121495327102,-0.6962616822429907,-0.6401869158878505,-0.4485981308411215,-0.7570093457943925,-0.9906542056074766,-1.2102803738317758,-0.18691588785046728,-0.2850467289719626,-1.7009345794392523,-0.7990654205607477,-0.6822429906542056,0.2,-0.5395348837209303,-0.7302325581395349,-0.8418604651162791,-1.813953488372093,-0.13023255813953488,-0.2930232558139535,-1.1906976744186046,-1.0558139534883721,-1.2325581395348837,-0.9488372093023256,-0.3674418604651163,-0.6,-1.4651162790697674,-1.4046511627906977,-0.08837209302325581,-0.3023255813953488,-1.9116279069767441,-1.172093023255814,-0.8093023255813954
Q04707,-0.7150837988826816,-0.9050279329608939,-1.458100558659218,-1.7262569832402235,-2.6089385474860336,-0.9050279329608939,-1.312849162011173,-1.776536312849162,-1.6536312849162011,-0.9106145251396648,-0.8044692737430168,-1.0223463687150838,-0.6815642458100558,-1.0223463687150838,-1.8435754189944134,-0.7988826815642458,-0.8715083798882681,-1.2458100558659218,-1.0,-0.8659217877094972,-0.3128491620111732,-0.5754189944134078,-0.547486033519553,-1.0,-2.88268156424581,-0.31843575418994413,-0.6871508379888268,-1.2905027932960893,-1.329608938547486,-1.2513966480446927,-1.1955307262569832,-0.41899441340782123,-1.094972067039106,-1.7262569832402235,-1.553072625698324,-0.4748603351955307,-0.6424581005586593,-2.3072625698324023,-0.6703910614525139,-0.9162011173184358,-0.3463687150837989,-1.3407821229050279,-0.776536312849162,-1.2625698324022345,-2.8268156424581004,-0.8100558659217877,-1.1452513966480447,-1.229050279329609,-1.681564245810056,-0.9497206703910615,-1.1955307262569832,-0.7262569832402235,-0.8212290502793296,-1.6927374301675977,-1.223463687150838,-0.39106145251396646,-0.21787709497206703,-2.441340782122905,-0.9106145251396648,-0.9273743016759777,-0.18681318681318682,-0.8791208791208791,-0.2857142857142857,-0.6758241758241759,-2.2032967032967035,-0.42857142857142855,-0.5824175824175825,-0.5769230769230769,-1.3186813186813187,-1.2802197802197801,-1.5054945054945055,-0.4835164835164835,-1.1153846153846154,-1.835164835164835,-0.4230769230769231,-0.027472527472527472,0.016483516483516484,-2.1538461538461537,-1.043956043956044,-0.978021978021978
Q10744,-0.49107142857142855,-0.8035714285714286,-0.5,-1.1160714285714286,-2.0982142857142856,-0.3482142857142857,-0.5982142857142857,-1.7678571428571428,-0.9107142857142857,-1.3839285714285714,-1.1517857142857142,-0.5267857142857143,-0.8571428571428571,-1.1696428571428572,-1.7767857142857142,-0.2857142857142857,-0.3392857142857143,-2.169642857142857,-0.9375,-1.1160714285714286,-0.32142857142857145,-0.8035714285714286,-0.8660714285714286,-0.7946428571428571,-1.9464285714285714,-0.35714285714285715,-0.375,-1.5982142857142858,-1.3482142857142858,-1.2589285714285714,-1.1071428571428572,-0.5,-0.5892857142857143,-1.6160714285714286,-1.5714285714285714,-0.42857142857142855,-0.3392857142857143,-2.357142857142857,-1.3482142857142858,-0.9910714285714286,-0.8035714285714286,-1.0,-0.5535714285714286,-0.6696428571428571,-2.3035714285714284,-0.5714285714285714,-0.6517857142857143,-1.6517857142857142,-1.0625,-1.2857142857142858,-1.2857142857142858,-0.5,-0.9017857142857143,-1.3660714285714286,-1.6517857142857142,-0.625,-0.5892857142857143,-2.3035714285714284,-1.0625,-1.125,-0.504424778761062,-1.2123893805309736,-0.9469026548672567,-0.7876106194690266,-2.309734513274336,-0.5575221238938053,-0.5752212389380531,-1.663716814159292,-1.1415929203539823,-1.3008849557522124,-1.1150442477876106,-0.6637168141592921,-0.7345132743362832,-1.4336283185840708,-1.7345132743362832,-0.5309734513274337,-0.6283185840707964,-1.9646017699115044,-1.0973451327433628,-1.0442477876106195
O07151,-0.5028571428571429,-1.5142857142857142,-1.4057142857142857,-1.12,-2.6285714285714286,-1.1142857142857143,-0.7257142857142858,-2.0342857142857143,-1.8457142857142856,-1.2057142857142857,-1.5942857142857143,-0.8342857142857143,-1.4628571428571429,-2.12,-1.8914285714285715,-0.8057142857142857,-0.9657142857142857,-3.28,-1.9428571428571428,-1.2,-1.2514285714285713,-1.3657142857142857,-1.7142857142857142,-1.8171428571428572,-3.394285714285714,-1.2971428571428572,-0.8457142857142858,-2.257142857142857,-1.457142857142857,-1.5485714285714285,-1.4457142857142857,-0.8628571428571429,-1.3257142857142856,-1.9828571428571429,-2.4457142857142857,-1.4857142857142858,-1.6228571428571428,-2.7142857142857144,-1.4742857142857142,-1.7428571428571429,-1.0685714285714285,-1.24,-1.6857142857142857,-1.2514285714285713,-2.525714285714286,-1.28,-0.7714285714285715,-2.142857142857143,-1.2228571428571429,-1.3771428571428572,-1.5371428571428571,-1.12,-0.9314285714285714,-1.302857142857143,-2.1485714285714286,-1.3142857142857143,-1.0971428571428572,-2.565714285714286,-1.24,-1.44,-1.0056497175141244,-1.5084745762711864,-1.8700564971751412,-1.9096045197740112,-3.2542372881355934,-1.497175141242938,-1.1864406779661016,-2.4293785310734464,-2.175141242937853,-1.4519774011299436,-1.887005649717514,-1.1638418079096045,-1.4576271186440677,-2.5649717514124295,-2.847457627118644,-1.4463276836158192,-1.2090395480225988,-3.790960451977401,-2.288135593220339,-1.3672316384180792
P0C1D7,0.18292682926829268,-0.8353658536585366,-0.8414634146341463,-1.2682926829268293,-1.6280487804878048,-0.6585365853658537,-0.8414634146341463,-0.8475609756097561,-1.2560975609756098,-1.0304878048780488,-0.9207317073170732,-0.725609756097561,-0.6341463414634146,-1.4451219512195121,-0.9024390243902439,-0.07317073170731707,-0.23780487804878048,-1.9634146341463414,-1.1890243902439024,-0.676829268292683,-0.14634146341463414,-1.1951219512195121,-0.4268292682926829,-0.725609756097561,-1.774390243902439,-0.5548780487804879,-0.9146341463414634,-0.4817073170731707,-1.0060975609756098,-1.0914634146341464,-1.1341463414634145,-0.8841463414634146,-0.774390243902439,-1.1219512195121952,-0.9817073170731707,-0.054878048780487805,-0.5060975609756098,-1.4634146341463414,-0.6890243902439024,-0.9878048780487805,-0.13414634146341464,-1.024390243902439,-0.5,-1.0548780487804879,-1.8597560975609757,-0.6829268292682927,-0.7621951219512195,-0.5670731707317073,-1.0121951219512195,-1.4634146341463414,-1.4695121951219512,-0.9146341463414634,-1.0426829268292683,-1.396341463414634,-1.4085365853658536,-0.18292682926829268,-0.4329268292682927,-1.9146341463414633,-1.1158536585365855,-1.079268292682927,-0.49696969696969695,-1.0727272727272728,-0.6484848484848484,-1.0787878787878789,-2.212121212121212,-0.5757575757575758,-0.6303030303030303,-0.6727272727272727,-1.1333333333333333,-1.6727272727272726,-1.6606060606060606,-0.8848484848484849,-1.2,-1.5212121212121212,-1.6545454545454545,-0.2787878787878788,-0.6181818181818182,-1.9575757575757575,-1.1272727272727272,-1.2727272727272727
Q07428,-0.6896551724137931,-1.0344827586206897,-1.7586206896551724,-1.6206896551724137,-2.2758620689655173,-1.0,-0.5172413793103449,-1.9310344827586208,-2.1724137931034484,-0.6551724137931034,-1.1724137931034482,-0.3793103448275862,-0.20689655172413793,-1.8275862068965518,-2.0,-1.0689655172413792,-0.9310344827586207,-2.9310344827586206,-2.0,-0.6896551724137931,-0.7241379310344828,-0.4482758620689655,-1.2413793103448276,-1.4482758620689655,-2.3448275862068964,-0.6896551724137931,-0.7586206896551724,-0.7241379310344828,-1.1724137931034482,-1.3103448275862069,-1.7586206896551724,-0.41379310344827586,-0.896551724137931,-1.7241379310344827,-2.206896551724138,-0.5862068965517241,-0.6551724137931034,-2.793103448275862,-1.2413793103448276,-1.103448275862069,-0.4482758620689655,-1.4827586206896552,-1.5517241379310345,-1.0689655172413792,-2.4827586206896552,-0.896551724137931,-0.6206896551724138,-2.586206896551724,-2.103448275862069,-0.06896551724137931,-0.8620689655172413,-0.6206896551724138,-0.5172413793103449,-2.310344827586207,-1.9655172413793103,-1.0,-0.4827586206896552,-3.3793103448275863,-2.103448275862069,0.10344827586206896,-1.103448275862069,-1.4482758620689655,-1.5862068965517242,-1.3448275862068966,-2.9655172413793105,-1.5517241379310345,-1.103448275862069,-1.4482758620689655,-2.413793103448276,-1.2758620689655173,-2.310344827586207,-1.2758620689655173,-1.9310344827586208,-2.586206896551724,-2.206896551724138,-1.0344827586206897,-0.896551724137931,-3.5172413793103448,-2.310344827586207,-1.3103448275862069
O07002,-0.046153846153846156,-2.6846153846153844,-1.976923076923077,-3.2846153846153845,-2.0384615384615383,-2.1538461538461537,-2.7846153846153845,-0.6846153846153846,-2.707692307692308,-0.13846153846153847,-0.5538461538461539,-2.353846153846154,-0.35384615384615387,-0.43846153846153846,-2.3615384615384616,-0.2923076923076923,-0.6076923076923076,-1.6538461538461537,-1.0461538461538462,-0.34615384615384615,0.015384615384615385,-2.4,-1.5692307692307692,-2.6384615384615384,-1.5076923076923077,-2.1384615384615384,-2.4153846153846152,-0.6846153846153846,-2.169230769230769,0.47692307692307695,-0.13846153846153847,-2.076923076923077,-0.26153846153846155,0.5153846153846153,-1.9230769230769231,-0.4846153846153846,-0.27692307692307694,-1.0846153846153845,-0.8846153846153846,0.3,0.12307692307692308,-2.1384615384615384,-1.2615384615384615,-2.353846153846154,-1.376923076923077,-1.5461538461538462,-2.223076923076923,-0.9538461538461539,-2.023076923076923,0.03076923076923077,0.023076923076923078,-1.9384615384615385,0.023076923076923078,0.023076923076923078,-1.8615384615384616,-0.23846153846153847,-0.4307692307692308,-1.4384615384615385,-0.8,-0.015384615384615385,-0.36923076923076925,-1.646153846153846,-1.646153846153846,-2.1615384615384614,-1.676923076923077,-1.3461538461538463,-1.7076923076923076,-1.146153846153846,-1.6615384615384616,0.06923076923076923,-0.015384615384615385,-1.2076923076923076,-0.16153846153846155,0.3,-1.2076923076923076,-0.7846153846153846,-0.6846153846153846,-0.23846153846153847,-0.046153846153846156,0.06153846153846154
P0A574,-0.5060240963855421,-1.0120481927710843,-1.8313253012048192,-1.6506024096385543,-2.927710843373494,-1.3012048192771084,-1.1927710843373494,-2.0963855421686746,-2.0240963855421685,-1.5662650602409638,-2.0481927710843375,-0.927710843373494,-1.2530120481927711,-2.6506024096385543,-2.433734939759036,-0.7590361445783133,-0.7349397590361446,-3.4939759036144578,-2.2771084337349397,-1.4337349397590362,0.0,-2.0602409638554215,-1.3975903614457832,-2.0843373493975905,-1.4337349397590362,-1.8674698795180722,-2.216867469879518,-1.1927710843373494,-2.2650602409638556,-1.0481927710843373,-1.1927710843373494,-2.0240963855421685,-0.8674698795180723,-1.963855421686747,-2.36144578313253,-0.6746987951807228,-0.5662650602409639,-3.566265060240964,-1.9518072289156627,-0.6987951807228916,0.0,-1.1927710843373494,-1.2891566265060241,-1.0,-1.9156626506024097,-1.1325301204819278,-0.8795180722891566,-0.43373493975903615,-1.072289156626506,-1.2289156626506024,-1.108433734939759,-1.1566265060240963,-1.108433734939759,-1.5301204819277108,-1.5662650602409638,-0.6265060240963856,-0.6987951807228916,-2.855421686746988,-1.4216867469879517,-0.7228915662650602,-0.5465116279069767,-2.0,-1.8372093023255813,-2.0697674418604652,-2.3372093023255816,-1.7790697674418605,-1.744186046511628,-1.3953488372093024,-2.0930232558139537,-1.4767441860465116,-1.5813953488372092,-1.7209302325581395,-1.2325581395348837,-1.8837209302325582,-2.4302325581395348,-0.8255813953488372,-1.1162790697674418,-2.6627906976744184,-2.1511627906976742,-1.302325581395349
O34559,-0.3118279569892473,-1.064516129032258,-0.7526881720430108,-1.1612903225806452,-1.924731182795699,-0.5483870967741935,-0.5483870967741935,-1.3118279569892473,-1.1397849462365592,-1.1505376344086022,-0.989247311827957,-0.8709677419354839,-0.6451612903225806,-1.3225806451612903,-1.3548387096774193,-0.3655913978494624,-0.4946236559139785,-1.8064516129032258,-0.967741935483871,-0.8817204301075269,-0.6129032258064516,-0.6881720430107527,-0.9354838709677419,-1.1397849462365592,-2.2688172043010755,-0.25806451612903225,-0.40860215053763443,-1.4193548387096775,-0.6451612903225806,-1.1720430107526882,-0.6881720430107527,-0.5698924731182796,-0.3978494623655914,-1.032258064516129,-1.4408602150537635,-0.6129032258064516,-0.5698924731182796,-1.913978494623656,-0.5806451612903226,-1.021505376344086,-0.3870967741935484,-0.6774193548387096,-0.7634408602150538,-0.6344086021505376,-2.064516129032258,-0.40860215053763443,-0.3010752688172043,-1.010752688172043,-0.8064516129032258,-1.1935483870967742,-1.0,-0.4731182795698925,-0.6774193548387096,-1.4193548387096775,-1.10752688172043,-0.2903225806451613,-0.5806451612903226,-1.4623655913978495,-0.8279569892473119,-1.0,0.07446808510638298,-0.8085106382978723,-0.9042553191489362,-1.053191489361702,-1.7340425531914894,-0.5319148936170213,-0.6702127659574468,-0.7021276595744681,-1.0319148936170213,-1.0957446808510638,-0.925531914893617,-0.5425531914893617,-0.5638297872340425,-1.202127659574468,-1.2765957446808511,-0.1595744680851064,-0.35106382978723405,-1.8085106382978724,-0.9361702127659575,-0.8085106382978723
P0C2S1,-0.3273542600896861,-0.9237668161434978,-0.7174887892376681,-0.9775784753363229,-1.5650224215246638,-0.515695067264574,-0.6502242152466368,-0.9551569506726457,-1.1076233183856503,-1.0044843049327354,-1.031390134529148,-0.7443946188340808,-0.7130044843049327,-1.1659192825112108,-0.9192825112107623,-0.19282511210762332,-0.11210762331838565,-1.8475336322869955,-0.8923766816143498,-0.7085201793721974,-0.21524663677130046,-1.0089686098654709,-0.6681614349775785,-0.7130044843049327,-2.0269058295964126,-0.7309417040358744,-0.8251121076233184,-0.8251121076233184,-0.9596412556053812,-1.3004484304932735,-1.201793721973094,-0.7130044843049327,-0.8699551569506726,-1.2869955156950672,-1.242152466367713,-0.23766816143497757,-0.38565022421524664,-1.5874439461883407,-0.757847533632287,-0.9730941704035875,-0.06726457399103139,-1.2466367713004485,-1.0044843049327354,-1.062780269058296,-2.1704035874439462,-0.9103139013452914,-0.9372197309417041,-1.0269058295964126,-1.188340807174888,-1.7085201793721974,-1.3318385650224216,-0.9506726457399103,-1.15695067264574,-1.4887892376681615,-1.3946188340807175,-0.40358744394618834,-0.5246636771300448,-1.9775784753363228,-0.8878923766816144,-1.2914798206278026,-0.33185840707964603,-1.1150442477876106,-0.4911504424778761,-0.8849557522123894,-2.225663716814159,-0.8982300884955752,-1.168141592920354,-1.075221238938053,-1.2920353982300885,-1.3008849557522124,-1.3141592920353982,-0.8938053097345132,-1.0486725663716814,-1.5353982300884956,-1.154867256637168,-0.22566371681415928,-0.42920353982300885,-2.3230088495575223,-0.9690265486725663,-0.9911504424778761
P45702,-0.6306818181818182,-0.9602272727272727,-0.75,-1.0170454545454546,-2.2613636363636362,-0.6022727272727273,-0.5056818181818182,-1.3579545454545454,-1.1079545454545454,-1.3636363636363635,-1.3522727272727273,-0.8693181818181818,-0.9829545454545454,-1.4431818181818181,-1.1363636363636365,-0.42045454545454547,-0.4602272727272727,-2.4943181818181817,-1.2613636363636365,-1.1363636363636365,-0.5284090909090909,-0.7954545454545454,-0.8522727272727273,-1.1647727272727273,-2.0170454545454546,-0.42045454545454547,-0.5852272727272727,-1.3863636363636365,-0.9659090909090909,-1.1136363636363635,-1.1420454545454546,-0.6704545454545454,-0.6875,-1.2272727272727273,-1.7159090909090908,-0.5,-0.5568181818181818,-2.0681818181818183,-0.8863636363636364,-0.9261363636363636,-0.6306818181818182,-0.9602272727272727,-0.7897727272727273,-1.0568181818181819,-2.0625,-0.4772727272727273,-0.6022727272727273,-1.4034090909090908,-0.9375,-1.4147727272727273,-1.3579545454545454,-0.7670454545454546,-0.8238636363636364,-1.5511363636363635,-1.5397727272727273,-0.32386363636363635,-0.4659090909090909,-2.1988636363636362,-1.0227272727272727,-1.0965909090909092,-0.4463276836158192,-1.1977401129943503,-0.9717514124293786,-1.3389830508474576,-1.689265536723164,-0.768361581920904,-0.847457627118644,-1.1751412429378532,-1.2033898305084745,-1.2485875706214689,-1.1977401129943503,-1.0,-0.864406779661017,-1.4576271186440677,-1.6271186440677967,-0.384180790960452,-0.672316384180791,-1.9039548022598871,-1.1299435028248588,-0.9717514124293786
P25953,-0.4943820224719101,-0.10112359550561797,-1.0224719101123596,-1.0112359550561798,-2.4269662921348316,-0.4606741573033708,-0.4606741573033708,-1.651685393258427,-1.0561797752808988,-0.5955056179775281,-0.6292134831460674,-0.5280898876404494,-0.550561797752809,-1.449438202247191,-1.2696629213483146,-0.5056179775280899,-0.7191011235955056,-2.595505617977528,-1.4606741573033708,-0.6966292134831461,-0.48314606741573035,-0.8539325842696629,-1.0561797752808988,-1.3707865168539326,-2.337078651685393,-0.8426966292134831,-0.8314606741573034,-1.5280898876404494,-1.6853932584269662,-0.7078651685393258,-0.6629213483146067,-0.7528089887640449,-0.5730337078651685,-1.348314606741573,-1.2921348314606742,-0.5280898876404494,-0.29213483146067415,-2.49438202247191,-1.303370786516854,-0.6741573033707865,-0.38202247191011235,-1.146067415730337,-1.2359550561797752,-1.247191011235955,-2.4719101123595504,-0.7640449438202247,-0.8539325842696629,-1.595505617977528,-1.4382022471910112,-0.9887640449438202,-0.7865168539325843,-1.348314606741573,-0.3595505617977528,-1.898876404494382,-1.7303370786516854,-0.6179775280898876,-0.550561797752809,-2.9213483146067416,-1.853932584269663,-0.5955056179775281,-0.3258426966292135,-0.29213483146067415,-0.7078651685393258,-0.8202247191011236,-1.404494382022472,-0.20224719101123595,-0.4044943820224719,-0.9662921348314607,-0.7528089887640449,-1.0,-0.9775280898876404,-0.4044943820224719,-0.8539325842696629,-1.4382022471910112,-1.3707865168539326,-0.47191011235955055,-0.5168539325842697,-1.9550561797752808,-0.9662921348314607,-0.8426966292134831
P19580,-0.8620689655172413,-0.7758620689655172,-0.9482758620689655,-1.6724137931034482,-1.8362068965517242,-0.7844827586206896,-1.043103448275862,-1.9310344827586208,-1.1810344827586208,-0.5086206896551724,-0.646551724137931,-0.7327586206896551,-0.3879310344827586,-1.2672413793103448,-2.060344827586207,-0.75,-0.7155172413793104,-2.2327586206896552,-1.0086206896551724,-0.5,-0.5172413793103449,-1.0948275862068966,-0.9310344827586207,-1.0517241379310345,-2.086206896551724,-0.43103448275862066,-0.4396551724137931,-1.5862068965517242,-1.3879310344827587,-1.043103448275862,-1.3448275862068966,-0.6637931034482759,-0.6724137931034483,-1.7413793103448276,-1.4482758620689655,-0.646551724137931,-0.3706896551724138,-2.6724137931034484,-1.4482758620689655,-0.7241379310344828,-0.45689655172413796,-1.0517241379310345,-0.8189655172413793,-0.9827586206896551,-2.2586206896551726,-0.6120689655172413,-0.5431034482758621,-1.5603448275862069,-1.206896551724138,-1.2155172413793103,-1.3879310344827587,-0.7155172413793104,-0.8620689655172413,-1.4482758620689655,-1.4051724137931034,-0.4482758620689655,-0.5,-2.5775862068965516,-1.2758620689655173,-1.0258620689655173,-0.603448275862069,-0.9568965517241379,-1.0344827586206897,-1.0775862068965518,-2.1551724137931036,-0.5689655172413793,-0.5086206896551724,-1.7327586206896552,-1.1896551724137931,-0.9655172413793104,-1.146551724137931,-0.646551724137931,-0.6810344827586207,-1.646551724137931,-1.4137931034482758,-0.6551724137931034,-0.5948275862068966,-2.4655172413793105,-1.1724137931034482,-0.7672413793103449
P56968,-1.0153846153846153,-1.3076923076923077,-1.7538461538461538,-1.6615384615384616,-2.8153846153846156,-1.1692307692307693,-0.9230769230769231,-2.4307692307692306,-1.4153846153846155,-1.1384615384615384,-1.3846153846153846,-0.9538461538461539,-1.1846153846153846,-1.7230769230769232,-1.2,-0.5846153846153846,-0.9538461538461539,-2.953846153846154,-1.353846153846154,-1.0307692307692307,-0.8461538461538461,-1.5384615384615385,-2.076923076923077,-2.1384615384615384,-2.353846153846154,-1.5846153846153845,-1.7846153846153847,-1.4,-1.4307692307692308,-0.9384615384615385,-1.1846153846153846,-1.4615384615384615,-1.0,-1.6923076923076923,-1.7846153846153847,-1.1538461538461537,-1.0,-3.0153846153846153,-1.9230769230769231,-0.8615384615384616,-0.7692307692307693,-0.7076923076923077,-1.0461538461538462,-0.5076923076923077,-2.8615384615384616,-0.7692307692307693,-0.2923076923076923,-2.0153846153846153,-0.18461538461538463,-1.2615384615384615,-1.1384615384615384,-0.6153846153846154,-1.353846153846154,-0.9538461538461539,-1.7384615384615385,-1.1692307692307693,-0.9846153846153847,-1.4615384615384615,-0.5230769230769231,-1.1076923076923078,-0.9402985074626866,-1.8208955223880596,-2.208955223880597,-2.1343283582089554,-1.791044776119403,-1.5970149253731343,-1.328358208955224,-1.6865671641791045,-2.1940298507462686,-1.6417910447761195,-1.671641791044776,-1.2537313432835822,-1.0149253731343284,-2.08955223880597,-2.2388059701492535,-1.4029850746268657,-1.4776119402985075,-3.1791044776119404,-2.1791044776119404,-1.1791044776119404
P46712,-1.1634615384615385,-1.5192307692307692,-1.7596153846153846,-1.75,-3.019230769230769,-1.7211538461538463,-1.5480769230769231,-2.5865384615384617,-2.1634615384615383,-1.5673076923076923,-1.6346153846153846,-0.9903846153846154,-1.5865384615384615,-2.5865384615384617,-2.5384615384615383,-1.3846153846153846,-1.375,-4.0673076923076925,-2.6634615384615383,-1.2019230769230769,-0.6153846153846154,-2.1153846153846154,-2.0576923076923075,-2.144230769230769,-3.048076923076923,-1.9519230769230769,-1.3269230769230769,-2.4711538461538463,-2.4711538461538463,-2.144230769230769,-1.9711538461538463,-1.6057692307692308,-1.7788461538461537,-2.394230769230769,-2.8076923076923075,-1.5865384615384615,-1.7980769230769231,-4.173076923076923,-2.4615384615384617,-1.4134615384615385,-0.7596153846153846,-2.5288461538461537,-2.0,-1.7307692307692308,-3.173076923076923,-2.230769230769231,-1.7019230769230769,-2.1153846153846154,-2.8365384615384617,-1.5192307692307692,-1.8365384615384615,-1.3557692307692308,-1.8653846153846154,-3.0,-2.980769230769231,-1.5865384615384615,-1.5384615384615385,-4.375,-2.8846153846153846,-1.3365384615384615,-0.5576923076923077,-2.5673076923076925,-2.3846153846153846,-2.4134615384615383,-3.375,-2.3461538461538463,-1.9326923076923077,-1.7692307692307692,-2.8461538461538463,-2.1153846153846154,-2.355769230769231,-1.7692307692307692,-2.0,-2.7884615384615383,-3.3846153846153846,-1.4134615384615385,-1.7019230769230769,-4.086538461538462,-2.9423076923076925,-1.8461538461538463
P08954,-0.6341463414634146,-1.2073170731707317,-0.9512195121951219,-1.4390243902439024,-1.475609756097561,-0.8048780487804879,-1.1219512195121952,-1.6585365853658536,-1.146341463414634,-0.8292682926829268,-0.7317073170731707,-0.6707317073170732,-0.24390243902439024,-1.1219512195121952,-1.451219512195122,-0.34146341463414637,-0.36585365853658536,-1.6219512195121952,-1.0365853658536586,-0.6219512195121951,-0.8780487804878049,-1.0609756097560976,-0.8170731707317073,-0.7439024390243902,-1.9878048780487805,-0.6341463414634146,-0.6829268292682927,-1.7073170731707317,-0.573170731707317,-0.8414634146341463,-0.7073170731707317,-0.7682926829268293,-0.573170731707317,-0.8536585365853658,-2.1097560975609757,-0.5975609756097561,-0.4634146341463415,-2.1707317073170733,-0.5975609756097561,-0.8414634146341463,-0.6707317073170732,-0.6707317073170732,-0.0975609756097561,-0.6707317073170732,-2.0365853658536586,-0.2804878048780488,-0.4268292682926829,-1.170731707317073,-1.0,-1.048780487804878,-1.1585365853658536,-0.012195121951219513,-0.8292682926829268,-1.2926829268292683,-1.0853658536585367,-0.15853658536585366,-0.024390243902439025,-2.0853658536585367,-0.7073170731707317,-0.7439024390243902,-0.3614457831325301,-0.9156626506024096,-0.1686746987951807,-0.8795180722891566,-2.0120481927710845,-0.39759036144578314,-0.4939759036144578,-1.5060240963855422,-0.9036144578313253,-1.0843373493975903,-1.1686746987951808,-0.3373493975903614,-0.7831325301204819,-1.2530120481927711,-1.3373493975903614,-0.08433734939759036,-0.18072289156626506,-1.927710843373494,-0.6867469879518072,-0.9156626506024096
Q2QBT0,-1.0769230769230769,-1.4615384615384615,0.3076923076923077,0.3076923076923077,-2.3076923076923075,-0.8461538461538461,-0.5384615384615384,-1.9230769230769231,-1.3076923076923077,-0.6923076923076923,-0.6923076923076923,-0.6923076923076923,-0.38461538461538464,-1.1538461538461537,-2.3076923076923075,-0.5384615384615384,-0.23076923076923078,-2.8461538461538463,-1.6153846153846154,-0.46153846153846156,0.23076923076923078,-0.38461538461538464,-0.38461538461538464,-0.15384615384615385,-2.1538461538461537,0.07692307692307693,0.0,-0.7692307692307693,-1.2307692307692308,-1.6153846153846154,-2.1538461538461537,0.23076923076923078,-1.3076923076923077,-2.6153846153846154,-0.6923076923076923,0.46153846153846156,0.15384615384615385,-2.1538461538461537,-1.8461538461538463,-1.3846153846153846,-0.3076923076923077,-1.7692307692307692,-1.3846153846153846,-2.0,0.0,-1.4615384615384615,-1.4615384615384615,-0.7692307692307693,-2.076923076923077,-1.3076923076923077,-1.5384615384615385,-0.8461538461538461,-1.3846153846153846,-2.1538461538461537,-1.1538461538461537,0.15384615384615385,0.07692307692307693,-2.0,-1.9230769230769231,-1.2307692307692308,-0.4375,-1.5,-0.75,-2.0,0.6875,-0.9375,-1.625,-1.1875,-1.5,-0.875,-0.6875,-0.9375,-0.125,-1.1875,-1.6875,-0.125,0.125,-2.375,-1.5625,-0.75
P13375,-0.4642857142857143,-1.0446428571428572,-0.9107142857142857,-1.0446428571428572,-2.8392857142857144,-1.1428571428571428,-0.8214285714285714,-1.5357142857142858,-1.3928571428571428,-1.0357142857142858,-1.2678571428571428,-0.9196428571428571,-1.0803571428571428,-1.6160714285714286,-2.0,-0.9196428571428571,-0.9732142857142857,-2.6785714285714284,-1.625,-1.0625,-0.5892857142857143,-2.2589285714285716,-1.9196428571428572,-1.9107142857142858,-2.8839285714285716,-2.080357142857143,-1.8125,-2.0714285714285716,-2.169642857142857,-1.375,-1.6160714285714286,-1.7678571428571428,-1.6785714285714286,-1.6875,-2.642857142857143,-1.0267857142857142,-0.9196428571428571,-3.1160714285714284,-2.0982142857142856,-1.2142857142857142,-1.2589285714285714,-2.455357142857143,-2.0714285714285716,-2.482142857142857,-3.5892857142857144,-1.625,-2.1607142857142856,-2.625,-1.8392857142857142,-2.330357142857143,-1.9553571428571428,-2.2142857142857144,-1.8303571428571428,-2.142857142857143,-3.1607142857142856,-1.8125,-1.9910714285714286,-3.7857142857142856,-1.9821428571428572,-2.1517857142857144,-0.672566371681416,-2.0442477876106193,-1.4336283185840708,-2.0,-3.1769911504424777,-1.3539823008849559,-1.176991150442478,-2.2831858407079646,-1.920353982300885,-2.0088495575221237,-1.5486725663716814,-1.4778761061946903,-1.4955752212389382,-2.0442477876106193,-2.6814159292035398,-1.336283185840708,-1.5221238938053097,-3.7079646017699117,-2.0530973451327434,-1.7433628318584071
P46339,-0.11688311688311688,-0.7792207792207793,-0.8311688311688312,-1.5844155844155845,-2.2857142857142856,-0.8181818181818182,-1.3116883116883118,-1.4675324675324675,-1.3506493506493507,0.14285714285714285,0.2597402597402597,-0.8051948051948052,0.16883116883116883,0.2987012987012987,-0.987012987012987,-0.35064935064935066,-0.16883116883116883,-0.36363636363636365,-0.7012987012987013,-0.19480519480519481,0.24675324675324675,-1.9610389610389611,-2.090909090909091,-2.857142857142857,-2.0779220779220777,-1.896103896103896,-2.3636363636363638,-1.0389610389610389,-2.5324675324675323,0.6363636363636364,0.5844155844155844,-2.0259740259740258,-0.11688311688311688,0.37662337662337664,-1.3896103896103895,-0.7272727272727273,-0.2597402597402597,-1.0,-0.7662337662337663,0.5324675324675324,-0.18181818181818182,-1.6883116883116882,-1.8831168831168832,-2.6103896103896105,-2.6623376623376624,-1.5194805194805194,-2.103896103896104,-1.4285714285714286,-2.1818181818181817,0.24675324675324675,0.0,-1.844155844155844,0.07792207792207792,-0.4155844155844156,-1.6363636363636365,-0.6883116883116883,-0.44155844155844154,-1.5844155844155845,-1.0389610389610389,-0.2077922077922078,0.14102564102564102,-1.3974358974358974,-1.141025641025641,-1.935897435897436,-2.2564102564102564,-1.1923076923076923,-1.6153846153846154,-0.9743589743589743,-2.1794871794871793,0.4230769230769231,0.4358974358974359,-1.5384615384615385,0.20512820512820512,0.02564102564102564,-1.6282051282051282,-0.23076923076923078,-0.0641025641025641,-1.4230769230769231,-0.46153846153846156,0.08974358974358974
Q9ZFB5,-0.6818181818181818,-1.6704545454545454,-1.6363636363636365,-2.2613636363636362,-1.7272727272727273,-1.1931818181818181,-1.7272727272727273,-1.6022727272727273,-1.3636363636363635,0.2727272727272727,0.03409090909090909,-1.3636363636363635,0.06818181818181818,-0.5,-1.8181818181818181,-0.7840909090909091,-0.5,-1.6704545454545454,-0.5113636363636364,-0.14772727272727273,-0.5113636363636364,-1.6136363636363635,-1.7613636363636365,-2.2386363636363638,-1.9659090909090908,-1.2954545454545454,-1.6818181818181819,-1.7272727272727273,-1.7840909090909092,0.3977272727272727,0.25,-1.5454545454545454,0.20454545454545456,0.022727272727272728,-1.7045454545454546,-0.9318181818181818,-0.4431818181818182,-2.147727272727273,-0.7727272727272727,0.07954545454545454,-0.45454545454545453,-1.5113636363636365,-1.5681818181818181,-1.9090909090909092,-2.034090909090909,-1.1931818181818181,-1.3181818181818181,-1.625,-1.7045454545454546,0.2840909090909091,0.045454545454545456,-1.1363636363636365,0.17045454545454544,0.011363636363636364,-1.5795454545454546,-0.6022727272727273,-0.23863636363636365,-2.034090909090909,-0.4318181818181818,0.19318181818181818,-0.5824175824175825,-1.6043956043956045,-1.6593406593406594,-2.21978021978022,-1.5274725274725274,-1.1868131868131868,-1.6813186813186813,-1.9230769230769231,-1.7582417582417582,0.14285714285714285,-0.054945054945054944,-1.2307692307692308,0.03296703296703297,-0.42857142857142855,-1.7472527472527473,-0.7692307692307693,-0.4725274725274725,-1.5604395604395604,-0.7032967032967034,0.0
P0C0I6,-0.6779661016949152,-0.8813559322033898,-0.06779661016949153,-1.0,-1.6440677966101696,-0.6779661016949152,-0.8813559322033898,-1.694915254237288,-0.4915254237288136,-0.9491525423728814,-0.8983050847457628,-0.5084745762711864,-0.4745762711864407,-0.9661016949152542,-1.9322033898305084,0.0,-0.3389830508474576,-2.0,-0.2711864406779661,-0.8135593220338984,-0.9830508474576272,-0.711864406779661,-0.0847457627118644,-0.3898305084745763,-2.1864406779661016,-0.423728813559322,-0.3050847457627119,-1.4406779661016949,-0.9152542372881356,-0.9152542372881356,-1.1016949152542372,0.03389830508474576,-1.152542372881356,-0.9491525423728814,-1.5254237288135593,-0.2542372881355932,-0.4576271186440678,-2.2542372881355934,-0.4576271186440678,-1.0338983050847457,-1.2203389830508475,-0.9491525423728814,-0.3050847457627119,-0.8983050847457628,-2.76271186440678,-0.3220338983050847,-0.5254237288135594,-1.6271186440677967,-0.8305084745762712,-0.9152542372881356,-1.11864406779661,0.23728813559322035,-1.2203389830508475,-1.4406779661016949,-1.8644067796610169,-0.6949152542372882,-0.3220338983050847,-2.7288135593220337,-0.8135593220338984,-0.847457627118644,-1.11864406779661,-0.8813559322033898,-0.0847457627118644,-0.2711864406779661,-2.593220338983051,-0.5084745762711864,-0.3220338983050847,-1.4576271186440677,-0.9830508474576272,-1.1864406779661016,-1.3898305084745763,-0.11864406779661017,-0.7966101694915254,-0.9491525423728814,-1.5932203389830508,-0.2033898305084746,-0.288135593220339,-2.1864406779661016,-0.6949152542372882,-1.2542372881355932
Q53062,-0.3904761904761905,-1.1523809523809523,-1.2857142857142858,-1.4190476190476191,-2.361904761904762,-1.1428571428571428,-0.9904761904761905,-1.5333333333333334,-1.361904761904762,-0.580952380952381,-0.8476190476190476,-0.8095238095238095,-1.0761904761904761,-1.4285714285714286,-1.4857142857142858,-0.7904761904761904,-0.7904761904761904,-2.780952380952381,-1.4,-0.42857142857142855,0.10476190476190476,-1.4190476190476191,-1.0857142857142856,-1.0666666666666667,-1.6857142857142857,-1.2666666666666666,-1.2380952380952381,-0.7333333333333333,-1.2952380952380953,-0.5333333333333333,-0.819047619047619,-1.0571428571428572,-0.6761904761904762,-1.3047619047619048,-0.9428571428571428,-0.3142857142857143,-0.1619047619047619,-2.1142857142857143,-1.2666666666666666,-0.3523809523809524,0.20952380952380953,-1.180952380952381,-1.1523809523809523,-1.5333333333333334,-1.6952380952380952,-1.1142857142857143,-0.7333333333333333,-0.8380952380952381,-0.5523809523809524,-0.8571428571428571,-0.6571428571428571,-1.1238095238095238,-0.7142857142857143,-1.5714285714285714,-2.0476190476190474,-0.580952380952381,-0.8476190476190476,-1.9904761904761905,-0.9904761904761905,-0.7428571428571429,0.06481481481481481,-0.5925925925925926,-0.8611111111111112,-0.4722222222222222,-1.9444444444444444,-0.39814814814814814,-0.19444444444444445,-1.1759259259259258,-1.0277777777777777,-0.6111111111111112,-0.48148148148148145,-0.35185185185185186,-0.6018518518518519,-1.2962962962962963,-0.9259259259259259,-0.5833333333333334,-0.42592592592592593,-2.1481481481481484,-1.1296296296296295,-0.6759259259259259
P13267,-0.584958217270195,-0.7075208913649025,-0.5125348189415042,-0.6768802228412256,-2.1866295264623954,0.011142061281337047,-0.008356545961002786,-1.8384401114206128,-0.8495821727019499,-0.6713091922005571,-0.8440111420612814,-0.022284122562674095,-0.637883008356546,-1.1337047353760445,-1.4317548746518105,-0.39275766016713093,-0.34818941504178275,-2.4289693593314765,-1.0668523676880224,-0.7604456824512534,-0.415041782729805,-0.8913649025069638,-0.9303621169916435,-0.9972144846796658,-1.883008356545961,-0.7019498607242339,-0.7186629526462396,-1.3704735376044568,-0.6824512534818942,-0.8997214484679665,-0.8328690807799443,-0.6824512534818942,-0.8022284122562674,-1.1253481894150419,-1.565459610027855,-0.7576601671309192,-0.7938718662952646,-2.0891364902506964,-1.0167130919220055,-0.935933147632312,-0.6852367688022284,-0.9498607242339833,-1.2952646239554317,-1.200557103064067,-2.4094707520891365,-0.9387186629526463,-0.8523676880222841,-1.7632311977715878,-1.1782729805013927,-1.2590529247910864,-1.2785515320334262,-1.0055710306406684,-1.1977715877437325,-1.7298050139275767,-1.6963788300835654,-1.0306406685236769,-0.9164345403899722,-2.637883008356546,-1.3649025069637883,-1.200557103064067,-0.6555555555555556,-1.1055555555555556,-1.3277777777777777,-1.2777777777777777,-2.563888888888889,-1.0138888888888888,-0.9972222222222222,-1.7444444444444445,-1.5416666666666667,-1.2277777777777779,-1.0777777777777777,-0.8805555555555555,-0.95,-1.6111111111111112,-1.9083333333333334,-1.0555555555555556,-1.1666666666666667,-2.6666666666666665,-1.5833333333333333,-1.1916666666666667
Q2NJZ2,-0.8743961352657005,-1.5893719806763285,-1.1159420289855073,-1.2705314009661837,-2.342995169082126,-1.2367149758454106,-0.8260869565217391,-1.9033816425120773,-1.7922705314009661,-0.8502415458937198,-1.1304347826086956,-0.8357487922705314,-1.328502415458937,-1.7391304347826086,-1.7584541062801933,-1.0724637681159421,-1.0289855072463767,-3.077294685990338,-1.9275362318840579,-0.748792270531401,-0.8357487922705314,-1.3623188405797102,-0.9178743961352657,-1.2995169082125604,-2.217391304347826,-1.2608695652173914,-1.0917874396135265,-1.8599033816425121,-1.5797101449275361,-0.7246376811594203,-1.1014492753623188,-0.9710144927536232,-1.3429951690821256,-1.7053140096618358,-1.893719806763285,-0.7874396135265701,-0.7391304347826086,-3.101449275362319,-1.6763285024154588,-0.9806763285024155,-1.2367149758454106,-1.5555555555555556,-1.3478260869565217,-1.8067632850241546,-2.9613526570048307,-1.5217391304347827,-1.2560386473429952,-2.7004830917874396,-1.893719806763285,-1.1932367149758454,-1.1980676328502415,-1.4541062801932367,-1.4202898550724639,-1.9033816425120773,-2.2753623188405796,-1.2560386473429952,-1.2463768115942029,-3.6908212560386473,-1.816425120772947,-1.2657004830917875,-0.7391304347826086,-1.4106280193236715,-1.2946859903381642,-1.4879227053140096,-2.753623188405797,-1.1400966183574879,-0.8502415458937198,-2.2995169082125604,-1.6763285024154588,-1.0724637681159421,-1.21256038647343,-1.0434782608695652,-1.570048309178744,-1.5458937198067633,-2.4396135265700485,-1.106280193236715,-1.1497584541062802,-3.3285024154589373,-1.6666666666666667,-1.0144927536231885
P75361,-0.926530612244898,-0.3836734693877551,-0.7755102040816326,-1.1020408163265305,-2.3551020408163263,-0.12653061224489795,0.17551020408163265,-2.036734693877551,-1.1183673469387756,-1.0,-0.7755102040816326,0.024489795918367346,-0.9551020408163265,-1.873469387755102,-2.8857142857142857,-0.6938775510204082,-0.8816326530612245,-3.057142857142857,-1.7306122448979593,-1.2693877551020407,-0.24081632653061225,0.5428571428571428,-0.17551020408163265,-0.4326530612244898,-2.8938775510204082,1.542857142857143,1.9591836734693877,-2.910204081632653,-0.726530612244898,-1.2081632653061225,-0.1836734693877551,1.3714285714285714,-0.763265306122449,-2.987755102040816,-3.710204081632653,-0.4448979591836735,-0.8693877551020408,-3.7183673469387757,-2.416326530612245,-1.5183673469387755,-0.2816326530612245,0.4204081632653061,-0.2612244897959184,-0.4122448979591837,-2.5510204081632653,1.542857142857143,1.9020408163265305,-2.669387755102041,-0.5102040816326531,-1.0040816326530613,-0.053061224489795916,1.2489795918367348,-0.7387755102040816,-2.6653061224489796,-3.5306122448979593,-0.4204081632653061,-0.8326530612244898,-3.522448979591837,-2.1346938775510202,-1.2775510204081633,-0.6680161943319838,-0.4331983805668016,-0.9757085020242915,-1.1862348178137652,-3.2348178137651824,-0.06882591093117409,0.22672064777327935,-2.591093117408907,-1.4331983805668016,-1.174089068825911,-0.8623481781376519,-0.02834008097165992,-0.7165991902834008,-2.279352226720648,-3.2955465587044532,-0.6639676113360324,-0.9068825910931174,-4.206477732793522,-2.1093117408906883,-1.311740890688259
P0C0H0,-0.9230769230769231,-1.7596153846153846,-2.0384615384615383,-2.0865384615384617,-1.5865384615384615,-1.8076923076923077,-1.9711538461538463,-2.605769230769231,-2.144230769230769,-0.25961538461538464,-0.2403846153846154,-1.8461538461538463,-0.6442307692307693,-0.7692307692307693,-2.125,-1.1057692307692308,-0.9807692307692307,-1.8365384615384615,-1.1346153846153846,-0.28846153846153844,-0.41346153846153844,-0.5384615384615384,-0.625,-0.75,-1.6923076923076923,-0.7211538461538461,-0.7403846153846154,-1.2980769230769231,-0.5,-0.9038461538461539,-1.125,-0.7115384615384616,-0.7211538461538461,-1.0865384615384615,-1.5673076923076923,-0.7980769230769231,-0.75,-1.7403846153846154,-0.75,-0.7019230769230769,-0.6346153846153846,-0.5096153846153846,-1.1730769230769231,-1.3557692307692308,-1.4615384615384615,-1.0192307692307692,-1.0865384615384615,-1.4423076923076923,-0.6346153846153846,-0.9615384615384616,-0.9519230769230769,-0.8557692307692307,-0.7403846153846154,-0.47115384615384615,-2.105769230769231,-0.8076923076923077,-0.7307692307692307,-0.9423076923076923,-0.6634615384615384,-0.9423076923076923,-0.5607476635514018,-1.4485981308411215,-1.6542056074766356,-2.5700934579439254,-1.7102803738317758,-1.5420560747663552,-2.336448598130841,-1.4579439252336448,-1.4205607476635513,0.48598130841121495,0.35514018691588783,-1.5420560747663552,0.2616822429906542,0.9906542056074766,-1.411214953271028,-0.6915887850467289,-0.4392523364485981,0.2803738317757009,0.0,0.0
P12876,-2.36,-1.48,-2.64,-2.64,-4.32,-2.2,-2.32,-2.72,-3.16,-1.8,-2.96,-0.24,-2.76,-3.48,-4.48,-2.32,-1.84,-4.76,-3.92,-1.2,-1.28,-0.44,-1.08,-1.76,-3.32,-1.2,-1.4,-1.96,-1.64,-1.28,-2.2,0.36,-1.6,-3.12,-2.64,-1.56,-0.96,-3.76,-2.32,0.12,-0.96,-2.24,-1.32,-1.8,-3.12,-1.2,-1.56,-2.52,-1.84,-1.32,-1.96,-1.0,-1.36,-2.72,-1.6,-0.88,-1.32,-4.12,-2.32,-1.32,-1.6428571428571428,-0.17857142857142858,-1.6071428571428572,-1.7142857142857142,-3.5357142857142856,-1.5714285714285714,-0.7857142857142857,-2.2142857142857144,-3.0,-2.2857142857142856,-3.0714285714285716,0.6428571428571429,-2.7142857142857144,-3.1785714285714284,-3.3214285714285716,-1.4285714285714286,-1.1071428571428572,-4.285714285714286,-2.9285714285714284,-1.5714285714285714
P32081,-1.5625,-1.75,-0.875,-2.25,-2.0,-1.1875,-1.875,-1.125,-1.8125,-2.4375,-2.5625,-0.375,-1.0625,-1.6875,-3.0,-1.0,-0.9375,-2.25,-2.0,-1.875,-1.4375,-1.6875,-1.75,-1.3125,-2.9375,-1.125,-1.3125,-2.3125,-1.625,-1.375,-2.25,-1.625,-1.875,-1.375,-2.25,-0.9375,-1.1875,-3.375,-2.0625,-1.1875,-1.1875,-0.9375,-1.375,-1.1875,-3.0,-0.3125,0.4375,-1.4375,-1.8125,-1.5,-1.5625,-1.0,-1.5625,-1.8125,-2.1875,-1.0,-0.75,-3.5,-1.9375,-1.1875,-0.10526315789473684,-0.7894736842105263,-1.0,-1.263157894736842,-2.263157894736842,-0.42105263157894735,-0.3157894736842105,-1.263157894736842,-1.8421052631578947,-1.4736842105263157,-1.736842105263158,-0.05263157894736842,-1.631578947368421,-2.210526315789474,-1.4210526315789473,-0.5263157894736842,-0.7894736842105263,-3.526315789473684,-2.1052631578947367,-1.0
P29767,-0.02766798418972332,-0.8893280632411067,-0.30434782608695654,-0.6363636363636364,-1.8893280632411067,-0.3794466403162055,-0.391304347826087,-0.9525691699604744,-1.0158102766798418,-0.9604743083003953,-1.0316205533596838,-0.4743083003952569,-0.7272727272727273,-1.316205533596838,-1.2292490118577075,0.04743083003952569,-0.10276679841897234,-2.039525691699605,-0.9011857707509882,-0.6086956521739131,-0.22529644268774704,-0.6047430830039525,-0.17786561264822134,-0.5533596837944664,-1.8695652173913044,-0.37549407114624506,-0.48616600790513836,-0.6719367588932806,-1.0869565217391304,-0.7430830039525692,-0.8379446640316206,-0.36363636363636365,-0.7114624505928854,-1.1106719367588933,-0.8379446640316206,0.015810276679841896,-0.043478260869565216,-1.7707509881422925,-0.9209486166007905,-0.6284584980237155,-0.3952569169960474,-0.616600790513834,-0.2608695652173913,-0.6245059288537549,-1.616600790513834,-0.38735177865612647,-0.6758893280632411,-0.616600790513834,-0.7351778656126482,-1.1067193675889329,-1.0711462450592886,-0.6086956521739131,-0.8814229249011858,-1.3043478260869565,-0.6956521739130435,-0.06324110671936758,0.03162055335968379,-1.5612648221343874,-0.8853754940711462,-0.758893280632411,-0.403921568627451,-0.984313725490196,-0.5137254901960784,-0.7607843137254902,-1.7294117647058824,-0.4666666666666667,-0.4823529411764706,-1.1490196078431372,-1.203921568627451,-1.0549019607843138,-1.035294117647059,-0.6,-0.792156862745098,-1.5215686274509803,-1.1019607843137256,-0.12549019607843137,-0.20784313725490197,-1.9411764705882353,-1.1058823529411765,-0.6901960784313725
Q3AB78,-0.4444444444444444,-1.8703703703703705,-1.9444444444444444,-2.074074074074074,-4.0,-1.6481481481481481,-1.2222222222222223,-2.814814814814815,-3.2962962962962963,-1.8888888888888888,-2.074074074074074,-0.7222222222222222,-1.6296296296296295,-3.7777777777777777,-3.9074074074074074,-1.5185185185185186,-1.6481481481481481,-4.814814814814815,-3.759259259259259,-1.8703703703703705,0.3333333333333333,-2.3333333333333335,-1.1851851851851851,-1.6111111111111112,-2.2222222222222223,-1.4444444444444444,-1.1111111111111112,-1.3333333333333333,-1.9259259259259258,-1.3148148148148149,-1.3888888888888888,-1.3518518518518519,-1.462962962962963,-2.2037037037037037,-2.962962962962963,-0.8148148148148148,-0.6851851851851852,-4.018518518518518,-2.7037037037037037,-0.46296296296296297,0.09259259259259259,-0.8333333333333334,-0.8703703703703703,-0.4074074074074074,-2.5925925925925926,-0.2037037037037037,0.5740740740740741,-1.4259259259259258,-1.6666666666666667,-0.7037037037037037,-0.7777777777777778,0.037037037037037035,-0.6296296296296297,-1.7407407407407407,-1.5,-0.4444444444444444,-0.7777777777777778,-3.074074074074074,-1.7222222222222223,-0.5925925925925926,-0.23636363636363636,-1.490909090909091,-1.509090909090909,-1.6181818181818182,-3.5636363636363635,-1.0,-0.43636363636363634,-1.8181818181818181,-2.4545454545454546,-1.5272727272727273,-2.0545454545454547,-0.32727272727272727,-1.3818181818181818,-2.8,-2.4727272727272727,-1.0909090909090908,-1.3636363636363635,-3.981818181818182,-2.8181818181818183,-0.9090909090909091
Q88Z97,-1.2941176470588236,-1.6647058823529413,-1.6411764705882352,-1.8352941176470587,-2.764705882352941,-1.4764705882352942,-1.3588235294117648,-2.764705882352941,-1.7,-1.7058823529411764,-2.1,-1.3235294117647058,-1.576470588235294,-2.388235294117647,-2.7588235294117647,-1.5235294117647058,-1.1764705882352942,-2.9647058823529413,-1.6823529411764706,-1.6941176470588235,-1.4294117647058824,-1.888235294117647,-1.7176470588235293,-1.8647058823529412,-3.2941176470588234,-1.6529411764705881,-1.5647058823529412,-2.4705882352941178,-1.6941176470588235,-1.723529411764706,-1.6,-1.6,-1.2529411764705882,-1.2588235294117647,-2.4941176470588236,-1.5,-1.3176470588235294,-1.7647058823529411,-1.1705882352941177,-1.6941176470588235,-0.18823529411764706,-1.2117647058823529,-0.9764705882352941,-1.2058823529411764,-2.5294117647058822,-1.1,-0.7411764705882353,-1.9,-1.5647058823529412,-1.1411764705882352,-1.0235294117647058,-1.0411764705882354,-1.2117647058823529,-1.5823529411764705,-2.3,-0.9058823529411765,-0.9588235294117647,-1.9823529411764707,-1.4411764705882353,-1.111764705882353,-0.45664739884393063,-1.4450867052023122,-1.4508670520231215,-1.1329479768786128,-3.213872832369942,-0.9017341040462428,-0.26011560693641617,-2.0578034682080926,-2.485549132947977,-0.861271676300578,-1.1907514450867052,-0.14450867052023122,-1.2485549132947977,-2.4739884393063583,-1.6589595375722543,-1.283236994219653,-1.1734104046242775,-3.832369942196532,-2.6820809248554913,-0.6069364161849711
P06546,0.1482889733840304,-0.908745247148289,-0.5475285171102662,-0.6844106463878327,-2.0456273764258555,-0.44106463878326996,-0.3916349809885932,-0.8669201520912547,-1.403041825095057,-0.9657794676806084,-0.9619771863117871,-0.22053231939163498,-0.6045627376425855,-1.3536121673003803,-1.0836501901140685,-0.13688212927756654,-0.07224334600760456,-2.2129277566539924,-1.0760456273764258,-0.5817490494296578,-0.4790874524714829,-0.8745247148288974,-0.14068441064638784,-0.14068441064638784,-1.9315589353612168,-0.4068441064638783,-0.33840304182509506,-1.0190114068441065,-0.9885931558935361,-0.9239543726235742,-1.1863117870722433,-0.2623574144486692,-0.8136882129277566,-1.2927756653992395,-1.4106463878326996,-0.1444866920152091,-0.12547528517110265,-2.026615969581749,-0.8745247148288974,-0.6159695817490495,-0.4144486692015209,-0.7946768060836502,-0.2813688212927757,-0.049429657794676805,-2.0038022813688214,-0.3612167300380228,-0.22813688212927757,-1.1863117870722433,-1.129277566539924,-1.038022813688213,-1.220532319391635,-0.19391634980988592,-0.8326996197718631,-1.5361216730038023,-1.4182509505703422,-0.1520912547528517,-0.09885931558935361,-2.209125475285171,-1.220532319391635,-0.6692015209125475,-0.5378787878787878,-1.0265151515151516,-0.5113636363636364,-0.25,-2.1363636363636362,-0.5454545454545454,-0.3333333333333333,-1.356060606060606,-1.2916666666666667,-1.1666666666666667,-1.5265151515151516,-0.38636363636363635,-0.9772727272727273,-1.7159090909090908,-1.5909090909090908,-0.22348484848484848,-0.2765151515151515,-2.609848484848485,-1.378787878787879,-0.8712121212121212
P42177,-0.6727272727272727,-1.2181818181818183,-1.8181818181818181,-2.1818181818181817,-2.1272727272727274,-1.1454545454545455,-1.7454545454545454,-1.5818181818181818,-1.290909090909091,-0.6363636363636364,-0.7272727272727273,-1.3818181818181818,-0.2727272727272727,-0.4909090909090909,-2.272727272727273,-0.8727272727272727,-0.6181818181818182,-0.41818181818181815,-0.12727272727272726,-0.6,-0.2727272727272727,-1.690909090909091,-1.9636363636363636,-2.3454545454545452,-1.6545454545454545,-1.4363636363636363,-1.6181818181818182,-0.6727272727272727,-1.6363636363636365,0.07272727272727272,0.2,-1.5272727272727273,0.0,-0.43636363636363634,-1.709090909090909,-0.7090909090909091,-0.5818181818181818,-1.4181818181818182,-0.8545454545454545,0.16363636363636364,-0.2727272727272727,-0.8727272727272727,-1.3272727272727274,-1.6727272727272726,-1.7636363636363637,-0.9272727272727272,-1.2727272727272727,-1.6545454545454545,-1.6181818181818182,-0.03636363636363636,0.03636363636363636,-0.8545454545454545,0.2,-0.7272727272727273,-1.6363636363636365,-0.34545454545454546,-0.14545454545454545,-2.1636363636363636,-1.0727272727272728,-0.10909090909090909,-0.8103448275862069,-1.2413793103448276,-1.8793103448275863,-2.4655172413793105,-2.1379310344827585,-1.2241379310344827,-1.5344827586206897,-2.293103448275862,-1.2586206896551724,-0.4482758620689655,-0.3793103448275862,-1.3793103448275863,-0.25862068965517243,-0.06896551724137931,-1.603448275862069,-0.8103448275862069,-0.6551724137931034,-1.2586206896551724,-0.15517241379310345,-0.3275862068965517
P54559,-0.17647058823529413,-2.7058823529411766,-2.4215686274509802,-3.372549019607843,-2.127450980392157,-2.2254901960784315,-3.2549019607843137,-1.2549019607843137,-2.7549019607843137,0.14705882352941177,0.19607843137254902,-2.764705882352941,0.2647058823529412,0.5196078431372549,-2.5294117647058822,-0.6176470588235294,-0.47058823529411764,-1.107843137254902,-0.9411764705882353,-0.08823529411764706,0.4215686274509804,-2.1176470588235294,-2.215686274509804,-3.3137254901960786,-1.6274509803921569,-1.9411764705882353,-2.7254901960784315,-0.4019607843137255,-2.5,0.00980392156862745,0.029411764705882353,-2.5,-0.049019607843137254,0.08823529411764706,-1.5392156862745099,-0.3627450980392157,-0.5588235294117647,-0.5490196078431373,-1.2450980392156863,-0.049019607843137254,0.0,-2.0098039215686274,-1.8137254901960784,-3.156862745098039,-1.3627450980392157,-1.8137254901960784,-2.9411764705882355,-0.5294117647058824,-1.696078431372549,0.7941176470588235,0.8529411764705882,-2.3823529411764706,1.0686274509803921,1.1176470588235294,-1.3529411764705883,-0.3431372549019608,-0.38235294117647056,0.20588235294117646,-0.11764705882352941,0.5098039215686274,0.38461538461538464,-2.201923076923077,-1.8365384615384615,-3.0865384615384617,-1.7307692307692308,-1.5576923076923077,-2.5576923076923075,-0.49038461538461536,-2.0961538461538463,0.20192307692307693,0.04807692307692308,-2.3173076923076925,0.20192307692307693,0.125,-1.8461538461538463,-0.2692307692307692,-0.3173076923076923,-1.4423076923076923,-0.8461538461538461,-0.019230769230769232
P50849,-0.8920454545454546,-1.7670454545454546,-1.9602272727272727,-1.9488636363636365,-2.8863636363636362,-1.6590909090909092,-1.5454545454545454,-2.215909090909091,-2.5113636363636362,-1.5909090909090908,-1.9204545454545454,-1.6931818181818181,-1.4545454545454546,-2.4943181818181817,-2.460227272727273,-1.1704545454545454,-1.0852272727272727,-3.727272727272727,-2.3920454545454546,-1.1818181818181819,-0.3977272727272727,-1.2215909090909092,-1.3806818181818181,-1.3977272727272727,-2.9488636363636362,-0.75,-0.1875,-2.1761363636363638,-1.9034090909090908,-1.2159090909090908,-1.3920454545454546,-0.6477272727272727,-1.1136363636363635,-2.096590909090909,-2.272727272727273,-1.1420454545454546,-0.9715909090909091,-3.6761363636363638,-2.0170454545454546,-1.0340909090909092,-0.875,-1.9375,-2.2329545454545454,-2.022727272727273,-3.102272727272727,-1.7840909090909092,-1.5795454545454546,-1.7727272727272727,-2.528409090909091,-1.7329545454545454,-1.9204545454545454,-1.8579545454545454,-1.1477272727272727,-2.7670454545454546,-2.5625,-1.2045454545454546,-1.1704545454545454,-4.017045454545454,-2.6136363636363638,-1.4261363636363635,-1.2429378531073447,-1.7175141242937852,-1.847457627118644,-1.7909604519774012,-3.536723163841808,-1.4802259887005649,-1.0903954802259888,-2.542372881355932,-2.5480225988700567,-1.2994350282485876,-2.288135593220339,-0.7966101694915254,-1.7740112994350283,-3.152542372881356,-2.7966101694915255,-1.497175141242938,-1.305084745762712,-4.401129943502825,-2.9152542372881354,-1.1977401129943503
P0C046,0.041666666666666664,-0.5416666666666666,-0.7916666666666666,-1.0,-2.0833333333333335,0.5,0.041666666666666664,-1.375,-1.0833333333333333,-1.1666666666666667,-1.2916666666666667,0.0,-0.08333333333333333,-1.9583333333333333,-1.375,0.16666666666666666,-0.3333333333333333,-2.5833333333333335,-1.4166666666666667,-1.0416666666666667,0.0,-0.5833333333333334,-0.4166666666666667,-0.5416666666666666,-2.0,0.08333333333333333,-0.125,-1.2916666666666667,-1.2916666666666667,-0.9166666666666666,-0.8333333333333334,-0.375,-0.08333333333333333,-1.5,-1.9583333333333333,0.20833333333333334,-0.16666666666666666,-2.0416666666666665,-1.4583333333333333,-0.7083333333333334,-0.5416666666666666,-0.9166666666666666,-0.75,-0.3333333333333333,-2.25,0.5833333333333334,0.4583333333333333,-2.0416666666666665,-0.5,-1.125,-0.7916666666666666,-0.4583333333333333,-0.5416666666666666,-1.0,-1.75,-0.16666666666666666,-0.25,-2.375,-0.875,-0.9583333333333334,-0.2,-0.6,-0.04,-0.2,-2.32,0.72,0.12,-1.36,-0.88,-1.52,-1.44,-0.2,-1.0,-1.96,-1.92,0.0,-0.32,-2.52,-1.28,-1.2
P0C0J0,-0.25252525252525254,-0.7575757575757576,-0.7575757575757576,-1.1515151515151516,-1.9494949494949494,-0.6363636363636364,-0.6868686868686869,-1.1919191919191918,-1.3838383838383839,-1.0808080808080809,-1.1515151515151516,-0.45454545454545453,-0.696969696969697,-1.3434343434343434,-1.7272727272727273,-0.26262626262626265,-0.5858585858585859,-2.5454545454545454,-1.303030303030303,-0.8787878787878788,-0.25252525252525254,-1.0101010101010102,-0.6868686868686869,-0.9494949494949495,-1.797979797979798,-0.48484848484848486,-0.5959595959595959,-1.0,-0.9494949494949495,-1.0707070707070707,-1.1414141414141414,-0.6262626262626263,-0.696969696969697,-1.4242424242424243,-0.9797979797979798,-0.2222222222222222,-0.30303030303030304,-2.0505050505050506,-0.98989898989899,-0.797979797979798,-0.5151515151515151,-0.8181818181818182,-0.2828282828282828,-0.9090909090909091,-2.0505050505050506,-0.3838383838383838,-0.6161616161616161,-1.02020202020202,-0.6666666666666666,-1.2727272727272727,-1.3636363636363635,-0.47474747474747475,-0.696969696969697,-1.121212121212121,-1.3232323232323233,-0.020202020202020204,-0.26262626262626265,-1.8888888888888888,-0.6464646464646465,-1.0404040404040404,-0.594059405940594,-1.0693069306930694,-0.46534653465346537,-0.8415841584158416,-2.217821782178218,-0.6138613861386139,-0.8613861386138614,-0.42574257425742573,-0.8613861386138614,-1.6336633663366336,-1.6732673267326732,-0.8613861386138614,-1.198019801980198,-1.306930693069307,-1.613861386138614,-0.33663366336633666,-0.8118811881188119,-1.9603960396039604,-0.8712871287128713,-1.297029702970297
P45870,-0.5434782608695652,-0.5652173913043478,-0.8913043478260869,-1.1521739130434783,-2.0869565217391304,-0.17391304347826086,-0.5869565217391305,-1.7391304347826086,-1.108695652173913,-0.9782608695652174,-0.9782608695652174,-0.32608695652173914,-0.8043478260869565,-1.2608695652173914,-1.5869565217391304,-0.6956521739130435,-0.32608695652173914,-2.282608695652174,-0.9782608695652174,-0.6739130434782609,-0.5217391304347826,-0.08695652173913043,-0.13043478260869565,-0.32608695652173914,-2.0,0.8913043478260869,0.5434782608695652,-1.4130434782608696,-0.4782608695652174,-0.9565217391304348,-0.8913043478260869,0.43478260869565216,-0.6956521739130435,-1.6304347826086956,-0.3695652173913043,0.1956521739130435,0.0,-1.891304347826087,-1.1956521739130435,-0.782608695652174,-0.717391304347826,0.043478260869565216,-0.8043478260869565,-0.6304347826086957,-2.239130434782609,0.717391304347826,0.17391304347826086,-1.7826086956521738,-0.5652173913043478,-0.9782608695652174,-0.5652173913043478,0.043478260869565216,-0.2826086956521739,-1.5217391304347827,-1.434782608695652,-0.5217391304347826,-0.45652173913043476,-1.8695652173913044,-1.0,-0.717391304347826,-0.5,0.043478260869565216,-0.8913043478260869,-1.0217391304347827,-2.1956521739130435,0.41304347826086957,0.2826086956521739,-1.891304347826087,-0.7608695652173914,-1.0217391304347827,-0.8478260869565217,0.2826086956521739,-0.2391304347826087,-1.4565217391304348,-0.9347826086956522,-0.32608695652173914,-0.32608695652173914,-2.4782608695652173,-1.2391304347826086,-0.9782608695652174
O53079,-0.53125,-0.8828125,-0.625,-0.953125,-1.9453125,-0.546875,-0.703125,-1.484375,-1.109375,-1.0390625,-1.21875,-0.609375,-0.6484375,-1.640625,-1.5859375,-0.3125,-0.3671875,-2.6015625,-1.390625,-0.7109375,-0.3671875,-1.25,-0.9453125,-1.0234375,-1.7734375,-0.6484375,-0.71875,-1.234375,-1.1953125,-1.109375,-1.3125,-0.7578125,-0.890625,-1.7578125,-1.4453125,-0.453125,-0.4921875,-2.7265625,-1.4140625,-0.828125,-0.140625,-1.03125,-0.6796875,-0.953125,-1.9375,-0.5546875,-0.7265625,-1.1953125,-1.25,-1.125,-1.2421875,-0.71875,-0.6640625,-1.546875,-1.765625,-0.1953125,-0.3515625,-2.5546875,-1.390625,-0.765625,-0.3203125,-1.09375,-1.203125,-1.171875,-1.8125,-0.671875,-0.78125,-1.484375,-1.53125,-0.671875,-1.1484375,-0.8359375,-0.8125,-1.9140625,-1.296875,-0.4765625,-0.25,-2.84375,-1.625,-0.40625
P22222,-0.051094890510948905,-1.218978102189781,-1.218978102189781,-1.6131386861313868,-1.7737226277372262,-0.9562043795620438,-1.1605839416058394,-0.9051094890510949,-1.562043795620438,-1.1824817518248176,-1.2408759124087592,-1.0656934306569343,-1.0145985401459854,-1.8175182481751824,-0.8467153284671532,-0.3795620437956204,-0.5620437956204379,-2.423357664233577,-1.467153284671533,-0.7226277372262774,-0.5693430656934306,-0.9635036496350365,-0.5474452554744526,-1.0802919708029197,-2.051094890510949,-0.5912408759124088,-0.7445255474452555,-1.0583941605839415,-1.0802919708029197,-1.4817518248175183,-1.4598540145985401,-0.8905109489051095,-1.0656934306569343,-1.686131386861314,-1.467153284671533,-0.21897810218978103,-0.45255474452554745,-2.102189781021898,-1.2043795620437956,-1.145985401459854,-0.16058394160583941,-0.8905109489051095,-0.41605839416058393,-0.7591240875912408,-1.8175182481751824,-0.4744525547445255,-0.5985401459854015,-1.0,-0.9197080291970803,-1.4014598540145986,-1.3795620437956204,-0.6642335766423357,-0.9781021897810219,-1.5547445255474452,-1.218978102189781,-0.0948905109489051,-0.35766423357664234,-2.1313868613138687,-1.0437956204379562,-1.0364963503649636,-0.8686131386861314,-0.927007299270073,-0.21897810218978103,-0.927007299270073,-1.897810218978102,-0.29927007299270075,-0.781021897810219,-0.8394160583941606,-1.1313868613138687,-1.4087591240875912,-1.3941605839416058,-0.6861313868613139,-1.2481751824817517,-1.8175182481751824,-1.5985401459854014,-0.41605839416058393,-0.24817518248175183,-2.0948905109489053,-1.2554744525547445,-1.1751824817518248
P15917,-0.6089108910891089,-0.6732673267326733,-0.6138613861386139,-0.6881188118811881,-2.1782178217821784,-0.27722772277227725,0.019801980198019802,-1.608910891089109,-0.8267326732673267,-1.0148514851485149,-1.108910891089109,-0.07425742574257425,-0.6782178217821783,-1.5198019801980198,-1.495049504950495,-0.2623762376237624,-0.47029702970297027,-2.514851485148515,-1.099009900990099,-0.8663366336633663,-0.8168316831683168,-0.7227722772277227,-0.5,-0.594059405940594,-2.376237623762376,-0.13861386138613863,0.04455445544554455,-1.9702970297029703,-0.9207920792079208,-1.301980198019802,-1.0346534653465347,-0.21782178217821782,-0.698019801980198,-1.391089108910891,-1.6386138613861385,-0.297029702970297,-0.6584158415841584,-2.391089108910891,-1.1336633663366336,-1.1386138613861385,-0.8514851485148515,-0.7574257425742574,-0.37623762376237624,-0.8366336633663366,-2.103960396039604,-0.35148514851485146,-0.43564356435643564,-1.7772277227722773,-1.1287128712871286,-1.0742574257425743,-1.0148514851485149,-0.45544554455445546,-0.6633663366336634,-1.6237623762376239,-1.6683168316831682,-0.36633663366336633,-0.6039603960396039,-2.5,-1.2524752475247525,-0.9207920792079208,-0.7586206896551724,-0.9753694581280788,-0.4630541871921182,-0.9556650246305419,-2.0541871921182264,-0.5566502463054187,-0.5221674876847291,-1.6108374384236452,-0.8177339901477833,-1.1477832512315271,-1.1379310344827587,-0.6896551724137931,-0.7832512315270936,-1.2561576354679802,-1.7142857142857142,-0.3251231527093596,-0.5615763546798029,-2.315270935960591,-0.9310344827586207,-0.9556650246305419
P81101,-0.9782608695652174,-1.7173913043478262,-1.3043478260869565,-1.8695652173913044,-3.652173913043478,-1.326086956521739,-1.3043478260869565,-2.760869565217391,-1.9565217391304348,-1.826086956521739,-1.9130434782608696,-0.8695652173913043,-1.3478260869565217,-2.630434782608696,-3.3260869565217392,-0.9782608695652174,-1.0217391304347827,-4.282608695652174,-2.5,-1.6304347826086956,-1.1956521739130435,-2.5,-1.4565217391304348,-2.4347826086956523,-3.782608695652174,-1.391304347826087,-2.0217391304347827,-2.8043478260869565,-3.108695652173913,-1.1956521739130435,-1.9565217391304348,-1.7391304347826086,-1.3695652173913044,-3.347826086956522,-2.239130434782609,-0.8478260869565217,-0.7608695652173914,-4.673913043478261,-3.4782608695652173,-1.108695652173913,-1.391304347826087,-0.9130434782608695,-1.3695652173913044,-2.130434782608696,-4.086956521739131,-1.1956521739130435,-1.1521739130434783,-3.0217391304347827,-2.4565217391304346,-1.9782608695652173,-2.391304347826087,-0.6521739130434783,-1.934782608695652,-3.782608695652174,-3.217391304347826,-1.6304347826086956,-1.7173913043478262,-4.934782608695652,-3.1956521739130435,-1.7391304347826086,-1.0425531914893618,-1.6595744680851063,-1.553191489361702,-0.48936170212765956,-3.851063829787234,-0.574468085106383,0.2553191489361702,-3.0638297872340425,-1.8297872340425532,-1.6808510638297873,-1.9148936170212767,0.44680851063829785,-1.9361702127659575,-3.106382978723404,-3.723404255319149,-1.3404255319148937,-1.1914893617021276,-4.361702127659575,-3.0851063829787235,-1.872340425531915
Q6TYB1,-0.2222222222222222,-0.6388888888888888,-0.5555555555555556,-1.0138888888888888,-1.7222222222222223,-0.25,-0.4444444444444444,-1.6805555555555556,-0.75,-0.7638888888888888,-0.5972222222222222,-0.2777777777777778,-0.3333333333333333,-1.0972222222222223,-1.0694444444444444,-0.1388888888888889,-0.3333333333333333,-2.0694444444444446,-0.9861111111111112,-0.7777777777777778,-0.3611111111111111,-0.6944444444444444,-0.8194444444444444,-0.9444444444444444,-2.1944444444444446,-0.3611111111111111,-0.5555555555555556,-1.5555555555555556,-0.9305555555555556,-1.1111111111111112,-1.0555555555555556,-0.2222222222222222,-0.7638888888888888,-0.8194444444444444,-1.1805555555555556,-0.4305555555555556,-0.4583333333333333,-1.3888888888888888,-0.4305555555555556,-1.0277777777777777,-0.4305555555555556,-0.3055555555555556,0.013888888888888888,-0.5277777777777778,-1.9861111111111112,-0.1388888888888889,-0.05555555555555555,-1.1944444444444444,0.027777777777777776,-0.9166666666666666,-0.8472222222222222,-0.1111111111111111,-0.5277777777777778,-1.0,-1.1388888888888888,0.041666666666666664,-0.2777777777777778,-1.4027777777777777,-0.625,-0.8472222222222222,-0.4794520547945205,-0.7534246575342466,-0.6575342465753424,-0.8082191780821918,-2.3013698630136985,-0.4383561643835616,-0.410958904109589,-1.3013698630136987,-0.7808219178082192,-1.1917808219178083,-1.1095890410958904,-0.3561643835616438,-0.7945205479452054,-1.2602739726027397,-1.2465753424657535,-0.4931506849315068,-0.547945205479452,-1.9452054794520548,-0.7397260273972602,-1.082191780821918
Q05622,-0.55,-0.975,-0.3125,-0.9,-1.6125,-0.75,-0.6625,-1.5625,-1.05,-1.1375,-1.2125,-0.7625,-0.8375,-1.525,-1.6125,-0.075,-0.05,-2.3625,-1.2,-0.8625,-0.8875,-1.1,-0.125,-0.35,-2.1125,-0.6,-0.3,-1.675,-0.95,-1.2,-1.45,-0.7,-0.9625,-1.425,-1.3875,-0.0875,-0.325,-2.5125,-1.0125,-0.9875,-0.2625,-1.0125,-0.7,-0.8375,-1.775,-0.575,-0.3375,-1.8375,-1.2875,-0.65,-0.8125,-0.6,-0.5375,-1.6625,-1.5875,-0.0375,-0.3125,-2.775,-1.45,-0.4125,-0.5375,-1.2125,-0.6875,-1.0125,-1.85,-0.575,-0.525,-1.7875,-1.1375,-0.85,-0.975,-0.9125,-0.5375,-1.3625,-1.1625,0.025,-0.175,-2.4,-0.9875,-0.5875
P22326,-0.9333333333333333,-1.4476190476190476,-1.5523809523809524,-1.5809523809523809,-2.6857142857142855,-1.0380952380952382,-1.2285714285714286,-1.9238095238095239,-1.619047619047619,-1.1714285714285715,-1.1333333333333333,-1.1428571428571428,-1.0285714285714285,-1.8761904761904762,-2.466666666666667,-1.2666666666666666,-0.7904761904761904,-2.9047619047619047,-1.9619047619047618,-1.4476190476190476,-1.1047619047619048,-1.5142857142857142,-1.380952380952381,-1.7428571428571429,-3.057142857142857,-1.2095238095238094,-1.3333333333333333,-2.104761904761905,-1.838095238095238,-1.3523809523809525,-1.1714285714285715,-1.380952380952381,-0.7619047619047619,-1.542857142857143,-2.8,-1.2,-1.1714285714285715,-2.9714285714285715,-1.2571428571428571,-1.3523809523809525,-0.8476190476190476,-1.6095238095238096,-1.5047619047619047,-1.5333333333333334,-3.019047619047619,-1.1904761904761905,-0.8095238095238095,-2.0952380952380953,-1.8476190476190477,-1.6285714285714286,-1.3428571428571427,-0.8571428571428571,-1.3904761904761904,-1.8666666666666667,-2.2476190476190476,-1.0,-0.9238095238095239,-3.0095238095238095,-1.6761904761904762,-1.4857142857142858,-0.5514018691588785,-1.1495327102803738,-1.2242990654205608,-1.4579439252336448,-2.8411214953271027,-0.8411214953271028,-0.9439252336448598,-1.7757009345794392,-1.8224299065420562,-1.2149532710280373,-1.3177570093457944,-0.4953271028037383,-1.7476635514018692,-1.8504672897196262,-2.588785046728972,-0.9345794392523364,-1.1495327102803738,-3.3551401869158877,-2.289719626168224,-1.1869158878504673
P0A5P2,-0.25,-1.9642857142857142,-2.0714285714285716,-2.6785714285714284,-1.4285714285714286,-1.5714285714285714,-1.9285714285714286,-1.9642857142857142,-1.9642857142857142,0.0,0.21428571428571427,-1.6785714285714286,-0.03571428571428571,-0.8214285714285714,-1.3214285714285714,-1.0,-0.42857142857142855,-1.8928571428571428,-1.0714285714285714,0.21428571428571427,-0.03571428571428571,-0.75,-1.3571428571428572,-1.7857142857142858,-1.6071428571428572,-1.0714285714285714,-1.1785714285714286,-1.6785714285714286,-1.9285714285714286,-0.25,-0.35714285714285715,-1.0,-0.4642857142857143,-1.75,-1.6071428571428572,-0.4642857142857143,-0.03571428571428571,-2.8214285714285716,-1.75,0.0,-0.4642857142857143,-0.2857142857142857,-0.7857142857142857,-0.8928571428571429,-2.142857142857143,-0.75,-0.7857142857142857,-1.0,-1.1428571428571428,-1.75,-1.6071428571428572,-0.6785714285714286,-1.2142857142857142,-1.8214285714285714,-2.0357142857142856,-0.32142857142857145,-0.5357142857142857,-1.8214285714285714,-1.5,-1.5357142857142858,-0.25,-0.6785714285714286,-1.0,-1.75,-1.8928571428571428,-0.75,-0.8214285714285714,-1.7142857142857142,-1.1428571428571428,-1.2142857142857142,-0.9642857142857143,-0.7857142857142857,-0.9642857142857143,-1.6785714285714286,-0.6071428571428571,-0.32142857142857145,-0.14285714285714285,-2.5714285714285716,-1.3214285714285714,-0.8571428571428571
O34742,0.05263157894736842,-1.9298245614035088,-1.8596491228070176,-2.456140350877193,-2.263157894736842,-1.5087719298245614,-2.1052631578947367,-1.0350877192982457,-2.0526315789473686,0.12280701754385964,0.14035087719298245,-1.912280701754386,-0.2807017543859649,-0.15789473684210525,-2.3157894736842106,-0.5789473684210527,-0.22807017543859648,-1.280701754385965,-0.8245614035087719,0.05263157894736842,-0.017543859649122806,-2.1052631578947367,-2.1578947368421053,-2.6140350877192984,-2.7719298245614037,-1.719298245614035,-2.263157894736842,-1.6842105263157894,-2.508771929824561,0.7368421052631579,0.3684210526315789,-2.3684210526315788,0.3333333333333333,0.07017543859649122,-1.1403508771929824,-0.8771929824561403,-0.6666666666666666,-1.631578947368421,-0.7894736842105263,0.45614035087719296,0.017543859649122806,-1.736842105263158,-2.087719298245614,-2.754385964912281,-2.8771929824561404,-1.8245614035087718,-2.1403508771929824,-1.2982456140350878,-2.6842105263157894,0.017543859649122806,-0.14035087719298245,-1.9298245614035088,0.0,-1.105263157894737,-2.1228070175438596,-0.6666666666666666,-0.42105263157894735,-2.192982456140351,-1.7017543859649122,-0.10526315789473684,-0.017241379310344827,-0.7586206896551724,-1.103448275862069,-1.706896551724138,-2.4655172413793105,-0.9655172413793104,-1.4655172413793103,-1.3793103448275863,-2.0517241379310347,-0.017241379310344827,-0.10344827586206896,-1.1896551724137931,-0.05172413793103448,-0.5,-2.189655172413793,-0.3620689655172414,-0.3448275862068966,-1.5,-0.7931034482758621,-0.10344827586206896
P82594,-0.012195121951219513,-0.7073170731707317,-0.926829268292683,-1.353658536585366,-1.548780487804878,-0.6463414634146342,-0.8414634146341463,-1.1829268292682926,-0.8292682926829268,-1.2804878048780488,-1.048780487804878,-0.6585365853658537,-0.7926829268292683,-1.4634146341463414,-0.8536585365853658,-0.25609756097560976,-0.3780487804878049,-2.231707317073171,-1.024390243902439,-0.7926829268292683,-0.12195121951219512,-1.170731707317073,-0.9024390243902439,-0.9024390243902439,-1.9878048780487805,-0.8048780487804879,-0.8780487804878049,-0.7560975609756098,-0.9878048780487805,-1.1585365853658536,-1.2682926829268293,-0.8658536585365854,-0.8902439024390244,-1.5,-1.2317073170731707,0.036585365853658534,-0.18292682926829268,-1.3658536585365855,-0.8902439024390244,-0.8658536585365854,-0.10975609756097561,-0.9390243902439024,-0.34146341463414637,-0.8658536585365854,-1.8658536585365855,-0.3902439024390244,-0.6829268292682927,-0.8170731707317073,-0.8658536585365854,-1.0975609756097562,-1.3780487804878048,-0.7682926829268293,-0.9146341463414634,-1.1097560975609757,-1.024390243902439,0.04878048780487805,-0.13414634146341464,-1.2317073170731707,-0.5975609756097561,-0.8658536585365854,-0.21951219512195122,-1.0731707317073171,-0.34146341463414637,-0.7439024390243902,-1.4878048780487805,-0.6341463414634146,-0.7926829268292683,-0.7073170731707317,-0.926829268292683,-1.353658536585366,-1.4268292682926829,-0.7926829268292683,-0.9512195121951219,-1.3170731707317074,-1.2804878048780488,0.0975609756097561,-0.08536585365853659,-2.024390243902439,-0.8658536585365854,-1.0
O33654,-0.23728813559322035,-1.805084745762712,-1.8389830508474576,-2.2711864406779663,-1.7796610169491525,-1.4067796610169492,-1.8728813559322033,-1.5254237288135593,-1.9661016949152543,0.1440677966101695,-0.0423728813559322,-1.5,-0.00847457627118644,-0.3983050847457627,-2.0,-0.8050847457627118,-0.5,-1.6610169491525424,-0.8898305084745762,-0.025423728813559324,-0.00847457627118644,-1.8983050847457628,-1.771186440677966,-2.194915254237288,-1.7542372881355932,-1.3728813559322033,-1.6610169491525424,-1.076271186440678,-2.0338983050847457,-0.19491525423728814,-0.2711864406779661,-1.4830508474576272,-0.1440677966101695,-0.9152542372881356,-1.4322033898305084,-0.6779661016949152,-0.423728813559322,-1.8898305084745763,-1.2542372881355932,-0.1440677966101695,0.03389830508474576,-1.423728813559322,-1.3135593220338984,-1.7881355932203389,-1.7881355932203389,-0.9830508474576272,-1.271186440677966,-1.0932203389830508,-1.652542372881356,-0.22033898305084745,-0.2966101694915254,-0.9576271186440678,-0.2796610169491525,-0.3983050847457627,-1.2118644067796611,-0.1864406779661017,-0.11016949152542373,-1.347457627118644,-0.8389830508474576,-0.22033898305084745,-0.05,-1.3916666666666666,-0.9083333333333333,-1.8083333333333333,-1.625,-1.0333333333333334,-1.5,-1.125,-1.5416666666666667,-0.8,-0.8666666666666667,-1.075,-0.45,-1.1583333333333334,-1.7833333333333334,-0.025,0.03333333333333333,-1.9666666666666666,-1.2333333333333334,-0.55
P39141,-0.3673469387755102,-1.663265306122449,-1.7244897959183674,-2.163265306122449,-1.8265306122448979,-1.2346938775510203,-1.7551020408163265,-1.316326530612245,-1.8775510204081634,-0.14285714285714285,-0.23469387755102042,-1.346938775510204,-0.20408163265306123,-0.11224489795918367,-1.989795918367347,-0.9081632653061225,-0.8061224489795918,-1.4285714285714286,-0.8163265306122449,-0.04081632653061224,-0.25510204081632654,-1.836734693877551,-1.6326530612244898,-2.2755102040816326,-1.8877551020408163,-1.2448979591836735,-1.7142857142857142,-1.489795918367347,-1.9387755102040816,-0.3469387755102041,-0.30612244897959184,-1.4183673469387754,0.01020408163265306,-0.8775510204081632,-1.9795918367346939,-0.46938775510204084,-0.3673469387755102,-2.204081632653061,-1.1326530612244898,-0.16326530612244897,0.030612244897959183,-1.816326530612245,-1.3979591836734695,-1.969387755102041,-1.9183673469387754,-1.316326530612245,-1.3571428571428572,-1.3061224489795917,-1.8673469387755102,-0.336734693877551,-0.4897959183673469,-1.3571428571428572,-0.1836734693877551,-0.8571428571428571,-1.7857142857142858,-0.5,-0.5816326530612245,-2.3877551020408165,-1.3061224489795917,-0.30612244897959184,-0.04040404040404041,-1.6565656565656566,-1.404040404040404,-1.97979797979798,-1.7171717171717171,-1.2222222222222223,-1.5151515151515151,-1.2222222222222223,-1.797979797979798,-0.6666666666666666,-0.7575757575757576,-1.2525252525252526,-0.4444444444444444,-1.1919191919191918,-2.04040404040404,-0.3333333333333333,-0.3838383838383838,-2.3737373737373737,-1.3232323232323233,-0.3838383838383838
P29141,-0.3781094527363184,-0.8955223880597015,-0.746268656716418,-0.6766169154228856,-2.7412935323383083,-0.5970149253731343,-0.6417910447761194,-1.2189054726368158,-0.6069651741293532,-0.9402985074626866,-1.0,-0.4975124378109453,-0.9502487562189055,-1.164179104477612,-1.2835820895522387,-0.13432835820895522,-0.40298507462686567,-2.0049751243781095,-1.044776119402985,-0.6069651741293532,0.004975124378109453,-1.3034825870646767,-0.21890547263681592,-0.6218905472636815,-1.4875621890547264,-1.044776119402985,-1.2487562189054726,-0.3482587064676617,-1.228855721393035,-1.1144278606965174,-1.5323383084577114,-1.1592039800995024,-1.144278606965174,-1.328358208955224,-1.154228855721393,0.09950248756218906,-0.40298507462686567,-1.800995024875622,-0.8756218905472637,-0.7910447761194029,0.21393034825870647,-1.044776119402985,-0.14925373134328357,-0.6915422885572139,-1.845771144278607,-0.8507462686567164,-1.054726368159204,-0.48258706467661694,-1.3781094527363185,-0.7611940298507462,-1.0746268656716418,-0.9054726368159204,-0.8507462686567164,-1.2935323383084578,-0.8606965174129353,0.15422885572139303,-0.09950248756218906,-2.0049751243781095,-0.7213930348258707,-0.5621890547263682,-0.4876847290640394,-0.9605911330049262,-0.29064039408866993,-0.8374384236453202,-2.064039408866995,-0.645320197044335,-0.5960591133004927,-1.0591133004926108,-1.1182266009852218,-0.9408866995073891,-1.2019704433497538,-0.31527093596059114,-1.0985221674876848,-1.270935960591133,-0.9408866995073891,0.14285714285714285,0.18226600985221675,-2.2118226600985222,-0.7438423645320197,-0.45320197044334976
A6QG59,0.0975609756097561,-0.8048780487804879,-0.6585365853658537,-1.3658536585365855,-1.6097560975609757,-0.6585365853658537,-0.7560975609756098,-1.4146341463414633,-1.4634146341463414,-0.9512195121951219,-0.8292682926829268,-0.3902439024390244,-0.5609756097560976,-1.829268292682927,-1.1951219512195121,0.07317073170731707,0.4146341463414634,-2.4878048780487805,-1.5853658536585367,-0.5365853658536586,-1.146341463414634,-0.4878048780487805,-0.12195121951219512,-0.9024390243902439,-2.4390243902439024,-0.3170731707317073,-0.6829268292682927,-1.3414634146341464,-0.24390243902439024,-1.6341463414634145,-1.6829268292682926,-0.21951219512195122,-1.0731707317073171,-1.024390243902439,-1.4390243902439024,-0.4146341463414634,-0.5853658536585366,-1.8780487804878048,-0.21951219512195122,-1.3414634146341464,-0.4634146341463415,-0.34146341463414637,-0.4634146341463415,-0.8292682926829268,-2.268292682926829,0.07317073170731707,0.04878048780487805,-1.4390243902439024,-1.024390243902439,-1.6829268292682926,-1.5121951219512195,0.04878048780487805,-0.9512195121951219,-1.7073170731707317,-1.3170731707317074,-0.1951219512195122,-0.43902439024390244,-2.4878048780487805,-1.3414634146341464,-1.2195121951219512,-0.47619047619047616,-0.35714285714285715,-0.7619047619047619,-1.4047619047619047,-1.9523809523809523,-0.19047619047619047,-0.42857142857142855,-1.9285714285714286,-0.9761904761904762,-0.8809523809523809,-0.7857142857142857,-0.09523809523809523,-0.3333333333333333,-1.619047619047619,-1.7142857142857142,-0.42857142857142855,-0.4523809523809524,-2.5238095238095237,-1.1428571428571428,-0.38095238095238093
Q9Z4Q7,-0.2,-1.1,-0.7333333333333333,-0.9833333333333333,-1.95,-0.65,-0.6166666666666667,-1.3666666666666667,-1.4333333333333333,-0.85,-1.0,-0.36666666666666664,-0.48333333333333334,-1.4833333333333334,-0.7166666666666667,0.0,-0.016666666666666666,-2.316666666666667,-1.25,-0.5166666666666667,-0.35,-1.1166666666666667,-0.7833333333333333,-0.65,-2.0833333333333335,-0.85,-0.6166666666666667,-0.9166666666666666,-0.9666666666666667,-1.1166666666666667,-1.45,-0.8333333333333334,-0.8666666666666667,-1.4666666666666666,-1.25,-0.36666666666666664,-0.45,-2.316666666666667,-0.9833333333333333,-0.9166666666666666,0.06666666666666667,-1.0666666666666667,-1.2,-1.3833333333333333,-1.3166666666666667,-0.6333333333333333,-0.6166666666666667,-1.1,-1.4833333333333334,-0.75,-1.1833333333333333,-0.6833333333333333,-0.65,-1.8,-1.4333333333333333,-0.21666666666666667,0.08333333333333333,-2.6166666666666667,-1.5333333333333334,-0.4,-0.06451612903225806,-0.9354838709677419,-0.9516129032258065,-1.2903225806451613,-1.8870967741935485,-0.5967741935483871,-0.6451612903225806,-1.4838709677419355,-1.403225806451613,-0.7580645161290323,-0.7903225806451613,-0.5967741935483871,-0.6451612903225806,-1.8870967741935485,-0.14516129032258066,-0.3709677419354839,-0.2903225806451613,-2.693548387096774,-1.596774193548387,-0.4032258064516129
P04957,-0.2833333333333333,-1.1,-0.36666666666666664,-0.85,-1.5833333333333333,-0.8833333333333333,-0.95,-0.7666666666666667,-1.15,-0.95,-0.4166666666666667,-0.8333333333333334,-0.3,-0.11666666666666667,-0.85,0.15,-0.18333333333333332,-0.4,-0.3,-0.4666666666666667,-0.5166666666666667,-1.0833333333333333,-0.9,-1.3166666666666667,-2.5833333333333335,-0.9666666666666667,-1.2833333333333334,-0.7333333333333333,-1.1833333333333333,-1.4666666666666666,-1.5166666666666666,-0.48333333333333334,-1.0,-1.1,-1.95,-0.05,-0.36666666666666664,-1.4833333333333334,-0.5833333333333334,-1.0666666666666667,-1.5666666666666667,-1.6166666666666667,-0.31666666666666665,-0.9666666666666667,-3.05,-1.1166666666666667,-1.0166666666666666,-1.2666666666666666,-0.6833333333333333,-1.9166666666666667,-2.066666666666667,-1.3333333333333333,-1.8,-1.35,-2.0166666666666666,-0.7333333333333333,-0.45,-1.7,-0.8333333333333334,-1.7333333333333334,-1.0483870967741935,-1.1612903225806452,-1.064516129032258,-1.1612903225806452,-3.225806451612903,-0.8225806451612904,-1.1612903225806452,-1.5161290322580645,-1.6451612903225807,-1.403225806451613,-1.6451612903225807,-0.7096774193548387,-0.8870967741935484,-1.1290322580645162,-1.5161290322580645,-0.8709677419354839,-0.4838709677419355,-1.7903225806451613,-0.4032258064516129,-1.1451612903225807
P39116,0.42857142857142855,-1.1714285714285715,-0.6,-0.819047619047619,-1.2095238095238094,-0.7904761904761904,-0.7904761904761904,-0.10476190476190476,-1.4476190476190476,-0.7904761904761904,-0.9238095238095239,-0.5428571428571428,-0.8,-1.3904761904761904,-1.180952380952381,0.1619047619047619,0.2761904761904762,-1.819047619047619,-1.1904761904761905,-0.49523809523809526,-0.5047619047619047,-0.9904761904761905,-0.11428571428571428,-0.49523809523809526,-1.7714285714285714,-0.5904761904761905,-0.8380952380952381,-0.45714285714285713,-1.1428571428571428,-0.3238095238095238,-1.2,-0.5142857142857142,-1.0095238095238095,-1.3333333333333333,-1.1238095238095238,-0.3047619047619048,-0.22857142857142856,-1.6761904761904762,-1.0761904761904761,-0.6095238095238096,-0.8761904761904762,-1.2,-0.0380952380952381,-0.7047619047619048,-1.8857142857142857,-0.9714285714285714,-1.1428571428571428,-0.9809523809523809,-0.21904761904761905,-1.2952380952380953,-1.4285714285714286,-1.0,-1.1142857142857143,-1.1904761904761905,-2.038095238095238,-0.3333333333333333,-0.41904761904761906,-1.8285714285714285,-0.45714285714285713,-1.1047619047619048,-0.02857142857142857,-1.2095238095238094,-0.0380952380952381,-0.6571428571428571,-1.8761904761904762,-0.8,-0.8380952380952381,-0.37142857142857144,-1.3047619047619048,-1.2380952380952381,-1.4666666666666666,-0.580952380952381,-1.276190476190476,-1.2571428571428571,-0.9714285714285714,0.41904761904761906,-0.047619047619047616,-1.4190476190476191,-0.6952380952380952,-0.7904761904761904
P0A4N1,-0.4351851851851852,-1.3333333333333333,-1.3333333333333333,-1.8055555555555556,-1.8518518518518519,-0.8055555555555556,-1.1944444444444444,-1.3796296296296295,-1.4074074074074074,-0.4722222222222222,-0.4537037037037037,-0.9814814814814815,-0.17592592592592593,-0.6388888888888888,-1.7777777777777777,-0.7037037037037037,-0.6018518518518519,-2.064814814814815,-0.9166666666666666,-0.3425925925925926,-0.3055555555555556,-1.8240740740740742,-1.5648148148148149,-2.1203703703703702,-2.324074074074074,-1.5185185185185186,-1.9907407407407407,-1.3148148148148149,-1.9351851851851851,0.19444444444444445,0.28703703703703703,-1.5925925925925926,-0.2037037037037037,0.4074074074074074,-1.4166666666666667,-0.5462962962962963,-0.2962962962962963,-0.7129629629629629,-0.5555555555555556,0.009259259259259259,-0.18518518518518517,-1.3981481481481481,-1.5648148148148149,-1.9722222222222223,-2.25,-1.1481481481481481,-1.6203703703703705,-1.1296296296296295,-1.787037037037037,0.14814814814814814,0.2222222222222222,-1.5555555555555556,0.1388888888888889,0.17592592592592593,-1.2037037037037037,-0.5740740740740741,-0.5277777777777778,-0.5555555555555556,-0.4166666666666667,0.0,-0.18018018018018017,-1.5315315315315314,-1.5315315315315314,-2.135135135135135,-2.2882882882882885,-1.2072072072072073,-1.8018018018018018,-1.1711711711711712,-2.3963963963963963,0.14414414414414414,-0.009009009009009009,-1.6486486486486487,0.018018018018018018,-0.18018018018018017,-1.7207207207207207,-0.5495495495495496,-0.21621621621621623,-1.5495495495495495,-0.8468468468468469,-0.07207207207207207
Q04FF6,-0.2695035460992908,-1.7304964539007093,-1.2198581560283688,-1.7872340425531914,-3.0354609929078014,-1.148936170212766,-1.24822695035461,-2.1560283687943262,-1.9858156028368794,-1.1134751773049645,-1.3971631205673758,-0.9787234042553191,-1.6595744680851063,-1.9432624113475176,-1.900709219858156,-1.0212765957446808,-1.1063829787234043,-3.4893617021276597,-2.120567375886525,-1.1205673758865249,-0.6170212765957447,-0.851063829787234,-1.2056737588652482,-0.6453900709219859,-2.9432624113475176,-0.8297872340425532,-0.06382978723404255,-1.6666666666666667,-1.1843971631205674,-1.198581560283688,-1.3475177304964538,-0.4397163120567376,-1.3546099290780143,-1.3900709219858156,-2.425531914893617,-1.3687943262411348,-1.3475177304964538,-2.397163120567376,-0.6382978723404256,-1.3475177304964538,-0.8936170212765957,-1.2765957446808511,-1.4042553191489362,-1.1560283687943262,-2.978723404255319,-1.1631205673758864,-1.049645390070922,-1.6595744680851063,-1.49645390070922,-1.1347517730496455,-1.3971631205673758,-0.8936170212765957,-1.1560283687943262,-1.7234042553191489,-2.368794326241135,-1.297872340425532,-0.9574468085106383,-2.4539007092198584,-1.475177304964539,-1.0780141843971631,-0.7412587412587412,-1.8181818181818181,-1.6503496503496504,-2.090909090909091,-3.174825174825175,-1.6503496503496504,-1.5034965034965035,-3.013986013986014,-2.111888111888112,-1.5734265734265733,-1.1888111888111887,-1.5384615384615385,-1.6013986013986015,-2.1468531468531467,-3.097902097902098,-1.3006993006993006,-1.4405594405594406,-3.7202797202797204,-2.013986013986014,-1.4405594405594406
P39045,0.03731343283582089,-0.835820895522388,-0.7910447761194029,-1.2164179104477613,-1.873134328358209,-0.44029850746268656,-0.6343283582089553,-1.0820895522388059,-1.3805970149253732,-1.044776119402985,-0.8731343283582089,-0.6044776119402985,-0.6194029850746269,-1.455223880597015,-1.1940298507462686,-0.08955223880597014,-0.15671641791044777,-2.462686567164179,-1.3582089552238805,-0.6268656716417911,-0.2835820895522388,-1.007462686567164,-0.39552238805970147,-0.5746268656716418,-1.7985074626865671,-0.5597014925373134,-0.5223880597014925,-1.037313432835821,-1.1940298507462686,-0.8955223880597015,-1.1044776119402986,-0.5447761194029851,-0.7238805970149254,-1.4104477611940298,-0.9253731343283582,-0.05223880597014925,-0.05223880597014925,-2.1343283582089554,-1.0298507462686568,-0.7313432835820896,-0.1417910447761194,-0.9253731343283582,-0.7164179104477612,-1.044776119402985,-1.8880597014925373,-0.30597014925373134,-0.6044776119402985,-0.9328358208955224,-1.2313432835820894,-0.9552238805970149,-0.8582089552238806,-0.5746268656716418,-0.6119402985074627,-1.492537313432836,-1.291044776119403,-0.07462686567164178,-0.23134328358208955,-2.208955223880597,-1.3208955223880596,-0.7238805970149254,0.08088235294117647,-1.0073529411764706,-0.7794117647058824,-1.1691176470588236,-1.8088235294117647,-0.4852941176470588,-0.8088235294117647,-0.9117647058823529,-1.3308823529411764,-1.1838235294117647,-1.1176470588235294,-0.8161764705882353,-0.6985294117647058,-1.661764705882353,-1.1397058823529411,-0.11764705882352941,-0.3382352941176471,-2.161764705882353,-1.2794117647058822,-0.7794117647058824
P02968,0.07894736842105263,-1.2105263157894737,0.07894736842105263,-1.5,-3.0,-0.19736842105263158,-1.4473684210526316,-1.4210526315789473,-1.8421052631578947,-1.5,-1.4605263157894737,-1.105263157894737,-0.7763157894736842,-2.6710526315789473,-2.6578947368421053,0.17105263157894737,-0.25,-3.4078947368421053,-2.1710526315789473,-1.355263157894737,-0.3026315789473684,-1.144736842105263,0.0,-0.7368421052631579,-2.8947368421052633,-0.09210526315789473,-0.618421052631579,-1.3421052631578947,-1.986842105263158,-1.4473684210526316,-1.4078947368421053,-0.6052631578947368,-1.0526315789473684,-2.3026315789473686,-2.4210526315789473,-0.05263157894736842,-0.10526315789473684,-3.1842105263157894,-1.9605263157894737,-1.2763157894736843,0.5657894736842105,-1.263157894736842,-0.02631578947368421,0.35526315789473684,-2.3684210526315788,-0.34210526315789475,-0.6710526315789473,0.07894736842105263,-1.736842105263158,-0.5263157894736842,-0.9868421052631579,-0.27631578947368424,-0.6973684210526315,-1.3289473684210527,-1.5,0.27631578947368424,0.8289473684210527,-2.723684210526316,-1.3157894736842106,-0.14473684210526316,-0.06578947368421052,-1.513157894736842,-0.06578947368421052,-1.263157894736842,-3.0789473684210527,-0.013157894736842105,-1.1973684210526316,-1.8026315789473684,-2.1973684210526314,-1.2894736842105263,-1.263157894736842,-1.0789473684210527,-0.9473684210526315,-2.3552631578947367,-2.723684210526316,0.039473684210526314,-0.2236842105263158,-3.5526315789473686,-1.986842105263158,-0.9605263157894737
P0A5Q4,-0.17543859649122806,-1.2105263157894737,-1.0175438596491229,-1.631578947368421,-1.1228070175438596,-0.7719298245614035,-1.1578947368421053,-1.2456140350877194,-1.0701754385964912,-0.5964912280701754,-0.7192982456140351,-0.7894736842105263,-0.2807017543859649,-1.4035087719298245,-1.368421052631579,-0.40350877192982454,-0.2631578947368421,-2.1228070175438596,-1.0350877192982457,-0.3684210526315789,-0.24561403508771928,-0.40350877192982454,-0.43859649122807015,-0.543859649122807,-2.1403508771929824,0.3157894736842105,-0.017543859649122806,-1.631578947368421,-0.7017543859649122,-1.1929824561403508,-1.3333333333333333,-0.05263157894736842,-0.8070175438596491,-1.4385964912280702,-1.0175438596491229,-0.017543859649122806,-0.07017543859649122,-2.3333333333333335,-0.9298245614035088,-0.7719298245614035,-0.5789473684210527,-0.9473684210526315,-0.8070175438596491,-0.9298245614035088,-2.210526315789474,-0.40350877192982454,-0.631578947368421,-1.456140350877193,-0.8245614035087719,-1.2280701754385965,-1.263157894736842,-0.47368421052631576,-0.9473684210526315,-0.8771929824561403,-1.105263157894737,-0.38596491228070173,-0.17543859649122806,-1.6666666666666667,-0.45614035087719296,-1.0175438596491229,0.03508771929824561,-1.2456140350877194,-0.9824561403508771,-0.8771929824561403,-1.8245614035087718,-0.43859649122807015,-0.6842105263157895,-1.3157894736842106,-1.2280701754385965,-0.8771929824561403,-0.9298245614035088,-0.7368421052631579,-0.7192982456140351,-1.105263157894737,-1.1929824561403508,-0.38596491228070173,-0.5087719298245614,-2.263157894736842,-0.9824561403508771,-0.7543859649122807
O69282,-0.624,-1.776,-1.248,-1.8,-2.44,-1.112,-1.216,-1.872,-1.592,-1.432,-1.48,-1.168,-1.28,-2.096,-2.024,-0.672,-0.816,-3.032,-1.8,-1.376,-0.904,-1.088,-1.136,-1.376,-2.64,-0.976,-0.88,-1.656,-1.392,-1.616,-1.72,-0.856,-1.464,-2.056,-2.448,-1.032,-0.864,-2.944,-1.928,-1.432,-1.104,-1.704,-1.592,-2.04,-3.032,-1.544,-1.8,-1.928,-1.928,-1.72,-1.256,-1.184,-1.168,-1.672,-1.832,-1.152,-1.184,-2.904,-1.696,-1.536,-0.496,-1.064,-1.208,-1.256,-2.56,-0.696,-0.8,-1.72,-1.576,-1.392,-1.352,-0.632,-1.12,-2.08,-1.688,-0.608,-0.784,-2.824,-1.84,-1.144
P33673,0.21333333333333335,-0.6666666666666666,-0.6266666666666667,-1.0666666666666667,-1.4666666666666666,-0.4533333333333333,-0.7466666666666667,-0.96,-1.04,-0.9733333333333334,-0.8666666666666667,-0.5066666666666667,-0.44,-1.28,-0.8266666666666667,0.02666666666666667,-0.09333333333333334,-2.1066666666666665,-1.2133333333333334,-0.72,-0.25333333333333335,-0.7333333333333333,-0.4666666666666667,-0.6,-1.76,-0.5866666666666667,-0.52,-0.48,-0.9866666666666667,-1.2133333333333334,-1.1733333333333333,-0.30666666666666664,-1.0,-1.4266666666666667,-1.0666666666666667,-0.18666666666666668,-0.37333333333333335,-2.0533333333333332,-1.0266666666666666,-1.08,0.18666666666666668,-0.56,-0.4,-0.37333333333333335,-1.84,-0.12,-0.30666666666666664,-0.7866666666666666,-0.92,-1.2666666666666666,-1.36,-0.22666666666666666,-0.76,-1.3733333333333333,-1.3333333333333333,0.06666666666666667,-0.24,-1.8933333333333333,-1.0266666666666666,-0.9466666666666667,-0.42105263157894735,-0.3815789473684211,-0.14473684210526316,-0.6578947368421053,-2.0921052631578947,-0.25,-0.47368421052631576,-1.25,-0.881578947368421,-1.2894736842105263,-1.25,0.0,-0.6447368421052632,-1.7105263157894737,-1.4473684210526316,-0.25,-0.34210526315789475,-2.1052631578947367,-1.1578947368421053,-0.9868421052631579
Q5HKQ0,-0.9902912621359223,-1.3203883495145632,-1.6601941747572815,-1.7087378640776698,-1.7184466019417475,-1.5922330097087378,-1.5436893203883495,-2.592233009708738,-1.6019417475728155,-0.5048543689320388,-0.5145631067961165,-1.3203883495145632,-1.0097087378640777,-0.912621359223301,-2.029126213592233,-1.0,-1.1941747572815533,-2.2718446601941746,-1.058252427184466,-0.5728155339805825,-0.5728155339805825,-0.6893203883495146,-0.6310679611650486,-1.087378640776699,-1.2621359223300972,-0.9223300970873787,-1.233009708737864,-1.029126213592233,-0.3300970873786408,-0.7475728155339806,-1.058252427184466,-0.883495145631068,-0.4174757281553398,-0.5242718446601942,-1.3980582524271845,-0.6990291262135923,-0.8446601941747572,-1.0679611650485437,-0.42718446601941745,-0.8349514563106796,-0.8932038834951457,-0.4563106796116505,-1.2135922330097086,-2.0097087378640777,-1.4466019417475728,-1.1359223300970873,-1.4854368932038835,-1.825242718446602,-0.6796116504854369,-0.5533980582524272,-0.46601941747572817,-1.116504854368932,-0.23300970873786409,-0.02912621359223301,-2.1262135922330097,-0.8349514563106796,-0.8446601941747572,-0.6990291262135923,-0.33980582524271846,-0.6699029126213593,-0.2815533980582524,-1.4174757281553398,-1.5145631067961165,-2.4563106796116503,-1.6990291262135921,-1.2427184466019416,-1.6893203883495145,-1.145631067961165,-1.5728155339805825,0.47572815533980584,0.3106796116504854,-1.3689320388349515,0.32038834951456313,0.5436893203883495,-0.8446601941747572,-0.5631067961165048,-0.22330097087378642,0.1553398058252427,-0.08737864077669903,0.0
P80696,-1.0625,-0.8125,0.0625,-0.875,-2.375,0.1875,-0.375,-1.25,-1.25,-1.4375,-1.5,0.0,-0.5,-2.4375,-1.9375,-0.3125,-0.6875,-3.0,-1.9375,-1.4375,0.625,-1.5625,-1.0625,-1.625,-1.1875,-1.1875,-1.5,0.375,-1.75,-1.8125,-1.625,-1.1875,-1.3125,-2.1875,-1.5625,0.3125,-0.0625,-1.75,-1.625,-1.0,-0.125,-1.8125,-1.75,-2.375,-0.6875,-1.5625,-1.875,-0.125,-2.125,-1.125,-1.375,-0.875,-0.875,-1.4375,-1.75,-0.6875,-1.0,-1.5,-1.1875,-0.8125,0.17647058823529413,-1.8823529411764706,-1.1764705882352942,-2.0588235294117645,-1.5294117647058822,-1.6470588235294117,-1.8235294117647058,1.0,-1.4705882352941178,-1.8823529411764706,-1.9411764705882353,-1.411764705882353,-1.3529411764705883,-1.8235294117647058,-2.1176470588235294,-0.47058823529411764,-1.0588235294117647,-2.2941176470588234,-0.9411764705882353,-1.2352941176470589
O52351,-1.0241935483870968,-1.4758064516129032,-1.4516129032258065,-2.161290322580645,-2.774193548387097,-1.0241935483870968,-1.8387096774193548,-1.7983870967741935,-2.370967741935484,-0.3387096774193548,-0.5241935483870968,-1.2016129032258065,-0.27419354838709675,-0.8387096774193549,-2.3548387096774195,-0.7096774193548387,-0.7580645161290323,-2.5483870967741935,-1.3870967741935485,-0.782258064516129,-0.5080645161290323,-2.346774193548387,-1.782258064516129,-2.6129032258064515,-2.1048387096774195,-1.5887096774193548,-2.2096774193548385,-1.2741935483870968,-2.467741935483871,0.7258064516129032,0.20967741935483872,-2.1451612903225805,-0.0967741935483871,-0.12096774193548387,-2.2580645161290325,-0.8145161290322581,-0.4274193548387097,-1.782258064516129,-1.1693548387096775,0.1532258064516129,-0.9112903225806451,-1.7419354838709677,-1.4435483870967742,-2.411290322580645,-3.0403225806451615,-1.2016129032258065,-1.9758064516129032,-1.9193548387096775,-2.161290322580645,-0.33064516129032256,-0.7580645161290323,-1.6693548387096775,-0.5080645161290323,-0.5887096774193549,-1.9112903225806452,-0.75,-0.7903225806451613,-2.274193548387097,-0.6532258064516129,-0.6854838709677419,-0.7142857142857143,-1.1746031746031746,-1.0476190476190477,-1.5555555555555556,-2.4444444444444446,-0.6587301587301587,-1.0714285714285714,-1.5634920634920635,-1.4841269841269842,-0.5238095238095238,-0.5476190476190477,-0.8253968253968254,-0.23809523809523808,-0.8968253968253969,-1.8650793650793651,-0.5793650793650794,-0.4603174603174603,-2.3492063492063493,-0.9047619047619048,-0.6746031746031746
Q10765,-1.603846153846154,-2.173076923076923,-2.1846153846153844,-2.3692307692307693,-3.8576923076923078,-1.7961538461538462,-1.7769230769230768,-3.1384615384615384,-2.2346153846153847,-2.0730769230769233,-2.276923076923077,-1.6384615384615384,-1.9384615384615385,-2.4115384615384614,-3.003846153846154,-2.003846153846154,-1.7346153846153847,-3.1769230769230767,-1.9307692307692308,-2.146153846153846,-1.05,-1.4230769230769231,-1.4538461538461538,-1.2192307692307693,-2.6884615384615387,-1.4653846153846153,-0.8615384615384616,-1.8653846153846154,-1.573076923076923,-1.0807692307692307,-1.5653846153846154,-0.8538461538461538,-1.4884615384615385,-1.8038461538461539,-1.8307692307692307,-1.5576923076923077,-1.25,-2.3192307692307694,-1.5807692307692307,-1.0307692307692307,-1.3115384615384615,-1.9230769230769231,-1.8884615384615384,-2.0923076923076924,-3.3884615384615384,-2.0653846153846156,-1.9,-2.8923076923076922,-2.103846153846154,-1.6730769230769231,-1.523076923076923,-1.9192307692307693,-1.5923076923076922,-1.7961538461538462,-3.126923076923077,-1.4615384615384615,-1.3153846153846154,-2.9384615384615387,-1.7038461538461538,-1.6115384615384616,-0.3333333333333333,-1.0191570881226053,-0.9693486590038314,-0.8467432950191571,-2.954022988505747,-0.8199233716475096,0.27586206896551724,-2.0804597701149423,-1.9118773946360152,-0.735632183908046,-1.003831417624521,-0.15708812260536398,-1.3065134099616857,-1.9425287356321839,-2.1800766283524906,-0.8697318007662835,-0.9540229885057471,-3.1992337164750957,-1.8888888888888888,-0.6896551724137931
P95246,-0.2692307692307692,-0.7923076923076923,-0.6846153846153846,-0.9461538461538461,-1.8076923076923077,-0.45384615384615384,-0.6846153846153846,-0.7076923076923077,-0.8461538461538461,-1.2076923076923076,-1.0615384615384615,-0.676923076923077,-0.7076923076923077,-1.1538461538461537,-0.8769230769230769,-0.16923076923076924,-0.2692307692307692,-1.823076923076923,-1.1076923076923078,-0.823076923076923,-0.38461538461538464,-0.9846153846153847,-0.4461538461538462,-0.8769230769230769,-1.9153846153846155,-0.34615384615384615,-0.7076923076923077,-0.7846153846153846,-0.8615384615384616,-1.2384615384615385,-1.2692307692307692,-0.7846153846153846,-0.7923076923076923,-1.0153846153846153,-0.9076923076923077,-0.26153846153846155,-0.4,-1.4846153846153847,-0.6615384615384615,-1.0769230769230769,-0.46153846153846156,-0.9,-0.4461538461538462,-0.7230769230769231,-2.0307692307692307,-0.7076923076923077,-0.6615384615384615,-1.146153846153846,-0.9307692307692308,-1.0846153846153845,-1.0692307692307692,-0.6923076923076923,-1.0,-1.0692307692307692,-0.8307692307692308,-0.3923076923076923,-0.3923076923076923,-1.3384615384615384,-0.7461538461538462,-0.823076923076923,-0.3816793893129771,-0.7633587786259542,-0.9465648854961832,-1.0687022900763359,-1.7786259541984732,-0.549618320610687,-0.7404580152671756,-1.3129770992366412,-1.2366412213740459,-1.1755725190839694,-1.1297709923664123,-0.6183206106870229,-0.8854961832061069,-1.3969465648854962,-0.09923664122137404,-0.26717557251908397,-0.16030534351145037,-1.8702290076335877,-1.1526717557251909,-0.8015267175572519
Q98R33,-1.1543624161073827,-1.0402684563758389,-0.87248322147651,-1.1006711409395973,-2.4093959731543624,-0.7986577181208053,-0.8590604026845637,-2.0805369127516777,-1.0402684563758389,-1.1879194630872483,-1.483221476510067,-0.6308724832214765,-1.0134228187919463,-1.483221476510067,-2.053691275167785,-0.825503355704698,-0.7248322147651006,-2.261744966442953,-0.8456375838926175,-1.2147651006711409,-0.87248322147651,-1.261744966442953,-1.2818791946308725,-1.4563758389261745,-2.6241610738255035,-1.1812080536912752,-1.1275167785234899,-2.2751677852348995,-1.2416107382550337,-1.4899328859060403,-1.4093959731543624,-1.1879194630872483,-1.2281879194630871,-1.610738255033557,-1.7852348993288591,-1.1006711409395973,-0.8859060402684564,-2.422818791946309,-1.2953020134228188,-1.1879194630872483,-1.8657718120805369,-2.523489932885906,-2.4563758389261743,-2.51006711409396,-3.51006711409396,-2.4496644295302015,-2.134228187919463,-2.61744966442953,-1.9798657718120805,-2.87248322147651,-2.9865771812080535,-2.208053691275168,-2.61744966442953,-2.959731543624161,-3.315436241610738,-1.9060402684563758,-2.389261744966443,-3.859060402684564,-2.6308724832214767,-2.7114093959731544,-0.2080536912751678,-0.9463087248322147,-1.1275167785234899,-0.9194630872483222,-3.6442953020134228,-1.0268456375838926,-0.5234899328859061,-2.3758389261744965,-1.9395973154362416,-1.436241610738255,-0.9463087248322147,-0.8523489932885906,-1.4496644295302012,-1.7516778523489933,-2.8053691275167787,-1.2684563758389262,-1.5100671140939597,-2.912751677852349,-1.8456375838926173,-1.523489932885906
P09333,-0.0199203187250996,-1.1075697211155378,-0.6334661354581673,-0.9641434262948207,-1.8286852589641434,-0.6653386454183267,-0.6135458167330677,-1.3545816733067728,-1.4302788844621515,-1.0199203187250996,-1.199203187250996,-0.43824701195219123,-0.7848605577689243,-1.6135458167330676,-1.4462151394422311,0.01195219123505976,-0.0199203187250996,-2.537848605577689,-1.3665338645418326,-0.5179282868525896,-0.24701195219123506,-1.1075697211155378,-0.5258964143426295,-0.7290836653386454,-1.9800796812749004,-0.5617529880478087,-0.4701195219123506,-1.302788844621514,-1.2390438247011952,-0.952191235059761,-1.342629482071713,-0.3426294820717131,-0.900398406374502,-1.657370517928287,-1.4422310756972112,-0.04780876494023904,0.24302788844621515,-2.49402390438247,-1.247011952191235,-0.450199203187251,-0.28286852589641437,-1.1155378486055776,-0.2908366533864542,-0.601593625498008,-1.9442231075697212,-0.6215139442231076,-0.5697211155378487,-1.2868525896414342,-1.302788844621514,-1.0398406374501992,-1.302788844621514,-0.4262948207171315,-0.8366533864541833,-1.6254980079681276,-1.3705179282868525,-0.09561752988047809,0.05179282868525897,-2.545816733067729,-1.4223107569721116,-0.5816733067729084,-0.10756972111553785,-1.095617529880478,-0.7370517928286853,-0.6812749003984063,-1.7768924302788844,-0.701195219123506,-0.5258964143426295,-1.2430278884462151,-1.5258964143426295,-1.1434262948207172,-1.402390438247012,-0.6573705179282868,-1.0159362549800797,-1.900398406374502,-1.1394422310756973,-0.05179282868525897,-0.11952191235059761,-2.5617529880478087,-1.6414342629482073,-0.5856573705179283
P39802,-0.6410256410256411,-0.717948717948718,-1.4615384615384615,-1.4871794871794872,-2.3333333333333335,-0.5384615384615384,-0.48717948717948717,-1.4871794871794872,-1.8205128205128205,-0.6923076923076923,-1.0256410256410255,-0.8205128205128205,-0.46153846153846156,-1.358974358974359,-1.5128205128205128,-0.9743589743589743,-0.6923076923076923,-2.6666666666666665,-1.5384615384615385,-0.6153846153846154,-1.0769230769230769,-0.8974358974358975,-1.1282051282051282,-1.4102564102564104,-2.1794871794871793,-1.1794871794871795,-0.8974358974358975,-1.5128205128205128,-1.205128205128205,-0.7435897435897436,-0.9230769230769231,-0.7692307692307693,-0.7948717948717948,-1.6153846153846154,-1.2564102564102564,-0.8974358974358975,-0.8205128205128205,-2.6666666666666665,-1.5128205128205128,-0.717948717948718,-0.46153846153846156,-0.9230769230769231,-1.2820512820512822,-1.1025641025641026,-2.128205128205128,-0.7692307692307693,-0.9230769230769231,-1.5384615384615385,-1.3076923076923077,0.0,-0.7435897435897436,-0.8461538461538461,-0.7692307692307693,-1.564102564102564,-1.7692307692307692,-0.5128205128205128,-0.46153846153846156,-2.5128205128205128,-1.6153846153846154,0.20512820512820512,-0.5128205128205128,-0.6153846153846154,-0.7948717948717948,-0.7435897435897436,-2.230769230769231,-0.358974358974359,-0.07692307692307693,-1.4615384615384615,-1.435897435897436,-0.28205128205128205,-0.41025641025641024,-0.48717948717948717,-0.38461538461538464,-1.564102564102564,-1.9230769230769231,-0.38461538461538464,-0.3076923076923077,-2.9743589743589745,-1.4615384615384615,-0.46153846153846156
P26831,-0.28992628992628994,-0.769041769041769,-0.5233415233415234,-0.6142506142506142,-1.9115479115479115,-0.32678132678132676,-0.2702702702702703,-1.1203931203931203,-0.9852579852579852,-0.8574938574938575,-0.9484029484029484,-0.44963144963144963,-0.6265356265356266,-1.1253071253071254,-1.1474201474201475,-0.2678132678132678,-0.28501228501228504,-1.945945945945946,-0.8452088452088452,-0.6560196560196561,-0.24324324324324326,-0.7125307125307125,-0.29975429975429974,-0.5577395577395577,-1.9754299754299753,-0.24324324324324326,-0.14987714987714987,-1.1916461916461916,-0.8157248157248157,-1.1105651105651106,-1.2260442260442261,-0.3538083538083538,-0.742014742014742,-1.3906633906633907,-1.240786240786241,-0.10073710073710074,-0.343980343980344,-1.9656019656019657,-1.0073710073710074,-0.8943488943488943,-0.7076167076167076,-1.0515970515970516,-0.4275184275184275,-0.7985257985257985,-2.0245700245700244,-0.683046683046683,-0.5995085995085995,-1.3513513513513513,-1.2481572481572483,-1.2751842751842752,-1.3046683046683047,-0.7641277641277642,-0.8845208845208845,-1.574938574938575,-1.6732186732186731,-0.3022113022113022,-0.5184275184275184,-2.2825552825552826,-1.3144963144963144,-0.914004914004914,-0.085995085995086,-0.31203931203931207,-0.09828009828009827,-0.10810810810810811,-2.194103194103194,0.36609336609336607,0.6265356265356266,-1.4324324324324325,-1.1081081081081081,-1.0171990171990173,-0.8722358722358723,0.35135135135135137,-0.6928746928746928,-1.855036855036855,-1.628992628992629,-0.07616707616707617,-0.15724815724815724,-2.5872235872235874,-1.5307125307125307,-0.8353808353808354
Q8EWP5,-1.3829787234042554,-1.4893617021276595,-1.3404255319148937,-2.6808510638297873,-3.4468085106382977,-1.3404255319148937,-2.0425531914893615,-2.276595744680851,-2.3404255319148937,-1.5106382978723405,-2.127659574468085,-0.5319148936170213,-0.851063829787234,-2.5106382978723403,-3.1914893617021276,-1.3617021276595744,-1.127659574468085,-4.191489361702128,-2.617021276595745,-0.9787234042553191,-1.872340425531915,-1.9574468085106382,-1.425531914893617,-0.9148936170212766,-3.8085106382978724,-1.2765957446808511,-0.9361702127659575,-2.9574468085106385,-2.127659574468085,-1.7872340425531914,-2.297872340425532,-1.3829787234042554,-1.2127659574468086,-1.8085106382978724,-2.9361702127659575,-1.0851063829787233,-0.6808510638297872,-3.7872340425531914,-1.553191489361702,-1.2765957446808511,-1.2127659574468086,-2.7872340425531914,-1.872340425531915,-1.425531914893617,-3.702127659574468,-1.5319148936170213,-0.40425531914893614,-2.851063829787234,-2.851063829787234,-0.8936170212765957,-1.6382978723404256,-1.7659574468085106,-1.3829787234042554,-2.5531914893617023,-2.106382978723404,-1.7872340425531914,-1.0425531914893618,-3.7872340425531914,-2.574468085106383,-0.46808510638297873,-1.6382978723404256,-2.127659574468085,-2.2127659574468086,-2.5319148936170213,-4.23404255319149,-2.1702127659574466,-1.9787234042553192,-2.6382978723404253,-3.595744680851064,-1.9361702127659575,-2.872340425531915,-1.3617021276595744,-2.4468085106382977,-3.7872340425531914,-3.3617021276595747,-1.574468085106383,-0.8936170212765957,-4.914893617021277,-3.276595744680851,-1.446808510638298
P41019,-0.5384615384615384,-1.5274725274725274,-1.6593406593406594,-1.3846153846153846,-2.7472527472527473,-1.4505494505494505,-0.7252747252747253,-1.4175824175824177,-1.4615384615384615,-1.0,-1.4065934065934067,-0.8681318681318682,-1.3736263736263736,-2.21978021978022,-1.6813186813186813,-1.1868131868131868,-0.9560439560439561,-2.6263736263736264,-1.835164835164835,-0.9230769230769231,-0.8571428571428571,-0.7912087912087912,-1.2417582417582418,-1.6263736263736264,-2.4065934065934065,-1.164835164835165,-0.7912087912087912,-1.4615384615384615,-1.2967032967032968,-1.1978021978021978,-1.5604395604395604,-0.8241758241758241,-1.4835164835164836,-1.5494505494505495,-1.6043956043956045,-0.9560439560439561,-0.967032967032967,-2.7362637362637363,-1.4395604395604396,-1.1318681318681318,-0.6703296703296703,-1.978021978021978,-1.3846153846153846,-1.6593406593406594,-2.3956043956043955,-1.3846153846153846,-1.5604395604395604,-1.7802197802197801,-1.8131868131868132,-1.2417582417582418,-1.4175824175824177,-1.5274725274725274,-0.9120879120879121,-1.835164835164835,-2.6373626373626373,-0.9120879120879121,-0.8681318681318682,-2.791208791208791,-1.6813186813186813,-1.010989010989011,0.10638297872340426,-1.2127659574468086,-1.0638297872340425,-1.3191489361702127,-2.0425531914893615,-0.9148936170212766,-0.9468085106382979,-1.2234042553191489,-1.5212765957446808,-1.1914893617021276,-1.351063829787234,-0.8085106382978723,-0.9042553191489362,-2.2127659574468086,-2.0638297872340425,-0.43617021276595747,-0.4574468085106383,-3.0638297872340425,-1.946808510638298,-0.9680851063829787
P47437,-0.845771144278607,-1.691542288557214,-1.1940298507462686,-1.228855721393035,-2.2388059701492535,-1.2885572139303483,-0.9054726368159204,-1.7462686567164178,-1.6865671641791045,-0.8258706467661692,-1.0398009950248757,-0.8855721393034826,-1.318407960199005,-1.7064676616915422,-1.7114427860696517,-1.0398009950248757,-1.0099502487562189,-3.0348258706467663,-1.7164179104477613,-0.6666666666666666,-0.9850746268656716,-1.6218905472636815,-1.1940298507462686,-1.5522388059701493,-2.462686567164179,-1.5472636815920398,-1.2537313432835822,-2.1144278606965172,-1.9651741293532339,-0.6915422885572139,-1.1393034825870647,-1.1492537313432836,-1.6169154228855722,-1.9303482587064678,-2.2388059701492535,-1.0049751243781095,-0.9701492537313433,-3.716417910447761,-1.9303482587064678,-0.9950248756218906,-1.228855721393035,-1.5024875621890548,-1.2885572139303483,-1.7462686567164178,-2.9950248756218905,-1.4378109452736318,-1.164179104477612,-2.701492537313433,-1.8955223880597014,-1.2039800995024876,-1.1791044776119404,-1.4029850746268657,-1.4875621890547264,-1.8159203980099503,-2.2388059701492535,-1.2736318407960199,-1.2189054726368158,-3.6417910447761193,-1.8159203980099503,-1.3034825870646767,-0.6945812807881774,-1.4088669950738917,-1.206896551724138,-1.4482758620689655,-2.729064039408867,-1.1527093596059113,-0.8177339901477833,-2.2216748768472905,-1.7192118226600985,-0.9113300492610837,-1.1133004926108374,-0.8669950738916257,-1.5812807881773399,-1.5123152709359606,-2.3251231527093594,-1.0,-1.1133004926108374,-3.0492610837438425,-1.5566502463054188,-0.8817733990147784
O34344,-0.4,-1.1,-1.18,-1.7,-1.8,-0.7,-0.92,-1.72,-1.44,-0.52,-0.28,-0.72,-0.1,-0.88,-2.02,-0.3,-0.48,-2.2,-1.02,-0.38,-0.38,-0.7,-0.34,-0.44,-2.36,0.06,-0.12,-1.54,-1.2,-1.4,-1.44,0.18,-0.74,-1.8,-1.42,-0.3,-0.58,-2.78,-1.54,-1.02,0.04,-0.74,-0.46,-0.56,-1.7,-0.18,-0.16,-1.58,-1.22,-1.14,-1.34,0.14,-0.8,-2.04,-1.42,-0.02,-0.16,-2.72,-1.4,-0.66,0.33962264150943394,-1.0566037735849056,-0.8679245283018868,-1.5849056603773586,-1.471698113207547,-0.7169811320754716,-0.9056603773584906,-1.4339622641509433,-1.1886792452830188,-0.8301886792452831,-0.8113207547169812,-0.7547169811320755,-0.6037735849056604,-1.2830188679245282,-1.7169811320754718,0.05660377358490566,-0.1509433962264151,-1.8867924528301887,-0.7547169811320755,-0.33962264150943394
P39843,-0.07,-2.72,-2.26,-3.39,-2.03,-1.98,-3.07,-1.18,-2.89,0.09,-0.02,-2.76,0.15,0.17,-2.43,-0.45,-0.31,-0.82,-1.24,-0.18,0.3,-2.45,-2.41,-3.52,-1.71,-2.32,-2.93,-0.71,-2.66,0.02,0.02,-2.87,0.04,-0.15,-1.74,-0.66,-0.79,-0.99,-1.41,-0.18,-0.03,-2.16,-2.31,-3.68,-1.85,-2.2,-3.29,-0.41,-2.48,0.8,0.85,-2.71,0.73,1.12,-1.63,-0.47,-0.49,0.01,-0.41,0.34,0.61,-2.98,-2.2,-3.66,-1.92,-1.99,-3.48,-0.45,-2.76,0.36,0.2,-3.07,0.42,0.41,-1.95,-0.14,-0.25,-1.09,-0.79,0.01
P39793,-0.42543859649122806,-0.618421052631579,-1.1271929824561404,-1.4517543859649122,-2.495614035087719,-0.6535087719298246,-1.0745614035087718,-1.4956140350877194,-1.4254385964912282,-0.9692982456140351,-1.0,-0.6271929824561403,-0.8333333333333334,-1.1140350877192982,-1.6359649122807018,-0.4780701754385965,-0.6929824561403509,-1.394736842105263,-0.9298245614035088,-0.8377192982456141,-0.41228070175438597,-0.793859649122807,-0.5921052631578947,-1.030701754385965,-2.723684210526316,-0.4342105263157895,-0.8377192982456141,-1.2850877192982457,-1.3289473684210527,-0.9649122807017544,-1.1096491228070176,-0.4780701754385965,-0.9210526315789473,-1.7543859649122806,-1.2236842105263157,-0.42543859649122806,-0.42105263157894735,-2.254385964912281,-0.7631578947368421,-0.9122807017543859,-0.19298245614035087,-1.0263157894736843,-0.6096491228070176,-1.0701754385964912,-2.4649122807017543,-0.6885964912280702,-0.956140350877193,-0.7192982456140351,-1.3859649122807018,-0.9210526315789473,-1.162280701754386,-0.5131578947368421,-0.8245614035087719,-1.5701754385964912,-0.868421052631579,-0.2850877192982456,-0.15350877192982457,-2.0921052631578947,-0.8070175438596491,-0.7982456140350878,-0.7478260869565218,-0.7956521739130434,1.0956521739130434,2.130434782608696,-2.508695652173913,0.4434782608695652,1.5913043478260869,-0.5869565217391305,-0.7521739130434782,-1.9652173913043478,-2.3434782608695652,0.10434782608695652,-1.7565217391304349,-2.6869565217391305,-1.2173913043478262,0.41739130434782606,-0.28695652173913044,-3.3043478260869565,-2.082608695652174,-1.7173913043478262
Q44856,-0.3448275862068966,-1.4482758620689655,-0.7241379310344828,-1.0689655172413792,-2.7241379310344827,-0.27586206896551724,0.20689655172413793,-2.0344827586206895,-1.4137931034482758,-0.896551724137931,-0.8620689655172413,-0.41379310344827586,-0.4827586206896552,-1.0689655172413792,-2.1379310344827585,-0.13793103448275862,0.06896551724137931,-2.0,-1.9655172413793103,-0.3103448275862069,-1.103448275862069,-2.4482758620689653,-2.4482758620689653,-2.5172413793103448,-2.310344827586207,-2.0,-1.7586206896551724,-3.2758620689655173,-1.896551724137931,-2.0344827586206895,-2.0,-1.4137931034482758,-1.5172413793103448,-1.896551724137931,-2.689655172413793,-1.4137931034482758,-1.5862068965517242,-2.9655172413793105,-1.8620689655172413,-1.4482758620689655,-1.0,-1.9655172413793103,-1.206896551724138,-1.3793103448275863,-2.2758620689655173,-1.3103448275862069,-0.6896551724137931,-1.9655172413793103,-1.4482758620689655,-1.1724137931034482,-1.5517241379310345,-1.0344827586206897,-1.1724137931034482,-1.6551724137931034,-1.7241379310344827,-1.4137931034482758,-1.0689655172413792,-3.6206896551724137,-1.4827586206896552,-0.4827586206896552,-1.1290322580645162,-1.6451612903225807,-1.5161290322580645,-1.7096774193548387,-3.7419354838709675,-1.1290322580645162,-1.2580645161290323,-2.5483870967741935,-1.5161290322580645,-1.4838709677419355,-1.6774193548387097,-0.22580645161290322,-1.8709677419354838,-1.7096774193548387,-3.2580645161290325,-1.5806451612903225,-1.2903225806451613,-4.193548387096774,-1.7096774193548387,-1.1612903225806452
P0A5L8,-0.8285714285714286,-0.9,-0.9,-1.2,-1.8571428571428572,-0.7,-0.7285714285714285,-2.0142857142857142,-1.0,-1.0285714285714285,-0.9142857142857143,-0.9,-0.7714285714285715,-1.3428571428571427,-1.7428571428571429,-0.8,-0.5857142857142857,-2.557142857142857,-1.0857142857142856,-0.9857142857142858,-0.7285714285714285,-1.2714285714285714,-1.042857142857143,-1.5714285714285714,-1.8428571428571427,-1.042857142857143,-1.1571428571428573,-1.3,-0.8571428571428571,-0.9428571428571428,-0.8142857142857143,-1.2,-0.6,-0.8857142857142857,-1.6142857142857143,-0.8428571428571429,-0.6,-1.6714285714285715,-0.4,-0.8571428571428571,-1.042857142857143,-0.7285714285714285,-0.7142857142857143,-1.1285714285714286,-1.8857142857142857,-0.22857142857142856,-0.35714285714285715,-1.7571428571428571,-0.5571428571428572,-0.9714285714285714,-1.0857142857142856,-0.5428571428571428,-1.0285714285714285,-1.1142857142857143,-1.3571428571428572,-0.3142857142857143,-0.07142857142857142,-1.7285714285714286,-0.8571428571428571,-1.0285714285714285,-0.4931506849315068,-0.684931506849315,-0.4931506849315068,-0.547945205479452,-2.0821917808219177,-0.3561643835616438,-0.0136986301369863,-1.356164383561644,-0.958904109589041,-1.0273972602739727,-1.0273972602739727,-0.2876712328767123,-0.8356164383561644,-1.5890410958904109,-1.5890410958904109,-0.3698630136986301,-0.0958904109589041,-2.6301369863013697,-1.4109589041095891,-0.7123287671232876
P53663,-0.4666666666666667,-0.9047619047619048,0.22857142857142856,0.3238095238095238,-2.1714285714285713,0.6952380952380952,-0.02857142857142857,-0.780952380952381,-0.5333333333333333,-1.8952380952380952,-1.838095238095238,-0.49523809523809526,-1.3238095238095238,-1.3904761904761904,-0.3619047619047619,-0.0761904761904762,-0.42857142857142855,-1.7333333333333334,-0.3904761904761905,-1.5047619047619047,-0.12380952380952381,-0.9333333333333333,0.26666666666666666,0.3047619047619048,-1.9714285714285715,0.6,-0.12380952380952381,-0.819047619047619,-0.38095238095238093,-1.6952380952380952,-1.6666666666666667,-0.5904761904761905,-1.0857142857142856,-1.0666666666666667,0.047619047619047616,0.08571428571428572,-0.4,-1.5809523809523809,-0.05714285714285714,-1.361904761904762,-0.4,-0.13333333333333333,-0.2761904761904762,-0.24761904761904763,-2.0285714285714285,0.5238095238095238,0.37142857142857144,-1.5333333333333334,-0.7333333333333333,-1.1142857142857143,-0.8857142857142857,0.11428571428571428,-0.5333333333333333,-1.457142857142857,-1.2952380952380953,-0.02857142857142857,-0.2761904761904762,-2.342857142857143,-1.180952380952381,-0.9714285714285714,-0.7407407407407407,-0.3888888888888889,-0.5555555555555556,-0.9814814814814815,-2.064814814814815,-0.05555555555555555,-0.25,-1.6851851851851851,-0.8055555555555556,-1.4722222222222223,-1.1759259259259258,-0.37962962962962965,-0.5185185185185185,-1.2777777777777777,-0.6666666666666666,-0.32407407407407407,-0.42592592592592593,-1.9351851851851851,-0.6666666666666666,-1.037037037037037
P0A5B7,-0.7222222222222222,-0.2777777777777778,-0.2222222222222222,-0.2777777777777778,-2.9444444444444446,-0.8333333333333334,-0.9166666666666666,-1.4722222222222223,-0.6944444444444444,-1.3611111111111112,-0.6666666666666666,-1.25,-0.027777777777777776,0.6388888888888888,0.2222222222222222,-0.05555555555555555,-0.3611111111111111,-1.7222222222222223,-0.6388888888888888,-1.2222222222222223,-1.1388888888888888,-1.2777777777777777,-1.0,-0.3888888888888889,-3.138888888888889,-0.9166666666666666,-0.16666666666666666,-2.3055555555555554,-1.4444444444444444,-1.0277777777777777,-1.6111111111111112,-0.5,-1.5277777777777777,-1.6666666666666667,-1.5833333333333333,-0.8055555555555556,-1.0833333333333333,-2.6944444444444446,-1.5277777777777777,-0.3611111111111111,-1.3888888888888888,-0.1111111111111111,-1.2222222222222223,-1.5277777777777777,-3.0277777777777777,-0.9444444444444444,-0.3611111111111111,-1.6944444444444444,-0.9166666666666666,-1.8888888888888888,-2.0277777777777777,-0.3055555555555556,-1.5833333333333333,-2.1666666666666665,-2.25,-0.8333333333333334,-1.2777777777777777,-2.8333333333333335,-1.6111111111111112,-1.5,-1.2222222222222223,-1.5833333333333333,-1.1111111111111112,-1.3611111111111112,-3.388888888888889,-1.1111111111111112,-0.6944444444444444,-2.1944444444444446,-1.9166666666666667,-1.0833333333333333,-1.8611111111111112,-0.2777777777777778,-2.0,-3.0277777777777777,-1.9444444444444444,-0.5277777777777778,-0.7777777777777778,-4.166666666666667,-3.111111111111111,-0.8333333333333334
P23648,-0.6075949367088608,-1.0253164556962024,-1.1012658227848102,-1.6708860759493671,-1.759493670886076,-0.8354430379746836,-0.9620253164556962,-1.8354430379746836,-1.4556962025316456,-0.810126582278481,-0.6708860759493671,-0.6835443037974683,-0.4430379746835443,-1.2151898734177216,-1.6835443037974684,-0.620253164556962,-0.6708860759493671,-1.9367088607594938,-0.9493670886075949,-0.5316455696202531,-0.379746835443038,-0.4430379746835443,-0.7468354430379747,-0.7848101265822784,-2.2025316455696204,-0.16455696202531644,-0.16455696202531644,-1.3544303797468353,-1.0759493670886076,-0.8354430379746836,-0.9746835443037974,0.26582278481012656,-0.810126582278481,-1.6962025316455696,-1.4177215189873418,-0.3037974683544304,-0.16455696202531644,-2.518987341772152,-1.2658227848101267,-0.759493670886076,-0.21518987341772153,-0.8354430379746836,-0.4936708860759494,-0.379746835443038,-2.050632911392405,-0.620253164556962,-0.5822784810126582,-0.6962025316455697,-1.3670886075949367,-0.7848101265822784,-0.9240506329113924,-0.569620253164557,-0.8227848101265823,-1.5316455696202531,-0.9746835443037974,-0.189873417721519,-0.27848101265822783,-2.278481012658228,-1.2784810126582278,-0.6329113924050633,-0.43209876543209874,-1.1358024691358024,-0.8271604938271605,-1.1358024691358024,-2.197530864197531,-0.6790123456790124,-0.9012345679012346,-1.0123456790123457,-1.308641975308642,-1.0740740740740742,-1.1604938271604939,-0.6049382716049383,-0.8395061728395061,-1.6419753086419753,-1.4074074074074074,-0.32098765432098764,-0.2222222222222222,-2.1481481481481484,-1.0493827160493827,-0.8765432098765432
O31097,-0.14736842105263157,-1.0842105263157895,-0.5894736842105263,-0.9157894736842105,-1.7052631578947368,-0.5263157894736842,-0.631578947368421,-1.3894736842105264,-0.8210526315789474,-1.1894736842105262,-1.0736842105263158,-0.5052631578947369,-0.6947368421052632,-1.6105263157894736,-1.231578947368421,0.010526315789473684,-0.042105263157894736,-2.357894736842105,-1.2105263157894737,-0.8210526315789474,-0.5157894736842106,-0.9789473684210527,-0.37894736842105264,-0.7684210526315789,-2.094736842105263,-0.5157894736842106,-0.5578947368421052,-1.168421052631579,-0.9263157894736842,-1.3578947368421053,-1.4526315789473685,-0.5263157894736842,-0.968421052631579,-1.5368421052631578,-1.5473684210526315,-0.22105263157894736,-0.4842105263157895,-2.3684210526315788,-1.0842105263157895,-1.0210526315789474,-0.28421052631578947,-0.968421052631579,-0.43157894736842106,-0.7052631578947368,-2.0526315789473686,-0.5368421052631579,-0.47368421052631576,-0.6421052631578947,-1.0315789473684212,-1.6105263157894736,-1.6526315789473685,-0.6210526315789474,-1.0842105263157895,-1.6631578947368422,-1.5894736842105264,-0.09473684210526316,-0.5789473684210527,-2.221052631578947,-1.1894736842105262,-1.231578947368421,-0.7448979591836735,-0.8877551020408163,-0.47959183673469385,-0.5102040816326531,-2.2857142857142856,-0.3469387755102041,-0.46938775510204084,-1.0204081632653061,-0.9489795918367347,-1.5714285714285714,-1.6326530612244898,-0.5714285714285714,-1.030612244897959,-1.6428571428571428,-1.336734693877551,-0.4387755102040816,-0.7551020408163265,-2.316326530612245,-1.316326530612245,-1.2244897959183674
Q9AGJ6,-0.6225165562913907,-1.033112582781457,-1.2516556291390728,-1.1788079470198676,-2.185430463576159,-0.8344370860927153,-0.6556291390728477,-1.8609271523178808,-1.4304635761589404,-1.4304635761589404,-1.4370860927152318,-0.8079470198675497,-1.0264900662251655,-1.8013245033112584,-1.4768211920529801,-0.6821192052980133,-0.6291390728476821,-2.5099337748344372,-1.4768211920529801,-1.1920529801324504,-0.7086092715231788,-1.4172185430463575,-1.4503311258278146,-1.794701986754967,-2.2781456953642385,-1.3774834437086092,-1.3708609271523178,-1.6821192052980132,-1.7417218543046358,-1.4768211920529801,-1.4768211920529801,-1.0198675496688743,-1.0198675496688743,-1.8609271523178808,-1.9205298013245033,-0.9139072847682119,-0.9006622516556292,-2.556291390728477,-1.7218543046357615,-1.3377483443708609,-0.6423841059602649,-1.7019867549668874,-1.1589403973509933,-1.4172185430463575,-2.576158940397351,-1.3774834437086092,-1.1390728476821192,-1.4370860927152318,-1.7880794701986755,-1.8278145695364238,-2.119205298013245,-1.403973509933775,-1.609271523178808,-2.2649006622516556,-1.5165562913907285,-0.7152317880794702,-0.7880794701986755,-2.5231788079470197,-1.8675496688741722,-1.4834437086092715,-0.9473684210526315,-0.9144736842105263,-1.2105263157894737,-1.1644736842105263,-2.723684210526316,-0.9144736842105263,-0.6710526315789473,-1.8157894736842106,-1.3026315789473684,-1.519736842105263,-1.2828947368421053,-0.7039473684210527,-1.138157894736842,-1.4736842105263157,-1.8289473684210527,-1.111842105263158,-1.1907894736842106,-2.1842105263157894,-1.3486842105263157,-1.355263157894737
P0A312,-0.7777777777777778,-1.1666666666666667,-0.1111111111111111,-0.6111111111111112,-2.388888888888889,-0.05555555555555555,-0.1111111111111111,-1.8333333333333333,-1.0555555555555556,-1.3888888888888888,-1.2222222222222223,-0.6111111111111112,-0.3888888888888889,-1.8333333333333333,-2.0,-0.3333333333333333,-0.5555555555555556,-2.8333333333333335,-1.5,-0.8888888888888888,-0.2777777777777778,-1.4444444444444444,-0.8333333333333334,-1.6111111111111112,-2.0555555555555554,-0.6666666666666666,-1.1666666666666667,-0.4444444444444444,-1.0,-1.5555555555555556,-1.3888888888888888,-1.0,-0.9444444444444444,-1.1111111111111112,-1.7222222222222223,-0.16666666666666666,-0.3333333333333333,-1.2222222222222223,-0.16666666666666666,-1.0555555555555556,-0.2777777777777778,-0.6666666666666666,0.05555555555555555,-0.8888888888888888,-1.5,0.05555555555555555,-0.6666666666666666,-1.2222222222222223,-0.5555555555555556,-1.4444444444444444,-1.7222222222222223,-0.2777777777777778,-1.1111111111111112,-1.4444444444444444,-1.7222222222222223,0.1111111111111111,0.5,-2.1666666666666665,-0.5555555555555556,-1.1111111111111112,0.09523809523809523,-1.619047619047619,-0.7142857142857143,-1.8095238095238095,-1.7619047619047619,-1.3333333333333333,-1.5238095238095237,0.6666666666666666,-0.9523809523809523,-1.7619047619047619,-1.619047619047619,-1.619047619047619,-1.0,-1.1428571428571428,-2.142857142857143,-0.42857142857142855,-0.9523809523809523,-1.5238095238095237,-1.1904761904761905,-1.1904761904761905
Q07833,-0.47684391080617494,-0.888507718696398,-0.37392795883361923,-0.7615780445969125,-2.0034305317324184,-0.4631217838765009,-0.3996569468267582,-1.3739279588336193,-0.9451114922813036,-1.2641509433962264,-1.3104631217838765,-0.3344768439108062,-0.9073756432246999,-1.509433962264151,-1.2915951972555746,-0.06689536878216124,-0.2006861063464837,-2.150943396226415,-1.0171526586620927,-0.934819897084048,-0.4339622641509434,-0.6792452830188679,-0.4699828473413379,-0.7975986277873071,-2.020583190394511,-0.4699828473413379,-0.5385934819897084,-0.7941680960548885,-0.8747855917667239,-1.3481989708404802,-1.2898799313893654,-0.5934819897084048,-1.039451114922813,-1.4048027444253859,-1.2195540308747856,-0.1320754716981132,-0.2607204116638079,-1.9193825042881647,-0.8576329331046312,-0.9982847341337907,-0.32246998284734135,-0.1732418524871355,-0.41852487135506006,-0.4631217838765009,-1.960548885077187,-0.14408233276157806,-0.2830188679245283,-0.8078902229845626,-0.5883361921097771,-1.097770154373928,-0.9090909090909091,-0.4236706689536878,-0.8473413379073756,-1.1766723842195541,-1.216123499142367,-0.04974271012006861,-0.05317324185248713,-1.5746140651801028,-0.5574614065180102,-0.855917667238422,-0.4,-0.15384615384615385,-0.4393162393162393,-0.6170940170940171,-2.123076923076923,-0.11452991452991453,-0.4341880341880342,-0.6598290598290598,-0.49743589743589745,-1.1282051282051282,-1.0017094017094017,-0.49743589743589745,-0.9555555555555556,-1.2290598290598291,-1.188034188034188,-0.1641025641025641,-0.17606837606837608,-1.593162393162393,-0.5914529914529915,-0.9094017094017094
O53078,-0.05333333333333334,-0.7066666666666667,-0.6933333333333334,-0.84,-2.0933333333333333,-0.8266666666666667,-0.6666666666666666,-1.3733333333333333,-1.1733333333333333,-1.08,-1.12,-0.8133333333333334,-0.8933333333333333,-1.64,-0.8266666666666667,-0.52,-0.5866666666666667,-2.2,-1.4266666666666667,-0.7066666666666667,0.16,-0.7466666666666667,-1.3333333333333333,-0.9733333333333334,-2.24,-0.6666666666666666,-0.29333333333333333,-1.2133333333333334,-1.1466666666666667,-0.6533333333333333,-0.7066666666666667,-0.9866666666666667,-0.56,-1.48,-1.36,-0.7333333333333333,-0.76,-2.08,-1.56,-0.4666666666666667,0.36,-0.8133333333333334,-1.12,-0.8533333333333334,-2.04,-0.84,-1.04,-0.8266666666666667,-1.1466666666666667,-1.0666666666666667,-1.0666666666666667,-0.8533333333333334,-0.6666666666666666,-1.4266666666666667,-1.5733333333333333,-0.6133333333333333,-0.6533333333333333,-2.52,-1.5066666666666666,-0.7466666666666667,0.15584415584415584,-0.5454545454545454,-0.7012987012987013,-0.8311688311688312,-2.4155844155844157,-0.24675324675324675,-0.1038961038961039,-1.4285714285714286,-0.8181818181818182,-1.1688311688311688,-1.1428571428571428,-0.45454545454545453,-0.6753246753246753,-1.9610389610389611,-1.4025974025974026,-0.37662337662337664,-0.2987012987012987,-2.4285714285714284,-1.3766233766233766,-0.5714285714285714
P0A4G4,-0.23376623376623376,-1.6233766233766234,-1.3246753246753247,-1.4415584415584415,-1.7922077922077921,-1.0,-1.2467532467532467,-1.3246753246753247,-1.5324675324675325,-0.5324675324675324,-0.6753246753246753,-0.935064935064935,-0.5324675324675324,-1.1688311688311688,-1.5064935064935066,-0.44155844155844154,-0.4025974025974026,-2.779220779220779,-1.2597402597402598,-0.3116883116883117,-0.44155844155844154,-1.1168831168831168,-0.4935064935064935,-0.6493506493506493,-2.064935064935065,-0.5064935064935064,-0.3246753246753247,-1.2337662337662338,-0.35064935064935066,-0.8961038961038961,-0.9090909090909091,-0.3116883116883117,-0.8311688311688312,-1.2987012987012987,-1.2987012987012987,-0.5844155844155844,-0.5844155844155844,-1.844155844155844,-1.2207792207792207,-0.8441558441558441,-0.19480519480519481,-1.025974025974026,-0.8441558441558441,-0.974025974025974,-2.3636363636363638,-0.33766233766233766,-0.4025974025974026,-1.8181818181818181,-1.0649350649350648,-1.3506493506493507,-1.2857142857142858,-0.15584415584415584,-1.3116883116883118,-1.3896103896103895,-1.8311688311688312,-0.5454545454545454,-0.6233766233766234,-2.7012987012987013,-0.8441558441558441,-1.4415584415584415,-0.3037974683544304,-0.9493670886075949,-0.620253164556962,-1.0886075949367089,-2.1772151898734178,-0.34177215189873417,-0.5063291139240507,-1.4430379746835442,-1.3037974683544304,-0.7341772151898734,-1.0379746835443038,-0.25316455696202533,-0.9746835443037974,-1.7974683544303798,-1.4556962025316456,-0.20253164556962025,-0.27848101265822783,-2.8860759493670884,-1.3037974683544304,-0.5949367088607594
O31652,0.35,-1.6,-1.8,-2.4,-1.65,-1.5875,-2.025,-0.975,-2.05,-0.35,-0.0375,-1.7625,-0.275,-1.1125,-1.025,-0.2875,-0.3375,-0.85,-1.55,-0.2125,-0.5625,-2.3875,-2.7,-3.425,-2.425,-2.825,-3.3375,-2.1875,-2.8875,-0.9,-0.8375,-2.5375,-0.9375,-1.05,-2.7,-1.4625,-0.9875,-2.075,-1.75,-0.8,-0.125,-2.7375,-2.475,-3.0375,-2.3875,-2.425,-2.825,-1.8,-2.65,-0.2875,-0.8875,-2.7,-0.7375,-0.9,-2.2875,-1.3,-1.2125,-1.775,-1.1875,-0.5625,-0.075,-2.2375,-2.2375,-3.15,-1.725,-1.9875,-2.8,-1.3125,-2.05,0.2125,0.8375,-2.3375,0.05,0.6625,-2.275,-0.9125,-1.0625,-0.2375,-0.35,0.1125
P81100,-0.3469387755102041,-1.0612244897959184,-0.5918367346938775,-0.8775510204081632,-1.9387755102040816,-0.5918367346938775,-0.7346938775510204,-0.32653061224489793,-1.4081632653061225,-1.1224489795918366,-0.9795918367346939,-0.30612244897959184,-0.6938775510204082,-1.6122448979591837,-1.0816326530612246,0.0,-0.1836734693877551,-2.1020408163265305,-1.3673469387755102,-0.8367346938775511,-0.5306122448979592,-1.2857142857142858,-0.12244897959183673,0.0,-1.6938775510204083,-0.7959183673469388,-0.6530612244897959,-0.8163265306122449,-0.9183673469387755,-1.3877551020408163,-1.4081632653061225,-0.8163265306122449,-1.1224489795918366,-1.4081632653061225,-1.8571428571428572,-0.2857142857142857,-0.40816326530612246,-2.4285714285714284,-1.5510204081632653,-1.2244897959183674,-0.5714285714285714,-0.8163265306122449,-0.22448979591836735,-0.6530612244897959,-1.8571428571428572,-0.30612244897959184,-0.6326530612244898,-1.5918367346938775,-1.0,-0.6938775510204082,-1.1020408163265305,-0.6938775510204082,-0.8163265306122449,-1.530612244897959,-1.7959183673469388,-0.2653061224489796,-0.24489795918367346,-2.5714285714285716,-1.163265306122449,-0.40816326530612246,-0.4807692307692308,-0.6730769230769231,-0.7115384615384616,-0.9230769230769231,-2.076923076923077,-0.6923076923076923,-0.5576923076923077,-1.0769230769230769,-1.0,-1.2115384615384615,-1.2884615384615385,-0.75,-0.9038461538461539,-1.3461538461538463,-2.019230769230769,-0.25,-0.4423076923076923,-2.25,-1.0769230769230769,-1.0192307692307692
P39603,-0.6666666666666666,-2.1904761904761907,-2.380952380952381,-2.761904761904762,-1.9047619047619047,-1.8095238095238095,-2.142857142857143,-2.761904761904762,-1.9047619047619047,-0.3333333333333333,0.38095238095238093,-2.142857142857143,0.8095238095238095,0.2857142857142857,-2.142857142857143,-1.3333333333333333,-0.7619047619047619,-1.1428571428571428,-0.23809523809523808,-0.23809523809523808,-0.6666666666666666,-1.7619047619047619,-2.0476190476190474,-2.5714285714285716,-1.9047619047619047,-1.619047619047619,-1.7619047619047619,-2.619047619047619,-1.9523809523809523,0.14285714285714285,-0.14285714285714285,-1.4761904761904763,-0.047619047619047616,-0.3333333333333333,-1.5714285714285714,-1.1904761904761905,-0.8095238095238095,-1.7142857142857142,-0.8571428571428571,-0.047619047619047616,-0.2857142857142857,-1.9047619047619047,-1.7142857142857142,-1.9047619047619047,-1.8571428571428572,-1.4761904761904763,-1.5238095238095237,-1.8571428571428572,-0.6666666666666666,-0.2857142857142857,-0.047619047619047616,-1.7142857142857142,0.14285714285714285,0.5714285714285714,-2.0,-0.2857142857142857,-0.2857142857142857,-1.8095238095238095,-0.047619047619047616,-0.5238095238095238,-0.2916666666666667,-0.9583333333333334,-1.5416666666666667,-2.5,-2.0,-1.4166666666666667,-1.5416666666666667,-2.25,-0.6666666666666666,-0.5,-0.5833333333333334,-1.125,-0.2916666666666667,-0.7916666666666666,-1.625,-0.5833333333333334,-0.5833333333333334,-2.1666666666666665,-0.20833333333333334,-0.125
Q45882,-0.47058823529411764,-1.3202614379084967,-0.5816993464052288,-1.2483660130718954,-2.6405228758169934,-0.6143790849673203,-1.0588235294117647,-1.5098039215686274,-1.8431372549019607,-0.6078431372549019,-0.6862745098039216,-1.1372549019607843,-0.9215686274509803,-1.1111111111111112,-1.6797385620915033,-0.39869281045751637,-0.22875816993464052,-2.65359477124183,-1.3137254901960784,-0.6928104575163399,-1.2091503267973855,-1.0784313725490196,-0.2679738562091503,-1.3529411764705883,-2.7908496732026142,-0.9738562091503268,-1.2549019607843137,-1.9477124183006536,-1.4313725490196079,-1.1111111111111112,-0.934640522875817,-1.2026143790849673,-1.2418300653594772,-0.9738562091503268,-1.9607843137254901,-0.5555555555555556,-0.3137254901960784,-2.156862745098039,-0.48366013071895425,-1.2156862745098038,-0.8169934640522876,-0.8366013071895425,0.45751633986928103,-0.6339869281045751,-2.3529411764705883,-0.5359477124183006,-0.954248366013072,-0.6666666666666666,-0.9411764705882353,-0.6666666666666666,-1.1568627450980393,-0.9803921568627451,-1.4248366013071896,-0.8562091503267973,-0.6209150326797386,0.2679738562091503,0.33986928104575165,-2.0,0.026143790849673203,-0.8823529411764706,-0.8961038961038961,-1.0194805194805194,-0.01948051948051948,-0.935064935064935,-2.5,-0.7467532467532467,-1.12987012987013,-1.0194805194805194,-1.4155844155844155,-0.6493506493506493,-1.2207792207792207,-1.1818181818181819,-1.2662337662337662,-0.8831168831168831,-1.4025974025974026,-0.045454545454545456,0.07792207792207792,-2.5,-0.8116883116883117,-0.8116883116883117
P11001,-0.08270676691729323,-0.7894736842105263,0.020050125313283207,-0.5012531328320802,-2.0576441102756893,0.13283208020050125,-0.20050125313283207,-1.2105263157894737,-1.0275689223057645,-1.380952380952381,-1.4862155388471179,-0.13283208020050125,-1.0175438596491229,-1.8471177944862156,-1.1528822055137844,0.23057644110275688,0.3182957393483709,-2.263157894736842,-1.2731829573934836,-0.9373433583959899,-0.3258145363408521,-0.7994987468671679,-0.2506265664160401,-0.5263157894736842,-1.8395989974937343,-0.3533834586466165,-0.506265664160401,-1.0701754385964912,-0.7493734335839599,-1.050125313283208,-1.012531328320802,-0.48120300751879697,-0.6917293233082706,-1.1478696741854637,-1.1077694235588973,-0.20050125313283207,-0.22807017543859648,-1.6240601503759398,-0.6466165413533834,-0.8220551378446115,-0.3483709273182957,-0.9974937343358395,-0.17794486215538846,-0.49122807017543857,-2.142857142857143,-0.2531328320802005,-0.5288220551378446,-0.7894736842105263,-0.9147869674185464,-1.218045112781955,-1.3383458646616542,-0.3684210526315789,-0.9724310776942355,-0.9398496240601504,-1.4912280701754386,-0.13032581453634084,-0.3007518796992481,-1.355889724310777,-0.3057644110275689,-0.9874686716791979,-0.6975,-0.8725,-0.0225,-0.435,-2.2975,-0.5,-0.5525,-0.7,-0.8825,-1.3175,-1.395,-0.23,-1.0775,-0.69,-1.7825,-0.385,-0.4625,-0.505,0.1075,-1.1825
Q6YPH3,-0.9365079365079365,-0.9682539682539683,-1.1746031746031746,-1.2222222222222223,-2.357142857142857,-0.8888888888888888,-0.7380952380952381,-1.4444444444444444,-1.4682539682539681,-0.753968253968254,-1.1666666666666667,-0.6190476190476191,-1.1825396825396826,-1.5238095238095237,-2.007936507936508,-0.8571428571428571,-0.746031746031746,-2.5476190476190474,-1.5952380952380953,-0.5714285714285714,-1.3571428571428572,-1.0555555555555556,-1.5317460317460319,-1.5396825396825398,-3.3333333333333335,-1.1666666666666667,-1.1111111111111112,-2.6746031746031744,-1.6587301587301588,-1.6825396825396826,-1.5714285714285714,-1.373015873015873,-1.4603174603174602,-1.6984126984126984,-2.111111111111111,-1.373015873015873,-0.8650793650793651,-3.2777777777777777,-1.6031746031746033,-1.7063492063492063,-0.9047619047619048,-1.5396825396825398,-1.3095238095238095,-1.0714285714285714,-2.984126984126984,-1.4285714285714286,-0.6587301587301587,-2.0476190476190474,-1.9444444444444444,-1.0238095238095237,-1.3571428571428572,-0.6904761904761905,-1.1507936507936507,-1.3650793650793651,-2.515873015873016,-1.5396825396825398,-1.2936507936507937,-3.238095238095238,-1.7142857142857142,-1.246031746031746,-1.6640625,-2.359375,-2.6328125,-2.3515625,-3.890625,-2.3203125,-1.6953125,-3.0859375,-2.578125,-2.2265625,-1.9921875,-2.1953125,-1.828125,-2.296875,-3.3828125,-2.3984375,-2.1875,-4.2265625,-2.7265625,-2.375
P0C047,0.07692307692307693,-0.6538461538461539,-0.8461538461538461,-1.0,-2.1153846153846154,-0.23076923076923078,-0.5769230769230769,-0.2692307692307692,-1.5,-1.8076923076923077,-2.0384615384615383,0.11538461538461539,-0.9230769230769231,-2.1923076923076925,-1.6153846153846154,-0.19230769230769232,-0.7692307692307693,-2.6923076923076925,-1.6923076923076923,-1.1153846153846154,-0.46153846153846156,-1.0,-0.9615384615384616,-0.5769230769230769,-1.9615384615384615,0.5384615384615384,0.23076923076923078,-1.3846153846153846,-1.1153846153846154,-1.7307692307692308,-1.8076923076923077,-0.6153846153846154,-1.0,-1.7692307692307692,-1.7692307692307692,-0.2692307692307692,-0.8076923076923077,-1.9230769230769231,-1.1923076923076923,-1.4230769230769231,-0.8076923076923077,-0.8076923076923077,-1.1153846153846154,-1.0769230769230769,-2.1923076923076925,0.15384615384615385,-0.3076923076923077,-2.230769230769231,-1.1153846153846154,-0.8076923076923077,-0.9615384615384616,-0.19230769230769232,-0.11538461538461539,-1.6923076923076923,-1.5,-0.8461538461538461,-0.8461538461538461,-2.6153846153846154,-1.3076923076923077,-0.5384615384615384,-0.7692307692307693,-0.8461538461538461,-0.38461538461538464,-0.7307692307692307,-2.1538461538461537,-0.3076923076923077,-0.6538461538461539,-1.5769230769230769,-1.2692307692307692,-1.1153846153846154,-1.3076923076923077,-0.6538461538461539,-0.8076923076923077,-1.9615384615384615,-1.5384615384615385,-0.3076923076923077,-0.46153846153846156,-2.8461538461538463,-1.5,-0.9615384615384616
Q59634,-0.2413793103448276,-0.625615763546798,-0.5566502463054187,-0.6009852216748769,-1.935960591133005,-0.49261083743842365,-0.4482758620689655,-1.4088669950738917,-0.9408866995073891,-0.9655172413793104,-0.9211822660098522,-0.35960591133004927,-0.5714285714285714,-1.3596059113300492,-1.0147783251231528,-0.22660098522167488,-0.06403940886699508,-1.5862068965517242,-0.6748768472906403,-0.8768472906403941,-0.10837438423645321,-0.7438423645320197,-0.4975369458128079,-0.729064039408867,-1.980295566502463,-0.458128078817734,-0.6699507389162561,-0.7931034482758621,-0.896551724137931,-0.8817733990147784,-0.8226600985221675,-0.5073891625615764,-0.5172413793103449,-0.9852216748768473,-1.064039408866995,-0.014778325123152709,-0.19704433497536947,-1.6600985221674878,-0.5467980295566502,-0.6502463054187192,-0.3103448275862069,-0.9113300492610837,-0.09359605911330049,-0.7389162561576355,-2.2167487684729066,-0.5221674876847291,-0.8029556650246306,-0.8620689655172413,-0.6798029556650246,-1.2610837438423645,-1.0886699507389161,-0.7438423645320197,-0.8522167487684729,-1.1527093596059113,-1.3596059113300492,-0.10344827586206896,-0.10837438423645321,-1.477832512315271,-0.6798029556650246,-1.0049261083743843,-0.1568627450980392,-0.5882352941176471,-0.31862745098039214,-0.6274509803921569,-1.9901960784313726,-0.10294117647058823,-0.2696078431372549,-1.0,-0.9313725490196079,-1.0490196078431373,-1.2401960784313726,-0.14705882352941177,-0.8627450980392157,-1.6323529411764706,-1.1568627450980393,0.08333333333333333,0.11764705882352941,-2.1372549019607843,-1.1029411764705883,-0.6813725490196079
P43439,-0.5240963855421686,0.060240963855421686,-0.3855421686746988,-0.12650602409638553,-2.4578313253012047,0.40963855421686746,1.0542168674698795,-1.6686746987951808,-1.0240963855421688,-0.8674698795180723,-0.30120481927710846,0.40963855421686746,-0.6626506024096386,-1.391566265060241,-1.427710843373494,-0.20481927710843373,-0.4759036144578313,-2.8674698795180724,-1.427710843373494,-0.6385542168674698,-0.39759036144578314,0.19879518072289157,-0.6385542168674698,-0.30120481927710846,-2.0180722891566263,0.030120481927710843,0.8975903614457831,-1.6204819277108433,-1.0,-0.6265060240963856,-0.5963855421686747,0.3192771084337349,-0.8072289156626506,-1.355421686746988,-1.7710843373493976,-0.3253012048192771,-0.4939759036144578,-2.716867469879518,-1.1927710843373494,-0.5662650602409639,-0.9457831325301205,-2.0060240963855422,-1.7650602409638554,-2.4096385542168677,-2.4036144578313254,-1.8975903614457832,-2.0481927710843375,-1.6626506024096386,-1.8012048192771084,-0.463855421686747,-0.6024096385542169,-1.6506024096385543,-0.3192771084337349,-0.10843373493975904,-2.066265060240964,-1.0421686746987953,-1.0602409638554218,-1.9457831325301205,-1.0060240963855422,-0.6385542168674698,-0.4578313253012048,-1.680722891566265,-1.5481927710843373,-2.2650602409638556,-2.174698795180723,-1.2951807228915662,-1.6204819277108433,-0.9578313253012049,-1.4397590361445782,-0.1144578313253012,-0.060240963855421686,-1.4457831325301205,-0.04819277108433735,-0.16265060240963855,-1.8012048192771084,-0.7530120481927711,-0.8433734939759037,-1.6385542168674698,-0.41566265060240964,-0.21686746987951808
P24011,-0.6853932584269663,-1.797752808988764,-1.1235955056179776,-1.853932584269663,-1.8876404494382022,-1.1910112359550562,-1.5280898876404494,-1.5056179775280898,-1.1685393258426966,0.12359550561797752,0.12359550561797752,-1.449438202247191,0.48314606741573035,0.12359550561797752,-1.7752808988764044,-0.550561797752809,-0.25842696629213485,-1.0337078651685394,-0.6292134831460674,-0.34831460674157305,-1.1235955056179776,-1.9550561797752808,-1.5168539325842696,-1.449438202247191,-2.359550561797753,-1.595505617977528,-1.3820224719101124,-2.202247191011236,-1.752808988764045,-0.16853932584269662,-0.6404494382022472,-1.6067415730337078,-0.42696629213483145,-0.9101123595505618,-1.7415730337078652,-0.8764044943820225,-0.5730337078651685,-1.7640449438202248,-0.8764044943820225,-0.34831460674157305,-0.6629213483146067,-1.3820224719101124,-0.6741573033707865,-1.3932584269662922,-2.235955056179775,-0.6629213483146067,-0.8089887640449438,-1.5056179775280898,-1.4157303370786516,-1.247191011235955,-1.404494382022472,-0.8539325842696629,-0.7865168539325843,-1.4831460674157304,-1.5168539325842696,-0.47191011235955055,-0.550561797752809,-2.640449438202247,-1.3258426966292134,-1.1910112359550562,-0.33707865168539325,-0.5393258426966292,-0.21348314606741572,-0.4943820224719101,-1.9887640449438202,-0.29213483146067415,-0.0898876404494382,-1.1348314606741574,-0.7640449438202247,-1.3595505617977528,-1.3258426966292134,-0.12359550561797752,-0.898876404494382,-1.5842696629213484,-0.9775280898876404,-0.23595505617977527,-0.23595505617977527,-2.2247191011235956,-0.9887640449438202,-1.1348314606741574
P22346,-0.7,-1.2105263157894737,-0.7842105263157895,-0.7368421052631579,-2.4210526315789473,-0.4631578947368421,-0.7105263157894737,-1.9421052631578948,-0.8894736842105263,-1.131578947368421,-0.8947368421052632,-0.7473684210526316,-0.8526315789473684,-1.1,-1.631578947368421,-0.6210526315789474,-0.47368421052631576,-2.2578947368421054,-1.0789473684210527,-1.0578947368421052,-0.2631578947368421,-1.1631578947368422,-0.9578947368421052,-1.0526315789473684,-2.1473684210526316,-0.8842105263157894,-0.8631578947368421,-1.1736842105263159,-1.3473684210526315,-1.3368421052631578,-1.5,-0.9157894736842105,-1.1473684210526316,-1.7105263157894737,-1.1578947368421053,-0.33157894736842103,-0.13157894736842105,-2.3157894736842106,-1.1894736842105262,-0.9105263157894737,-0.6789473684210526,-1.0894736842105264,-0.6526315789473685,-0.8157894736842105,-2.468421052631579,-0.38421052631578945,-0.6842105263157895,-1.4578947368421054,-0.7631578947368421,-1.5789473684210527,-1.3842105263157896,-0.7578947368421053,-1.1736842105263159,-1.6105263157894736,-1.605263157894737,-0.7,-0.7157894736842105,-1.831578947368421,-1.0947368421052632,-1.3157894736842106,-0.533678756476684,-0.8341968911917098,-0.7564766839378239,-0.616580310880829,-2.284974093264249,-0.47150259067357514,-0.616580310880829,-1.6010362694300517,-1.005181347150259,-1.0829015544041452,-0.9378238341968912,-0.49222797927461137,-0.8704663212435233,-1.4455958549222798,-1.1191709844559585,-0.39378238341968913,-0.06217616580310881,-2.2797927461139897,-1.1968911917098446,-0.8911917098445595
A5HZZ9,-0.9197530864197531,-1.0802469135802468,-0.25617283950617287,-0.808641975308642,-2.2777777777777777,-0.7469135802469136,-0.7376543209876543,-1.5833333333333333,-1.2685185185185186,-0.7654320987654321,-1.1358024691358024,-0.5802469135802469,-0.9537037037037037,-1.0709876543209877,-1.1882716049382716,-0.38271604938271603,-0.4166666666666667,-2.4104938271604937,-0.7222222222222222,-0.9506172839506173,-0.8271604938271605,-0.9753086419753086,0.05555555555555555,-0.42592592592592593,-2.1358024691358026,-0.6141975308641975,-0.41358024691358025,-1.6111111111111112,-1.2561728395061729,-0.7283950617283951,-0.9506172839506173,-0.39197530864197533,-0.8641975308641975,-1.021604938271605,-1.2746913580246915,-0.19444444444444445,-0.21604938271604937,-2.29320987654321,-0.7746913580246914,-0.7808641975308642,-0.9259259259259259,-1.0308641975308641,0.12345679012345678,-0.7685185185185185,-2.2839506172839505,-0.5092592592592593,-0.4382716049382716,-1.808641975308642,-1.2530864197530864,-0.5925925925925926,-0.8611111111111112,-0.30864197530864196,-0.7407407407407407,-1.1203703703703705,-2.006172839506173,-0.2716049382716049,-0.4228395061728395,-2.4012345679012346,-0.9166666666666666,-0.8734567901234568,-1.0432098765432098,-0.8240740740740741,0.16358024691358025,-0.7253086419753086,-2.175925925925926,-0.6172839506172839,-0.7098765432098766,-1.4753086419753085,-1.0987654320987654,-0.7438271604938271,-1.0524691358024691,-0.42592592592592593,-0.9506172839506173,-1.0030864197530864,-1.7530864197530864,-0.29012345679012347,-0.38580246913580246,-1.8395061728395061,-0.42592592592592593,-0.9475308641975309
P19368,-1.2173913043478262,-1.144927536231884,-1.2173913043478262,-1.7246376811594204,-2.652173913043478,-1.0724637681159421,-1.4057971014492754,-2.0869565217391304,-1.2318840579710144,-1.434782608695652,-1.4202898550724639,-0.8260869565217391,-1.318840579710145,-1.6956521739130435,-2.1884057971014492,-1.1884057971014492,-0.6956521739130435,-2.8550724637681157,-1.4782608695652173,-1.5217391304347827,-1.608695652173913,-1.3623188405797102,-0.9420289855072463,-1.1159420289855073,-3.4057971014492754,-1.2318840579710144,-1.3623188405797102,-1.9275362318840579,-1.6376811594202898,-1.681159420289855,-1.855072463768116,-1.2753623188405796,-1.5797101449275361,-2.1159420289855073,-2.9130434782608696,-1.463768115942029,-1.4492753623188406,-2.2028985507246377,-1.6521739130434783,-1.7826086956521738,-0.8115942028985508,-1.9565217391304348,-1.4492753623188406,-1.8405797101449275,-1.6521739130434783,-1.2753623188405796,-1.7681159420289856,-2.217391304347826,-1.1014492753623188,-1.4202898550724639,-0.9565217391304348,-1.7536231884057971,-0.855072463768116,-1.434782608695652,-2.2028985507246377,-1.2753623188405796,-1.1014492753623188,-2.2318840579710146,-1.2463768115942029,-1.173913043478261,-1.2916666666666667,-1.6388888888888888,-1.625,-1.3194444444444444,-3.138888888888889,-1.0972222222222223,-1.0,-2.75,-1.1388888888888888,-1.3333333333333333,-1.5277777777777777,-1.1111111111111112,-1.4027777777777777,-1.5,-1.6527777777777777,-1.375,-1.3194444444444444,-2.9027777777777777,-1.5,-1.2083333333333333
O31760,-0.927536231884058,-1.4057971014492754,-1.108695652173913,-1.144927536231884,-2.3840579710144927,-1.065217391304348,-0.9130434782608695,-1.3768115942028984,-0.7246376811594203,-0.6884057971014492,-0.855072463768116,-0.8405797101449275,-0.7753623188405797,-0.9637681159420289,-1.4710144927536233,-0.8405797101449275,-0.7391304347826086,-2.282608695652174,-1.0869565217391304,-0.7318840579710145,-0.5507246376811594,-1.0072463768115942,-1.1159420289855073,-1.4202898550724639,-1.9492753623188406,-1.0144927536231885,-0.927536231884058,-1.4855072463768115,-0.9637681159420289,-0.6014492753623188,-0.8115942028985508,-0.8768115942028986,-0.8695652173913043,-1.2246376811594204,-1.5434782608695652,-0.644927536231884,-0.6304347826086957,-2.63768115942029,-0.9492753623188406,-0.6811594202898551,-0.5652173913043478,-0.7898550724637681,-0.6594202898550725,-1.1014492753623188,-2.253623188405797,-0.45652173913043476,-0.43478260869565216,-1.2391304347826086,-0.782608695652174,-0.7463768115942029,-0.8623188405797102,-0.427536231884058,-0.34057971014492755,-1.181159420289855,-1.0217391304347827,-0.4927536231884058,-0.644927536231884,-2.1956521739130435,-1.036231884057971,-0.7536231884057971,-0.5177304964539007,-0.5957446808510638,-0.7943262411347518,-0.851063829787234,-2.234042553191489,-0.5390070921985816,-0.45390070921985815,-1.3617021276595744,-1.2765957446808511,-0.44680851063829785,-0.8581560283687943,-0.2978723404255319,-0.48226950354609927,-1.4822695035460993,-1.3900709219858156,-0.23404255319148937,-0.22695035460992907,-2.6595744680851063,-1.5106382978723405,-0.2978723404255319
O08362,-0.62,-0.95,-1.88,-1.6,-3.17,-1.35,-1.76,-1.77,-0.81,-1.66,-1.13,-1.47,-1.02,-1.14,-1.29,-0.93,-0.99,-2.03,-1.52,-1.24,-0.44,-0.1,-1.27,-1.24,-2.52,-0.78,-0.54,-1.97,-0.81,-0.83,-0.63,-0.84,-0.25,-0.69,-2.2,-0.84,-1.06,-2.47,-1.67,-0.91,-1.1,-2.14,-2.17,-2.17,-3.27,-1.73,-1.6,-2.86,-1.78,-1.55,-1.23,-2.32,-0.88,-2.29,-3.41,-1.68,-0.98,-3.91,-2.7,-1.49,-1.56,-1.76,-2.23,-2.67,-3.29,-2.32,-2.15,-2.67,-1.57,-1.94,-1.53,-2.19,-1.42,-1.99,-1.82,-1.94,-1.74,-2.69,-2.56,-1.75
P0A670,0.5454545454545454,-1.2727272727272727,-1.0727272727272728,-1.309090909090909,-0.8181818181818182,-0.5818181818181818,-0.8545454545454545,-1.0727272727272728,-1.690909090909091,-1.0363636363636364,-1.1454545454545455,-0.7636363636363637,-0.7818181818181819,-1.9090909090909092,-0.6,0.10909090909090909,-0.07272727272727272,-2.5090909090909093,-1.7454545454545454,-0.6727272727272727,0.16363636363636364,-0.8909090909090909,-0.41818181818181815,-0.8363636363636363,-1.290909090909091,-0.2727272727272727,-0.7636363636363637,-0.43636363636363634,-1.0727272727272728,-1.0545454545454545,-0.8727272727272727,-0.509090909090909,-0.6727272727272727,-1.7454545454545454,-0.7272727272727273,0.32727272727272727,0.05454545454545454,-2.690909090909091,-1.490909090909091,-0.8727272727272727,-0.5272727272727272,-0.9272727272727272,-0.41818181818181815,-0.9818181818181818,-2.272727272727273,-0.45454545454545453,-0.8545454545454545,-1.4545454545454546,-1.1636363636363636,-0.9272727272727272,-0.6,-0.6363636363636364,-0.6909090909090909,-1.4363636363636363,-1.2545454545454546,-0.34545454545454546,-0.5454545454545454,-2.4363636363636365,-1.1636363636363636,-0.7818181818181819,-0.5272727272727272,-1.3818181818181818,-0.6181818181818182,-0.7636363636363637,-2.3454545454545452,-0.6545454545454545,-0.8727272727272727,-1.2181818181818183,-1.3636363636363635,-0.8363636363636363,-1.0545454545454545,-1.0363636363636364,-1.0363636363636364,-2.090909090909091,-1.4727272727272727,-0.2727272727272727,-0.12727272727272726,-2.9272727272727272,-1.6181818181818182,-0.34545454545454546
O68575,-1.5538461538461539,-1.1846153846153846,-1.6923076923076923,-2.1384615384615384,-1.7538461538461538,-1.3846153846153846,-1.646153846153846,-1.9846153846153847,-2.046153846153846,-1.4307692307692308,-1.476923076923077,-1.6153846153846154,-1.3692307692307693,-1.6615384615384616,-2.4307692307692306,-1.2,-1.0153846153846153,-2.707692307692308,-1.5692307692307692,-1.353846153846154,-0.8153846153846154,-1.2615384615384615,-1.6153846153846154,-1.4615384615384615,-2.8615384615384616,-1.7384615384615385,-1.3076923076923077,-1.8615384615384616,-2.0307692307692307,-0.5230769230769231,-0.5384615384615384,-1.3076923076923077,-0.6923076923076923,-1.7846153846153847,-2.4,-1.4153846153846155,-1.1846153846153846,-3.0153846153846153,-1.6923076923076923,-0.8153846153846154,-0.8769230769230769,-0.8615384615384616,-0.8,-0.9384615384615385,-3.0923076923076924,-1.4,-1.1076923076923078,-2.646153846153846,-1.1384615384615384,-0.7692307692307693,-0.7846153846153846,-0.6923076923076923,-1.1384615384615384,-1.8153846153846154,-2.0153846153846153,-1.6,-1.3384615384615384,-3.6153846153846154,-1.9846153846153847,-0.9692307692307692,-0.7794117647058824,-0.27941176470588236,-0.8529411764705882,-1.0147058823529411,-2.7205882352941178,-0.6470588235294118,-0.014705882352941176,-2.073529411764706,-0.9117647058823529,-0.8235294117647058,-1.088235294117647,-0.22058823529411764,-0.7352941176470589,-1.1029411764705883,-1.6323529411764706,-1.2352941176470589,-1.338235294117647,-2.6911764705882355,-0.8088235294117647,-1.1911764705882353
P37386,-0.06467661691542288,-0.8407960199004975,-0.8059701492537313,-0.9203980099502488,-1.8258706467661692,-0.3781094527363184,-0.32338308457711445,-1.2388059701492538,-0.8606965174129353,-0.6865671641791045,-0.8855721393034826,-0.417910447761194,-0.736318407960199,-1.537313432835821,-0.9900497512437811,-0.15920398009950248,-0.11442786069651742,-2.5870646766169156,-1.472636815920398,-0.39800995024875624,-0.263681592039801,-1.4577114427860696,-1.2935323383084578,-1.6467661691542288,-2.1592039800995027,-1.109452736318408,-1.1393034825870647,-1.5472636815920398,-1.945273631840796,-0.5373134328358209,-0.7711442786069652,-1.2039800995024876,-0.7164179104477612,-1.2686567164179106,-2.084577114427861,-0.7263681592039801,-0.5074626865671642,-2.4129353233830844,-1.7462686567164178,-0.263681592039801,-0.15422885572139303,-1.243781094527363,-1.3582089552238805,-1.4527363184079602,-1.2139303482587065,-1.1243781094527363,-1.1144278606965174,-1.1293532338308458,-1.4328358208955223,-0.12437810945273632,-0.47761194029850745,-1.0199004975124377,-0.22885572139303484,-1.1343283582089552,-1.7412935323383085,-0.43283582089552236,-0.23383084577114427,-2.1144278606965172,-1.2786069651741294,-0.1044776119402985,-0.26865671641791045,-1.5572139303482586,-1.572139303482587,-1.7860696517412935,-2.054726368159204,-1.3233830845771144,-1.5671641791044777,-1.6766169154228856,-2.129353233830846,-0.6318407960199005,-0.9751243781094527,-1.3432835820895523,-0.8308457711442786,-1.8059701492537314,-2.288557213930348,-0.8159203980099502,-0.8407960199004975,-3.0398009950248754,-2.144278606965174,-0.6567164179104478
P20910,0.11678832116788321,-0.9781021897810219,-1.1605839416058394,-1.3941605839416058,-1.5182481751824817,-0.8175182481751825,-0.9562043795620438,-1.3941605839416058,-1.7518248175182483,-0.948905109489051,-0.9051094890510949,-0.8832116788321168,-0.6642335766423357,-1.897810218978102,-0.8394160583941606,-0.1897810218978102,-0.072992700729927,-2.7226277372262775,-1.7956204379562044,-0.5547445255474452,0.11678832116788321,-0.8613138686131386,-0.6496350364963503,-1.0802919708029197,-1.6642335766423357,-0.7153284671532847,-0.8102189781021898,-0.48175182481751827,-1.489051094890511,-1.7737226277372262,-1.7080291970802919,-0.6715328467153284,-1.167883211678832,-2.18978102189781,-0.7372262773722628,0.145985401459854,-0.17518248175182483,-2.5693430656934306,-1.9124087591240877,-1.2116788321167884,-0.49635036496350365,-1.0145985401459854,-0.38686131386861317,-0.8978102189781022,-1.6058394160583942,-0.5693430656934306,-0.7445255474452555,-1.0364963503649636,-0.9635036496350365,-1.6934306569343065,-1.635036496350365,-0.8394160583941606,-1.0656934306569343,-1.6788321167883211,-1.5182481751824817,0.08029197080291971,0.029197080291970802,-1.7445255474452555,-1.167883211678832,-1.2992700729927007,-0.5683453237410072,-1.0287769784172662,-0.60431654676259,-1.129496402877698,-1.6258992805755397,-0.7482014388489209,-0.9280575539568345,-1.0,-1.1151079136690647,-1.5611510791366907,-1.4316546762589928,-0.9424460431654677,-0.8633093525179856,-1.4316546762589928,-1.669064748201439,-0.2014388489208633,-0.2949640287769784,-1.6762589928057554,-1.0935251798561152,-1.2446043165467626
P37105,-0.7297297297297297,-0.8288288288288288,-0.9009009009009009,-1.072072072072072,-2.900900900900901,-0.6036036036036037,-0.45045045045045046,-1.864864864864865,-1.927927927927928,-0.7567567567567568,-0.7117117117117117,-0.27927927927927926,-0.7207207207207207,-1.6756756756756757,-1.837837837837838,-0.7477477477477478,-0.5675675675675675,-3.099099099099099,-1.8918918918918919,-0.7117117117117117,-0.5405405405405406,-1.2702702702702702,-1.4324324324324325,-1.6126126126126126,-2.4774774774774775,-0.918918918918919,-0.9819819819819819,-1.936936936936937,-1.6846846846846846,-0.972972972972973,-1.1801801801801801,-0.7837837837837838,-1.0810810810810811,-2.0,-2.2522522522522523,-0.9279279279279279,-0.7477477477477478,-3.369369369369369,-1.8288288288288288,-0.8918918918918919,-0.5945945945945946,-1.6936936936936937,-1.5315315315315314,-1.135135135135135,-3.108108108108108,-1.0990990990990992,-1.0360360360360361,-1.7657657657657657,-2.126126126126126,-1.2252252252252251,-1.3963963963963963,-0.963963963963964,-1.1081081081081081,-1.945945945945946,-2.5585585585585586,-0.8198198198198198,-0.8288288288288288,-3.6036036036036037,-2.1531531531531534,-1.2342342342342343,-1.0707964601769913,-0.7079646017699115,-0.8761061946902655,-1.5132743362831858,-3.088495575221239,-0.37168141592920356,-0.831858407079646,-1.6725663716814159,-1.920353982300885,-1.1415929203539823,-1.0707964601769913,-0.07964601769911504,0.46017699115044247,-1.9734513274336283,-2.0530973451327434,-0.8141592920353983,-1.0973451327433628,-3.230088495575221,-2.079646017699115,-1.424778761061947
P23453,-0.6024096385542169,-0.4819277108433735,-0.6024096385542169,-0.39759036144578314,-2.3373493975903616,-0.39759036144578314,-0.07228915662650602,-1.5662650602409638,-1.1204819277108433,-0.8313253012048193,-0.8072289156626506,-0.3132530120481928,-0.5180722891566265,-1.2650602409638554,-1.4819277108433735,-0.03614457831325301,-0.2289156626506024,-2.5903614457831323,-1.4216867469879517,-0.8554216867469879,-0.5301204819277109,-1.108433734939759,-0.6626506024096386,-0.9759036144578314,-2.144578313253012,-0.963855421686747,-0.7831325301204819,-1.4698795180722892,-1.4337349397590362,-0.26506024096385544,-0.6987951807228916,-0.8072289156626506,-0.2891566265060241,-1.0,-1.4096385542168675,-0.42168674698795183,-0.37349397590361444,-2.6987951807228914,-1.1686746987951808,-0.40963855421686746,-0.7951807228915663,-0.8313253012048193,-0.5301204819277109,-0.6867469879518072,-2.253012048192771,-0.5542168674698795,-0.2891566265060241,-1.5903614457831325,-1.3012048192771084,-0.46987951807228917,-0.8313253012048193,-0.3855421686746988,-0.42168674698795183,-0.6987951807228916,-0.9397590361445783,-0.40963855421686746,-0.3253012048192771,-2.0843373493975905,-0.963855421686747,-0.5421686746987951,-0.7228915662650602,-0.4819277108433735,-0.7951807228915663,-0.7349397590361446,-2.289156626506024,-0.25301204819277107,-0.3373493975903614,-1.4578313253012047,-1.1927710843373494,-0.6506024096385542,-0.963855421686747,-0.30120481927710846,-0.7951807228915663,-1.783132530120482,-1.4457831325301205,-0.37349397590361444,-0.42168674698795183,-2.8313253012048194,-1.5903614457831325,-0.43373493975903615
Q9ZEP5,0.625,-0.7142857142857143,-0.9285714285714286,-1.2142857142857142,-1.3214285714285714,-0.7857142857142857,-0.9642857142857143,-0.017857142857142856,-1.5535714285714286,-1.3928571428571428,-1.25,-0.7857142857142857,-0.9821428571428571,-1.9464285714285714,-1.2857142857142858,0.07142857142857142,-0.125,-2.392857142857143,-1.8392857142857142,-0.6428571428571429,0.32142857142857145,-0.8571428571428571,-1.0892857142857142,-0.8214285714285714,-1.5357142857142858,-0.5535714285714286,-0.5,-1.2142857142857142,-1.4821428571428572,-1.2678571428571428,-1.4107142857142858,-0.2857142857142857,-0.9642857142857143,-2.0535714285714284,-0.23214285714285715,0.017857142857142856,-0.375,-2.732142857142857,-1.5892857142857142,-0.5892857142857143,-0.4107142857142857,-1.1964285714285714,-0.7678571428571429,-0.625,-1.8035714285714286,-0.6607142857142857,-0.5357142857142857,-0.7678571428571429,-1.1964285714285714,-1.2857142857142858,-1.5714285714285714,-0.9107142857142857,-1.0714285714285714,-1.6785714285714286,-1.5178571428571428,-0.4107142857142857,-0.625,-2.4464285714285716,-1.25,-0.75,-0.19298245614035087,-0.8596491228070176,-0.24561403508771928,-0.5263157894736842,-2.0526315789473686,-0.2982456140350877,-0.15789473684210525,-1.2105263157894737,-0.8771929824561403,-1.6842105263157894,-1.8596491228070176,-0.49122807017543857,-1.1578947368421053,-1.8070175438596492,-0.7543859649122807,0.22807017543859648,0.0,-2.245614035087719,-1.087719298245614,-1.105263157894737
P49022,-0.3244444444444444,-0.6266666666666667,-0.11555555555555555,-0.4,-2.2888888888888888,0.1688888888888889,0.28888888888888886,-1.6222222222222222,-1.1244444444444444,-0.7244444444444444,-0.7111111111111111,0.3422222222222222,-0.8266666666666667,-1.511111111111111,-1.5244444444444445,-0.08888888888888889,-0.29333333333333333,-2.3466666666666667,-1.2355555555555555,-0.7422222222222222,-0.29777777777777775,-0.2,0.3244444444444444,0.10666666666666667,-2.5733333333333333,0.9111111111111111,1.3333333333333333,-1.7244444444444444,-1.0533333333333332,-1.1288888888888888,-0.5688888888888889,0.8844444444444445,-0.8622222222222222,-2.151111111111111,-2.111111111111111,0.057777777777777775,-0.18222222222222223,-3.0044444444444443,-1.7377777777777779,-1.2044444444444444,-0.08888888888888889,0.035555555555555556,0.4533333333333333,0.08888888888888889,-2.3955555555555557,0.9377777777777778,1.08,-1.511111111111111,-0.9244444444444444,-0.9155555555555556,-0.5244444444444445,0.7688888888888888,-0.8088888888888889,-2.013333333333333,-1.728888888888889,-0.017777777777777778,-0.15555555555555556,-2.688888888888889,-1.6,-0.9155555555555556,-0.38495575221238937,-1.3849557522123894,-1.1415929203539823,-1.6238938053097345,-1.8053097345132743,-1.0176991150442478,-1.252212389380531,-1.3407079646017699,-1.2964601769911503,-0.42035398230088494,-0.5486725663716814,-1.084070796460177,-0.3008849557522124,-0.7389380530973452,-1.668141592920354,-0.46017699115044247,-0.34513274336283184,-1.907079646017699,-0.6946902654867256,-0.36283185840707965
Q8GFE2,0.18518518518518517,-1.4444444444444444,-0.6666666666666666,-1.3209876543209877,-1.6419753086419753,-0.5185185185185185,-0.8395061728395061,-1.123456790123457,-1.5432098765432098,-0.9876543209876543,-1.2345679012345678,-0.2716049382716049,-1.1111111111111112,-2.037037037037037,-0.4691358024691358,0.4074074074074074,0.8148148148148148,-2.6790123456790123,-1.6419753086419753,-0.2716049382716049,-0.1728395061728395,-1.1604938271604939,-0.08641975308641975,-0.8641975308641975,-1.8271604938271604,-0.18518518518518517,-0.8888888888888888,-1.0864197530864197,-1.2962962962962963,-0.9506172839506173,-1.2098765432098766,-0.06172839506172839,-1.0,-2.0,-0.9135802469135802,0.24691358024691357,0.35802469135802467,-2.5308641975308643,-1.2222222222222223,-0.6049382716049383,-0.5432098765432098,-1.0864197530864197,-0.7901234567901234,-0.8395061728395061,-2.111111111111111,-0.4074074074074074,-0.37037037037037035,-1.2222222222222223,-1.1358024691358024,-1.5432098765432098,-1.5432098765432098,-0.6049382716049383,-0.8395061728395061,-1.2839506172839505,-1.5061728395061729,-0.4074074074074074,-0.8271604938271605,-1.6049382716049383,-0.9382716049382716,-1.1604938271604939,-0.2857142857142857,-0.7261904761904762,-1.0,-1.0476190476190477,-1.8095238095238095,-0.4523809523809524,-0.4523809523809524,-1.6428571428571428,-1.2738095238095237,-1.2857142857142858,-1.2380952380952381,-0.34523809523809523,-0.7261904761904762,-1.5238095238095237,-1.3571428571428572,-0.34523809523809523,-0.4523809523809524,-2.130952380952381,-1.1785714285714286,-0.7380952380952381
P82599,0.5652173913043478,-0.9565217391304348,0.5217391304347826,0.4782608695652174,-2.1739130434782608,-0.30434782608695654,0.34782608695652173,0.9130434782608695,-1.2173913043478262,-2.1739130434782608,-2.391304347826087,0.043478260869565216,-1.7391304347826086,-2.608695652173913,-1.2608695652173914,0.5217391304347826,0.21739130434782608,-2.608695652173913,-2.0,-1.565217391304348,0.08695652173913043,-1.0434782608695652,-0.9565217391304348,-1.434782608695652,-1.1304347826086956,-0.21739130434782608,-0.8260869565217391,0.13043478260869565,-1.173913043478261,-1.6521739130434783,-1.6521739130434783,-0.5652173913043478,-1.2173913043478262,-2.1739130434782608,-1.4782608695652173,-0.21739130434782608,-0.782608695652174,-2.6956521739130435,-1.7391304347826086,-1.2173913043478262,0.2608695652173913,-0.5652173913043478,-0.34782608695652173,-0.2608695652173913,-2.0869565217391304,-0.13043478260869565,-0.13043478260869565,-0.6521739130434783,-1.173913043478261,-0.782608695652174,-0.9130434782608695,0.21739130434782608,-0.8695652173913043,-1.6521739130434783,-1.391304347826087,0.0,-0.5652173913043478,-2.608695652173913,-1.4782608695652173,-0.782608695652174,0.2608695652173913,-1.0,-1.0434782608695652,-0.6086956521739131,-2.217391304347826,-0.5652173913043478,-0.30434782608695654,-0.9565217391304348,-1.7391304347826086,-1.4782608695652173,-1.4782608695652173,-0.08695652173913043,-0.782608695652174,-2.0434782608695654,-0.9130434782608695,-0.43478260869565216,-0.6956521739130435,-2.0869565217391304,-1.826086956521739,-1.0869565217391304
P0A3S3,-0.22058823529411764,-0.7352941176470589,-0.7058823529411765,-1.3676470588235294,-1.75,-0.22058823529411764,-0.6323529411764706,-1.588235294117647,-1.4558823529411764,-1.1029411764705883,-0.75,-0.3088235294117647,-0.36764705882352944,-1.838235294117647,-1.1470588235294117,0.10294117647058823,-0.2647058823529412,-2.4705882352941178,-1.5,-0.7352941176470589,-0.27941176470588236,-0.6323529411764706,0.0,-0.9558823529411765,-1.8970588235294117,-0.5,-0.5147058823529411,-0.9117647058823529,-1.2205882352941178,-1.6323529411764706,-1.5294117647058822,-0.25,-1.0441176470588236,-1.9852941176470589,-1.3676470588235294,0.25,-0.07352941176470588,-2.411764705882353,-1.588235294117647,-1.1029411764705883,-0.35294117647058826,-1.0735294117647058,-0.5441176470588235,-1.1911764705882353,-1.8529411764705883,-0.5441176470588235,-0.8823529411764706,-0.8529411764705882,-0.8676470588235294,-1.6470588235294117,-1.5147058823529411,-0.9117647058823529,-1.0441176470588236,-1.5588235294117647,-1.4705882352941178,-0.20588235294117646,-0.5735294117647058,-1.661764705882353,-0.8970588235294118,-1.2205882352941178,-0.5,-0.5428571428571428,-0.5714285714285714,-1.0142857142857142,-2.0285714285714285,-0.15714285714285714,-0.2857142857142857,-1.6285714285714286,-1.1571428571428573,-1.2,-1.1285714285714286,-0.35714285714285715,-0.7,-1.7571428571428571,-1.457142857142857,-0.21428571428571427,-0.4142857142857143,-2.4714285714285715,-1.2285714285714286,-0.7142857142857143
P28618,-0.8301886792452831,-1.5849056603773586,-1.7358490566037736,-1.6981132075471699,-2.8679245283018866,-1.3584905660377358,-0.7547169811320755,-1.830188679245283,-2.0,-1.1132075471698113,-1.490566037735849,-1.0377358490566038,-1.7169811320754718,-2.2264150943396226,-2.0377358490566038,-1.3396226415094339,-0.8301886792452831,-3.1320754716981134,-2.2264150943396226,-0.9056603773584906,-0.7924528301886793,-1.6226415094339623,-1.528301886792453,-1.2075471698113207,-2.4150943396226414,-1.0943396226415094,-1.0566037735849056,-1.7358490566037736,-2.1320754716981134,-0.9245283018867925,-1.8867924528301887,-1.2830188679245282,-1.528301886792453,-2.7358490566037736,-1.9245283018867925,-1.3018867924528301,-1.2641509433962264,-3.641509433962264,-2.1320754716981134,-1.1132075471698113,-0.4339622641509434,-1.7169811320754718,-1.3396226415094339,-1.8867924528301887,-2.2641509433962264,-1.3584905660377358,-1.4150943396226414,-2.0377358490566038,-1.3396226415094339,-1.5660377358490567,-1.5471698113207548,-1.6226415094339623,-1.3396226415094339,-2.1132075471698113,-2.207547169811321,-1.0754716981132075,-0.9433962264150944,-3.0943396226415096,-1.490566037735849,-1.1132075471698113,-0.25,-1.6428571428571428,-1.7142857142857142,-1.7678571428571428,-2.4642857142857144,-1.0357142857142858,-1.1071428571428572,-1.5714285714285714,-1.3035714285714286,-1.0,-1.1607142857142858,-1.1964285714285714,-1.0535714285714286,-2.267857142857143,-1.5892857142857142,-0.8571428571428571,-0.6607142857142857,-3.3214285714285716,-1.8928571428571428,-0.8928571428571429
P54493,-0.8412698412698413,-0.7222222222222222,-1.0476190476190477,-1.0634920634920635,-2.3968253968253967,-0.35714285714285715,-0.38095238095238093,-1.7857142857142858,-1.0634920634920635,-1.1984126984126984,-1.253968253968254,-0.6190476190476191,-0.6746031746031746,-1.5952380952380953,-1.8253968253968254,-0.753968253968254,-0.6984126984126984,-2.380952380952381,-1.1825396825396826,-1.0,-0.6666666666666666,-1.2619047619047619,-1.2301587301587302,-1.873015873015873,-1.7301587301587302,-0.9761904761904762,-1.3650793650793651,-1.5793650793650793,-1.1746031746031746,-0.5873015873015873,-0.2777777777777778,-1.3015873015873016,-0.35714285714285715,-0.2698412698412698,-1.0952380952380953,-0.3888888888888889,-0.5317460317460317,-0.5079365079365079,-0.5793650793650794,-0.6428571428571429,-0.20634920634920634,-2.134920634920635,-1.8015873015873016,-2.5476190476190474,-1.6904761904761905,-1.7619047619047619,-2.1984126984126986,-0.7857142857142857,-1.8333333333333333,-0.16666666666666666,-0.05555555555555555,-1.9206349206349207,-0.24603174603174602,0.25396825396825395,-1.9047619047619047,-0.5396825396825397,-0.9047619047619048,-0.7936507936507936,-0.6825396825396826,-0.24603174603174602,-0.32558139534883723,-0.6666666666666666,-0.7984496124031008,-0.8992248062015504,-2.147286821705426,0.06976744186046512,0.05426356589147287,-1.6356589147286822,-0.9534883720930233,-1.3255813953488371,-1.2403100775193798,-0.15503875968992248,-0.813953488372093,-1.7674418604651163,-1.302325581395349,-0.21705426356589147,-0.5581395348837209,-2.434108527131783,-1.1317829457364341,-1.0310077519379846
P30195,-0.8536585365853658,-0.8008130081300813,-0.4146341463414634,-0.9146341463414634,-1.9878048780487805,-0.3780487804878049,-0.524390243902439,-1.8739837398373984,-0.8943089430894309,-0.9349593495934959,-0.8373983739837398,-0.37398373983739835,-0.6382113821138211,-1.1219512195121952,-1.6869918699186992,-0.3130081300813008,-0.2967479674796748,-2.073170731707317,-0.6138211382113821,-0.8333333333333334,-0.6300813008130082,-0.8861788617886179,-0.3170731707317073,-0.7439024390243902,-2.0284552845528454,-0.3170731707317073,-0.16260162601626016,-1.532520325203252,-0.8048780487804879,-0.9512195121951219,-0.9390243902439024,-0.3252032520325203,-0.7073170731707317,-1.0691056910569106,-1.5121951219512195,-0.17479674796747968,-0.3780487804878049,-2.182926829268293,-0.7560975609756098,-0.9634146341463414,-0.926829268292683,-0.6463414634146342,-0.532520325203252,-1.0040650406504066,-2.0284552845528454,-0.5203252032520326,-0.44715447154471544,-1.9715447154471544,-0.8658536585365854,-0.7804878048780488,-0.8658536585365854,-0.3780487804878049,-0.5772357723577236,-0.9065040650406504,-1.4227642276422765,-0.45528455284552843,-0.4065040650406504,-1.9146341463414633,-0.6626016260162602,-0.8536585365853658,-0.8991935483870968,-0.7298387096774194,-0.6693548387096774,-0.842741935483871,-2.0080645161290325,-0.4596774193548387,-0.4112903225806452,-1.967741935483871,-0.9717741935483871,-0.7096774193548387,-0.6854838709677419,-0.3588709677419355,-0.5161290322580645,-0.7540322580645161,-1.7096774193548387,-0.5403225806451613,-0.6048387096774194,-2.0,-0.5483870967741935,-0.8346774193548387
P46713,-0.7142857142857143,-0.9166666666666666,-1.0,-1.119047619047619,-2.2857142857142856,-1.0476190476190477,-1.0476190476190477,-1.3452380952380953,-1.130952380952381,-0.9523809523809523,-1.2142857142857142,-0.8214285714285714,-0.9166666666666666,-1.5,-1.9166666666666667,-0.9404761904761905,-0.6666666666666666,-2.5595238095238093,-1.4047619047619047,-0.7380952380952381,-0.4166666666666667,-2.011904761904762,-1.2380952380952381,-1.4880952380952381,-2.2261904761904763,-1.5357142857142858,-1.3928571428571428,-1.5952380952380953,-1.9404761904761905,-1.5,-1.8571428571428572,-1.1904761904761905,-1.8214285714285714,-2.5357142857142856,-2.0238095238095237,-0.8809523809523809,-0.8452380952380952,-3.4523809523809526,-2.130952380952381,-1.0833333333333333,-0.4642857142857143,-1.4880952380952381,-1.2738095238095237,-1.4642857142857142,-2.357142857142857,-1.3333333333333333,-1.4642857142857142,-1.6785714285714286,-1.380952380952381,-1.0476190476190477,-1.2738095238095237,-1.0952380952380953,-0.9642857142857143,-2.1666666666666665,-1.7142857142857142,-0.7380952380952381,-0.17857142857142858,-2.9523809523809526,-2.0476190476190474,-0.5714285714285714,-0.6436781609195402,-1.5747126436781609,-1.2873563218390804,-1.3793103448275863,-2.160919540229885,-1.2873563218390804,-1.1839080459770115,-2.1839080459770117,-1.8045977011494252,-1.4252873563218391,-1.5977011494252873,-1.1954022988505748,-1.2298850574712643,-2.2298850574712645,-2.632183908045977,-0.5747126436781609,-0.7471264367816092,-3.32183908045977,-1.8160919540229885,-0.9655172413793104
Q9L523,-0.2,-0.6758620689655173,-0.5655172413793104,-0.7379310344827587,-2.6206896551724137,-0.1310344827586207,-0.4068965517241379,-1.206896551724138,-0.7862068965517242,-0.05517241379310345,-0.1103448275862069,-0.27586206896551724,-0.006896551724137931,-0.6827586206896552,-1.4827586206896552,0.020689655172413793,-0.034482758620689655,-2.0206896551724136,-0.5793103448275863,-0.25517241379310346,-0.09655172413793103,-0.6,-0.593103448275862,-0.9655172413793104,-2.2551724137931033,-0.2620689655172414,-0.6551724137931034,-0.8758620689655172,-0.9517241379310345,0.12413793103448276,-0.07586206896551724,-0.8413793103448276,0.0,-0.6482758620689655,-1.6413793103448275,-0.21379310344827587,-0.1724137931034483,-1.4482758620689655,-0.8413793103448276,-0.19310344827586207,-0.10344827586206896,-0.013793103448275862,-0.5172413793103449,-0.5448275862068965,-2.3586206896551722,0.4896551724137931,0.006896551724137931,-1.5655172413793104,-0.3793103448275862,-0.5172413793103449,-0.4068965517241379,-0.6413793103448275,-0.027586206896551724,-1.3103448275862069,-1.7241379310344827,-0.3310344827586207,-0.4,-2.317241379310345,-1.2413793103448276,-0.696551724137931,-1.0,-0.8986486486486487,-1.1486486486486487,-1.1418918918918919,-1.8783783783783783,-0.831081081081081,-0.777027027027027,-1.5743243243243243,-0.8445945945945946,-0.722972972972973,-1.0743243243243243,-1.162162162162162,-0.6756756756756757,-1.4256756756756757,-1.8310810810810811,-0.777027027027027,-0.8445945945945946,-2.425675675675676,-1.4594594594594594,-0.7432432432432432
P25051,-0.8,-1.5176470588235293,-1.5647058823529412,-1.7058823529411764,-2.376470588235294,-1.411764705882353,-1.2470588235294118,-1.7529411764705882,-1.8235294117647058,-1.0470588235294118,-1.388235294117647,-1.2,-1.4352941176470588,-1.8705882352941177,-2.070588235294118,-1.0470588235294118,-1.223529411764706,-3.1058823529411765,-1.7176470588235293,-1.0588235294117647,-0.7294117647058823,-2.235294117647059,-2.3058823529411763,-2.388235294117647,-2.7529411764705882,-2.0352941176470587,-1.8,-2.364705882352941,-2.6,-1.388235294117647,-1.6235294117647059,-2.023529411764706,-1.7294117647058824,-2.235294117647059,-2.6823529411764704,-1.8235294117647058,-1.6352941176470588,-3.823529411764706,-2.788235294117647,-1.4705882352941178,-0.7647058823529411,-1.776470588235294,-2.0941176470588236,-1.3058823529411765,-2.623529411764706,-1.576470588235294,-0.8941176470588236,-1.4823529411764707,-1.7294117647058824,-1.5058823529411764,-2.164705882352941,-1.5294117647058822,-2.176470588235294,-2.2470588235294118,-2.2823529411764705,-1.1058823529411765,-1.611764705882353,-3.7294117647058824,-1.7647058823529411,-1.2470588235294118,-0.9204545454545454,-2.5454545454545454,-2.5795454545454546,-2.7386363636363638,-3.2045454545454546,-1.875,-1.9772727272727273,-3.090909090909091,-2.75,-1.4659090909090908,-1.625,-2.3068181818181817,-1.3522727272727273,-2.5795454545454546,-3.2954545454545454,-1.6590909090909092,-1.5568181818181819,-4.125,-2.875,-1.5
P29422,-0.384,-1.056,-1.24,-1.408,-2.688,-0.952,-1.048,-1.512,-1.352,-1.744,-1.776,-1.072,-1.544,-1.824,-1.736,-0.688,-0.432,-2.888,-1.68,-1.232,-0.848,-1.28,-0.824,-1.368,-2.784,-0.944,-1.264,-1.864,-1.032,-1.784,-1.576,-1.28,-1.208,-1.256,-1.736,-0.784,-0.936,-2.064,-1.336,-1.496,-0.904,-1.44,-1.024,-1.24,-2.712,-0.864,-1.032,-2.056,-1.176,-1.592,-1.648,-1.272,-1.408,-1.656,-1.216,-1.056,-0.904,-2.784,-1.512,-1.336,-0.1796875,-0.3046875,-0.421875,-0.5625,-2.265625,0.0078125,-0.1015625,-1.2578125,-0.546875,-1.46875,-1.5703125,-0.2890625,-1.1875,-1.4609375,-0.765625,-0.421875,-0.7578125,-1.9609375,-0.890625,-1.0234375
P60158,0.3103448275862069,-1.4655172413793103,-0.6379310344827587,-0.896551724137931,-2.086206896551724,-0.2413793103448276,-0.6896551724137931,-1.0,-0.8620689655172413,-1.603448275862069,-1.4827586206896552,-0.8448275862068966,-0.9655172413793104,-2.396551724137931,-1.5862068965517242,-0.08620689655172414,-0.3275862068965517,-2.810344827586207,-1.793103448275862,-1.1896551724137931,0.034482758620689655,-1.206896551724138,0.4482758620689655,-0.3620689655172414,-2.0344827586206895,0.3448275862068966,-0.3448275862068966,-0.9310344827586207,-0.6724137931034483,-1.7758620689655173,-1.9655172413793103,-0.9655172413793104,-1.396551724137931,-1.4655172413793103,-1.396551724137931,0.41379310344827586,0.3275862068965517,-1.7413793103448276,-0.5517241379310345,-1.3275862068965518,0.8275862068965517,-0.6724137931034483,0.46551724137931033,-0.603448275862069,-1.793103448275862,1.1551724137931034,0.5689655172413793,-0.6724137931034483,-1.0,-1.5517241379310345,-1.8793103448275863,-0.22413793103448276,-1.1551724137931034,-2.310344827586207,-0.1896551724137931,1.3620689655172413,1.0344827586206897,-2.5517241379310347,-1.5344827586206897,-0.6551724137931034,0.3050847457627119,-1.271186440677966,-0.7288135593220338,-1.2372881355932204,-2.23728813559322,-0.1694915254237288,-0.9661016949152542,-0.559322033898305,-1.0508474576271187,-1.8305084745762712,-1.8305084745762712,-0.7966101694915254,-1.1864406779661016,-2.1016949152542375,-1.4915254237288136,-0.11864406779661017,-0.6271186440677966,-1.7627118644067796,-1.4745762711864407,-1.4406779661016949
Q8G4D8,-0.8495934959349594,-0.9552845528455285,-1.1341463414634145,-1.1544715447154472,-2.4552845528455283,-0.8170731707317073,-0.8170731707317073,-1.6829268292682926,-1.0975609756097562,-1.3658536585365855,-1.4878048780487805,-0.6747967479674797,-0.991869918699187,-1.3983739837398375,-1.3008130081300813,-1.0731707317073171,-0.8170731707317073,-1.491869918699187,-0.9471544715447154,-1.4796747967479675,-0.7032520325203252,-1.7357723577235773,-1.3414634146341464,-0.9186991869918699,-2.4430894308943087,-1.3699186991869918,-0.6788617886178862,-1.6544715447154472,-1.5975609756097562,-1.1260162601626016,-1.3211382113821137,-1.065040650406504,-1.4268292682926829,-1.5528455284552845,-1.7804878048780488,-1.2357723577235773,-0.8536585365853658,-2.3658536585365852,-1.4390243902439024,-0.8455284552845529,-1.3089430894308942,-1.443089430894309,-1.5121951219512195,-1.3495934959349594,-2.5569105691056913,-1.4796747967479675,-1.08130081300813,-1.9552845528455285,-1.3943089430894309,-1.4308943089430894,-1.6504065040650406,-1.1910569105691058,-1.5609756097560976,-1.6585365853658536,-1.8008130081300813,-1.3821138211382114,-1.1626016260162602,-1.5934959349593496,-1.6991869918699187,-1.3902439024390243,-0.6546184738955824,-1.5582329317269077,-1.6224899598393574,-1.6465863453815262,-3.3413654618473894,-1.5502008032128514,-1.1325301204819278,-2.7710843373493974,-2.289156626506024,-1.1526104417670682,-1.4417670682730923,-1.2329317269076305,-1.3855421686746987,-2.072289156626506,-2.7309236947791167,-1.4779116465863453,-1.2730923694779117,-3.2409638554216866,-1.9718875502008033,-1.0
Q0TV31,-0.494949494949495,-0.9393939393939394,-0.45454545454545453,-0.8383838383838383,-1.9191919191919191,-0.40404040404040403,-0.5757575757575758,-1.3737373737373737,-0.7777777777777778,-1.1414141414141414,-1.101010101010101,-0.32323232323232326,-0.6868686868686869,-1.1919191919191918,-1.6161616161616161,-0.35353535353535354,-0.3838383838383838,-1.898989898989899,-0.8282828282828283,-1.0303030303030303,-0.47474747474747475,-0.9292929292929293,-0.25252525252525254,-0.8181818181818182,-2.1818181818181817,-0.5151515151515151,-0.5151515151515151,-1.2727272727272727,-0.5959595959595959,-1.6262626262626263,-1.5252525252525253,-0.3838383838383838,-1.1313131313131313,-1.0909090909090908,-1.3535353535353536,-0.1919191919191919,-0.21212121212121213,-1.8282828282828283,-0.43434343434343436,-1.393939393939394,-0.26262626262626265,-0.8484848484848485,-0.1111111111111111,-0.5050505050505051,-1.8686868686868687,-0.43434343434343436,-0.41414141414141414,-1.1919191919191918,-0.8080808080808081,-1.2121212121212122,-1.4242424242424243,-0.15151515151515152,-0.898989898989899,-1.4141414141414141,-1.6464646464646464,0.030303030303030304,-0.10101010101010101,-1.606060606060606,-0.6363636363636364,-0.8484848484848485,-0.8910891089108911,-0.900990099009901,-0.2376237623762376,-0.504950495049505,-2.3564356435643563,-0.5148514851485149,-0.44554455445544555,-1.504950495049505,-1.0,-1.3267326732673268,-1.5742574257425743,-0.2376237623762376,-1.1287128712871286,-1.3762376237623761,-1.7623762376237624,-0.5445544554455446,-0.42574257425742573,-1.8712871287128714,-0.7425742574257426,-1.198019801980198
Q05044,0.2672413793103448,-0.7327586206896551,-0.8103448275862069,-1.4741379310344827,-1.4655172413793103,-0.6896551724137931,-0.9051724137931034,-1.0603448275862069,-1.3793103448275863,-1.1896551724137931,-1.0603448275862069,-0.4827586206896552,-0.6896551724137931,-1.5172413793103448,-1.5344827586206897,0.19827586206896552,-0.05172413793103448,-2.0948275862068964,-1.1379310344827587,-0.6293103448275862,-0.1206896551724138,-1.0344827586206897,-0.7327586206896551,-1.2327586206896552,-1.646551724137931,-0.7758620689655172,-0.9310344827586207,-0.8189655172413793,-1.3103448275862069,-1.4655172413793103,-1.4137931034482758,-0.75,-1.0086206896551724,-1.4482758620689655,-1.543103448275862,0.05172413793103448,-0.02586206896551724,-1.8103448275862069,-1.0603448275862069,-0.9224137931034483,0.07758620689655173,-1.0086206896551724,-0.29310344827586204,-0.7758620689655172,-1.5689655172413792,-0.6637931034482759,-0.7327586206896551,-0.9827586206896551,-1.4224137931034482,-1.3017241379310345,-1.4396551724137931,-0.6896551724137931,-1.0344827586206897,-1.9396551724137931,-1.2672413793103448,0.33620689655172414,0.3448275862068966,-2.3879310344827585,-1.5689655172413792,-0.7068965517241379,0.008547008547008548,-1.1367521367521367,-0.4188034188034188,-1.0085470085470085,-1.5128205128205128,-0.7692307692307693,-0.8888888888888888,-0.9316239316239316,-1.3333333333333333,-1.2991452991452992,-1.264957264957265,-0.8803418803418803,-0.9487179487179487,-1.5384615384615385,-1.606837606837607,0.27350427350427353,0.3418803418803419,-2.034188034188034,-1.2478632478632479,-0.7948717948717948
Q9KWG2,-0.7,-1.1777777777777778,-1.1777777777777778,-1.4444444444444444,-2.3666666666666667,-1.0222222222222221,-0.9888888888888889,-1.9444444444444444,-1.3555555555555556,-1.2333333333333334,-1.3888888888888888,-1.1666666666666667,-1.1222222222222222,-1.8888888888888888,-2.033333333333333,-0.8333333333333334,-0.8111111111111111,-2.8666666666666667,-1.7555555555555555,-1.4555555555555555,-0.34444444444444444,-1.1444444444444444,-1.3,-1.1888888888888889,-2.811111111111111,-0.7888888888888889,-0.7222222222222222,-1.5444444444444445,-1.3888888888888888,-0.9666666666666667,-1.0777777777777777,-0.9777777777777777,-1.011111111111111,-1.711111111111111,-1.9222222222222223,-0.7777777777777778,-0.9555555555555556,-2.488888888888889,-1.3888888888888888,-0.7777777777777778,-0.06666666666666667,-1.511111111111111,-1.711111111111111,-1.5555555555555556,-2.1666666666666665,-1.3,-1.5222222222222221,-0.7666666666666667,-2.1444444444444444,-0.8333333333333334,-1.5,-1.3777777777777778,-1.2777777777777777,-2.088888888888889,-2.0555555555555554,-0.8666666666666667,-0.9222222222222223,-2.7666666666666666,-2.111111111111111,-0.5444444444444444,-0.21505376344086022,-0.6559139784946236,-1.3978494623655915,-1.5053763440860215,-2.139784946236559,-0.8279569892473119,-0.9032258064516129,-1.3333333333333333,-1.4193548387096775,-1.2365591397849462,-0.8387096774193549,-0.8494623655913979,-0.7311827956989247,-1.7419354838709677,-2.247311827956989,-0.5376344086021505,-0.5483870967741935,-2.7096774193548385,-1.5698924731182795,-1.043010752688172
Q45066,-0.7562189054726368,-1.3532338308457712,-0.835820895522388,-1.3383084577114428,-2.442786069651741,-1.0149253731343284,-1.1144278606965174,-1.7860696517412935,-1.4179104477611941,-1.3980099502487562,-1.3930348258706469,-1.154228855721393,-0.9203980099502488,-1.845771144278607,-1.6318407960199004,-0.7263681592039801,-0.9651741293532339,-2.7313432835820897,-1.4228855721393034,-1.2039800995024876,-0.9701492537313433,-0.5422885572139303,-0.9502487562189055,-1.1144278606965174,-2.6218905472636815,-0.6915422885572139,-0.38308457711442784,-2.009950248756219,-1.243781094527363,-0.5920398009950248,-0.9651741293532339,-0.2835820895522388,-1.0099502487562189,-1.5870646766169154,-1.9651741293532339,-0.8557213930348259,-0.6467661691542289,-2.691542288557214,-1.228855721393035,-0.8109452736318408,-0.7761194029850746,-0.746268656716418,-0.9402985074626866,-0.7810945273631841,-2.736318407960199,-0.43283582089552236,-0.12935323383084577,-1.9253731343283582,-1.5572139303482586,-0.9552238805970149,-0.9950248756218906,-0.22388059701492538,-1.1940298507462686,-1.800995024875622,-1.9253731343283582,-0.6318407960199005,-0.6019900497512438,-2.91044776119403,-1.6417910447761195,-1.0149253731343284,-0.4482758620689655,-0.7389162561576355,-0.8325123152709359,-1.0738916256157636,-2.206896551724138,-0.7487684729064039,-0.7980295566502463,-1.1330049261083743,-1.7536945812807883,-0.8226600985221675,-1.1477832512315271,-0.458128078817734,-0.8423645320197044,-1.7586206896551724,-1.7044334975369457,-0.41379310344827586,-0.45320197044334976,-3.0049261083743843,-1.8472906403940887,-0.5812807881773399
Q9CD58,-0.6377551020408163,-0.5459183673469388,-0.6836734693877551,-0.9183673469387755,-2.770408163265306,-0.42857142857142855,-0.46938775510204084,-1.2346938775510203,-1.4948979591836735,-0.3520408163265306,-0.4846938775510204,-0.2857142857142857,-0.45408163265306123,-0.6326530612244898,-1.1683673469387754,-0.42346938775510207,-0.47959183673469385,-1.4387755102040816,-0.8622448979591837,-0.42346938775510207,-1.0255102040816326,-1.3265306122448979,-1.6173469387755102,-1.8877551020408163,-2.556122448979592,-1.6581632653061225,-1.3928571428571428,-2.13265306122449,-1.989795918367347,-1.0918367346938775,-1.1071428571428572,-1.260204081632653,-1.2295918367346939,-2.107142857142857,-2.4030612244897958,-1.096938775510204,-1.1734693877551021,-3.7448979591836733,-2.173469387755102,-1.2704081632653061,-0.7959183673469388,-0.923469387755102,-1.469387755102041,-1.5408163265306123,-2.86734693877551,-0.8520408163265306,-0.7653061224489796,-2.1122448979591835,-1.4438775510204083,-1.2142857142857142,-1.0714285714285714,-0.9030612244897959,-0.7806122448979592,-1.933673469387755,-2.423469387755102,-0.8520408163265306,-0.9540816326530612,-2.7857142857142856,-1.586734693877551,-1.2040816326530612,0.1708542713567839,-0.8944723618090452,-0.7688442211055276,-0.7135678391959799,-2.592964824120603,0.4271356783919598,0.10552763819095477,0.1457286432160804,-0.6884422110552764,-2.0251256281407035,-2.1557788944723617,-0.21105527638190955,-1.6884422110552764,-2.492462311557789,2.507537688442211,-0.005025125628140704,-0.5226130653266332,-2.522613065326633,-1.6633165829145728,-1.236180904522613
P0C1U8,0.21428571428571427,-0.6666666666666666,-0.03571428571428571,-0.7976190476190477,-1.6428571428571428,-0.05952380952380952,-0.2976190476190476,-1.0357142857142858,-1.0476190476190477,-0.9642857142857143,-0.9285714285714286,-0.08333333333333333,-0.7023809523809523,-1.25,-0.5833333333333334,0.4523809523809524,0.44047619047619047,-2.5476190476190474,-1.2261904761904763,-0.4642857142857143,-0.23809523809523808,-1.0,-0.5833333333333334,-0.8690476190476191,-2.0357142857142856,-0.8809523809523809,-0.9642857142857143,-0.6071428571428571,-1.0476190476190477,-0.7857142857142857,-1.2261904761904763,-0.6309523809523809,-1.2023809523809523,-1.4166666666666667,-1.2857142857142858,-0.25,-0.2261904761904762,-2.130952380952381,-1.0595238095238095,-0.4880952380952381,-0.2619047619047619,-1.3214285714285714,-0.32142857142857145,-0.8214285714285714,-2.119047619047619,-0.8333333333333334,-0.9642857142857143,-0.38095238095238093,-1.4285714285714286,-0.9166666666666666,-1.2380952380952381,-0.8452380952380952,-1.2976190476190477,-1.5357142857142858,-1.1904761904761905,0.047619047619047616,-0.05952380952380952,-2.25,-1.1428571428571428,-0.7023809523809523,-0.5714285714285714,-0.8928571428571429,0.7261904761904762,0.34523809523809523,-2.5238095238095237,-0.16666666666666666,0.0,-0.8214285714285714,-0.9404761904761905,-1.7857142857142858,-2.142857142857143,-0.14285714285714285,-1.6785714285714286,-2.2023809523809526,0.25,0.16666666666666666,-0.19047619047619047,-2.7023809523809526,-1.6428571428571428,-1.5952380952380953
Q5FIJ4,-1.3617021276595744,-1.5106382978723405,-1.1914893617021276,-2.4893617021276597,-3.4893617021276597,-1.574468085106383,-2.148936170212766,-2.127659574468085,-2.404255319148936,-1.5106382978723405,-2.148936170212766,-0.6382978723404256,-1.148936170212766,-2.4893617021276597,-3.148936170212766,-1.2553191489361701,-1.0638297872340425,-4.319148936170213,-2.723404255319149,-1.1702127659574468,-1.7872340425531914,-2.021276595744681,-1.3191489361702127,-0.9361702127659575,-3.6382978723404253,-1.2340425531914894,-0.8085106382978723,-3.1702127659574466,-1.9787234042553192,-1.6808510638297873,-2.106382978723404,-1.3829787234042554,-1.0,-1.872340425531915,-2.7872340425531914,-1.127659574468085,-0.7021276595744681,-3.765957446808511,-1.4680851063829787,-1.1063829787234043,-1.0851063829787233,-2.595744680851064,-1.872340425531915,-1.3617021276595744,-3.4893617021276597,-1.3829787234042554,-0.46808510638297873,-2.6808510638297873,-2.6808510638297873,-0.6808510638297872,-1.4680851063829787,-1.5319148936170213,-1.2340425531914894,-2.382978723404255,-2.0851063829787235,-1.6595744680851063,-0.8936170212765957,-3.4468085106382977,-2.3191489361702127,-0.3191489361702128,-1.6,-1.92,-1.82,-2.18,-4.14,-1.9,-1.7,-2.42,-3.36,-2.1,-2.98,-1.12,-2.48,-3.86,-3.1,-1.32,-0.82,-4.82,-3.18,-1.64
Q45070,-0.23809523809523808,-1.1523809523809523,-0.7333333333333333,-1.1333333333333333,-1.8,-0.5619047619047619,-0.9333333333333333,-1.0857142857142856,-1.2095238095238094,-0.8095238095238095,-0.6761904761904762,-0.6190476190476191,-0.11428571428571428,-1.2190476190476192,-1.3047619047619048,-0.2,-0.12380952380952381,-2.1523809523809523,-1.0952380952380953,-0.6952380952380952,-0.5142857142857142,-1.0095238095238095,-0.5714285714285714,-1.0285714285714285,-2.3714285714285714,-0.5523809523809524,-0.9904761904761905,-1.1904761904761905,-0.9523809523809523,-1.2380952380952381,-1.0380952380952382,-0.6857142857142857,-0.8857142857142857,-1.0952380952380953,-1.4095238095238096,-0.5047619047619047,-0.42857142857142855,-1.2285714285714286,-0.6095238095238096,-1.2666666666666666,-0.11428571428571428,-1.2571428571428571,-0.3619047619047619,-0.6190476190476191,-1.838095238095238,-0.5523809523809524,-0.7619047619047619,-0.6,-0.5428571428571428,-1.1238095238095238,-1.0952380952380953,-0.9238095238095239,-0.8285714285714286,-1.0952380952380953,-1.0380952380952382,-0.11428571428571428,-0.12380952380952381,-0.5047619047619047,-0.4,-0.8095238095238095,-0.3177570093457944,-0.8691588785046729,-0.4205607476635514,-1.1775700934579438,-1.97196261682243,-0.5981308411214953,-0.9532710280373832,-1.0093457943925233,-0.6635514018691588,-0.9065420560747663,-0.9719626168224299,-0.7383177570093458,-0.7383177570093458,-1.1869158878504673,-1.2616822429906542,0.037383177570093455,-0.009345794392523364,-1.8691588785046729,-0.8411214953271028,-0.5700934579439252
P35155,-0.4897959183673469,-1.510204081632653,-1.3877551020408163,-1.3265306122448979,-2.36734693877551,-0.5714285714285714,-0.3877551020408163,-2.0408163265306123,-1.8571428571428572,-0.5714285714285714,-0.30612244897959184,-0.7346938775510204,-0.2653061224489796,-1.8571428571428572,-2.0408163265306123,-0.8163265306122449,-0.673469387755102,-3.020408163265306,-1.6938775510204083,-0.8163265306122449,-0.7142857142857143,-0.9591836734693877,-1.1428571428571428,-1.6938775510204083,-2.4489795918367347,-0.5918367346938775,-0.7755102040816326,-2.142857142857143,-1.3061224489795917,-1.346938775510204,-1.2040816326530612,-0.3673469387755102,-1.3061224489795917,-2.0,-2.1020408163265305,-0.46938775510204084,-0.7959183673469388,-2.877551020408163,-1.346938775510204,-1.2448979591836735,-1.1020408163265305,-1.2857142857142858,-1.9591836734693877,-2.0,-3.020408163265306,-1.183673469387755,-1.4489795918367347,-2.510204081632653,-2.2244897959183674,-1.0816326530612246,-1.7755102040816326,-0.9795918367346939,-1.836734693877551,-3.142857142857143,-2.326530612244898,-1.3673469387755102,-1.3265306122448979,-3.836734693877551,-2.7755102040816326,-1.1224489795918366,-1.3,-1.54,-0.84,-0.32,-3.1,-0.64,0.28,-2.1,-1.5,-1.7,-1.18,-0.88,-1.44,-1.22,-1.94,-0.8,-0.8,-2.82,-1.32,-1.7
P11959,-0.4017094017094017,-0.8974358974358975,-1.0598290598290598,-1.0341880341880343,-1.547008547008547,-0.7863247863247863,-0.905982905982906,-1.0683760683760684,-0.5897435897435898,-0.5897435897435898,-1.0341880341880343,-0.8974358974358975,-0.6239316239316239,-0.8803418803418803,-1.5128205128205128,-0.8717948717948718,-0.6153846153846154,-1.7692307692307692,-0.7350427350427351,-0.6239316239316239,-0.21367521367521367,-1.0341880341880343,-0.9401709401709402,-0.9145299145299145,-1.7435897435897436,-1.0427350427350428,-0.5213675213675214,-1.0598290598290598,-0.6923076923076923,-0.7777777777777778,-1.0512820512820513,-0.7094017094017094,-0.9401709401709402,-0.9829059829059829,-1.5042735042735043,-0.6495726495726496,-0.6068376068376068,-2.1367521367521367,-1.1538461538461537,-0.4188034188034188,-0.3162393162393162,-1.2820512820512822,-0.7777777777777778,-1.170940170940171,-1.9914529914529915,-0.9401709401709402,-0.8376068376068376,-0.9401709401709402,-0.8888888888888888,-0.9572649572649573,-1.3846153846153846,-1.0,-1.1538461538461537,-1.5811965811965811,-1.9230769230769231,-0.8461538461538461,-0.7264957264957265,-2.6495726495726495,-1.5811965811965811,-0.48717948717948717,-0.23529411764705882,-1.504201680672269,-1.2941176470588236,-1.5294117647058822,-2.0840336134453783,-1.2100840336134453,-0.9831932773109243,-1.495798319327731,-1.1932773109243697,-1.084033613445378,-1.0924369747899159,-0.9831932773109243,-0.6218487394957983,-1.3949579831932772,-1.7226890756302522,-0.8235294117647058,-0.6974789915966386,-2.8487394957983194,-1.1764705882352942,-0.773109243697479
P54104,-0.27927927927927926,-1.90990990990991,-1.7387387387387387,-2.2072072072072073,-2.045045045045045,-1.6036036036036037,-1.8468468468468469,-1.0810810810810811,-1.8198198198198199,-0.5045045045045045,-0.4774774774774775,-1.4684684684684686,-0.4954954954954955,-0.8468468468468469,-1.7477477477477477,-0.6576576576576577,-0.44144144144144143,-2.171171171171171,-1.2252252252252251,-0.5585585585585585,-0.15315315315315314,-1.7387387387387387,-1.3963963963963963,-2.009009009009009,-1.864864864864865,-1.3063063063063063,-1.6936936936936937,-1.2972972972972974,-1.7747747747747749,-0.25225225225225223,-0.25225225225225223,-1.3693693693693694,-0.2882882882882883,-0.7027027027027027,-1.6126126126126126,-0.5135135135135135,-0.38738738738738737,-2.0,-1.027027027027027,-0.26126126126126126,0.10810810810810811,-1.7207207207207207,-1.5585585585585586,-2.1621621621621623,-1.4864864864864864,-1.3063063063063063,-1.6936936936936937,-1.0990990990990992,-1.7117117117117118,-0.23423423423423423,-0.36936936936936937,-1.2702702702702702,-0.36036036036036034,-0.7477477477477478,-2.171171171171171,-0.36036036036036034,-0.15315315315315314,-2.135135135135135,-0.8468468468468469,-0.11711711711711711,-0.22123893805309736,-1.584070796460177,-1.6371681415929205,-2.0265486725663715,-1.5575221238938053,-1.2831858407079646,-1.654867256637168,-1.654867256637168,-1.9646017699115044,0.17699115044247787,0.017699115044247787,-1.247787610619469,-0.02654867256637168,-0.6194690265486725,-1.3982300884955752,-0.5575221238938053,-0.40707964601769914,-1.6725663716814159,-1.1504424778761062,0.10619469026548672
P27580,0.09,-0.3,-0.72,-0.77,-1.99,-0.18,-0.17,-1.2,-1.05,-1.39,-1.17,-0.47,-0.87,-1.89,-0.8,-0.05,-0.25,-2.49,-1.6,-0.96,0.02,-0.28,-0.7,-0.66,-1.8,-0.16,-0.14,-1.18,-0.93,-0.57,-0.23,-0.48,0.02,-1.44,-0.83,-0.12,-0.19,-2.11,-1.18,-0.39,-0.1,-0.79,-1.26,-1.04,-1.95,-0.86,-0.58,-1.52,-1.36,-0.97,-0.91,-1.04,-0.69,-1.45,-1.74,-0.67,-0.47,-2.99,-1.52,-0.56,-0.3883495145631068,-0.912621359223301,-1.4271844660194175,-1.3592233009708738,-2.0194174757281553,-1.0485436893203883,-0.883495145631068,-1.0388349514563107,-1.2135922330097086,-1.1941747572815533,-1.058252427184466,-1.3592233009708738,-0.6990291262135923,-2.0,-1.5048543689320388,-0.8932038834951457,-0.5145631067961165,-2.7864077669902914,-1.8446601941747574,-0.5825242718446602
P50002,-0.8620689655172413,-1.2758620689655173,-1.3620689655172413,-1.5,-2.6982758620689653,-1.1982758620689655,-1.0086206896551724,-1.2672413793103448,-2.043103448275862,-0.9482758620689655,-1.3793103448275863,-1.2327586206896552,-1.0517241379310345,-2.4741379310344827,-1.8017241379310345,-0.9655172413793104,-0.7586206896551724,-3.5948275862068964,-2.3017241379310347,-0.5689655172413793,-0.7155172413793104,-1.853448275862069,-1.706896551724138,-2.1379310344827585,-2.8620689655172415,-1.4741379310344827,-1.456896551724138,-1.5775862068965518,-2.3017241379310347,-1.396551724137931,-1.5775862068965518,-1.543103448275862,-1.0086206896551724,-2.1120689655172415,-2.2241379310344827,-1.0344827586206897,-0.9913793103448276,-3.4482758620689653,-2.2758620689655173,-1.2155172413793103,-0.9310344827586207,-1.7758620689655173,-1.896551724137931,-1.8189655172413792,-3.0775862068965516,-1.3879310344827587,-1.6379310344827587,-2.206896551724138,-2.1293103448275863,-1.6120689655172413,-1.6293103448275863,-1.793103448275862,-1.3103448275862069,-2.3017241379310347,-2.103448275862069,-0.8793103448275862,-0.7327586206896551,-3.5948275862068964,-1.9051724137931034,-1.396551724137931,-0.7203389830508474,-1.0847457627118644,-1.6016949152542372,-1.38135593220339,-2.9322033898305087,-0.711864406779661,-0.5932203389830508,-2.0338983050847457,-1.8389830508474576,-1.4576271186440677,-1.423728813559322,-0.847457627118644,-1.1271186440677967,-2.059322033898305,-2.457627118644068,-1.0254237288135593,-1.2033898305084745,-3.2033898305084745,-1.5932203389830508,-1.3220338983050848
P31141,-0.02040816326530612,-3.1530612244897958,-2.6530612244897958,-3.7244897959183674,-1.8061224489795917,-2.4591836734693877,-3.326530612244898,-1.183673469387755,-3.122448979591837,0.10204081632653061,0.23469387755102042,-3.142857142857143,0.25510204081632654,0.2755102040816326,-2.6122448979591835,-0.5306122448979592,-0.5,-1.4795918367346939,-1.346938775510204,-0.04081632653061224,0.3163265306122449,-2.295918367346939,-2.2653061224489797,-3.2653061224489797,-1.7959183673469388,-2.020408163265306,-2.7346938775510203,-0.5408163265306123,-2.4285714285714284,-0.09183673469387756,-0.061224489795918366,-2.5,-0.1326530612244898,-0.1326530612244898,-1.316326530612245,-0.47959183673469385,-0.6326530612244898,-1.1020408163265305,-1.4591836734693877,-0.12244897959183673,0.030612244897959183,-2.142857142857143,-1.989795918367347,-3.1122448979591835,-1.6734693877551021,-1.8061224489795917,-2.8979591836734695,-0.3979591836734694,-2.204081632653061,0.6326530612244898,0.7244897959183674,-2.295918367346939,0.7857142857142857,0.9693877551020408,-1.510204081632653,-0.3979591836734694,-0.3469387755102041,-0.37755102040816324,-0.4489795918367347,0.29591836734693877,0.7653061224489796,-2.357142857142857,-1.9489795918367347,-3.0714285714285716,-1.653061224489796,-1.8061224489795917,-2.693877551020408,-0.01020408163265306,-2.357142857142857,0.29591836734693877,0.15306122448979592,-2.5408163265306123,0.2755102040816326,0.29591836734693877,-1.5816326530612246,-0.08163265306122448,-0.20408163265306123,-1.6020408163265305,-0.6122448979591837,0.10204081632653061
P0A4L0,-0.4084507042253521,-0.6338028169014085,-0.09154929577464789,-0.5492957746478874,-2.112676056338028,-0.176056338028169,0.0,-1.4225352112676057,-1.091549295774648,-1.4647887323943662,-1.5704225352112675,0.028169014084507043,-0.9295774647887324,-1.971830985915493,-0.9929577464788732,0.13380281690140844,0.04225352112676056,-2.6971830985915495,-1.528169014084507,-1.0985915492957747,-0.352112676056338,-0.9929577464788732,-0.13380281690140844,-0.7464788732394366,-2.0422535211267605,-0.5,-0.6408450704225352,-1.4577464788732395,-1.1901408450704225,-1.1690140845070423,-1.352112676056338,-0.5070422535211268,-0.852112676056338,-1.7746478873239437,-1.3943661971830985,-0.02112676056338028,-0.11267605633802817,-2.6056338028169015,-1.323943661971831,-0.823943661971831,-0.3591549295774648,-0.9788732394366197,-0.36619718309859156,-0.8943661971830986,-2.1549295774647885,-0.5070422535211268,-0.528169014084507,-1.4225352112676057,-1.2112676056338028,-1.1690140845070423,-1.380281690140845,-0.3732394366197183,-0.9507042253521126,-1.5985915492957747,-1.5492957746478873,-0.06338028169014084,-0.18309859154929578,-2.584507042253521,-1.232394366197183,-0.8028169014084507,-0.6482758620689655,-0.993103448275862,-0.6137931034482759,-1.1172413793103448,-2.110344827586207,-0.7379310344827587,-0.7379310344827587,-1.5379310344827586,-1.0827586206896551,-1.4068965517241379,-1.5034482758620689,-0.6206896551724138,-1.1379310344827587,-1.5172413793103448,-1.5379310344827586,-0.25517241379310346,-0.1724137931034483,-1.9517241379310344,-0.8137931034482758,-1.0689655172413792
Q02113,-0.19318181818181818,-1.0340909090909092,-0.6079545454545454,-1.0284090909090908,-1.6534090909090908,-0.7102272727272727,-0.75,-1.3806818181818181,-1.3636363636363635,-0.7215909090909091,-0.8295454545454546,-0.6363636363636364,-0.6022727272727273,-1.4659090909090908,-1.4488636363636365,-0.08522727272727272,-0.10227272727272728,-2.4318181818181817,-1.2215909090909092,-0.5454545454545454,-0.11363636363636363,-1.0340909090909092,-0.5625,-1.0738636363636365,-1.7045454545454546,-0.5852272727272727,-0.7443181818181818,-1.2045454545454546,-1.2215909090909092,-0.8125,-1.0227272727272727,-0.48863636363636365,-0.6079545454545454,-1.3409090909090908,-1.1818181818181819,0.005681818181818182,0.028409090909090908,-2.227272727272727,-0.9715909090909091,-0.5568181818181818,-0.20454545454545456,-0.8579545454545454,-0.375,-1.0227272727272727,-1.9147727272727273,-0.4943181818181818,-0.5170454545454546,-1.1988636363636365,-1.0397727272727273,-1.0625,-1.1818181818181819,-0.3181818181818182,-0.8068181818181818,-1.3409090909090908,-1.1079545454545454,0.0,-0.0625,-2.090909090909091,-0.8977272727272727,-0.6988636363636364,-0.1694915254237288,-0.6045197740112994,-0.3672316384180791,-0.632768361581921,-1.6101694915254237,-0.192090395480226,-0.384180790960452,-0.6497175141242938,-0.8700564971751412,-0.9548022598870056,-1.0508474576271187,-0.14689265536723164,-0.6836158192090396,-1.1638418079096045,-0.8983050847457628,0.1864406779661017,0.15254237288135594,-1.4519774011299436,-0.6949152542372882,-0.7175141242937854
Q5FKI4,-1.4640522875816993,-1.1633986928104576,-1.8431372549019607,-1.9934640522875817,-3.3986928104575163,-1.4248366013071896,-1.4509803921568627,-2.869281045751634,-1.973856209150327,-1.5555555555555556,-1.7254901960784315,-1.1830065359477124,-1.607843137254902,-2.522875816993464,-2.9869281045751634,-1.607843137254902,-1.2875816993464053,-3.8300653594771243,-2.4379084967320264,-1.4640522875816993,-1.8954248366013071,-2.2483660130718954,-2.4052287581699345,-2.4313725490196076,-3.9411764705882355,-1.9411764705882353,-1.673202614379085,-3.320261437908497,-2.3790849673202614,-2.065359477124183,-2.189542483660131,-2.2091503267973858,-1.65359477124183,-2.1699346405228757,-3.0392156862745097,-2.2287581699346406,-1.7124183006535947,-3.9019607843137254,-2.3137254901960786,-2.1372549019607843,-0.5620915032679739,-1.4901960784313726,-1.1895424836601307,-1.2418300653594772,-2.627450980392157,-1.1241830065359477,-0.6862745098039216,-1.542483660130719,-1.7254901960784315,-1.1568627450980393,-1.326797385620915,-0.673202614379085,-1.392156862745098,-1.2679738562091503,-1.7843137254901962,-1.1830065359477124,-1.1372549019607843,-2.718954248366013,-1.7254901960784315,-1.3006535947712419,-0.7935483870967742,-1.5290322580645161,-1.5161290322580645,-1.3870967741935485,-3.193548387096774,-1.1806451612903226,-0.7483870967741936,-2.1225806451612903,-2.0451612903225804,-1.9870967741935484,-1.793548387096774,-1.238709677419355,-1.3096774193548386,-2.445161290322581,-2.2,-1.2129032258064516,-1.3870967741935485,-3.6258064516129034,-2.4,-1.9548387096774194
O32242,-0.5454545454545454,-0.8636363636363636,-1.8636363636363635,-2.0454545454545454,-1.9090909090909092,-1.0454545454545454,-1.4545454545454546,-2.6818181818181817,-2.0,-0.7727272727272727,-0.13636363636363635,-1.0454545454545454,-0.2727272727272727,-1.7727272727272727,-2.909090909090909,-0.8181818181818182,-1.0,-3.1818181818181817,-2.0,-0.9090909090909091,-0.13636363636363635,-1.5,-1.0909090909090908,-1.6363636363636365,-1.1363636363636365,-0.4090909090909091,-0.7272727272727273,-1.8636363636363635,-1.0909090909090908,-1.6363636363636365,-1.6363636363636365,-0.8636363636363636,-1.5454545454545454,-2.772727272727273,-1.5454545454545454,-0.09090909090909091,-0.22727272727272727,-3.590909090909091,-1.6818181818181819,-1.1818181818181819,-1.2272727272727273,0.36363636363636365,-1.2727272727272727,-2.0454545454545454,-2.8181818181818183,-0.9545454545454546,-1.2727272727272727,-2.4545454545454546,-1.6818181818181819,-1.5454545454545454,-1.0,-0.09090909090909091,-1.2272727272727273,-1.8636363636363635,-3.272727272727273,-1.1363636363636365,-0.9545454545454546,-2.590909090909091,-0.45454545454545453,-1.3636363636363635,-0.3333333333333333,-1.125,-0.3333333333333333,-0.25,-1.7916666666666667,-0.25,-0.041666666666666664,-1.7083333333333333,-0.625,-0.5833333333333334,-0.375,-0.8333333333333334,-0.625,-1.625,-1.25,-0.75,-0.7083333333333334,-2.125,-1.5833333333333333,-0.75
P46831,0.052980132450331126,-0.6688741721854304,-0.9006622516556292,-0.8741721854304636,-2.0794701986754967,-0.18543046357615894,-0.48344370860927155,-1.2317880794701987,-1.0066225165562914,-1.1456953642384107,-1.0,-0.6026490066225165,-0.6688741721854304,-1.490066225165563,-1.403973509933775,-0.17880794701986755,-0.2582781456953642,-2.0,-1.1986754966887416,-0.8145695364238411,0.17218543046357615,-0.8940397350993378,-1.1258278145695364,-0.9006622516556292,-1.7019867549668874,-0.8145695364238411,-0.6490066225165563,-0.9801324503311258,-1.3576158940397351,-0.9139072847682119,-1.1721854304635762,-0.8807947019867549,-0.8543046357615894,-1.5695364238410596,-1.2251655629139073,-0.5761589403973509,-0.4503311258278146,-2.6026490066225167,-1.6291390728476822,-0.7019867549668874,0.16556291390728478,-0.543046357615894,-0.7417218543046358,-0.6158940397350994,-1.7615894039735098,-0.25165562913907286,-0.08609271523178808,-0.9006622516556292,-0.7483443708609272,-0.9403973509933775,-0.9072847682119205,-0.2847682119205298,-0.7284768211920529,-0.9337748344370861,-0.8675496688741722,-0.304635761589404,-0.4503311258278146,-1.304635761589404,-0.6887417218543046,-0.9271523178807947,-0.5686274509803921,-0.7777777777777778,-1.1176470588235294,-1.2875816993464053,-2.2287581699346406,-0.45751633986928103,-0.7058823529411765,-1.6862745098039216,-1.091503267973856,-1.6143790849673203,-1.3986928104575163,-0.5882352941176471,-0.8823529411764706,-1.588235294117647,-1.5032679738562091,-0.6601307189542484,-0.7450980392156863,-2.111111111111111,-1.196078431372549,-1.3006535947712419
P68575,-0.9230769230769231,-1.5,-1.1153846153846154,-1.3076923076923077,-2.0,-0.6923076923076923,-0.6923076923076923,-1.7692307692307692,-1.1538461538461537,-0.6153846153846154,-0.7692307692307693,-1.0769230769230769,-0.23076923076923078,-1.1153846153846154,-1.7307692307692308,-0.6923076923076923,-0.9230769230769231,-1.8846153846153846,-0.8846153846153846,-0.4230769230769231,-1.0769230769230769,-0.8846153846153846,-0.5,-0.6538461538461539,-2.230769230769231,-0.6538461538461539,-0.5,-1.5,-0.6153846153846154,-1.7307692307692308,-1.7692307692307692,-0.9230769230769231,-1.0384615384615385,-0.9230769230769231,-1.7692307692307692,-0.46153846153846156,-0.7692307692307693,-1.3846153846153846,-0.6923076923076923,-1.6153846153846154,-0.34615384615384615,-0.5384615384615384,-0.7692307692307693,-0.6538461538461539,-2.3846153846153846,-0.038461538461538464,0.6923076923076923,-2.0,-1.3076923076923077,-1.4615384615384615,-1.3461538461538463,0.2692307692307692,-0.9615384615384616,-2.3461538461538463,-0.5,-0.15384615384615385,-0.5384615384615384,-3.0384615384615383,-1.9230769230769231,-0.9230769230769231,-0.38461538461538464,-0.6538461538461539,-0.6923076923076923,-0.8846153846153846,-2.076923076923077,-0.15384615384615385,0.07692307692307693,-1.7307692307692308,-1.3076923076923077,-1.2692307692307692,-1.1153846153846154,-0.15384615384615385,-0.7692307692307693,-2.0,-1.2307692307692308,-0.23076923076923078,-0.07692307692307693,-2.6153846153846154,-1.5,-0.6923076923076923
O87236,-1.0714285714285714,-0.9285714285714286,-0.35714285714285715,-1.0714285714285714,-2.2142857142857144,-0.14285714285714285,-0.21428571428571427,-2.142857142857143,-1.2857142857142858,-1.1428571428571428,-1.0,-0.42857142857142855,-0.35714285714285715,-1.8571428571428572,-1.2142857142857142,-0.5,0.0,-1.7857142857142858,-1.4285714285714286,-0.7142857142857143,-1.0714285714285714,-1.4285714285714286,-0.14285714285714285,0.8571428571428571,-2.5714285714285716,-0.07142857142857142,0.7857142857142857,-1.2142857142857142,-0.9285714285714286,-1.7142857142857142,-2.142857142857143,-0.7857142857142857,-1.3571428571428572,-1.3571428571428572,-1.7142857142857142,-0.21428571428571427,-0.8571428571428571,-2.5714285714285716,-1.3571428571428572,-1.3571428571428572,-0.35714285714285715,-1.6428571428571428,-0.5,-1.0714285714285714,-0.7857142857142857,-1.1428571428571428,-1.2857142857142858,-0.9285714285714286,-1.2857142857142858,-1.5714285714285714,-1.4285714285714286,-1.3571428571428572,-1.0714285714285714,-0.9285714285714286,-2.0,0.42857142857142855,0.14285714285714285,-1.1428571428571428,-0.7857142857142857,-1.4285714285714286,-0.47058823529411764,-1.2941176470588236,-0.7647058823529411,-1.7058823529411764,0.058823529411764705,-1.0588235294117647,-1.3529411764705883,-1.2352941176470589,-1.1176470588235294,-1.7058823529411764,-1.3529411764705883,-1.1176470588235294,-0.8235294117647058,-1.6470588235294117,-2.1176470588235294,-0.4117647058823529,-0.29411764705882354,-0.8823529411764706,-1.2352941176470589,-1.3529411764705883
P34020,-0.19753086419753085,-1.0493827160493827,-0.4567901234567901,-0.9629629629629629,-1.8888888888888888,-0.5185185185185185,-0.6666666666666666,-0.8765432098765432,-0.9135802469135802,-1.2592592592592593,-1.4814814814814814,-0.8148148148148148,-1.0493827160493827,-1.1358024691358024,-1.6666666666666667,-0.024691358024691357,-0.30864197530864196,-1.9382716049382716,-0.5925925925925926,-1.0864197530864197,-0.3950617283950617,-1.1604938271604939,-0.6666666666666666,-1.1111111111111112,-1.9259259259259258,-0.7037037037037037,-1.0123456790123457,-1.037037037037037,-1.2098765432098766,-1.0740740740740742,-1.1728395061728396,-0.8641975308641975,-0.8765432098765432,-0.8518518518518519,-1.345679012345679,-0.32098765432098764,-0.5308641975308642,-0.9135802469135802,-0.19753086419753085,-0.8888888888888888,-0.14814814814814814,-0.9135802469135802,-0.3333333333333333,-0.5061728395061729,-1.876543209876543,-0.2345679012345679,-0.5679012345679012,-0.6172839506172839,-1.1358024691358024,-1.0493827160493827,-1.0123456790123457,-0.4691358024691358,-0.8518518518518519,-1.345679012345679,-1.4567901234567902,-0.07407407407407407,-0.32098765432098764,-1.9876543209876543,-0.8518518518518519,-0.7654320987654321,-0.07407407407407407,-0.8765432098765432,-0.8271604938271605,-1.1728395061728396,-2.0987654320987654,-0.41975308641975306,-0.7654320987654321,-0.654320987654321,-1.1851851851851851,-1.3703703703703705,-1.2222222222222223,-0.2345679012345679,-0.8395061728395061,-1.345679012345679,-1.308641975308642,-0.20987654320987653,-0.32098765432098764,-1.8148148148148149,-0.8148148148148148,-1.0
P54322,-1.1818181818181819,-2.3896103896103895,-2.116883116883117,-2.688311688311688,-3.2857142857142856,-2.3376623376623376,-2.2337662337662336,-1.974025974025974,-2.7532467532467533,-2.207792207792208,-2.090909090909091,-2.168831168831169,-1.7662337662337662,-2.2467532467532467,-2.012987012987013,-1.8311688311688312,-1.6753246753246753,-3.8181818181818183,-2.5844155844155843,-1.9090909090909092,-0.2857142857142857,-1.3506493506493507,-1.2597402597402598,-1.3766233766233766,-2.3896103896103895,-1.3116883116883118,-1.2077922077922079,-1.7532467532467533,-1.5194805194805194,-1.4805194805194806,-1.2727272727272727,-1.2727272727272727,-1.7012987012987013,-2.116883116883117,-2.324675324675325,-1.1818181818181819,-1.6493506493506493,-3.5194805194805197,-1.974025974025974,-1.1818181818181819,-0.03896103896103896,-1.0,-1.5844155844155845,-1.1818181818181819,-2.116883116883117,-1.4025974025974026,-1.077922077922078,-1.4545454545454546,-1.6103896103896105,-0.6883116883116883,-1.0909090909090908,-1.0129870129870129,-1.4545454545454546,-2.2987012987012987,-1.844155844155844,-1.0649350649350648,-0.6363636363636364,-2.8181818181818183,-1.974025974025974,-0.7532467532467533,-0.4625,-1.3,-2.075,-1.9,-2.325,-1.3125,-1.4,-1.7375,-1.975,-1.325,-1.6,-1.325,-1.75,-2.4375,-3.2875,-1.375,-1.5,-3.2375,-2.025,-1.1
P00343,-0.16049382716049382,-2.382716049382716,-1.728395061728395,-1.6790123456790123,-2.765432098765432,-1.7901234567901234,-1.8024691358024691,-1.728395061728395,-2.197530864197531,-0.9135802469135802,-1.4691358024691359,-1.6296296296296295,-1.123456790123457,-2.580246913580247,-2.654320987654321,-1.0740740740740742,-1.1851851851851851,-3.9012345679012346,-2.7037037037037037,-0.5802469135802469,-0.6296296296296297,-1.9135802469135803,-1.345679012345679,-2.2962962962962963,-2.6666666666666665,-1.7654320987654322,-2.0864197530864197,-2.185185185185185,-2.3950617283950617,-1.3703703703703705,-1.5802469135802468,-1.617283950617284,-1.1604938271604939,-2.3950617283950617,-2.5308641975308643,-1.0864197530864197,-1.0123456790123457,-4.037037037037037,-2.6419753086419755,-0.7530864197530864,-0.25925925925925924,-1.8271604938271604,-1.4567901234567902,-1.876543209876543,-3.0987654320987654,-1.4567901234567902,-1.4814814814814814,-1.4444444444444444,-2.049382716049383,-1.4444444444444444,-1.9876543209876543,-1.2592592592592593,-1.6419753086419753,-2.3703703703703702,-2.506172839506173,-0.6666666666666666,-0.9259259259259259,-3.0987654320987654,-2.0,-1.0493827160493827,-0.8795180722891566,-1.5783132530120483,-1.5903614457831325,-1.5060240963855422,-2.6506024096385543,-1.2409638554216869,-0.6385542168674698,-2.0963855421686746,-1.9156626506024097,-1.1325301204819278,-1.4698795180722892,-0.9156626506024096,-1.3975903614457832,-2.3493975903614457,-2.602409638554217,-0.9397590361445783,-1.0240963855421688,-3.2409638554216866,-2.180722891566265,-1.0120481927710843
P01552,-0.5606060606060606,-0.8333333333333334,-0.5151515151515151,-0.9545454545454546,-2.0454545454545454,-0.5151515151515151,-0.5454545454545454,-1.7727272727272727,-0.9848484848484849,-0.5303030303030303,-0.48484848484848486,-0.22727272727272727,-0.3484848484848485,-1.0757575757575757,-1.2878787878787878,-0.24242424242424243,-0.21212121212121213,-2.242424242424242,-0.7121212121212122,-0.5606060606060606,-0.7272727272727273,-0.8787878787878788,-0.06060606060606061,-0.22727272727272727,-1.8484848484848484,-0.3939393939393939,-0.3787878787878788,-1.2878787878787878,-0.5909090909090909,-0.8636363636363636,-0.9696969696969697,-0.16666666666666666,-0.8787878787878788,-0.5606060606060606,-1.4696969696969697,-0.19696969696969696,-0.3181818181818182,-1.803030303030303,-0.22727272727272727,-0.8636363636363636,-0.8333333333333334,-0.7121212121212122,-0.07575757575757576,-0.8636363636363636,-2.272727272727273,-0.24242424242424243,-0.22727272727272727,-1.1515151515151516,-1.1363636363636365,-1.0303030303030303,-1.1666666666666667,0.15151515151515152,-1.0,-1.5606060606060606,-1.5303030303030303,-0.5,-0.18181818181818182,-2.4393939393939394,-1.3181818181818181,-0.8939393939393939,-1.2352941176470589,-0.8088235294117647,-0.058823529411764705,-0.39705882352941174,-2.6176470588235294,-0.5735294117647058,-0.4411764705882353,-1.4852941176470589,-0.8529411764705882,-1.1323529411764706,-1.3676470588235294,0.058823529411764705,-0.8676470588235294,-0.9558823529411765,-1.75,-0.36764705882352944,-0.47058823529411764,-2.235294117647059,-0.5,-1.2205882352941178
Q97EB7,-0.828125,-0.9140625,-1.15625,-1.21875,-3.25,-0.5390625,-0.5546875,-2.15625,-1.59375,-1.578125,-1.765625,-0.578125,-1.4296875,-2.1953125,-2.4375,-0.9765625,-1.15625,-3.4296875,-2.0546875,-1.40625,-1.7109375,-1.8671875,-2.4453125,-2.78125,-4.1640625,-1.921875,-1.7734375,-3.3828125,-2.234375,-2.015625,-1.9765625,-1.8203125,-1.7734375,-2.515625,-2.953125,-1.9765625,-1.3828125,-4.171875,-2.5078125,-2.03125,-1.2578125,-1.40625,-1.4453125,-1.1640625,-2.9296875,-1.40625,-0.6640625,-2.4609375,-1.6171875,-1.5,-1.6640625,-1.15625,-1.015625,-1.3203125,-2.4375,-1.6640625,-1.375,-2.640625,-1.6171875,-1.4609375,-1.2748091603053435,-1.816793893129771,-2.068702290076336,-1.7786259541984732,-3.2748091603053435,-1.83206106870229,-1.3129770992366412,-2.450381679389313,-1.8625954198473282,-1.9312977099236641,-1.748091603053435,-1.7938931297709924,-1.2748091603053435,-2.0763358778625953,-2.3740458015267176,-1.7709923664122138,-1.6030534351145038,-3.1374045801526718,-1.9923664122137406,-1.9694656488549618
P21625,0.2833333333333333,-0.95,-0.8,-1.5166666666666666,-1.3,-0.7833333333333333,-0.9166666666666666,-1.5166666666666666,-1.7166666666666666,-0.6,-0.7666666666666667,-0.55,-0.5,-1.7833333333333334,-1.1833333333333333,0.1,0.3333333333333333,-2.716666666666667,-1.7,-0.08333333333333333,-0.2,-1.0333333333333334,-0.85,-1.0333333333333334,-1.8,-0.5,-0.4666666666666667,-1.6666666666666667,-1.5166666666666666,-0.7666666666666667,-0.9,-0.6,-0.65,-1.6,-1.55,-0.36666666666666664,-0.08333333333333333,-2.5,-1.3333333333333333,-0.21666666666666667,-0.23333333333333334,-0.85,-0.85,-0.9666666666666667,-1.7333333333333334,-0.48333333333333334,-0.48333333333333334,-1.4333333333333333,-1.3833333333333333,-0.6666666666666666,-0.9,-0.36666666666666664,-0.65,-1.8,-1.3166666666666667,-0.26666666666666666,0.15,-2.566666666666667,-1.3833333333333333,-0.16666666666666666,0.06451612903225806,-0.8709677419354839,-0.20967741935483872,-0.4838709677419355,-1.7419354838709677,-0.3709677419354839,-0.0967741935483871,-1.0161290322580645,-1.2096774193548387,-1.4838709677419355,-1.6612903225806452,-0.27419354838709675,-1.1935483870967742,-1.9516129032258065,-1.1290322580645162,0.1774193548387097,-0.20967741935483872,-2.693548387096774,-1.6451612903225807,-0.9516129032258065
P39215,0.0,-0.6181818181818182,-0.7090909090909091,-0.8,-2.212121212121212,-0.21212121212121213,-0.5757575757575758,-1.2181818181818183,-1.2606060606060605,-0.7090909090909091,-0.5636363636363636,-0.5454545454545454,-0.6181818181818182,-0.9878787878787879,-1.3575757575757577,-0.06666666666666667,0.07272727272727272,-1.981818181818182,-0.9393939393939394,-0.5818181818181818,-0.006060606060606061,-0.7393939393939394,-0.5818181818181818,-0.8121212121212121,-2.587878787878788,-0.24848484848484848,-0.7515151515151515,-0.9454545454545454,-1.2545454545454546,-0.19393939393939394,-0.38181818181818183,-0.5818181818181818,-0.44242424242424244,-1.0666666666666667,-1.2363636363636363,-0.21212121212121213,-0.13333333333333333,-2.0424242424242425,-1.1575757575757575,-0.10909090909090909,0.3939393939393939,0.030303030303030304,-0.36363636363636365,-0.12727272727272726,-2.7393939393939393,0.7333333333333333,0.8848484848484849,-1.387878787878788,-0.44242424242424244,-0.9272727272727272,-0.6363636363636364,-0.030303030303030304,-0.4909090909090909,-2.1333333333333333,-2.2484848484848485,0.030303030303030304,-0.04242424242424243,-3.036363636363636,-1.8666666666666667,-0.7272727272727273,0.46706586826347307,0.08383233532934131,-0.4311377245508982,-0.3652694610778443,-2.694610778443114,0.8922155688622755,1.18562874251497,-1.5748502994011977,-1.1377245508982037,-1.3053892215568863,-0.844311377245509,0.19760479041916168,-0.844311377245509,-2.55688622754491,-2.497005988023952,-0.05389221556886228,-0.281437125748503,-3.245508982035928,-2.341317365269461,-0.9401197604790419
P40859,0.08247422680412371,-0.8144329896907216,-1.3711340206185567,-1.6597938144329898,-2.0412371134020617,-0.8144329896907216,-1.2577319587628866,-0.9587628865979382,-0.6804123711340206,-1.1855670103092784,-1.0206185567010309,-1.443298969072165,-1.2577319587628866,-1.3608247422680413,-1.8762886597938144,-0.6494845360824743,-0.845360824742268,-1.9484536082474226,-1.2371134020618557,-1.0721649484536082,0.18556701030927836,-0.6082474226804123,-1.0309278350515463,-0.845360824742268,-2.0103092783505154,-0.17525773195876287,-0.3402061855670103,-1.2474226804123711,-0.6701030927835051,-1.1030927835051547,-0.9381443298969072,-0.9278350515463918,-1.4742268041237114,-1.4536082474226804,-1.907216494845361,-0.7835051546391752,-0.8144329896907216,-1.7010309278350515,-1.2989690721649485,-0.8350515463917526,0.07216494845360824,-0.6288659793814433,-0.845360824742268,-0.5773195876288659,-1.3402061855670102,-0.5567010309278351,-0.5567010309278351,-0.6907216494845361,-0.4639175257731959,-0.8350515463917526,-0.6494845360824743,-0.8556701030927835,-0.9690721649484536,-1.134020618556701,-0.4536082474226804,-0.38144329896907214,-0.36082474226804123,-1.7938144329896908,-0.8762886597938144,-0.5051546391752577,-0.15151515151515152,-1.303030303030303,-1.9595959595959596,-1.9696969696969697,-2.5555555555555554,-1.595959595959596,-1.9595959595959596,-1.393939393939394,-1.5353535353535352,-1.606060606060606,-0.9191919191919192,-1.9393939393939394,-1.4343434343434343,-1.8080808080808082,-1.6262626262626263,-0.9292929292929293,-1.202020202020202,-2.6565656565656566,-2.0202020202020203,-1.5656565656565657
P0A5I8,0.7627118644067796,-0.847457627118644,-0.7796610169491526,-1.1864406779661016,-1.3389830508474576,-0.5254237288135594,-0.6949152542372882,-0.8813559322033898,-1.1864406779661016,-1.0169491525423728,-0.847457627118644,-0.576271186440678,-0.5254237288135594,-1.88135593220339,-0.7288135593220338,0.4406779661016949,0.3728813559322034,-2.406779661016949,-1.728813559322034,-0.6101694915254238,-0.11864406779661017,-0.9322033898305084,-0.6101694915254238,-0.6440677966101694,-1.8983050847457628,-0.5932203389830508,-0.559322033898305,-0.6440677966101694,-1.4576271186440677,-0.7966101694915254,-0.8135593220338984,-0.4915254237288136,-0.559322033898305,-1.5423728813559323,-1.152542372881356,-0.3220338983050847,0.23728813559322035,-2.5084745762711864,-1.4745762711864407,-0.3220338983050847,0.13559322033898305,-1.305084745762712,-0.3898305084745763,-0.4915254237288136,-2.0,-0.6440677966101694,-0.7796610169491526,-0.8135593220338984,-1.576271186440678,-1.0169491525423728,-1.2881355932203389,-0.6779661016949152,-0.9830508474576272,-2.0847457627118646,-1.3898305084745763,0.01694915254237288,0.0847457627118644,-2.7288135593220337,-1.728813559322034,-0.6101694915254238,-0.22033898305084745,-1.0847457627118644,-0.6610169491525424,-0.423728813559322,-2.1186440677966103,-0.23728813559322035,-0.7627118644067796,-1.0338983050847457,-1.5084745762711864,-1.1355932203389831,-1.3220338983050848,-0.3898305084745763,-0.8135593220338984,-2.0677966101694913,-0.6779661016949152,-0.1864406779661017,0.13559322033898305,-2.4745762711864407,-1.8305084745762712,-0.7627118644067796
P25959,-0.4838709677419355,-1.6451612903225807,-2.032258064516129,-2.7096774193548385,-1.7419354838709677,-1.4516129032258065,-2.096774193548387,-2.4193548387096775,-1.6451612903225807,0.16129032258064516,-0.0967741935483871,-1.8064516129032258,0.0,-0.25806451612903225,-2.161290322580645,-1.2903225806451613,-0.6129032258064516,-2.0,-0.2903225806451613,0.25806451612903225,-1.096774193548387,-0.8709677419354839,-1.064516129032258,-1.6774193548387097,-1.903225806451613,-0.5483870967741935,-0.8064516129032258,-2.064516129032258,-1.1290322580645162,-1.064516129032258,-0.6451612903225806,-0.8709677419354839,-0.45161290322580644,-1.5483870967741935,-2.161290322580645,-0.8709677419354839,-0.6451612903225806,-2.5161290322580645,-1.1612903225806452,-0.9354838709677419,-0.967741935483871,-0.41935483870967744,-0.6451612903225806,-0.7741935483870968,-2.7419354838709675,0.3870967741935484,0.1935483870967742,-1.5161290322580645,-0.41935483870967744,-2.064516129032258,-1.8387096774193548,-0.0967741935483871,-1.2258064516129032,-1.935483870967742,-1.7741935483870968,-0.3548387096774194,-0.6451612903225806,-2.2903225806451615,-0.8387096774193549,-1.7419354838709677,-0.8709677419354839,-0.3870967741935484,-0.8064516129032258,-1.096774193548387,-2.2903225806451615,-0.03225806451612903,-0.45161290322580644,-2.032258064516129,-1.3548387096774193,-1.3870967741935485,-1.2580645161290323,-0.3225806451612903,-0.9032258064516129,-2.0,-1.8709677419354838,-0.3225806451612903,-0.03225806451612903,-2.3548387096774195,-1.5806451612903225,-1.1612903225806452
Q4A5X2,-1.5403225806451613,-0.9596774193548387,-2.0403225806451615,-2.443548387096774,-3.4274193548387095,-1.2741935483870968,-1.3709677419354838,-2.6693548387096775,-1.5806451612903225,-1.814516129032258,-1.5564516129032258,-1.6048387096774193,-1.435483870967742,-1.8064516129032258,-2.5,-1.5403225806451613,-1.435483870967742,-3.3629032258064515,-1.75,-1.8225806451612903,-0.22580645161290322,-1.2903225806451613,-1.467741935483871,-0.6451612903225806,-2.2338709677419355,-1.032258064516129,-0.20161290322580644,-1.7661290322580645,-1.7903225806451613,-0.7016129032258065,-0.33064516129032256,-0.9516129032258065,-1.217741935483871,-1.6612903225806452,-2.443548387096774,-1.064516129032258,-1.2983870967741935,-3.524193548387097,-1.782258064516129,-0.9435483870967742,-0.5241935483870968,-1.2096774193548387,-1.3870967741935485,-1.3790322580645162,-1.9193548387096775,-1.0887096774193548,-0.967741935483871,-1.1774193548387097,-1.5403225806451613,-0.9516129032258065,-0.7741935483870968,-1.403225806451613,-0.8790322580645161,-1.3790322580645162,-1.9274193548387097,-1.0241935483870968,-0.9838709677419355,-2.532258064516129,-1.2338709677419355,-0.8064516129032258,-0.6666666666666666,-0.9047619047619048,-1.0,-1.2936507936507937,-2.634920634920635,-0.4603174603174603,-0.6111111111111112,-2.0476190476190474,-1.7380952380952381,-1.380952380952381,-1.3968253968253967,-0.21428571428571427,-1.3095238095238095,-1.8492063492063493,-2.380952380952381,-0.6904761904761905,-1.0476190476190477,-3.007936507936508,-1.7777777777777777,-1.3015873015873016
P43131,-0.14814814814814814,-0.8765432098765432,-0.8148148148148148,-1.2839506172839505,-1.7407407407407407,-0.4691358024691358,-0.5802469135802469,-1.4567901234567902,-1.4814814814814814,-0.8641975308641975,-0.8641975308641975,-0.6666666666666666,-0.43209876543209874,-1.7160493827160495,-1.4938271604938271,-0.2345679012345679,-0.1728395061728395,-2.4691358024691357,-1.5308641975308641,-0.35802469135802467,-0.37037037037037035,-0.9382716049382716,-0.8395061728395061,-0.9629629629629629,-1.9012345679012346,-0.691358024691358,-0.5061728395061729,-1.5185185185185186,-1.3950617283950617,-1.0,-1.1604938271604939,-0.7283950617283951,-0.8024691358024691,-1.5925925925925926,-1.3209876543209877,-0.4074074074074074,-0.2222222222222222,-2.5185185185185186,-1.2962962962962963,-0.48148148148148145,-0.3950617283950617,-1.0493827160493827,-0.8518518518518519,-0.9876543209876543,-1.9135802469135803,-0.48148148148148145,-0.43209876543209874,-1.1358024691358024,-1.3950617283950617,-1.1728395061728396,-1.1358024691358024,-0.654320987654321,-0.6172839506172839,-1.7530864197530864,-1.3703703703703705,-0.2222222222222222,-0.38271604938271603,-2.4691358024691357,-1.5555555555555556,-0.7037037037037037,-0.24096385542168675,-0.9036144578313253,-1.0240963855421688,-1.0,-1.9397590361445782,-0.4819277108433735,-0.2891566265060241,-1.5421686746987953,-1.4939759036144578,-1.0240963855421688,-1.0602409638554218,-0.39759036144578314,-0.6626506024096386,-1.819277108433735,-1.144578313253012,-0.3373493975903614,-0.6144578313253012,-2.674698795180723,-1.4939759036144578,-0.5301204819277109
O34894,-0.7142857142857143,-0.17142857142857143,-0.6857142857142857,-0.7857142857142857,-2.9214285714285713,0.5214285714285715,0.9071428571428571,-2.5,-1.1928571428571428,-0.9285714285714286,-0.35,0.5928571428571429,-0.5571428571428572,-2.1357142857142857,-2.8214285714285716,-0.6928571428571428,-0.7071428571428572,-2.9571428571428573,-1.7642857142857142,-1.0571428571428572,-0.16428571428571428,0.19285714285714287,-0.34285714285714286,-0.1,-2.7857142857142856,1.25,1.7571428571428571,-2.342857142857143,-0.6928571428571428,-1.3357142857142856,-0.42857142857142855,1.1071428571428572,-0.7928571428571428,-2.5642857142857145,-2.664285714285714,-0.37857142857142856,-0.4714285714285714,-3.3785714285714286,-1.9928571428571429,-1.2714285714285714,-0.30714285714285716,0.2857142857142857,-0.15714285714285714,-0.17142857142857143,-2.8642857142857143,1.3071428571428572,1.65,-2.585714285714286,-0.6285714285714286,-1.2285714285714286,-0.4642857142857143,1.1071428571428572,-0.6642857142857143,-2.6285714285714286,-3.15,-0.36428571428571427,-0.6785714285714286,-3.642857142857143,-2.157142857142857,-1.45,-0.31690140845070425,0.04225352112676056,-0.5845070422535211,-0.45774647887323944,-2.880281690140845,0.6126760563380281,1.2253521126760563,-2.4295774647887325,-0.7464788732394366,-1.5070422535211268,-0.8380281690140845,0.6056338028169014,-0.8732394366197183,-2.387323943661972,-2.704225352112676,-0.4788732394366197,-0.7676056338028169,-3.204225352112676,-1.795774647887324,-1.176056338028169
Q97R46,-1.0175438596491229,-2.3684210526315788,-2.3771929824561404,-2.5,-3.219298245614035,-1.736842105263158,-2.4210526315789473,-2.508771929824561,-2.254385964912281,-1.6403508771929824,-1.605263157894737,-1.9824561403508771,-1.6666666666666667,-2.5789473684210527,-2.7017543859649122,-1.7543859649122806,-1.6929824561403508,-4.2631578947368425,-2.280701754385965,-1.4912280701754386,-0.7017543859649122,-1.7280701754385965,-1.2982456140350878,-1.6140350877192982,-2.8596491228070176,-1.605263157894737,-1.1140350877192982,-2.254385964912281,-1.9385964912280702,-1.5,-1.868421052631579,-1.4035087719298245,-1.7894736842105263,-2.254385964912281,-2.6315789473684212,-1.5175438596491229,-1.4736842105263157,-3.982456140350877,-2.236842105263158,-1.3245614035087718,-0.5877192982456141,-0.9473684210526315,-0.7719298245614035,-0.7456140350877193,-1.4736842105263157,-1.0789473684210527,-0.5701754385964912,-1.219298245614035,-0.6578947368421053,-0.5964912280701754,-1.4649122807017543,-1.1228070175438596,-1.0614035087719298,-1.780701754385965,-1.6578947368421053,-0.7807017543859649,-0.7631578947368421,-2.026315789473684,-1.3421052631578947,-0.39473684210526316,-0.4017094017094017,-1.2393162393162394,-0.8461538461538461,-1.4871794871794872,-2.3504273504273505,-1.3162393162393162,-1.3675213675213675,-0.9316239316239316,-1.5555555555555556,-0.9658119658119658,-1.9743589743589745,-0.8547008547008547,-1.435897435897436,-2.4871794871794872,-1.9914529914529915,-0.8290598290598291,-0.7948717948717948,-3.094017094017094,-2.1538461538461537,-0.46153846153846156
P40875,0.2871287128712871,-0.8217821782178217,-1.5445544554455446,-1.6633663366336633,-1.9504950495049505,-1.00990099009901,-1.297029702970297,-1.099009900990099,-0.9504950495049505,-1.3564356435643565,-0.9801980198019802,-1.4752475247524752,-1.2673267326732673,-1.8415841584158417,-1.2079207920792079,-0.6237623762376238,-0.7821782178217822,-1.5940594059405941,-1.5148514851485149,-1.0594059405940595,0.2376237623762376,-0.42574257425742573,-1.188118811881188,-0.8316831683168316,-1.7326732673267327,-0.21782178217821782,-0.504950495049505,-1.1386138613861385,-0.32673267326732675,-1.1287128712871286,-0.693069306930693,-0.9405940594059405,-0.9900990099009901,-1.2574257425742574,-1.3267326732673268,-0.7722772277227723,-0.693069306930693,-1.0594059405940595,-1.0792079207920793,-0.9108910891089109,-0.04950495049504951,-0.6732673267326733,-1.118811881188119,-0.6732673267326733,-1.7128712871287128,-0.594059405940594,-0.9603960396039604,-0.6633663366336634,-0.5544554455445545,-1.0792079207920793,-1.108910891089109,-1.099009900990099,-1.2277227722772277,-1.3564356435643565,-0.6534653465346535,-0.7326732673267327,-0.27722772277227725,-1.9801980198019802,-1.2178217821782178,-0.5841584158415841,-0.3333333333333333,-1.4901960784313726,-2.1372549019607843,-2.215686274509804,-2.3137254901960786,-1.7549019607843137,-1.9509803921568627,-1.4705882352941178,-1.4313725490196079,-1.8627450980392157,-1.3431372549019607,-2.176470588235294,-1.4215686274509804,-2.049019607843137,-1.8627450980392157,-1.1372549019607843,-1.4215686274509804,-3.0392156862745097,-2.0588235294117645,-1.5098039215686274
P37948,-0.05405405405405406,-2.2522522522522523,-1.9189189189189189,-2.720720720720721,-1.8558558558558558,-1.7837837837837838,-2.6216216216216215,-1.054054054054054,-2.3873873873873874,-0.0990990990990991,-0.0990990990990991,-2.1531531531531534,0.0990990990990991,0.25225225225225223,-1.6126126126126126,-0.27927927927927926,-0.44144144144144143,-1.5135135135135136,-1.135135135135135,-0.25225225225225223,0.23423423423423423,-2.5405405405405403,-2.27027027027027,-3.4684684684684686,-1.2702702702702702,-2.171171171171171,-2.864864864864865,-0.46846846846846846,-2.4324324324324325,0.0,0.018018018018018018,-2.9279279279279278,0.21621621621621623,0.3063063063063063,-1.6756756756756757,-0.46846846846846846,-0.7027027027027027,-0.6576576576576577,-0.9009009009009009,-0.08108108108108109,-0.21621621621621623,-1.837837837837838,-1.5405405405405406,-2.7837837837837838,-1.6036036036036037,-1.5495495495495495,-2.5765765765765765,-0.6846846846846847,-2.1531531531531534,0.44144144144144143,0.43243243243243246,-1.9009009009009008,0.6036036036036037,0.6396396396396397,-1.6936936936936937,-0.35135135135135137,-0.27927927927927926,-0.5765765765765766,-0.44144144144144143,0.036036036036036036,0.5225225225225225,-2.855855855855856,-1.990990990990991,-3.5135135135135136,-1.3513513513513513,-2.126126126126126,-3.324324324324324,-0.35135135135135137,-2.4324324324324325,0.5135135135135135,0.3063063063063063,-3.036036036036036,0.35135135135135137,0.5945945945945946,-1.8108108108108107,-0.1891891891891892,-0.26126126126126126,-0.9279279279279279,-0.5225225225225225,0.09009009009009009
P00512,-0.810126582278481,-1.2658227848101267,-1.5443037974683544,-1.9493670886075949,-2.1265822784810124,-1.6962025316455696,-1.7468354430379747,-0.9240506329113924,-1.7088607594936709,-1.3037974683544304,-1.4683544303797469,-1.1772151898734178,-1.4430379746835442,-1.7341772151898733,-2.4177215189873418,-0.9746835443037974,-1.0126582278481013,-3.0759493670886076,-1.4556962025316456,-1.2658227848101267,-0.6075949367088608,-2.088607594936709,-1.3037974683544304,-1.3924050632911393,-1.9240506329113924,-1.6582278481012658,-1.8481012658227849,-1.8481012658227849,-2.0632911392405062,-1.1139240506329113,-1.8354430379746836,-1.6708860759493671,-1.4556962025316456,-2.1139240506329116,-3.1392405063291138,-1.2278481012658229,-0.8607594936708861,-3.8354430379746836,-2.1392405063291138,-1.1012658227848102,-0.4810126582278481,-2.0253164556962027,-1.9240506329113924,-2.0759493670886076,-2.329113924050633,-1.5443037974683544,-1.139240506329114,-1.8354430379746836,-1.6835443037974684,-1.139240506329114,-1.6455696202531647,-1.4430379746835442,-1.2911392405063291,-2.2911392405063293,-2.8860759493670884,-1.2531645569620253,-1.5063291139240507,-3.329113924050633,-1.9367088607594938,-0.8354430379746836,-0.45121951219512196,-1.3048780487804879,-1.329268292682927,-1.646341463414634,-2.5365853658536586,-1.3414634146341464,-1.3780487804878048,-2.0853658536585367,-1.5609756097560976,-1.0609756097560976,-1.3902439024390243,-1.2804878048780488,-0.8902439024390244,-2.268292682926829,-2.4146341463414633,-1.0,-0.9146341463414634,-3.2804878048780486,-1.7804878048780488,-0.8414634146341463
P39043,-0.417910447761194,-0.835820895522388,-0.8656716417910447,-0.8507462686567164,-1.791044776119403,-0.3880597014925373,-0.3880597014925373,-1.4776119402985075,-1.0149253731343284,-0.7313432835820896,-0.7014925373134329,-0.6567164179104478,-0.2835820895522388,-1.2238805970149254,-0.7910447761194029,-0.47761194029850745,-0.34328358208955223,-1.8208955223880596,-0.8208955223880597,-0.5373134328358209,-0.417910447761194,-0.43283582089552236,-0.31343283582089554,-0.835820895522388,-2.08955223880597,-0.04477611940298507,-0.43283582089552236,-0.9701492537313433,-0.8208955223880597,-0.9253731343283582,-1.0895522388059702,0.2537313432835821,-0.8059701492537313,-1.2238805970149254,-0.8059701492537313,0.19402985074626866,-0.08955223880597014,-1.7761194029850746,-0.6119402985074627,-0.6865671641791045,-0.2835820895522388,-0.8955223880597015,-0.9701492537313433,-1.2686567164179106,-2.343283582089552,-0.6567164179104478,-1.1194029850746268,-0.5970149253731343,-1.2537313432835822,-1.3432835820895523,-1.5223880597014925,-0.6567164179104478,-1.1194029850746268,-1.2985074626865671,-1.5522388059701493,-0.1044776119402985,-0.23880597014925373,-2.1044776119402986,-0.9552238805970149,-1.0,-0.5714285714285714,-1.3,-0.8714285714285714,-1.2857142857142858,-2.3142857142857145,-1.0142857142857142,-1.2285714285714286,-1.2714285714285714,-1.2285714285714286,-1.2428571428571429,-1.3714285714285714,-1.1142857142857143,-0.9571428571428572,-1.6142857142857143,-1.6428571428571428,-0.32857142857142857,-0.5285714285714286,-2.5142857142857142,-1.1,-0.9571428571428572
Q08352,-0.23404255319148937,-0.9680851063829787,-1.3936170212765957,-1.202127659574468,-2.25531914893617,-0.776595744680851,-0.5531914893617021,-1.5638297872340425,-1.0957446808510638,-0.8297872340425532,-1.0638297872340425,-0.5106382978723404,-1.0957446808510638,-1.6170212765957446,-1.4361702127659575,-0.7872340425531915,-0.6382978723404256,-2.5851063829787235,-1.4680851063829787,-0.7127659574468085,0.20212765957446807,-0.9148936170212766,-0.9680851063829787,-1.3404255319148937,-2.074468085106383,-0.648936170212766,-0.8085106382978723,-0.4787234042553192,-1.3404255319148937,-0.7446808510638298,-0.8723404255319149,-0.6276595744680851,-0.5851063829787234,-1.297872340425532,-1.3191489361702127,-0.4787234042553192,-0.6063829787234043,-2.3085106382978724,-1.074468085106383,-0.5319148936170213,-0.3404255319148936,-1.0638297872340425,-0.6808510638297872,-0.6914893617021277,-1.648936170212766,-0.9574468085106383,-0.6276595744680851,-1.2872340425531914,-1.202127659574468,-0.5,-0.8617021276595744,-0.6382978723404256,-0.6702127659574468,-1.351063829787234,-0.8085106382978723,-0.5957446808510638,-0.1595744680851064,-2.5851063829787235,-1.0851063829787233,-0.5531914893617021,-0.14583333333333334,-1.3854166666666667,-0.7395833333333334,-0.7291666666666666,-1.9375,-0.8645833333333334,-0.65625,-1.3333333333333333,-1.1458333333333333,-0.9375,-0.9270833333333334,-0.7291666666666666,-0.8854166666666666,-1.6458333333333333,-1.1979166666666667,-0.15625,-0.28125,-2.7708333333333335,-1.2604166666666667,-0.6458333333333334
P0A5Q2,0.6923076923076923,-1.3846153846153846,-1.6923076923076923,-2.1025641025641026,-1.0769230769230769,-1.1794871794871795,-1.435897435897436,-1.5128205128205128,-2.0256410256410255,-0.23076923076923078,-0.28205128205128205,-1.0512820512820513,-0.07692307692307693,-1.3333333333333333,-1.2564102564102564,-0.23076923076923078,0.10256410256410256,-2.41025641025641,-1.4102564102564104,0.28205128205128205,-0.2564102564102564,-1.5128205128205128,-1.2820512820512822,-1.3333333333333333,-1.6666666666666667,-0.7435897435897436,-0.8461538461538461,-1.2564102564102564,-1.794871794871795,-0.8717948717948718,-1.0,-1.0,-0.5641025641025641,-1.6923076923076923,-1.3076923076923077,-0.358974358974359,-0.15384615384615385,-1.9230769230769231,-1.4102564102564104,-0.3076923076923077,0.07692307692307693,-1.0,-0.6666666666666666,-1.205128205128205,-1.5897435897435896,-0.7435897435897436,-0.9487179487179487,-1.0256410256410255,-1.4615384615384615,-1.1794871794871795,-1.3333333333333333,-0.9743589743589743,-0.9230769230769231,-1.7692307692307692,-1.2820512820512822,-0.07692307692307693,0.07692307692307693,-2.3333333333333335,-1.4871794871794872,-0.6923076923076923,-0.5476190476190477,-1.4761904761904763,-0.8333333333333334,-1.0238095238095237,-1.880952380952381,-0.7619047619047619,-0.7857142857142857,-1.1428571428571428,-1.5714285714285714,-1.0952380952380953,-1.2380952380952381,-1.0952380952380953,-0.7142857142857143,-1.6904761904761905,-1.0238095238095237,-0.2619047619047619,-0.3333333333333333,-2.261904761904762,-1.5238095238095237,-0.7380952380952381
Q04664,-0.7678571428571429,-1.1964285714285714,-1.4107142857142858,-1.9910714285714286,-1.7053571428571428,-1.1607142857142858,-1.5625,-2.0267857142857144,-1.4642857142857142,-0.23214285714285715,-0.0625,-1.2321428571428572,-0.11607142857142858,0.07142857142857142,-2.2232142857142856,-0.6517857142857143,-0.24107142857142858,-1.3571428571428572,-0.20535714285714285,-0.21428571428571427,-0.4017857142857143,-0.875,-0.625,-0.8303571428571429,-1.5267857142857142,-0.6071428571428571,-0.7321428571428571,-1.2589285714285714,-1.0535714285714286,-0.5982142857142857,-0.8035714285714286,-0.6160714285714286,-0.4642857142857143,-1.0625,-1.4821428571428572,-0.33035714285714285,-0.36607142857142855,-1.9732142857142858,-0.8839285714285714,-0.49107142857142855,-0.5178571428571429,-0.625,-0.9821428571428571,-1.3214285714285714,-1.6339285714285714,-0.5803571428571429,-0.8660714285714286,-1.375,-1.1875,-0.5892857142857143,-0.5357142857142857,-0.5714285714285714,-0.2767857142857143,-0.9107142857142857,-1.1071428571428572,-0.4375,-0.39285714285714285,-1.7589285714285714,-0.9732142857142857,-0.5357142857142857,-0.8053097345132744,-0.6814159292035398,-1.2920353982300885,-1.3539823008849559,-2.398230088495575,-0.8672566371681416,-1.1327433628318584,-1.752212389380531,-1.5132743362831858,-0.9911504424778761,-0.9203539823008849,-0.8141592920353983,-0.7876106194690266,-1.4690265486725664,-1.823008849557522,-0.9026548672566371,-0.7256637168141593,-2.0530973451327434,-1.247787610619469,-0.8584070796460177
P0A2X4,-0.9117647058823529,-0.6617647058823529,-0.6323529411764706,-0.8676470588235294,-1.6911764705882353,-0.39705882352941174,-0.5147058823529411,-1.6323529411764706,-1.0,-0.8235294117647058,-0.6470588235294118,-0.4852941176470588,-0.6911764705882353,-0.7647058823529411,-1.25,-0.7058823529411765,-0.7058823529411765,-1.3529411764705883,-0.9411764705882353,-0.8235294117647058,-0.5441176470588235,-0.75,-0.4852941176470588,-1.1029411764705883,-1.7352941176470589,-0.6323529411764706,-0.8970588235294118,-1.0147058823529411,-0.75,-0.8676470588235294,-1.0441176470588236,-0.6029411764705882,-1.088235294117647,-0.7941176470588235,-1.1470588235294117,-0.4411764705882353,-0.36764705882352944,-1.9558823529411764,-0.7058823529411765,-0.8382352941176471,-0.7058823529411765,-0.23529411764705882,-0.5441176470588235,-0.5882352941176471,-1.75,-0.4852941176470588,-0.22058823529411764,-1.3529411764705883,-1.1029411764705883,-0.9264705882352942,-0.6470588235294118,-0.27941176470588236,-0.8529411764705882,-1.2058823529411764,-1.2205882352941178,-0.5735294117647058,-0.6323529411764706,-1.9852941176470589,-1.3823529411764706,-1.088235294117647,-1.0422535211267605,-0.7183098591549296,-0.8732394366197183,-1.1549295774647887,-1.5211267605633803,-1.028169014084507,-1.1971830985915493,-1.7605633802816902,-0.9295774647887324,-0.9295774647887324,-1.0845070422535212,-0.9577464788732394,-1.0845070422535212,-0.8873239436619719,-1.619718309859155,-0.4225352112676056,-0.4788732394366197,-1.9859154929577465,-0.5211267605633803,-0.9014084507042254
Q9X895,-0.5862068965517241,-0.9241379310344827,-1.013793103448276,-1.0275862068965518,-2.717241379310345,-0.993103448275862,-0.6,-1.7241379310344827,-1.013793103448276,-1.1241379310344828,-1.5655172413793104,-0.7448275862068966,-0.9862068965517241,-1.2758620689655173,-1.5793103448275863,-1.096551724137931,-0.9172413793103448,-2.0620689655172413,-0.7310344827586207,-1.2275862068965517,-0.3724137931034483,-0.4068965517241379,-0.7931034482758621,0.041379310344827586,-1.5655172413793104,-0.6482758620689655,0.25517241379310346,-0.6689655172413793,-0.43448275862068964,-0.7862068965517242,-0.9793103448275862,-0.15862068965517243,-0.8620689655172413,-0.5724137931034483,-0.7172413793103448,-0.6068965517241379,-0.6206896551724138,-0.2896551724137931,0.1310344827586207,-0.6551724137931034,-0.21379310344827587,-0.4413793103448276,-0.6758620689655173,-0.3931034482758621,-2.386206896551724,-0.5724137931034483,-0.20689655172413793,-1.1241379310344828,-0.8689655172413793,-0.7862068965517242,-0.7172413793103448,-0.5103448275862069,-0.7310344827586207,-0.7379310344827587,-1.0344827586206897,-0.42758620689655175,-0.7931034482758621,-1.5310344827586206,-0.593103448275862,-0.6413793103448275,-0.1793103448275862,-0.27586206896551724,-1.013793103448276,-0.4206896551724138,-2.503448275862069,-0.5379310344827586,0.3310344827586207,-1.5103448275862068,-1.303448275862069,-0.7862068965517242,-0.5310344827586206,-0.15862068965517243,-0.8758620689655172,-0.9655172413793104,-1.2620689655172415,-0.6344827586206897,-0.7862068965517242,-1.9793103448275862,-0.9586206896551724,-0.7517241379310344
P81594,-0.009009009009009009,-0.5135135135135135,-0.46846846846846846,-1.0,-2.054054054054054,-0.32432432432432434,-0.4144144144144144,-0.6126126126126126,-1.09009009009009,-1.3603603603603605,-1.4144144144144144,-0.16216216216216217,-0.7657657657657657,-1.4684684684684686,-1.0810810810810811,-0.05405405405405406,-0.45045045045045046,-2.0720720720720722,-1.2522522522522523,-1.009009009009009,-0.21621621621621623,-0.6666666666666666,-0.7567567567567568,-0.7027027027027027,-1.8558558558558558,-0.3063063063063063,-0.38738738738738737,-1.1081081081081081,-1.162162162162162,-0.8018018018018018,-0.9099099099099099,-0.45045045045045046,-0.5585585585585585,-1.3153153153153154,-0.6036036036036037,-0.4144144144144144,-0.38738738738738737,-1.6396396396396395,-1.027027027027027,-0.7477477477477478,-0.3153153153153153,-0.7567567567567568,-1.1441441441441442,-1.1981981981981982,-1.5045045045045045,-0.6846846846846847,-0.6666666666666666,-1.009009009009009,-1.2522522522522523,-1.117117117117117,-1.1711711711711712,-0.6396396396396397,-0.8648648648648649,-1.2342342342342343,-1.1801801801801801,-0.4594594594594595,-0.5585585585585585,-1.6306306306306306,-0.954954954954955,-0.9099099099099099,-0.6517857142857143,-0.8303571428571429,-0.6428571428571429,-0.8928571428571429,-1.625,-0.5357142857142857,-0.2857142857142857,-1.2321428571428572,-1.1339285714285714,-1.1517857142857142,-1.3660714285714286,-0.5089285714285714,-1.1339285714285714,-1.4464285714285714,-1.2589285714285714,-0.5089285714285714,-0.5625,-1.6696428571428572,-1.125,-0.9553571428571429
P0A564,0.13043478260869565,-1.173913043478261,-0.391304347826087,-1.1304347826086956,-2.0,0.13043478260869565,-0.391304347826087,-0.6086956521739131,-0.43478260869565216,-1.3478260869565217,-1.4782608695652173,-0.9565217391304348,-0.21739130434782608,-1.565217391304348,-1.9565217391304348,0.0,-0.34782608695652173,-2.130434782608696,-0.8260869565217391,-0.9565217391304348,0.34782608695652173,-0.5217391304347826,-1.1304347826086956,-0.6086956521739131,-1.826086956521739,0.08695652173913043,-0.17391304347826086,-0.8260869565217391,-1.1304347826086956,-1.2608695652173914,-0.6956521739130435,-0.6956521739130435,-0.9565217391304348,-2.130434782608696,-1.9565217391304348,0.0,-0.34782608695652173,-2.217391304347826,-1.8695652173913044,-1.0434782608695652,0.2608695652173913,-0.9130434782608695,-0.43478260869565216,-1.0434782608695652,-2.3043478260869565,0.5217391304347826,-0.21739130434782608,-1.391304347826087,-0.8260869565217391,-1.608695652173913,-1.391304347826087,-0.8260869565217391,-0.782608695652174,-1.9130434782608696,-2.217391304347826,-0.21739130434782608,-0.391304347826087,-1.3043478260869565,-0.9565217391304348,-1.1304347826086956,0.7307692307692307,-0.6538461538461539,0.19230769230769232,-0.6153846153846154,-2.0384615384615383,0.07692307692307693,-0.3076923076923077,-0.5,-0.46153846153846156,-1.4230769230769231,-1.5769230769230769,-0.7692307692307693,-0.5,-2.0384615384615383,-2.0384615384615383,0.3076923076923077,0.07692307692307693,-2.423076923076923,-1.5769230769230769,-0.9230769230769231
Q02114,-0.27419354838709675,-1.096774193548387,-0.8225806451612904,-1.2096774193548387,-1.7016129032258065,-0.75,-0.9032258064516129,-1.5887096774193548,-1.4435483870967742,-0.6693548387096774,-0.7096774193548387,-0.7258064516129032,-0.5483870967741935,-1.3951612903225807,-1.4274193548387097,-0.22580645161290322,-0.14516129032258066,-2.338709677419355,-1.1048387096774193,-0.47580645161290325,-0.12903225806451613,-0.967741935483871,-0.5806451612903226,-1.1290322580645162,-1.7338709677419355,-0.6693548387096774,-0.7580645161290323,-1.1935483870967742,-1.2661290322580645,-0.7661290322580645,-0.9354838709677419,-0.5161290322580645,-0.717741935483871,-1.4112903225806452,-1.3225806451612903,-0.08870967741935484,-0.008064516129032258,-2.282258064516129,-1.032258064516129,-0.5645161290322581,-0.10483870967741936,-0.9354838709677419,-0.4838709677419355,-1.0564516129032258,-2.225806451612903,-0.7580645161290323,-0.7580645161290323,-1.0564516129032258,-1.314516129032258,-1.0725806451612903,-1.217741935483871,-0.3951612903225806,-0.967741935483871,-1.8387096774193548,-1.3064516129032258,-0.14516129032258066,-0.12903225806451613,-2.7338709677419355,-1.4919354838709677,-0.9274193548387096,-0.3790322580645161,-0.8145161290322581,-0.4435483870967742,-1.032258064516129,-2.443548387096774,-0.5967741935483871,-0.8225806451612904,-1.3387096774193548,-0.8629032258064516,-1.1209677419354838,-1.185483870967742,-0.5564516129032258,-1.1774193548387097,-1.5564516129032258,-1.9112903225806452,-0.2661290322580645,-0.46774193548387094,-2.588709677419355,-0.9516129032258065,-1.0
P26379,-0.2222222222222222,-1.5,-1.3611111111111112,-1.5833333333333333,-1.5,-0.75,-0.9166666666666666,-1.1666666666666667,-0.9722222222222222,-0.5,-0.6944444444444444,-0.9722222222222222,-0.19444444444444445,-1.0277777777777777,-1.7777777777777777,-0.8055555555555556,-0.6944444444444444,-1.5833333333333333,-1.2222222222222223,-0.25,-0.1111111111111111,-1.3888888888888888,-0.8888888888888888,-0.5555555555555556,-1.8888888888888888,-0.4722222222222222,-0.4444444444444444,-1.0555555555555556,-1.0555555555555556,-1.1666666666666667,-1.1111111111111112,-0.7777777777777778,-0.9166666666666666,-1.7222222222222223,-1.0555555555555556,-0.2777777777777778,-0.3055555555555556,-2.138888888888889,-1.5833333333333333,-1.0277777777777777,0.1111111111111111,-0.8888888888888888,-0.9722222222222222,-1.2777777777777777,-1.5,-0.6388888888888888,-0.8055555555555556,-1.7222222222222223,-0.9444444444444444,-0.8055555555555556,-0.5833333333333334,-0.9166666666666666,-0.027777777777777776,-1.6666666666666667,-1.75,-0.3333333333333333,-0.4722222222222222,-2.4722222222222223,-1.3055555555555556,-0.4444444444444444,-0.10526315789473684,-0.6842105263157895,-0.5263157894736842,-0.4473684210526316,-1.5789473684210527,0.15789473684210525,0.13157894736842105,-1.5263157894736843,-1.0526315789473684,-1.105263157894737,-1.0789473684210527,-0.05263157894736842,-0.5789473684210527,-1.894736842105263,-1.5263157894736843,0.05263157894736842,-0.34210526315789475,-2.710526315789474,-1.763157894736842,-0.8947368421052632
P0A0I7,-0.7796610169491526,-1.8305084745762712,-1.9830508474576272,-0.9830508474576272,-2.2542372881355934,-1.5423728813559323,-1.0169491525423728,-2.4237288135593222,-1.9152542372881356,-0.6949152542372882,-0.847457627118644,-1.8644067796610169,-0.847457627118644,-1.8135593220338984,-2.7457627118644066,-1.6271186440677967,-1.2881355932203389,-3.169491525423729,-2.135593220338983,-0.4915254237288136,-1.2372881355932204,-2.016949152542373,-2.4745762711864407,-1.5593220338983051,-2.9491525423728815,-1.7457627118644068,-1.6779661016949152,-2.559322033898305,-2.288135593220339,-1.0508474576271187,-1.2203389830508475,-1.6779661016949152,-0.4406779661016949,-2.3389830508474576,-2.7288135593220337,-1.6101694915254237,-1.3728813559322033,-4.033898305084746,-2.3728813559322033,-1.11864406779661,-0.06779661016949153,0.3220338983050847,-0.3050847457627119,-0.7288135593220338,-2.440677966101695,0.06779661016949153,0.23728813559322035,-1.3728813559322033,-0.11864406779661017,-0.1864406779661017,-0.3389830508474576,0.3050847457627119,-0.3050847457627119,-1.5254237288135593,-1.0169491525423728,-0.06779661016949153,0.1016949152542373,-2.694915254237288,-0.9661016949152542,-0.2542372881355932,-1.0655737704918034,-0.4098360655737705,-0.9344262295081968,-1.5573770491803278,-2.5901639344262297,-0.45901639344262296,-0.45901639344262296,-2.1147540983606556,-0.7868852459016393,-0.8852459016393442,-0.7049180327868853,-0.2786885245901639,-0.7540983606557377,-1.459016393442623,-1.459016393442623,-0.8032786885245902,-0.3442622950819672,-2.622950819672131,-0.9672131147540983,-0.8852459016393442
Q50367,-0.17777777777777778,-1.1666666666666667,-0.3,-0.9555555555555556,-1.5333333333333334,-0.7666666666666667,-0.8444444444444444,-0.8666666666666667,-1.5333333333333334,-1.0777777777777777,-1.2333333333333334,-0.6333333333333333,-0.8,-1.8888888888888888,-1.5,0.17777777777777778,0.3,-2.6,-1.6666666666666667,-0.6444444444444445,-0.23333333333333334,-1.0777777777777777,-0.37777777777777777,-0.5888888888888889,-1.7,-0.45555555555555555,-0.5111111111111111,-1.1222222222222222,-1.211111111111111,-1.211111111111111,-1.4333333333333333,-0.3333333333333333,-0.9777777777777777,-1.7,-1.511111111111111,0.15555555555555556,-0.08888888888888889,-2.2222222222222223,-1.3444444444444446,-0.8777777777777778,-0.4111111111111111,-1.1777777777777778,-0.26666666666666666,-0.7333333333333333,-1.7777777777777777,-0.6777777777777778,-0.7444444444444445,-1.1888888888888889,-1.3222222222222222,-0.8,-0.9444444444444444,-0.5777777777777777,-0.6444444444444445,-1.6222222222222222,-1.4444444444444444,-0.03333333333333333,0.23333333333333334,-2.588888888888889,-1.4555555555555555,-0.6222222222222222,-0.30434782608695654,-0.967391304347826,-0.358695652173913,-0.5978260869565217,-1.7608695652173914,-0.44565217391304346,-0.22826086956521738,-1.25,-1.1956521739130435,-1.358695652173913,-1.326086956521739,-0.29347826086956524,-0.9239130434782609,-1.5217391304347827,-1.5434782608695652,0.03260869565217391,0.15217391304347827,-2.260869565217391,-1.25,-0.8913043478260869
Q7A338,-0.5308641975308642,-1.037037037037037,-0.7160493827160493,-0.8518518518518519,-1.9753086419753085,-0.5925925925925926,-0.4074074074074074,-1.1975308641975309,-1.3950617283950617,-0.9629629629629629,-1.0,-0.5185185185185185,-0.9259259259259259,-1.5432098765432098,-0.48148148148148145,-0.20987654320987653,-0.37037037037037035,-1.876543209876543,-1.4074074074074074,-0.7530864197530864,-0.2345679012345679,-0.8641975308641975,-0.48148148148148145,-0.2345679012345679,-1.8518518518518519,-0.8148148148148148,-0.5802469135802469,-0.3950617283950617,-0.8888888888888888,-1.0,-0.8518518518518519,-0.6666666666666666,-0.8641975308641975,-0.8148148148148148,-1.0123456790123457,-0.24691358024691357,-0.19753086419753085,-1.876543209876543,-0.8641975308641975,-0.6419753086419753,-0.6790123456790124,-1.0,-0.691358024691358,-0.4691358024691358,-1.9753086419753085,-0.9259259259259259,-0.7654320987654321,-1.1851851851851851,-0.9753086419753086,-1.0493827160493827,-1.0864197530864197,-0.9259259259259259,-1.0123456790123457,-1.1975308641975309,-1.0987654320987654,-0.4444444444444444,-0.3333333333333333,-2.0864197530864197,-0.9506172839506173,-0.654320987654321,-0.5802469135802469,-1.0617283950617284,-0.7037037037037037,-1.0,-1.8641975308641976,-0.654320987654321,-0.8148148148148148,-0.9506172839506173,-0.9506172839506173,-1.123456790123457,-1.271604938271605,-0.8518518518518519,-0.8271604938271605,-1.3209876543209877,-1.2098765432098766,-0.48148148148148145,-0.49382716049382713,-2.197530864197531,-1.0617283950617284,-0.8148148148148148
O66043,-0.648,-1.056,-1.376,-2.08,-2.192,-1.024,-1.416,-1.808,-1.328,0.04,0.056,-1.064,-0.336,-0.008,-2.112,-0.68,-0.504,-1.184,-0.496,-0.28,-0.768,-0.744,-0.84,-1.184,-2.432,-0.752,-1.032,-1.856,-0.816,-0.808,-0.824,-0.704,-0.792,-1.328,-2.048,-0.792,-0.936,-2.304,-1.216,-0.888,-0.632,-1.112,-0.672,-0.792,-1.984,-0.656,-0.864,-1.584,-0.944,-0.888,-0.936,-0.952,-1.096,-1.352,-1.272,-0.568,-0.624,-2.024,-0.84,-0.944,-0.8671875,-0.828125,-0.9375,-1.28125,-2.546875,-0.625,-1.15625,-1.9453125,-1.1328125,-0.8046875,-0.8828125,-0.8203125,-0.796875,-1.140625,-2.09375,-0.578125,-0.71875,-1.96875,-0.96875,-0.765625
Q59280,0.05154639175257732,-1.958762886597938,-1.8556701030927836,-2.3711340206185567,-1.9175257731958764,-1.8556701030927836,-2.2371134020618557,-1.6494845360824741,-2.4329896907216493,-2.0309278350515463,-2.2371134020618557,-1.5360824742268042,-2.0721649484536084,-2.7938144329896906,-2.804123711340206,-1.0309278350515463,-0.9690721649484536,-3.670103092783505,-2.7216494845360826,-1.1237113402061856,-0.6082474226804123,-2.329896907216495,-2.268041237113402,-2.2989690721649483,-2.4948453608247423,-2.11340206185567,-2.1752577319587627,-1.9278350515463918,-2.536082474226804,-1.6185567010309279,-1.8144329896907216,-1.8453608247422681,-1.3608247422680413,-2.752577319587629,-2.350515463917526,-1.268041237113402,-0.8247422680412371,-4.123711340206185,-3.0927835051546393,-1.4742268041237114,-0.21649484536082475,-2.1030927835051547,-1.9793814432989691,-1.7422680412371134,-2.288659793814433,-1.7010309278350515,-1.7731958762886597,-2.2989690721649483,-2.577319587628866,-1.9896907216494846,-2.2268041237113403,-1.8969072164948453,-1.8350515463917525,-2.9690721649484537,-3.3092783505154637,-0.7731958762886598,-0.8865979381443299,-4.360824742268041,-3.195876288659794,-1.3608247422680413,-0.9072164948453608,-2.1237113402061856,-2.0412371134020617,-1.7938144329896908,-3.0,-2.2371134020618557,-1.5463917525773196,-1.9381443298969072,-2.3917525773195876,-2.0103092783505154,-2.2783505154639174,-1.9896907216494846,-2.185567010309278,-2.6907216494845363,-2.731958762886598,-1.1443298969072164,-1.4329896907216495,-3.8350515463917527,-2.4742268041237114,-1.690721649484536
O32130,-0.6896551724137931,-1.0689655172413792,-1.2873563218390804,-1.5632183908045978,-1.7701149425287357,-0.735632183908046,-0.9540229885057471,-1.9310344827586208,-1.367816091954023,-0.9080459770114943,-0.8735632183908046,-0.7816091954022989,-0.42528735632183906,-1.2528735632183907,-1.6551724137931034,-0.7011494252873564,-0.7126436781609196,-2.2413793103448274,-1.0459770114942528,-0.7126436781609196,-0.9655172413793104,-1.3333333333333333,-0.6551724137931034,-0.5172413793103449,-2.4827586206896552,-0.8390804597701149,-0.5862068965517241,-1.2183908045977012,-1.2873563218390804,-1.4482758620689655,-1.7471264367816093,-0.9540229885057471,-1.264367816091954,-1.8160919540229885,-1.4367816091954022,-0.5747126436781609,-0.8390804597701149,-2.574712643678161,-1.2758620689655173,-1.3218390804597702,-0.40229885057471265,-0.9310344827586207,-0.7816091954022989,-1.0919540229885059,-2.425287356321839,-0.8045977011494253,-0.9425287356321839,-0.5632183908045977,-1.1379310344827587,-1.1839080459770115,-1.471264367816092,-0.735632183908046,-1.103448275862069,-1.2758620689655173,-1.4022988505747127,-0.42528735632183906,-0.6206896551724138,-1.9195402298850575,-0.6206896551724138,-0.9310344827586207,-0.6931818181818182,-0.38636363636363635,-0.375,-1.0340909090909092,-2.4318181818181817,-0.011363636363636364,-0.625,-1.0454545454545454,-0.6704545454545454,-1.4772727272727273,-1.4431818181818181,-0.19318181818181818,-0.875,-1.6136363636363635,-1.3977272727272727,-0.3068181818181818,-0.5681818181818182,-1.875,-0.8295454545454546,-1.0909090909090908
P42983,-0.14705882352941177,-1.0294117647058822,-1.411764705882353,-1.6764705882352942,-1.3235294117647058,-0.35294117647058826,-1.0,-1.5,-1.5588235294117647,-0.7647058823529411,-0.2647058823529412,-0.6470588235294118,0.17647058823529413,-1.2647058823529411,-1.6470588235294117,-0.4117647058823529,-0.4117647058823529,-1.7352941176470589,-1.1470588235294117,-0.35294117647058826,-0.35294117647058826,-0.9117647058823529,-0.5882352941176471,-0.4411764705882353,-1.9411764705882353,-0.6764705882352942,-0.3235294117647059,-1.2647058823529411,-0.7647058823529411,-1.6176470588235294,-1.7647058823529411,-0.7647058823529411,-1.4411764705882353,-1.911764705882353,-1.0588235294117647,-0.08823529411764706,-0.5588235294117647,-2.6470588235294117,-1.2647058823529411,-1.2647058823529411,-0.47058823529411764,-0.4411764705882353,-0.7352941176470589,-0.5,-2.1470588235294117,-0.14705882352941177,0.17647058823529413,-0.7941176470588235,-1.1764705882352942,-2.176470588235294,-2.1176470588235294,-0.058823529411764705,-1.2647058823529411,-2.323529411764706,-0.9705882352941176,-0.20588235294117646,-0.8235294117647058,-2.3823529411764706,-1.7647058823529411,-1.6176470588235294,-0.5588235294117647,-1.0294117647058822,-0.7352941176470589,-1.1470588235294117,-2.088235294117647,-0.7058823529411765,-0.8823529411764706,-1.0294117647058822,-1.088235294117647,-1.2941176470588236,-1.5294117647058822,-0.9117647058823529,-1.0,-1.588235294117647,-1.4705882352941178,-0.20588235294117646,-0.35294117647058826,-2.176470588235294,-1.1176470588235294,-0.9117647058823529
Q2RKH8,-0.8773584905660378,-1.849056603773585,-1.990566037735849,-1.3113207547169812,-2.160377358490566,-1.6226415094339623,-1.4339622641509433,-2.443396226415094,-1.9433962264150944,-0.7169811320754716,-0.9433962264150944,-1.8396226415094339,-0.22641509433962265,-1.9622641509433962,-2.9245283018867925,-1.6603773584905661,-1.330188679245283,-3.4056603773584904,-2.2641509433962264,-0.7452830188679245,0.5660377358490566,0.49056603773584906,-0.8962264150943396,-0.8679245283018868,-2.0283018867924527,-0.330188679245283,-0.3018867924528302,-0.9716981132075472,-0.7169811320754716,-0.44339622641509435,-0.49056603773584906,-0.07547169811320754,-0.46226415094339623,-1.669811320754717,0.16037735849056603,0.018867924528301886,-0.16037735849056603,-2.518867924528302,-1.7547169811320755,-0.29245283018867924,-0.2358490566037736,-0.8301886792452831,-1.5188679245283019,-1.5566037735849056,-2.2641509433962264,-0.8584905660377359,-1.0471698113207548,-1.1320754716981132,-1.2830188679245282,-1.179245283018868,-1.2169811320754718,-1.1320754716981132,-0.6886792452830188,-1.9811320754716981,-0.8867924528301887,-0.8679245283018868,-0.7641509433962265,-3.009433962264151,-1.9056603773584906,-0.839622641509434,-0.16037735849056603,-1.6320754716981132,-2.160377358490566,-2.169811320754717,-2.3679245283018866,-1.8679245283018868,-1.7547169811320755,-1.5471698113207548,-2.330188679245283,-1.7547169811320755,-1.9056603773584906,-1.7641509433962264,-1.3773584905660377,-2.8679245283018866,-2.481132075471698,-1.179245283018868,-1.4433962264150944,-3.5849056603773586,-2.688679245283019,-1.1981132075471699
P06632,-0.7536231884057971,-1.7826086956521738,-1.4782608695652173,-1.7391304347826086,-2.289855072463768,-1.4927536231884058,-1.4202898550724639,-1.565217391304348,-1.826086956521739,-1.608695652173913,-1.710144927536232,-1.434782608695652,-1.608695652173913,-2.289855072463768,-2.5652173913043477,-0.927536231884058,-1.0434782608695652,-3.246376811594203,-1.9710144927536233,-1.4202898550724639,-0.9565217391304348,-1.463768115942029,-1.9565217391304348,-1.6521739130434783,-2.0434782608695654,-1.144927536231884,-1.2173913043478262,-2.0579710144927534,-1.3623188405797102,-1.1594202898550725,-1.1594202898550725,-1.0,-0.9420289855072463,-1.4782608695652173,-2.1159420289855073,-1.0434782608695652,-1.0724637681159421,-2.36231884057971,-1.3333333333333333,-0.8840579710144928,-0.6231884057971014,-1.434782608695652,-1.3043478260869565,-1.9855072463768115,-1.8840579710144927,-0.9130434782608695,-1.0289855072463767,-2.3333333333333335,-1.0579710144927537,-1.5507246376811594,-1.0434782608695652,-1.3478260869565217,-1.0144927536231885,-1.7681159420289856,-1.6231884057971016,-0.8695652173913043,-1.0434782608695652,-2.3333333333333335,-1.3043478260869565,-1.2463768115942029,-0.7323943661971831,-1.295774647887324,-1.2394366197183098,-1.1267605633802817,-3.0704225352112675,-0.7887323943661971,-0.7183098591549296,-2.2535211267605635,-1.4647887323943662,-1.4788732394366197,-1.4507042253521127,-0.8028169014084507,-1.2394366197183098,-1.9859154929577465,-1.9154929577464788,-0.9154929577464789,-1.0,-3.211267605633803,-1.7887323943661972,-1.1971830985915493
Q59111,-0.225,-1.2,-1.0125,-1.3,-1.9,-1.0125,-1.1875,-0.7125,-1.5875,-0.825,-0.8875,-0.8375,-0.6125,-1.625,-1.8625,-0.425,-0.3875,-2.4125,-1.6,-0.6875,-0.175,-0.5375,-0.875,-0.8375,-1.7375,-0.3375,-0.25,-0.4125,-1.15,-0.85,-0.8,-0.4125,-0.625,-1.025,-0.7,-0.3,-0.3,-1.575,-0.8625,-0.625,-0.15,-1.0125,-1.0125,-1.2875,-1.8125,-0.8875,-0.775,-1.6,-1.2625,-0.7375,-0.9875,-0.825,-0.6875,-1.5125,-1.3,-0.825,-0.475,-2.2625,-1.15,-0.4,-0.3125,-0.725,-0.7625,-0.75,-2.05,-0.2,-0.225,-1.2125,-0.6125,-1.4625,-1.45,-0.3875,-1.075,-1.1625,-1.2625,-0.4,-0.525,-1.675,-0.5375,-1.2125
P55179,-0.8725490196078431,-1.3235294117647058,-0.8921568627450981,-1.0392156862745099,-2.3823529411764706,-0.8529411764705882,-0.7647058823529411,-1.8235294117647058,-1.2941176470588236,-1.4411764705882353,-1.3725490196078431,-0.8431372549019608,-1.1274509803921569,-2.0,-1.6568627450980393,-0.6274509803921569,-0.3431372549019608,-3.1470588235294117,-1.6568627450980393,-1.1176470588235294,-0.7745098039215687,-1.5490196078431373,-1.1274509803921569,-0.9117647058823529,-2.264705882352941,-1.0980392156862746,-0.8921568627450981,-1.196078431372549,-1.4019607843137254,-1.1862745098039216,-1.3725490196078431,-1.0098039215686274,-1.2450980392156863,-1.7843137254901962,-1.6470588235294117,-0.7352941176470589,-0.5980392156862745,-2.8137254901960786,-1.6568627450980393,-1.088235294117647,-0.23529411764705882,-1.0784313725490196,-0.8725490196078431,-1.1568627450980393,-2.5098039215686274,-0.6568627450980392,-0.49019607843137253,-1.5686274509803921,-1.196078431372549,-1.4019607843137254,-1.5392156862745099,-0.6176470588235294,-1.0098039215686274,-1.7745098039215685,-1.9803921568627452,-0.6764705882352942,-0.7254901960784313,-3.0,-1.5196078431372548,-1.088235294117647,-0.7307692307692307,-1.375,-1.3653846153846154,-1.5288461538461537,-2.625,-1.0865384615384615,-0.7692307692307693,-1.4519230769230769,-1.4326923076923077,-1.25,-1.5769230769230769,-0.7211538461538461,-1.0096153846153846,-1.9230769230769231,-1.7980769230769231,-1.0192307692307692,-0.7980769230769231,-3.173076923076923,-1.3942307692307692,-0.9615384615384616
Q79VE8,-0.3137254901960784,-1.0490196078431373,-0.9215686274509803,-1.0588235294117647,-2.0588235294117645,-0.6470588235294118,-0.7254901960784313,-1.2254901960784315,-1.2450980392156863,-0.9509803921568627,-0.8529411764705882,-0.7941176470588235,-0.5294117647058824,-1.1764705882352942,-1.5294117647058822,-0.43137254901960786,-0.3137254901960784,-1.7549019607843137,-1.0294117647058822,-0.8235294117647058,-0.13725490196078433,-0.8823529411764706,-1.0784313725490196,-1.2058823529411764,-1.8823529411764706,-0.696078431372549,-0.6568627450980392,-0.8725490196078431,-1.3529411764705883,-0.6764705882352942,-0.6862745098039216,-0.6078431372549019,-0.5098039215686274,-1.392156862745098,-1.196078431372549,-0.3333333333333333,-0.3235294117647059,-2.215686274509804,-1.3431372549019607,-0.49019607843137253,0.13725490196078433,-0.5784313725490197,-0.5098039215686274,-0.5196078431372549,-1.7745098039215685,-0.49019607843137253,-0.30392156862745096,-0.49019607843137253,-0.9313725490196079,-0.7352941176470589,-0.803921568627451,-0.3235294117647059,-0.45098039215686275,-1.1372549019607843,-0.3333333333333333,-0.0784313725490196,-0.049019607843137254,-1.6176470588235294,-1.088235294117647,-0.4215686274509804,-0.45098039215686275,-1.3431372549019607,-0.9215686274509803,-0.9509803921568627,-1.8725490196078431,-0.803921568627451,-0.8627450980392157,-1.0686274509803921,-1.1274509803921569,-1.3529411764705883,-1.4509803921568627,-0.9509803921568627,-1.3235294117647058,-1.7156862745098038,-0.7843137254901961,-0.5490196078431373,-0.5686274509803921,-1.9019607843137254,-1.1470588235294117,-1.0294117647058822
P12667,-0.2222222222222222,-1.5,-1.5555555555555556,-1.5833333333333333,-1.1111111111111112,-0.9722222222222222,-1.4722222222222223,-1.8055555555555556,-1.9166666666666667,0.3888888888888889,0.19444444444444445,-1.2222222222222223,0.2777777777777778,-0.8333333333333334,-1.6388888888888888,-0.6111111111111112,-0.1388888888888889,-2.0833333333333335,-1.2222222222222223,0.3888888888888889,-0.3333333333333333,-0.9444444444444444,-0.6666666666666666,-0.6666666666666666,-1.9166666666666667,-0.4166666666666667,-0.2777777777777778,-1.3888888888888888,-0.6666666666666666,-1.5833333333333333,-1.6944444444444444,-0.5833333333333334,-1.1944444444444444,-1.75,-1.0833333333333333,0.05555555555555555,-0.3055555555555556,-2.5,-0.9722222222222222,-1.1666666666666667,-0.7222222222222222,-0.3888888888888889,-0.6944444444444444,-0.2222222222222222,-2.4166666666666665,-0.1388888888888889,0.2222222222222222,-1.1666666666666667,-1.1666666666666667,-2.0555555555555554,-2.1944444444444446,-0.1111111111111111,-1.3055555555555556,-2.361111111111111,-1.1111111111111112,-0.4166666666666667,-0.8888888888888888,-2.5,-1.8333333333333333,-1.6944444444444444,-0.3333333333333333,-1.0769230769230769,-0.6923076923076923,-1.0,-2.1538461538461537,-0.6923076923076923,-0.9487179487179487,-0.6923076923076923,-1.1538461538461537,-1.4871794871794872,-1.794871794871795,-0.9487179487179487,-1.1538461538461537,-1.794871794871795,-1.4615384615384615,-0.07692307692307693,-0.4358974358974359,-2.358974358974359,-1.3076923076923077,-1.0256410256410255
Q46134,-0.27419354838709675,-0.7096774193548387,-0.6129032258064516,-1.0161290322580645,-1.435483870967742,-0.3870967741935484,-0.7580645161290323,-1.4516129032258065,-1.3709677419354838,-0.9838709677419355,-1.064516129032258,-0.3225806451612903,-0.6612903225806451,-1.435483870967742,-1.1290322580645162,-0.03225806451612903,-0.14516129032258066,-2.1451612903225805,-1.1451612903225807,-0.6290322580645161,-0.45161290322580644,-0.45161290322580644,-0.1774193548387097,-0.5806451612903226,-2.3548387096774195,-0.016129032258064516,-0.3064516129032258,-1.1935483870967742,-1.1290322580645162,-1.2096774193548387,-1.3548387096774193,0.3548387096774194,-0.8709677419354839,-1.532258064516129,-1.3709677419354838,-0.08064516129032258,-0.3548387096774194,-2.1129032258064515,-0.8548387096774194,-1.1129032258064515,-0.6451612903225806,-0.6451612903225806,-0.03225806451612903,-0.6129032258064516,-2.1451612903225805,-0.14516129032258066,-0.3548387096774194,-1.1774193548387097,-0.8870967741935484,-0.8870967741935484,-0.8870967741935484,-0.22580645161290322,-0.5967741935483871,-0.9032258064516129,-1.5806451612903225,-0.16129032258064516,-0.14516129032258066,-2.064516129032258,-0.5645161290322581,-0.8387096774193549,-0.5,-0.75,-0.828125,-1.28125,-2.171875,-0.609375,-0.703125,-1.390625,-1.25,-0.890625,-1.0,-0.296875,-0.5,-1.421875,-1.203125,-0.328125,-0.25,-2.453125,-0.953125,-0.796875
P26380,-0.3,-1.175,-1.0,-1.45,-2.075,-0.8,-1.125,-1.85,-1.675,-0.425,-0.8,-1.05,-0.475,-1.75,-2.025,-0.725,-0.4,-2.675,-1.8,-0.175,-0.05,-0.525,-0.575,-0.95,-2.25,-0.225,-0.6,-1.5,-1.175,-0.7,-1.075,-0.25,-0.475,-1.725,-1.1,-0.325,-0.15,-2.55,-1.45,-0.5,-0.45,-0.925,-0.75,-1.35,-1.85,-0.575,-0.9,-1.4,-1.275,-0.925,-1.125,-0.575,-0.625,-1.7,-1.5,-0.575,-0.2,-2.65,-1.525,-0.45,-0.6744186046511628,-0.8837209302325582,-0.8837209302325582,-0.4418604651162791,-2.2093023255813953,-0.3953488372093023,-0.27906976744186046,-2.0232558139534884,-1.5813953488372092,-0.9767441860465116,-0.9069767441860465,-0.32558139534883723,-0.627906976744186,-1.5348837209302326,-1.6046511627906976,-0.4186046511627907,-0.37209302325581395,-2.8372093023255816,-1.5813953488372092,-0.627906976744186
P20487,-0.6666666666666666,-0.5555555555555556,-0.5555555555555556,-0.8055555555555556,-2.25,0.4444444444444444,0.3333333333333333,-1.9722222222222223,-0.8055555555555556,-1.4166666666666667,-1.0555555555555556,-0.1111111111111111,-0.4444444444444444,-1.2222222222222223,-1.75,-0.1111111111111111,-0.75,-2.1666666666666665,-0.7777777777777778,-1.1111111111111112,-0.9444444444444444,-0.08333333333333333,-0.3333333333333333,-0.9444444444444444,-2.4444444444444446,0.6388888888888888,0.4444444444444444,-1.9166666666666667,-0.5555555555555556,-1.6944444444444444,-1.1111111111111112,0.4722222222222222,-0.2777777777777778,-1.6388888888888888,-1.6666666666666667,-0.19444444444444445,-0.8888888888888888,-2.2222222222222223,-0.9444444444444444,-1.3055555555555556,-1.0555555555555556,-0.5833333333333334,-0.1388888888888889,-1.0277777777777777,-2.1944444444444446,0.08333333333333333,-0.2222222222222222,-2.2222222222222223,-0.75,-0.8333333333333334,-0.7777777777777778,-0.25,-0.2222222222222222,-1.6111111111111112,-1.8333333333333333,-0.4722222222222222,-0.4722222222222222,-2.5,-0.9722222222222222,-0.5833333333333334,-0.7435897435897436,-0.41025641025641024,-0.8974358974358975,-0.7692307692307693,-2.2564102564102564,0.15384615384615385,0.15384615384615385,-1.9487179487179487,-0.9743589743589743,-1.358974358974359,-1.1025641025641026,0.1282051282051282,-0.1794871794871795,-1.2307692307692308,-1.7179487179487178,-0.41025641025641024,-1.0256410256410255,-2.2564102564102564,-1.1794871794871795,-1.0512820512820513
P65561,-0.8235294117647058,-2.676470588235294,-2.980392156862745,-3.3137254901960786,-2.6862745098039214,-2.372549019607843,-2.892156862745098,-2.196078431372549,-2.9019607843137254,-0.12745098039215685,-0.23529411764705882,-2.4705882352941178,0.058823529411764705,-0.6078431372549019,-2.088235294117647,-1.588235294117647,-1.2647058823529411,-1.8235294117647058,-1.5196078431372548,-0.47058823529411764,-0.6470588235294118,-2.656862745098039,-1.9607843137254901,-2.892156862745098,-1.9019607843137254,-2.0392156862745097,-2.4901960784313726,-1.5490196078431373,-2.5098039215686274,-0.29411764705882354,-0.24509803921568626,-2.3823529411764706,-0.22549019607843138,-0.5980392156862745,-2.284313725490196,-0.5686274509803921,-0.8921568627450981,-2.0980392156862746,-1.2941176470588236,-0.45098039215686275,-0.7941176470588235,-2.872549019607843,-2.196078431372549,-2.950980392156863,-2.1176470588235294,-2.323529411764706,-2.303921568627451,-1.8235294117647058,-2.3823529411764706,-0.6078431372549019,-0.5882352941176471,-2.5,-0.3235294117647059,-0.17647058823529413,-2.3627450980392157,-1.1666666666666667,-1.0294117647058822,-1.4705882352941178,-1.2647058823529411,-0.9019607843137255,-0.4230769230769231,-1.2115384615384615,-1.8076923076923077,-2.048076923076923,-2.2596153846153846,-1.3461538461538463,-1.7019230769230769,-1.2403846153846154,-1.8461538461538463,-0.7980769230769231,-0.27884615384615385,-1.4519230769230769,-0.4519230769230769,-1.0096153846153846,-0.5865384615384616,-1.0096153846153846,-0.8653846153846154,-1.4038461538461537,-1.2307692307692308,-0.5288461538461539
P33116,-0.33986928104575165,-1.2679738562091503,-1.5294117647058822,-2.241830065359477,-2.522875816993464,-1.2287581699346406,-2.0,-1.4901960784313726,-1.9281045751633987,-0.1111111111111111,0.13725490196078433,-1.5032679738562091,-0.19607843137254902,-0.1568627450980392,-2.503267973856209,-0.40522875816993464,-0.42483660130718953,-1.673202614379085,-0.9150326797385621,-0.39215686274509803,0.05228758169934641,-1.8104575163398693,-1.607843137254902,-2.8627450980392157,-2.176470588235294,-1.2287581699346406,-2.287581699346405,-1.4379084967320261,-2.3137254901960786,0.28104575163398693,0.10457516339869281,-2.0588235294117645,0.17647058823529413,0.0392156862745098,-3.045751633986928,-0.2875816993464052,-0.33986928104575165,-1.9607843137254901,-0.9084967320261438,0.0,-1.588235294117647,-1.9673202614379084,-1.477124183006536,-2.1633986928104574,-3.215686274509804,-1.7058823529411764,-1.9215686274509804,-2.4313725490196076,-2.150326797385621,-1.4248366013071896,-1.7516339869281046,-1.7712418300653594,-1.7581699346405228,-2.084967320261438,-2.5098039215686274,-1.1699346405228759,-1.326797385620915,-3.869281045751634,-2.326797385620915,-1.5163398692810457,-1.1612903225806452,-1.5741935483870968,-2.0838709677419356,-1.935483870967742,-3.3548387096774195,-1.1935483870967742,-1.135483870967742,-2.832258064516129,-2.1548387096774193,-1.6903225806451614,-1.5741935483870968,-1.5096774193548388,-1.5096774193548388,-2.935483870967742,-3.3870967741935485,-1.4645161290322581,-1.6387096774193548,-3.967741935483871,-2.9161290322580644,-1.664516129032258
Q93PS3,0.0821917808219178,-1.6575342465753424,-1.5205479452054795,-1.9315068493150684,-2.0547945205479454,-1.2534246575342465,-1.5684931506849316,-1.5273972602739727,-1.0136986301369864,-1.2191780821917808,-1.2945205479452055,-1.9383561643835616,-1.1506849315068493,-1.9931506849315068,-2.0616438356164384,-0.8013698630136986,-0.6986301369863014,-3.3493150684931505,-2.0273972602739727,-0.7945205479452054,-0.03424657534246575,-0.9452054794520548,-1.4726027397260273,-1.1575342465753424,-2.1575342465753424,-0.6164383561643836,-1.1506849315068493,-1.2808219178082192,-0.863013698630137,-0.9863013698630136,-0.5684931506849316,-1.2808219178082192,-1.0890410958904109,-1.4452054794520548,-0.3219178082191781,-0.726027397260274,-0.7671232876712328,-1.6095890410958904,-1.417808219178082,-0.6506849315068494,0.23972602739726026,-0.5753424657534246,-0.684931506849315,-0.7602739726027398,-1.6849315068493151,-0.4657534246575342,-0.7671232876712328,-0.8972602739726028,-0.4931506849315068,-0.7876712328767124,-0.6986301369863014,-0.9041095890410958,-0.8767123287671232,-1.0616438356164384,-0.6917808219178082,-0.3767123287671233,-0.4315068493150685,-0.6986301369863014,-1.2191780821917808,-0.6986301369863014,-0.5068493150684932,-1.178082191780822,-0.8767123287671232,-1.0753424657534247,-2.047945205479452,-0.7465753424657534,-0.8972602739726028,-1.3082191780821917,-0.8904109589041096,-1.0890410958904109,-1.047945205479452,-1.082191780821918,-0.910958904109589,-1.4315068493150684,-1.5684931506849316,-0.821917808219178,-0.8493150684931506,-2.23972602739726,-1.321917808219178,-0.9863013698630136
P0A0A5,-0.49523809523809526,-0.9809523809523809,-0.6857142857142857,-0.9523809523809523,-2.019047619047619,-0.44761904761904764,-0.4857142857142857,-1.5523809523809524,-0.8571428571428571,-1.0666666666666667,-0.9238095238095239,-0.38095238095238093,-0.6,-1.0857142857142856,-1.6761904761904762,-0.4380952380952381,-0.38095238095238093,-2.038095238095238,-0.6476190476190476,-0.7523809523809524,-0.6761904761904762,-0.3238095238095238,-0.17142857142857143,-0.5142857142857142,-2.1333333333333333,-0.3142857142857143,-0.18095238095238095,-1.3047619047619048,-0.6571428571428571,-1.0857142857142856,-0.9904761904761905,0.009523809523809525,-0.7142857142857143,-1.1047619047619048,-1.1238095238095238,-0.3238095238095238,-0.23809523809523808,-1.8285714285714285,-0.8095238095238095,-0.9619047619047619,-0.4380952380952381,-0.3523809523809524,-0.14285714285714285,0.13333333333333333,-2.257142857142857,0.14285714285714285,0.4666666666666667,-1.3333333333333333,-0.49523809523809526,-1.1333333333333333,-0.9809523809523809,0.23809523809523808,-0.7523809523809524,-1.3142857142857143,-1.161904761904762,-0.3523809523809524,-0.3904761904761905,-2.1333333333333333,-0.8857142857142857,-1.0380952380952382,-0.6190476190476191,-1.0095238095238095,-0.6190476190476191,-1.0952380952380953,-2.2857142857142856,-0.8285714285714286,-0.8476190476190476,-1.380952380952381,-0.6761904761904762,-1.276190476190476,-1.2380952380952381,-0.6761904761904762,-0.8095238095238095,-0.7142857142857143,-1.6571428571428573,-0.5333333333333333,-0.6476190476190476,-1.4761904761904763,-0.009523809523809525,-1.0761904761904761
P38536,-0.5096774193548387,-0.7763440860215054,-0.5010752688172043,-0.6387096774193548,-2.156989247311828,-0.5956989247311828,-0.589247311827957,-1.0172043010752687,-0.5290322580645161,-1.1698924731182796,-1.232258064516129,-0.7032258064516129,-0.9827956989247312,-1.0580645161290323,-1.0021505376344086,-0.4043010752688172,-0.44946236559139785,-1.29247311827957,-0.6064516129032258,-0.9032258064516129,-0.7268817204301076,-1.0946236559139786,-0.5053763440860215,-0.6709677419354839,-2.281720430107527,-0.8236559139784946,-0.9204301075268817,-0.9548387096774194,-0.45376344086021503,-1.270967741935484,-1.1591397849462366,-1.2903225806451613,-0.9913978494623656,-0.7806451612903226,-1.3634408602150538,-0.6688172043010753,-0.6860215053763441,-0.9032258064516129,-0.35698924731182796,-1.1268817204301076,-0.0989247311827957,-1.0946236559139786,-0.15483870967741936,-0.6623655913978495,-1.9204301075268817,-0.5720430107526882,-0.6387096774193548,-0.8387096774193549,-1.1634408602150537,-1.0021505376344086,-1.2860215053763442,-0.6258064516129033,-0.9182795698924732,-1.5096774193548388,-1.1612903225806452,0.15698924731182795,0.35053763440860214,-2.1010752688172043,-0.9806451612903225,-0.5720430107526882,-0.06652360515021459,-0.9935622317596566,-0.1888412017167382,-0.5150214592274678,-2.0,-0.351931330472103,-0.4570815450643777,-0.7703862660944206,-1.2489270386266094,-0.927038626609442,-1.0751072961373391,-0.33476394849785407,-0.7875536480686696,-1.4034334763948497,-1.1716738197424892,0.012875536480686695,0.1223175965665236,-2.184549356223176,-1.05793991416309,-0.6609442060085837
P20805,-0.9659090909090909,-1.25,-1.4886363636363635,-0.9886363636363636,-2.340909090909091,-1.3068181818181819,-1.0454545454545454,-1.7272727272727273,-1.9545454545454546,-1.4318181818181819,-1.8068181818181819,-1.1022727272727273,-1.3295454545454546,-1.6363636363636365,-1.4886363636363635,-0.8068181818181818,-0.7613636363636364,-2.5681818181818183,-1.7045454545454546,-1.2386363636363635,-0.625,-1.3522727272727273,-1.1477272727272727,-1.1022727272727273,-2.3181818181818183,-0.7954545454545454,-0.625,-1.3295454545454546,-0.8977272727272727,-1.5909090909090908,-1.4886363636363635,-1.0454545454545454,-1.1590909090909092,-1.2954545454545454,-1.5340909090909092,-0.7613636363636364,-1.0909090909090908,-2.4431818181818183,-0.875,-1.25,-0.48863636363636365,-1.75,-1.0227272727272727,-1.625,-2.159090909090909,-1.375,-1.3295454545454546,-1.4659090909090908,-1.1022727272727273,-1.3977272727272727,-1.3863636363636365,-1.1136363636363635,-1.0,-1.3863636363636365,-2.0681818181818183,-0.8863636363636364,-0.8295454545454546,-2.6931818181818183,-1.25,-1.3522727272727273,-0.19318181818181818,-1.0454545454545454,-1.0113636363636365,-1.3181818181818181,-2.090909090909091,-1.3522727272727273,-1.1477272727272727,-1.25,-1.7159090909090908,-1.5454545454545454,-1.75,-1.125,-1.5113636363636365,-2.25,-1.1477272727272727,-0.4772727272727273,-0.7840909090909091,-2.7386363636363638,-1.75,-1.3522727272727273
P0A5P8,0.7142857142857143,-1.4285714285714286,-1.5,-1.8571428571428572,-1.4047619047619047,-0.9285714285714286,-1.3571428571428572,-0.8571428571428571,-1.619047619047619,-0.38095238095238093,-0.5952380952380952,-1.0238095238095237,-0.11904761904761904,-1.3571428571428572,-1.2380952380952381,-0.14285714285714285,-0.16666666666666666,-2.4285714285714284,-1.2857142857142858,0.047619047619047616,0.11904761904761904,-1.4761904761904763,-0.9761904761904762,-1.0476190476190477,-1.8095238095238095,-0.7142857142857143,-0.8809523809523809,-1.2380952380952381,-1.7380952380952381,-0.9523809523809523,-0.9285714285714286,-0.9523809523809523,-0.7619047619047619,-2.0,0.2619047619047619,0.09523809523809523,-0.09523809523809523,-2.857142857142857,-1.8095238095238095,-0.5238095238095238,0.21428571428571427,-1.0,-0.42857142857142855,-0.6904761904761905,-1.7857142857142858,-0.6904761904761905,-0.7142857142857143,-0.5952380952380952,-1.0,-1.2142857142857142,-1.2619047619047619,-0.5952380952380952,-0.8333333333333334,-1.7857142857142858,-1.0476190476190477,0.19047619047619047,0.09523809523809523,-2.5714285714285716,-1.5238095238095237,-0.8333333333333334,-0.14285714285714285,-0.9285714285714286,-0.5238095238095238,-1.1904761904761905,-1.8571428571428572,-0.16666666666666666,-0.6666666666666666,-1.119047619047619,-1.119047619047619,-1.0714285714285714,-1.0238095238095237,-0.7380952380952381,-0.38095238095238093,-1.3571428571428572,-1.0476190476190477,-0.023809523809523808,-0.09523809523809523,-2.1666666666666665,-1.380952380952381,-0.7142857142857143
P37552,-0.16129032258064516,-1.7741935483870968,-1.3548387096774193,-2.032258064516129,-2.3225806451612905,-1.3870967741935485,-1.6774193548387097,-1.4838709677419355,-1.8709677419354838,-1.0,-1.6451612903225807,-1.2258064516129032,-1.1612903225806452,-2.096774193548387,-0.9354838709677419,-0.3225806451612903,-0.4838709677419355,-3.3225806451612905,-1.7741935483870968,-0.7741935483870968,-0.2903225806451613,-1.4516129032258065,-0.7741935483870968,-1.064516129032258,-2.2903225806451615,0.06451612903225806,-0.2903225806451613,-1.3870967741935485,-1.4838709677419355,-0.8064516129032258,-1.096774193548387,-0.7096774193548387,-1.0,-2.129032258064516,-1.6451612903225807,-0.8064516129032258,-0.16129032258064516,-3.3870967741935485,-2.064516129032258,-0.5161290322580645,-0.4838709677419355,-1.7419354838709677,-0.3870967741935484,-1.064516129032258,-2.225806451612903,-1.2903225806451613,-1.1612903225806452,-1.967741935483871,-1.2258064516129032,-1.064516129032258,-1.4838709677419355,-0.7741935483870968,-0.7096774193548387,-1.4516129032258065,-2.774193548387097,-0.6451612903225806,-0.41935483870967744,-2.935483870967742,-1.6129032258064515,-0.9032258064516129,-0.09375,-1.4375,-1.84375,-1.875,-1.71875,-1.375,-1.0625,-2.15625,-1.8125,-1.09375,-1.375,-0.84375,-1.25,-1.71875,-1.3125,-1.125,-1.15625,-2.625,-1.6875,-0.25
P46807,0.020618556701030927,-1.4329896907216495,-0.7938144329896907,-1.5463917525773196,-2.4123711340206184,-1.0309278350515463,-1.134020618556701,-1.2474226804123711,-1.134020618556701,-1.6082474226804124,-1.3195876288659794,-1.4123711340206186,-1.2989690721649485,-1.7525773195876289,-1.7525773195876289,-0.5773195876288659,-0.4845360824742268,-3.3711340206185567,-1.3505154639175259,-1.0721649484536082,-0.29896907216494845,-1.7731958762886597,-1.7835051546391754,-1.5876288659793814,-2.2061855670103094,-1.9175257731958764,-1.4536082474226804,-1.731958762886598,-0.9587628865979382,-1.0103092783505154,-1.3608247422680413,-1.7835051546391754,-1.3711340206185567,-1.7938144329896908,-1.7731958762886597,-1.2989690721649485,-1.0515463917525774,-3.2989690721649483,-1.5876288659793814,-0.5876288659793815,0.1134020618556701,-0.7628865979381443,-1.6597938144329898,-1.7010309278350515,-2.216494845360825,-1.1134020618556701,-1.2268041237113403,-0.9381443298969072,-0.9381443298969072,-0.9381443298969072,-0.865979381443299,-1.0824742268041236,-0.7835051546391752,-1.5051546391752577,-1.7938144329896908,-0.8350515463917526,-0.8350515463917526,-2.2577319587628866,-1.2164948453608246,-0.9072164948453608,-0.5979381443298969,-1.2164948453608246,-1.3917525773195876,-1.1649484536082475,-1.9793814432989691,-1.268041237113402,-0.9072164948453608,-1.422680412371134,-1.2989690721649485,-1.2783505154639174,-1.1134020618556701,-1.3298969072164948,-1.1134020618556701,-1.4536082474226804,-1.865979381443299,-0.5154639175257731,-0.8350515463917526,-2.731958762886598,-1.5463917525773196,-0.9175257731958762
A6QIG7,-0.16216216216216217,-1.027027027027027,-0.918918918918919,-1.6216216216216217,-1.6216216216216217,-0.918918918918919,-1.0,-1.7297297297297298,-0.918918918918919,-1.027027027027027,-0.7837837837837838,-0.7297297297297297,-0.5405405405405406,-1.0,-1.3513513513513513,-0.05405405405405406,0.10810810810810811,-2.2162162162162162,-1.027027027027027,-0.7297297297297297,-0.7297297297297297,-0.2702702702702703,-0.3783783783783784,-0.7567567567567568,-2.3513513513513513,-0.08108108108108109,0.2972972972972973,-1.6216216216216217,-1.0810810810810811,-1.7027027027027026,-1.2162162162162162,0.2702702702702703,-0.8108108108108109,-1.8918918918918919,-1.4594594594594594,-0.10810810810810811,-0.5405405405405406,-2.5945945945945947,-1.5405405405405406,-1.2972972972972974,-0.7297297297297297,-0.8378378378378378,-0.3783783783783784,-1.162162162162162,-2.027027027027027,-0.4594594594594595,-0.5135135135135135,-1.6486486486486487,-1.0,-1.2432432432432432,-1.027027027027027,-0.40540540540540543,-0.6756756756756757,-1.3513513513513513,-1.5945945945945945,-0.32432432432432434,-0.2702702702702703,-2.1621621621621623,-0.7567567567567568,-0.8648648648648649,-0.7631578947368421,-0.6578947368421053,-0.42105263157894735,-1.3157894736842106,-2.1315789473684212,-0.5263157894736842,-0.5526315789473685,-1.2105263157894737,-0.8421052631578947,-1.5789473684210527,-1.394736842105263,-0.18421052631578946,-0.868421052631579,-1.1842105263157894,-1.6578947368421053,-0.23684210526315788,-0.6578947368421053,-1.9736842105263157,-0.5263157894736842,-1.1578947368421053
P42014,-0.04861111111111111,-0.5486111111111112,-1.0833333333333333,-0.7847222222222222,-2.3958333333333335,-0.2638888888888889,-0.09722222222222222,-1.375,-1.2638888888888888,-0.8333333333333334,-0.9513888888888888,-0.4444444444444444,-0.7708333333333334,-1.8125,-1.5833333333333333,-0.5902777777777778,-0.4861111111111111,-2.826388888888889,-1.5902777777777777,-0.7222222222222222,-0.09722222222222222,-1.1666666666666667,-1.0,-0.9236111111111112,-1.9861111111111112,-0.6666666666666666,-0.4791666666666667,-1.3055555555555556,-1.5486111111111112,-0.7291666666666666,-0.9375,-0.7847222222222222,-0.8958333333333334,-1.9722222222222223,-1.3402777777777777,-0.5,-0.3680555555555556,-2.673611111111111,-1.7986111111111112,-0.4236111111111111,-0.7638888888888888,-1.0902777777777777,-1.5486111111111112,-1.7777777777777777,-2.611111111111111,-1.0069444444444444,-0.6805555555555556,-1.9097222222222223,-1.6875,-1.1388888888888888,-1.0347222222222223,-1.0555555555555556,-0.7638888888888888,-1.4861111111111112,-1.7916666666666667,-1.2708333333333333,-1.2291666666666667,-2.9583333333333335,-1.6388888888888888,-1.1805555555555556,-0.3219178082191781,-1.3630136986301369,-1.4931506849315068,-1.6712328767123288,-2.3493150684931505,-1.0410958904109588,-0.9794520547945206,-1.9931506849315068,-1.856164383561644,-1.047945205479452,-1.0273972602739727,-1.2123287671232876,-0.7602739726027398,-1.86986301369863,-2.1232876712328768,-0.7328767123287672,-1.0205479452054795,-3.0547945205479454,-1.773972602739726,-0.9041095890410958
P35596,-0.1513157894736842,-0.5197368421052632,-1.2171052631578947,-1.2763157894736843,-1.7960526315789473,-0.5131578947368421,-0.5921052631578947,-0.9736842105263158,-1.0592105263157894,-1.0460526315789473,-0.6907894736842105,-0.6447368421052632,-0.7631578947368421,-1.4144736842105263,-1.381578947368421,-0.42105263157894735,-0.506578947368421,-1.855263157894737,-1.256578947368421,-0.7894736842105263,-0.3026315789473684,-0.75,-0.8947368421052632,-0.9078947368421053,-1.625,-0.7631578947368421,-0.9276315789473685,-0.875,-0.8881578947368421,-0.875,-1.0394736842105263,-0.8157894736842105,-0.9276315789473685,-1.4342105263157894,-1.0460526315789473,-0.5592105263157895,-0.4473684210526316,-2.026315789473684,-1.105263157894737,-0.5855263157894737,-0.19078947368421054,-0.5460526315789473,-0.625,-0.3618421052631579,-1.9342105263157894,-0.47368421052631576,-0.2565789473684211,-0.7368421052631579,-0.7960526315789473,-0.7171052631578947,-0.75,-0.4605263157894737,-0.7171052631578947,-1.0855263157894737,-0.506578947368421,-0.3092105263157895,-0.29605263157894735,-1.486842105263158,-1.0526315789473684,-0.631578947368421,-0.09210526315789473,-0.40131578947368424,-0.743421052631579,-0.6052631578947368,-1.638157894736842,-0.27631578947368424,-0.13815789473684212,-1.0789473684210527,-0.6710526315789473,-1.0986842105263157,-0.868421052631579,-0.47368421052631576,-0.7105263157894737,-1.486842105263158,-1.3157894736842106,-0.34868421052631576,-0.40789473684210525,-1.888157894736842,-0.8486842105263158,-0.8026315789473685
P31306,-0.14545454545454545,-0.9878787878787879,-0.6606060606060606,-0.8606060606060606,-2.2,-0.6787878787878788,-0.8242424242424242,-0.8,-1.2181818181818183,-1.0242424242424242,-0.8363636363636363,-0.5454545454545454,-0.8303030303030303,-1.1454545454545455,-0.806060606060606,-0.07878787878787878,-0.1393939393939394,-1.6727272727272726,-0.9333333333333333,-0.7151515151515152,-0.2545454545454545,-0.7696969696969697,-0.4303030303030303,-0.5272727272727272,-2.4,-0.32727272727272727,-0.6181818181818182,-1.1090909090909091,-1.0727272727272728,-1.0242424242424242,-0.9696969696969697,-0.2727272727272727,-0.8424242424242424,-0.7878787878787878,-0.5393939393939394,-0.4303030303030303,-0.3212121212121212,-1.587878787878788,-0.6,-0.6848484848484848,0.12727272727272726,-0.4484848484848485,-0.2545454545454545,-0.3393939393939394,-2.1151515151515152,0.07878787878787878,-0.2909090909090909,-0.8,-1.0,-0.793939393939394,-0.6484848484848484,-0.030303030303030304,-0.6181818181818182,-1.096969696969697,-0.4727272727272727,-0.20606060606060606,-0.23636363636363636,-1.2545454545454546,-0.6606060606060606,-0.5272727272727272,-0.14285714285714285,-0.5476190476190477,-0.26785714285714285,-0.48214285714285715,-2.261904761904762,-0.125,-0.23214285714285715,-1.125,-0.9107142857142857,-1.2380952380952381,-1.1904761904761905,-0.17857142857142858,-0.8214285714285714,-1.2619047619047619,-0.9583333333333334,-0.17857142857142858,-0.40476190476190477,-1.5654761904761905,-0.6726190476190477,-0.9821428571428571
P28598,-0.6102941176470589,-2.0,-1.9558823529411764,-2.213235294117647,-3.3088235294117645,-1.713235294117647,-1.6838235294117647,-2.323529411764706,-2.764705882352941,-2.0,-2.286764705882353,-1.1838235294117647,-1.8088235294117647,-3.338235294117647,-2.911764705882353,-1.2720588235294117,-1.1838235294117647,-4.345588235294118,-3.161764705882353,-1.4338235294117647,-1.1323529411764706,-2.360294117647059,-1.9411764705882353,-2.0955882352941178,-3.3308823529411766,-1.5588235294117647,-1.4191176470588236,-2.6176470588235294,-2.7205882352941178,-1.588235294117647,-1.9558823529411764,-1.6029411764705883,-1.75,-3.036764705882353,-3.014705882352941,-1.286764705882353,-1.1838235294117647,-4.301470588235294,-2.8970588235294117,-1.25,-0.7720588235294118,-1.7720588235294117,-2.0588235294117645,-1.7573529411764706,-3.625,-1.5661764705882353,-1.0955882352941178,-2.426470588235294,-2.75,-2.2573529411764706,-2.411764705882353,-1.2279411764705883,-2.088235294117647,-3.5,-3.1838235294117645,-1.411764705882353,-1.2941176470588236,-4.411764705882353,-3.286764705882353,-1.7205882352941178,-0.2647058823529412,-2.2794117647058822,-1.7426470588235294,-1.8014705882352942,-3.0588235294117645,-1.713235294117647,-1.411764705882353,-1.536764705882353,-2.6838235294117645,-1.6102941176470589,-1.8529411764705883,-1.6323529411764706,-1.2205882352941178,-2.8529411764705883,-2.2279411764705883,-1.1985294117647058,-1.1691176470588236,-3.8529411764705883,-2.735294117647059,-1.0955882352941178
Q6YP15,-1.6808510638297873,-2.3404255319148937,-2.297872340425532,-3.25531914893617,-3.9361702127659575,-2.3191489361702127,-2.595744680851064,-2.5531914893617023,-2.106382978723404,-2.3404255319148937,-2.1702127659574466,-1.872340425531915,-2.25531914893617,-2.276595744680851,-3.74468085106383,-2.1702127659574466,-2.382978723404255,-3.0638297872340425,-2.404255319148936,-2.425531914893617,-1.8085106382978724,-2.702127659574468,-2.3404255319148937,-2.5531914893617023,-3.574468085106383,-2.5319148936170213,-2.3617021276595747,-3.723404255319149,-2.702127659574468,-1.7234042553191489,-1.851063829787234,-2.3617021276595747,-1.9787234042553192,-2.574468085106383,-3.723404255319149,-2.3617021276595747,-2.382978723404255,-3.9361702127659575,-2.25531914893617,-1.7659574468085106,-2.297872340425532,-1.8085106382978724,-2.021276595744681,-3.25531914893617,-3.851063829787234,-2.3404255319148937,-3.3191489361702127,-1.7234042553191489,-2.4468085106382977,-2.9574468085106385,-3.1702127659574466,-1.7659574468085106,-3.0638297872340425,-3.893617021276596,-3.5319148936170213,-1.9574468085106382,-2.8297872340425534,-5.170212765957447,-3.765957446808511,-3.1914893617021276,-0.5510204081632653,-1.7551020408163265,-1.3673469387755102,-1.510204081632653,-2.673469387755102,-1.0612244897959184,-0.9183673469387755,-2.5714285714285716,-1.7551020408163265,-1.183673469387755,-1.2448979591836735,-0.9795918367346939,-1.4285714285714286,-2.163265306122449,-2.142857142857143,-1.0816326530612246,-1.2244897959183674,-3.142857142857143,-2.4285714285714284,-1.183673469387755
P54178,-0.5625,-1.1458333333333333,-0.7916666666666666,-1.1875,-1.6875,-0.75,-0.7708333333333334,-1.4583333333333333,-1.5,-0.6041666666666666,-0.5833333333333334,-0.4375,-0.5,-0.9166666666666666,-1.4166666666666667,-0.5625,-0.22916666666666666,-2.7291666666666665,-1.3125,-0.5416666666666666,-0.9166666666666666,-1.6875,-1.2708333333333333,-1.1458333333333333,-1.8125,-1.1458333333333333,-0.9791666666666666,-1.8125,-1.3541666666666667,-0.7291666666666666,-0.9166666666666666,-0.8958333333333334,-1.1458333333333333,-0.8125,-1.4375,-0.8958333333333334,-0.6666666666666666,-2.125,-0.9166666666666666,-0.7083333333333334,-0.5833333333333334,-0.7708333333333334,-0.5208333333333334,-0.1875,-1.9583333333333333,-0.2916666666666667,-0.25,-1.1875,-0.8125,-1.0416666666666667,-0.9166666666666666,-0.020833333333333332,-0.7708333333333334,-1.0,-0.6458333333333334,-0.3125,-0.5625,-1.9583333333333333,-0.75,-0.7916666666666666,-0.673469387755102,-0.7755102040816326,-0.6122448979591837,-0.30612244897959184,-2.2857142857142856,-0.3673469387755102,-0.3673469387755102,-1.2857142857142858,-0.7959183673469388,-0.7346938775510204,-1.0612244897959184,-0.2653061224489796,-0.6326530612244898,-1.2448979591836735,-1.3265306122448979,-0.24489795918367346,-0.3469387755102041,-2.5306122448979593,-0.8775510204081632,-0.7346938775510204
P29761,-0.5542857142857143,-0.9771428571428571,-0.6628571428571428,-0.9771428571428571,-1.9142857142857144,-0.6971428571428572,-0.68,-1.5314285714285714,-1.28,-0.9885714285714285,-1.08,-0.5428571428571428,-0.7085714285714285,-1.3828571428571428,-1.5942857142857143,-0.25142857142857145,-0.38285714285714284,-2.3142857142857145,-1.1657142857142857,-0.7428571428571429,-0.33714285714285713,-0.6857142857142857,-0.13142857142857142,-0.5885714285714285,-1.8342857142857143,-0.4057142857142857,-0.3028571428571429,-0.8971428571428571,-0.9028571428571428,-0.8,-0.92,-0.2914285714285714,-0.64,-1.0571428571428572,-1.16,0.02857142857142857,-0.2914285714285714,-1.6228571428571428,-0.6228571428571429,-0.8342857142857143,-0.33714285714285713,-0.6514285714285715,-0.5257142857142857,-0.6857142857142857,-1.96,-0.5371428571428571,-0.49714285714285716,-1.177142857142857,-0.8514285714285714,-0.7942857142857143,-0.9028571428571428,-0.4685714285714286,-0.6285714285714286,-0.8914285714285715,-1.3885714285714286,-0.18857142857142858,-0.35428571428571426,-1.0,-0.2571428571428571,-0.6514285714285715,-0.3163841807909605,-0.7796610169491526,-0.711864406779661,-0.7401129943502824,-1.9322033898305084,-0.632768361581921,-0.480225988700565,-0.9548022598870056,-0.8983050847457628,-0.751412429378531,-0.559322033898305,-0.4915254237288136,-0.4463276836158192,-0.8870056497175142,-0.864406779661017,-0.384180790960452,-0.4632768361581921,-1.5480225988700564,-0.5988700564971752,-0.6045197740112994
P24943,-0.20952380952380953,-2.447619047619048,-2.5047619047619047,-3.2666666666666666,-2.5714285714285716,-2.0,-2.676190476190476,-1.7428571428571429,-2.5904761904761906,0.06666666666666667,-0.009523809523809525,-2.1523809523809523,-0.38095238095238093,-0.9904761904761905,-2.533333333333333,-1.0,-0.9142857142857143,-2.9047619047619047,-2.038095238095238,-0.009523809523809525,-0.09523809523809523,-1.8666666666666667,-1.4666666666666666,-1.9333333333333333,-2.342857142857143,-1.457142857142857,-1.6571428571428573,-1.3047619047619048,-2.0285714285714285,-0.23809523809523808,-0.638095238095238,-1.457142857142857,-0.3904761904761905,-0.8952380952380953,-1.819047619047619,-0.7238095238095238,-0.4095238095238095,-2.8285714285714287,-1.7809523809523808,0.0380952380952381,-0.47619047619047616,-2.2666666666666666,-1.9333333333333333,-2.8095238095238093,-1.9428571428571428,-2.123809523809524,-2.4,-1.8666666666666667,-2.3714285714285714,-0.580952380952381,-0.42857142857142855,-1.9428571428571428,-0.580952380952381,-1.2285714285714286,-2.3333333333333335,-1.019047619047619,-0.6571428571428571,-2.9904761904761905,-1.619047619047619,-0.42857142857142855,0.27358490566037735,-2.19811320754717,-1.820754716981132,-2.047169811320755,-1.990566037735849,-1.4528301886792452,-1.7169811320754718,-1.509433962264151,-2.3773584905660377,-0.6415094339622641,-0.6886792452830188,-1.9245283018867925,-0.7264150943396226,-1.8962264150943395,-2.207547169811321,-0.49056603773584906,-0.3018867924528302,-3.2169811320754715,-2.4245283018867925,-0.2830188679245283
P08656,-1.1875,-0.375,-0.78125,-1.78125,-2.625,-0.46875,-0.875,-1.9375,-1.25,-1.46875,-1.21875,-0.65625,-0.46875,-1.28125,-2.34375,-1.0,-0.96875,-1.625,-0.96875,-1.28125,-0.46875,-2.46875,-2.5,-2.9375,-0.84375,-2.0,-2.53125,-1.5625,-2.625,0.03125,0.125,-2.3125,-0.3125,-1.03125,-1.5625,-1.375,-0.75,-2.5625,-1.53125,-0.15625,-0.25,-1.96875,-2.125,-2.71875,-1.46875,-1.625,-2.125,-1.65625,-2.34375,-0.15625,-0.125,-1.6875,-0.125,-0.6875,-2.3125,-1.0625,-0.5625,-1.59375,-1.125,-0.21875,-0.90625,-0.40625,0.375,-0.46875,-1.96875,-0.21875,0.09375,-1.28125,-0.71875,-2.75,-2.625,0.21875,-1.96875,-2.8125,-0.75,0.25,-0.03125,-3.1875,-1.84375,-2.3125
P75409,-0.38095238095238093,-0.5510204081632653,-0.6938775510204082,-1.08843537414966,-2.1020408163265305,-0.46258503401360546,-0.564625850340136,-1.272108843537415,-0.7346938775510204,-1.346938775510204,-1.3333333333333333,-0.7414965986394558,-0.9115646258503401,-1.163265306122449,-1.2857142857142858,-0.29931972789115646,-0.41496598639455784,-2.0,-0.7006802721088435,-1.0272108843537415,-0.2653061224489796,-0.8775510204081632,-0.5510204081632653,-0.9251700680272109,-1.7142857142857142,-0.23809523809523808,-0.40816326530612246,-1.3401360544217686,-0.9387755102040817,-1.2789115646258504,-1.3265306122448979,-0.5850340136054422,-0.782312925170068,-1.816326530612245,-0.673469387755102,0.061224489795918366,-0.1564625850340136,-2.272108843537415,-1.2585034013605443,-0.8503401360544217,-0.54421768707483,-1.1360544217687074,-0.8231292517006803,-1.2448979591836735,-1.6462585034013606,-0.4965986394557823,-0.7619047619047619,-1.7074829931972788,-1.251700680272109,-1.0204081632653061,-0.9319727891156463,-0.8231292517006803,-0.5374149659863946,-1.2993197278911566,-1.5374149659863945,-0.272108843537415,-0.2789115646258503,-2.1156462585034013,-1.1088435374149659,-0.7346938775510204,-1.0933333333333333,-1.1,-0.68,-0.9066666666666666,-2.0733333333333333,-0.52,-0.6533333333333333,-1.5466666666666666,-0.92,-1.4333333333333333,-1.3733333333333333,-0.7866666666666666,-0.84,-1.0666666666666667,-1.8733333333333333,-0.5466666666666666,-0.78,-1.48,-0.62,-1.2333333333333334
P09401,-0.14285714285714285,-1.0178571428571428,-1.0803571428571428,-1.4107142857142858,-1.9464285714285714,-0.8214285714285714,-1.0892857142857142,-1.2232142857142858,-1.2946428571428572,-1.1428571428571428,-1.0178571428571428,-0.7678571428571429,-0.6696428571428571,-1.2946428571428572,-1.3571428571428572,-0.32142857142857145,-0.16964285714285715,-2.330357142857143,-1.0982142857142858,-0.8392857142857143,-0.13392857142857142,-0.7678571428571429,-0.4375,-0.7232142857142857,-1.7410714285714286,-0.5089285714285714,-0.5803571428571429,-0.9196428571428571,-1.0446428571428572,-1.375,-1.4196428571428572,-0.45535714285714285,-1.0357142857142858,-1.8482142857142858,-1.25,-0.19642857142857142,-0.13392857142857142,-2.1875,-1.2410714285714286,-0.9732142857142857,-0.32142857142857145,-0.6071428571428571,-0.5178571428571429,-0.4642857142857143,-1.9821428571428572,-0.24107142857142858,-0.375,-1.0267857142857142,-0.6517857142857143,-1.3214285714285714,-1.0357142857142858,-0.3392857142857143,-0.8303571428571429,-1.4375,-0.9553571428571429,-0.32142857142857145,-0.5178571428571429,-1.7321428571428572,-0.9910714285714286,-1.0803571428571428,-0.09734513274336283,-1.0973451327433628,-0.911504424778761,-1.0530973451327434,-2.256637168141593,-0.504424778761062,-0.6814159292035398,-1.0707964601769913,-0.9557522123893806,-1.2035398230088497,-1.079646017699115,-0.7876106194690266,-0.8141592920353983,-1.4601769911504425,-1.4778761061946903,-0.22123893805309736,-0.1592920353982301,-2.47787610619469,-1.2300884955752212,-0.7964601769911505
P10335,-0.2616279069767442,-0.9767441860465116,0.6511627906976745,-0.09302325581395349,-2.9069767441860463,0.7034883720930233,0.6046511627906976,-1.686046511627907,-1.0116279069767442,-1.558139534883721,-1.8546511627906976,0.5058139534883721,-1.5872093023255813,-2.5930232558139537,-0.22093023255813954,0.6511627906976745,0.6744186046511628,-3.4709302325581395,-2.058139534883721,-1.0,-0.1744186046511628,-0.5348837209302325,0.7034883720930233,0.19767441860465115,-2.5232558139534884,0.4476744186046512,0.6162790697674418,-1.1569767441860466,-0.9883720930232558,-1.3953488372093024,-1.6162790697674418,0.7558139534883721,-1.3488372093023255,-2.058139534883721,0.313953488372093,0.563953488372093,0.436046511627907,-2.877906976744186,-1.6162790697674418,-0.9069767441860465,-0.10465116279069768,-0.5755813953488372,-0.4011627906976744,-0.7325581395348837,-1.5813953488372092,-0.13372093023255813,-0.42441860465116277,-0.6569767441860465,-0.5232558139534884,-0.8837209302325582,-0.8313953488372093,-0.3313953488372093,-0.6511627906976745,-0.9244186046511628,-0.9883720930232558,-0.046511627906976744,-0.16279069767441862,-1.6395348837209303,-0.38372093023255816,-0.5988372093023255,-0.3218390804597701,-0.6724137931034483,-0.15517241379310345,-0.5862068965517241,-1.660919540229885,-0.367816091954023,-0.45977011494252873,-0.8908045977011494,-0.7701149425287356,-0.9770114942528736,-0.9367816091954023,-0.3563218390804598,-0.7183908045977011,-1.1091954022988506,-1.0574712643678161,-0.06321839080459771,0.05172413793103448,-1.5632183908045978,-0.6839080459770115,-0.764367816091954
P46105,0.0625,-2.4583333333333335,-1.9166666666666667,-2.423611111111111,-1.8611111111111112,-1.7152777777777777,-2.1666666666666665,-0.9027777777777778,-2.5625,-0.2986111111111111,-0.3402777777777778,-2.3333333333333335,-0.2638888888888889,-0.4236111111111111,-1.7430555555555556,-0.034722222222222224,-0.3402777777777778,-1.5347222222222223,-1.2847222222222223,-0.2986111111111111,0.13194444444444445,-1.5069444444444444,-1.4861111111111112,-2.25,-1.3541666666666667,-1.4166666666666667,-1.8194444444444444,-0.6458333333333334,-1.6597222222222223,0.2638888888888889,0.09027777777777778,-1.625,0.125,0.13194444444444445,-0.8888888888888888,-0.3958333333333333,-0.4375,-0.1875,-0.6388888888888888,0.027777777777777776,0.125,-2.1597222222222223,-1.7986111111111112,-2.9652777777777777,-1.2708333333333333,-1.4861111111111112,-2.7916666666666665,-0.3958333333333333,-2.1319444444444446,0.6180555555555556,0.3333333333333333,-2.361111111111111,0.7708333333333334,0.6527777777777778,-1.3958333333333333,-0.24305555555555555,-0.1111111111111111,-0.3402777777777778,-0.4583333333333333,0.2013888888888889,0.6301369863013698,-1.2602739726027397,-1.2602739726027397,-1.6712328767123288,-1.7602739726027397,-0.863013698630137,-1.3424657534246576,-0.6712328767123288,-1.5273972602739727,-0.2876712328767123,-0.2808219178082192,-1.417808219178082,-0.3219178082191781,-0.5273972602739726,-1.2945205479452055,0.0,-0.1232876712328767,-1.856164383561644,-0.863013698630137,-0.136986301369863
P0A334,-0.675,-0.95,-2.025,-2.95,-1.275,-1.475,-2.175,-2.075,-1.675,0.175,0.775,-1.4,0.275,0.0,-2.25,-0.925,-0.6,-1.925,-0.925,0.025,-0.625,-2.45,-1.775,-2.225,-1.375,-1.85,-1.975,-1.45,-1.425,-0.675,-0.95,-2.125,-0.9,-0.15,-2.175,-0.475,-0.2,-1.0,-0.3,-0.85,-0.275,-1.875,-1.55,-2.5,-1.075,-1.6,-1.825,-1.325,-1.825,0.25,-0.025,-1.775,0.25,-0.175,-1.925,-0.575,-0.075,-1.9,-0.8,0.325,-0.45,1.55,-0.3,-0.15,-2.775,0.775,0.575,-1.475,0.05,-1.475,-1.1,0.35,-0.225,-1.5,-1.5,-0.15,-0.525,-2.075,-1.025,-1.3
Q02251,-0.31688804554079697,-1.5787476280834916,-1.4364326375711576,-1.842504743833017,-2.23719165085389,-1.4838709677419355,-1.7001897533206831,-1.5768500948766604,-1.5749525616698292,-1.8690702087286528,-1.8064516129032258,-1.7722960151802656,-1.5218216318785578,-2.3263757115749524,-2.123339658444023,-0.4838709677419355,-0.8842504743833017,-3.3282732447817835,-2.3036053130929792,-1.4288425047438331,-0.3889943074003795,-1.6148007590132827,-1.776091081593928,-1.9563567362428842,-2.3605313092979125,-1.2580645161290323,-1.5806451612903225,-2.123339658444023,-1.3282732447817838,-1.5711574952561669,-1.4345351043643264,-1.7950664136622392,-1.3605313092979128,-2.0417457305502844,-2.106261859582543,-0.49335863377609107,-0.7703984819734345,-3.074003795066414,-2.079696394686907,-1.1650853889943074,-0.17836812144212524,-0.9354838709677419,-0.9601518026565465,-0.8444022770398482,-1.2333965844402277,-0.6223908918406073,-0.8064516129032258,-1.110056925996205,-0.4781783681214421,-0.7286527514231499,-0.8311195445920304,-1.1669829222011385,-0.6091081593927894,-1.1783681214421253,-0.9582542694497154,-0.1935483870967742,-0.29411764705882354,-1.6280834914611007,-1.096774193548387,-0.4250474383301708,-0.22641509433962265,-1.1226415094339623,-1.0528301886792453,-1.1358490566037736,-1.9245283018867925,-0.8471698113207548,-1.2264150943396226,-1.441509433962264,-1.0188679245283019,-0.9509433962264151,-1.009433962264151,-1.1528301886792454,-0.7358490566037735,-1.5037735849056604,-1.6320754716981132,-0.3169811320754717,-0.5622641509433962,-2.40188679245283,-1.7981132075471697,-0.7830188679245284
Q08430,-0.6915887850467289,-1.158878504672897,-1.2616822429906542,-1.4766355140186915,-1.6542056074766356,-0.8411214953271028,-0.9906542056074766,-1.8317757009345794,-1.2990654205607477,-0.08411214953271028,-0.12149532710280374,-1.0093457943925233,-0.09345794392523364,-0.6542056074766355,-1.2242990654205608,-0.5514018691588785,-0.3925233644859813,-1.4485981308411215,-0.616822429906542,-0.1308411214953271,-0.09345794392523364,-0.16822429906542055,-0.9813084112149533,-1.2990654205607477,-2.196261682242991,-0.08411214953271028,-0.40186915887850466,-1.8130841121495327,-1.0,-0.14018691588785046,0.17757009345794392,-0.822429906542056,-0.009345794392523364,-0.5046728971962616,-1.5794392523364487,-0.4953271028037383,-0.4672897196261682,-1.6542056074766356,-0.8598130841121495,-0.34579439252336447,-0.7289719626168224,-0.6915887850467289,-1.233644859813084,-1.1214953271028036,-2.925233644859813,-0.2336448598130841,-0.5046728971962616,-2.411214953271028,-0.8504672897196262,-0.7383177570093458,-0.4485981308411215,-1.2710280373831775,-0.4485981308411215,-2.0186915887850465,-2.5233644859813085,-0.7476635514018691,-0.8411214953271028,-3.383177570093458,-2.046728971962617,-0.9252336448598131,-1.1851851851851851,-1.1203703703703705,-1.5462962962962963,-1.8796296296296295,-2.138888888888889,-1.212962962962963,-1.25,-1.7222222222222223,-1.2407407407407407,-0.8888888888888888,-1.4259259259259258,-1.5462962962962963,-0.8703703703703703,-1.9351851851851851,-2.3981481481481484,-0.9537037037037037,-0.9166666666666666,-2.9166666666666665,-1.7685185185185186,-1.0277777777777777
P54544,-0.4117647058823529,-1.8529411764705883,-1.1470588235294117,-1.7647058823529411,-2.1176470588235294,-1.2794117647058822,-1.6470588235294117,-1.25,-1.3970588235294117,0.058823529411764705,-0.1323529411764706,-1.3088235294117647,-0.35294117647058826,-0.029411764705882353,-1.7205882352941178,-0.6323529411764706,-0.6176470588235294,-0.6323529411764706,-0.2647058823529412,-0.35294117647058826,-0.6323529411764706,-0.5588235294117647,-1.3235294117647058,-2.1029411764705883,-2.8088235294117645,-0.11764705882352941,-0.9705882352941176,-2.3529411764705883,-1.6323529411764706,-0.9117647058823529,-0.5735294117647058,0.11764705882352941,0.07352941176470588,-1.5588235294117647,-2.1029411764705883,-0.9852941176470589,-0.7794117647058824,-2.823529411764706,-1.4558823529411764,-1.0441176470588236,-0.8529411764705882,-2.5294117647058822,-2.485294117647059,-2.8676470588235294,-3.073529411764706,-1.5147058823529411,-2.7058823529411766,-1.9852941176470589,-2.411764705882353,0.014705882352941176,-0.029411764705882353,-2.3529411764705883,0.23529411764705882,0.08823529411764706,-1.3970588235294117,-0.9558823529411765,-0.8823529411764706,-0.8823529411764706,-1.1176470588235294,-0.7205882352941176,-0.7605633802816901,-1.8450704225352113,-1.4788732394366197,-2.9014084507042255,-3.0704225352112675,-0.7746478873239436,-2.1690140845070425,-2.2253521126760565,-2.3661971830985915,-0.5633802816901409,-0.647887323943662,-1.2816901408450705,0.6619718309859155,-0.49295774647887325,-1.943661971830986,-0.9014084507042254,-0.5352112676056338,-2.211267605633803,-1.1971830985915493,-0.6901408450704225
P50012,-0.44285714285714284,-2.0428571428571427,-1.3,-1.5714285714285714,-2.3714285714285714,-1.1,-1.2714285714285714,-1.0571428571428572,-0.9285714285714286,-0.11428571428571428,0.05714285714285714,-1.8,-0.07142857142857142,-0.05714285714285714,-1.2857142857142858,-0.38571428571428573,-0.2571428571428571,-1.3571428571428572,-1.042857142857143,-0.2714285714285714,-1.1,-2.1,-1.6714285714285715,-2.9,-2.6285714285714286,-1.8428571428571427,-2.5428571428571427,-1.6285714285714286,-2.3142857142857145,-0.21428571428571427,-0.2,-2.0285714285714285,0.0,-0.014285714285714285,-2.342857142857143,-0.9571428571428572,-0.6571428571428571,-1.3857142857142857,-1.2428571428571429,-0.5714285714285714,-0.8428571428571429,-2.7714285714285714,-2.142857142857143,-3.557142857142857,-2.7714285714285714,-2.4714285714285715,-2.8142857142857145,-2.0142857142857142,-1.9857142857142858,0.04285714285714286,-0.02857142857142857,-2.2142857142857144,-0.1,0.12857142857142856,-1.7714285714285714,-1.0857142857142856,-0.5571428571428572,-1.957142857142857,-1.4,-0.37142857142857144,-0.49295774647887325,-3.2253521126760565,-2.5492957746478875,-3.0704225352112675,-2.619718309859155,-2.295774647887324,-2.4788732394366195,-1.6901408450704225,-1.7746478873239437,0.15492957746478872,0.09859154929577464,-2.788732394366197,0.22535211267605634,-0.39436619718309857,-2.7183098591549295,-1.267605633802817,-1.0,-2.436619718309859,-1.4225352112676057,-0.38028169014084506
P0A4V0,-0.4174757281553398,-1.7087378640776698,-2.2233009708737863,-2.145631067961165,-2.5533980582524274,-1.3398058252427185,-1.7281553398058251,-2.1262135922330097,-1.5631067961165048,-1.2621359223300972,-1.2718446601941749,-1.6699029126213591,-1.5145631067961165,-2.5145631067961167,-2.5533980582524274,-1.5922330097087378,-1.5242718446601942,-3.6990291262135924,-2.4466019417475726,-0.6601941747572816,-0.22330097087378642,-0.9514563106796117,-1.0485436893203883,-1.203883495145631,-2.4854368932038833,-0.9223300970873787,-0.6213592233009708,-1.6019417475728155,-1.3300970873786409,-1.0,-1.1553398058252426,-1.0679611650485437,-1.5145631067961165,-1.5728155339805825,-1.4660194174757282,-1.116504854368932,-0.8058252427184466,-3.262135922330097,-1.3300970873786409,-0.8058252427184466,-0.36893203883495146,-0.6213592233009708,-0.5436893203883495,-0.6796116504854369,-2.2427184466019416,-0.32038834951456313,-0.10679611650485436,-1.1650485436893203,-1.3009708737864079,-0.2524271844660194,-0.5922330097087378,-0.5145631067961165,-0.5436893203883495,-1.3883495145631068,-1.6213592233009708,-0.5436893203883495,-0.33980582524271846,-2.349514563106796,-1.1844660194174756,-0.2815533980582524,-0.9230769230769231,-0.8942307692307693,-0.40384615384615385,-0.9519230769230769,-2.019230769230769,-0.41346153846153844,-0.6153846153846154,-1.8846153846153846,-0.8173076923076923,-0.9230769230769231,-0.8461538461538461,-0.6057692307692307,-0.5384615384615384,-0.8846153846153846,-1.8365384615384615,-0.5384615384615384,-0.36538461538461536,-1.9423076923076923,-0.5192307692307693,-0.9038461538461539
P09616,-0.31645569620253167,-0.8860759493670886,-0.21518987341772153,-0.5063291139240507,-1.7468354430379747,-0.4810126582278481,-0.4936708860759494,-1.4050632911392404,-1.3417721518987342,-0.6835443037974683,-0.8734177215189873,-0.0379746835443038,-0.6962025316455697,-1.5316455696202531,-1.379746835443038,0.0759493670886076,0.4936708860759494,-2.481012658227848,-1.3164556962025316,-0.5063291139240507,-0.5569620253164557,-0.7974683544303798,0.10126582278481013,-0.7974683544303798,-2.2151898734177213,-0.35443037974683544,-0.7088607594936709,-1.0379746835443038,-1.0253164556962024,-1.240506329113924,-1.4556962025316456,-0.26582278481012656,-1.0379746835443038,-1.2531645569620253,-1.4303797468354431,0.13924050632911392,-0.1518987341772152,-1.9367088607594938,-0.6075949367088608,-1.1012658227848102,-0.620253164556962,-0.5316455696202531,0.16455696202531644,-0.6835443037974683,-2.1645569620253164,-0.3037974683544304,-0.6455696202531646,-0.6962025316455697,-0.6455696202531646,-1.3544303797468353,-1.4430379746835442,-0.24050632911392406,-1.0632911392405062,-1.2278481012658229,-1.3037974683544304,0.08860759493670886,-0.06329113924050633,-1.7848101265822784,-0.6455696202531646,-1.2025316455696202,-0.8048780487804879,-0.45121951219512196,-0.036585365853658534,-0.6585365853658537,-2.317073170731707,-0.2804878048780488,-0.36585365853658536,-1.5731707317073171,-0.524390243902439,-1.475609756097561,-1.4878048780487805,-0.12195121951219512,-0.9878048780487805,-1.3902439024390243,-1.5121951219512195,-0.06097560975609756,-0.0975609756097561,-1.9390243902439024,-0.7195121951219512,-1.1097560975609757
P16449,-0.7346938775510204,-1.530612244897959,-1.8775510204081634,-2.5918367346938775,-2.020408163265306,-1.489795918367347,-1.7551020408163265,-1.7346938775510203,-1.8775510204081634,-0.6122448979591837,-0.5510204081632653,-1.6122448979591837,-0.42857142857142855,-0.6530612244897959,-2.36734693877551,-0.8979591836734694,-0.673469387755102,-1.836734693877551,-1.0,-0.6326530612244898,-1.3265306122448979,-1.836734693877551,-2.0408163265306123,-2.877551020408163,-1.9795918367346939,-1.653061224489796,-2.183673469387755,-2.489795918367347,-1.7755102040816326,-0.04081632653061224,-0.02040816326530612,-2.163265306122449,0.061224489795918366,0.2653061224489796,-2.7142857142857144,-1.2857142857142858,-0.7959183673469388,-1.346938775510204,-0.5510204081632653,-0.30612244897959184,-0.7755102040816326,-1.5510204081632653,-1.7142857142857142,-2.2857142857142856,-2.163265306122449,-1.2244897959183674,-1.4489795918367347,-1.9795918367346939,-1.5918367346938775,-0.9387755102040817,-0.7959183673469388,-1.3265306122448979,-0.5714285714285714,-0.6326530612244898,-2.061224489795918,-0.7959183673469388,-0.6938775510204082,-1.6938775510204083,-0.6122448979591837,-0.8775510204081632,-0.7254901960784313,-1.7254901960784315,-1.9019607843137254,-2.372549019607843,-1.7058823529411764,-1.2352941176470589,-1.5490196078431373,-2.627450980392157,-1.9411764705882353,-0.5882352941176471,-0.1568627450980392,-1.6666666666666667,0.0392156862745098,-0.8235294117647058,-1.7843137254901962,-1.1764705882352942,-0.7254901960784313,-1.7843137254901962,-0.9411764705882353,-0.47058823529411764
Q8XMP3,-1.608695652173913,-1.9492753623188406,-2.289855072463768,-2.2753623188405796,-4.0144927536231885,-2.0,-1.6666666666666667,-3.3550724637681157,-2.318840579710145,-2.5579710144927534,-2.420289855072464,-1.7681159420289856,-2.210144927536232,-2.920289855072464,-3.318840579710145,-2.101449275362319,-1.9275362318840579,-4.282608695652174,-2.318840579710145,-2.6231884057971016,-1.565217391304348,-1.5144927536231885,-1.963768115942029,-1.5797101449275361,-3.0579710144927534,-1.8333333333333333,-1.6014492753623188,-2.4420289855072466,-1.463768115942029,-1.6014492753623188,-1.7826086956521738,-1.5579710144927537,-1.4565217391304348,-2.239130434782609,-2.101449275362319,-1.7826086956521738,-1.6159420289855073,-3.036231884057971,-2.0072463768115942,-1.673913043478261,-0.7391304347826086,-0.9347826086956522,-1.2681159420289856,-1.0217391304347827,-2.86231884057971,-1.0869565217391304,-0.35507246376811596,-2.101449275362319,-1.644927536231884,-0.9637681159420289,-0.8405797101449275,-0.7391304347826086,-1.0434782608695652,-1.144927536231884,-1.536231884057971,-0.9347826086956522,-1.173913043478261,-2.1884057971014492,-1.434782608695652,-1.0797101449275361,-0.47101449275362317,-0.9057971014492754,-0.8913043478260869,-0.6666666666666666,-2.108695652173913,-0.8768115942028986,-0.21014492753623187,-1.4202898550724639,-1.355072463768116,-0.7898550724637681,-1.144927536231884,-0.2826086956521739,-1.1521739130434783,-1.2681159420289856,-1.318840579710145,-0.8188405797101449,-0.6086956521739131,-2.2318840579710146,-1.3478260869565217,-0.5362318840579711
Q79VE9,-0.6716417910447762,-1.3880597014925373,-1.1865671641791045,-1.8059701492537314,-1.9179104477611941,-1.1791044776119404,-1.5223880597014925,-1.6119402985074627,-1.2388059701492538,-0.8731343283582089,-0.7238805970149254,-1.4104477611940298,-0.43283582089552236,-0.8208955223880597,-1.9179104477611941,-0.5970149253731343,-0.5522388059701493,-1.7611940298507462,-0.8432835820895522,-0.8731343283582089,-0.8731343283582089,-2.253731343283582,-1.9477611940298507,-2.2761194029850746,-2.3656716417910446,-1.9029850746268657,-2.216417910447761,-1.6492537313432836,-1.8582089552238805,-0.4253731343283582,-0.3283582089552239,-1.992537313432836,-0.34328358208955223,-0.4701492537313433,-2.1865671641791047,-1.1567164179104477,-0.7611940298507462,-1.8059701492537314,-1.1343283582089552,-0.5746268656716418,-0.5895522388059702,-1.6194029850746268,-1.4029850746268657,-1.7537313432835822,-2.1044776119402986,-1.1119402985074627,-1.507462686567164,-1.5746268656716418,-1.3507462686567164,-0.3283582089552239,-0.29850746268656714,-1.4328358208955223,-0.35074626865671643,-0.753731343283582,-0.9701492537313433,-0.746268656716418,-0.5895522388059702,-1.2686567164179106,-0.8507462686567164,-0.6194029850746269,-0.41605839416058393,-0.8467153284671532,-0.8686131386861314,-1.1386861313868613,-2.197080291970803,-0.41605839416058393,-0.3357664233576642,-1.094890510948905,-0.7518248175182481,-1.0656934306569343,-1.1240875912408759,-0.635036496350365,-0.7591240875912408,-1.5693430656934306,-0.9562043795620438,-0.46715328467153283,-0.5985401459854015,-2.4671532846715327,-1.145985401459854,-0.9854014598540146
Q8G7W9,-1.040983606557377,-0.9590163934426229,-1.0655737704918034,-1.3114754098360655,-2.418032786885246,-0.9016393442622951,-0.6065573770491803,-1.6147540983606556,-0.8442622950819673,-1.2868852459016393,-1.139344262295082,-0.7213114754098361,-0.9344262295081968,-1.319672131147541,-1.8278688524590163,-1.0655737704918034,-1.1065573770491803,-2.0491803278688523,-1.040983606557377,-1.2049180327868851,-1.2622950819672132,-1.0163934426229508,-1.2131147540983607,-1.598360655737705,-2.2704918032786887,-0.9098360655737705,-0.6147540983606558,-2.0655737704918034,-0.8032786885245902,-1.040983606557377,-1.1557377049180328,-0.860655737704918,-0.4672131147540984,-0.9754098360655737,-2.081967213114754,-1.1229508196721312,-0.9016393442622951,-2.057377049180328,-0.8934426229508197,-1.1721311475409837,-0.4098360655737705,-0.6557377049180327,-0.819672131147541,-0.45901639344262296,-1.7540983606557377,-0.7540983606557377,-0.2540983606557377,-0.9836065573770492,-0.7131147540983607,-0.6967213114754098,-0.9426229508196722,-0.38524590163934425,-0.5245901639344263,-0.7213114754098361,-1.0163934426229508,-0.7213114754098361,-0.6721311475409836,-1.4836065573770492,-0.5901639344262295,-0.8852459016393442,-0.8951612903225806,-1.064516129032258,-1.564516129032258,-1.346774193548387,-3.3629032258064515,-0.9516129032258065,-0.5725806451612904,-2.475806451612903,-2.0806451612903225,-1.3870967741935485,-1.6370967741935485,-0.5806451612903226,-1.435483870967742,-2.4838709677419355,-2.9193548387096775,-1.4596774193548387,-1.3225806451612903,-3.661290322580645,-2.193548387096774,-1.25
P39127,-0.4935064935064935,-0.8571428571428571,-2.116883116883117,-2.4805194805194803,-3.25974025974026,-0.935064935064935,-1.4545454545454546,-2.792207792207792,-1.5194805194805194,-1.7142857142857142,-0.8831168831168831,-1.6753246753246753,-1.0129870129870129,-2.5194805194805197,-3.064935064935065,-1.3896103896103895,-1.0909090909090908,-3.6493506493506493,-2.4805194805194803,-1.2987012987012987,-0.2857142857142857,-0.8441558441558441,-1.5714285714285714,-1.2727272727272727,-2.5714285714285716,-0.9090909090909091,-1.2077922077922079,-1.7142857142857142,-1.0129870129870129,-0.8311688311688312,-0.45454545454545453,-2.0,-0.6363636363636364,-1.5454545454545454,-1.6103896103896105,-0.8051948051948052,-0.7532467532467533,-2.5844155844155843,-2.064935064935065,-0.7402597402597403,-0.025974025974025976,-0.37662337662337664,-1.4935064935064934,-1.2857142857142858,-1.6753246753246753,-0.6103896103896104,-0.8181818181818182,-2.0,-0.19480519480519481,-0.7272727272727273,-0.2597402597402597,-1.4545454545454546,-0.6103896103896104,-0.6493506493506493,-1.12987012987013,-0.6623376623376623,-0.935064935064935,-1.8181818181818181,-1.1818181818181819,-0.5714285714285714,-0.2597402597402597,-0.44155844155844154,-1.155844155844156,-1.3896103896103895,-2.2467532467532467,-0.948051948051948,-0.7272727272727273,-1.922077922077922,-1.077922077922078,-0.8571428571428571,-0.5454545454545454,-0.961038961038961,-0.8441558441558441,-1.2467532467532467,-0.922077922077922,-0.5584415584415584,-0.8831168831168831,-1.6753246753246753,-1.1428571428571428,-0.7662337662337663
P50589,-1.4411764705882353,-1.4411764705882353,-2.1470588235294117,-2.4411764705882355,-3.0294117647058822,-1.3529411764705883,-1.411764705882353,-2.6470588235294117,-2.2058823529411766,-0.6470588235294118,-1.2647058823529411,-1.2058823529411764,-1.0588235294117647,-2.3529411764705883,-2.9705882352941178,-1.7941176470588236,-1.4411764705882353,-3.7941176470588234,-2.411764705882353,-1.1764705882352942,-1.3823529411764706,-1.3235294117647058,-2.4411764705882355,-2.088235294117647,-3.088235294117647,-1.1764705882352942,-0.9117647058823529,-2.8823529411764706,-1.1176470588235294,-1.8235294117647058,-1.5588235294117647,-0.8823529411764706,-0.6176470588235294,-1.7647058823529411,-2.823529411764706,-1.588235294117647,-1.6176470588235294,-3.4705882352941178,-1.9705882352941178,-1.6764705882352942,-0.5294117647058824,-2.264705882352941,-2.1176470588235294,-2.411764705882353,-2.588235294117647,-2.2058823529411766,-1.6470588235294117,-2.1176470588235294,-2.8823529411764706,-2.088235294117647,-2.2941176470588234,-1.7941176470588236,-1.7941176470588236,-3.588235294117647,-2.5,-1.2941176470588236,-1.6470588235294117,-4.0,-3.588235294117647,-1.2941176470588236,-0.8285714285714286,-1.9142857142857144,-1.542857142857143,-1.7428571428571429,-3.142857142857143,-1.8857142857142857,-1.457142857142857,-2.085714285714286,-1.9428571428571428,-1.8,-2.5714285714285716,-1.6857142857142857,-2.1142857142857143,-2.142857142857143,-3.142857142857143,-0.8285714285714286,-1.542857142857143,-4.0285714285714285,-2.3142857142857145,-1.9714285714285715
P63713,-0.09836065573770492,-0.5819672131147541,-1.2540983606557377,-1.4098360655737705,-2.057377049180328,-0.6639344262295082,-1.0737704918032787,-1.2377049180327868,-1.3278688524590163,-1.3114754098360655,-0.9016393442622951,-0.7786885245901639,-0.6229508196721312,-1.5655737704918034,-0.3442622950819672,-0.30327868852459017,-0.36065573770491804,-1.778688524590164,-1.4754098360655739,-0.7704918032786885,-0.6721311475409836,-0.7868852459016393,-1.6311475409836065,-1.680327868852459,-2.9672131147540983,-1.3770491803278688,-1.3524590163934427,-2.1475409836065573,-0.8524590163934426,-1.4426229508196722,-1.2704918032786885,-1.4344262295081966,-0.8114754098360656,-0.9180327868852459,-2.4754098360655736,-0.8524590163934426,-1.0245901639344261,-3.1147540983606556,-1.7131147540983607,-1.1147540983606556,-0.6065573770491803,-1.2377049180327868,-1.5081967213114753,-1.3524590163934427,-2.80327868852459,-1.040983606557377,-0.9426229508196722,-2.3278688524590163,-1.2131147540983607,-1.0901639344262295,-0.45081967213114754,-1.2950819672131149,-0.29508196721311475,-1.3524590163934427,-2.69672131147541,-1.2049180327868851,-0.9016393442622951,-2.5327868852459017,-1.9262295081967213,-1.0901639344262295,-1.5934959349593496,-1.6829268292682926,-2.3577235772357725,-2.747967479674797,-3.2764227642276422,-2.3089430894308944,-2.3008130081300813,-2.8292682926829267,-1.5284552845528456,-1.8211382113821137,-1.6260162601626016,-2.1219512195121952,-1.4715447154471544,-2.073170731707317,-1.8130081300813008,-1.943089430894309,-1.6666666666666667,-2.9430894308943087,-2.3983739837398375,-1.6341463414634145
P30234,-0.34782608695652173,-1.0108695652173914,-1.3695652173913044,-1.2717391304347827,-2.402173913043478,-0.8260869565217391,-0.4891304347826087,-1.5326086956521738,-1.141304347826087,-0.8695652173913043,-1.0434782608695652,-0.5652173913043478,-1.0326086956521738,-1.7282608695652173,-1.5108695652173914,-0.782608695652174,-0.6847826086956522,-2.6630434782608696,-1.6304347826086956,-0.7717391304347826,0.1956521739130435,-1.2391304347826086,-1.1630434782608696,-1.5869565217391304,-2.032608695652174,-0.7065217391304348,-1.0,-0.45652173913043476,-1.1521739130434783,-0.8152173913043478,-0.9565217391304348,-0.8913043478260869,-0.5434782608695652,-1.315217391304348,-1.358695652173913,-0.4891304347826087,-0.5217391304347826,-2.130434782608696,-1.0326086956521738,-0.6521739130434783,-0.16304347826086957,-1.065217391304348,-0.6413043478260869,-0.7717391304347826,-1.75,-0.782608695652174,-0.5760869565217391,-1.1956521739130435,-1.3043478260869565,-0.5434782608695652,-0.8152173913043478,-0.4673913043478261,-0.6847826086956522,-1.2934782608695652,-1.0543478260869565,-0.45652173913043476,-0.4782608695652174,-2.619565217391304,-1.2173913043478262,-0.6413043478260869,-0.15789473684210525,-1.3368421052631578,-0.8,-0.8842105263157894,-1.9578947368421054,-0.9368421052631579,-0.7473684210526316,-1.4842105263157894,-0.8526315789473684,-0.9052631578947369,-0.9263157894736842,-0.8842105263157894,-0.7894736842105263,-1.5368421052631578,-1.0736842105263158,-0.11578947368421053,-0.14736842105263157,-2.7263157894736842,-1.063157894736842,-0.631578947368421
P0A512,-1.6785714285714286,-1.4017857142857142,-1.875,-3.0267857142857144,-3.392857142857143,-2.017857142857143,-2.732142857142857,-2.5892857142857144,-1.0267857142857142,-1.7232142857142858,-1.2232142857142858,-1.4375,-1.1607142857142858,-1.0267857142857142,-2.4732142857142856,-1.1785714285714286,-1.6071428571428572,-2.6875,-1.7410714285714286,-1.7232142857142858,-1.0982142857142858,-0.8660714285714286,-1.0714285714285714,-1.4553571428571428,-2.4464285714285716,-1.1071428571428572,-1.0357142857142858,-2.4464285714285716,-1.0535714285714286,-1.0535714285714286,-0.9464285714285714,-0.8660714285714286,-0.35714285714285715,-0.7767857142857143,-2.9285714285714284,-0.8035714285714286,-1.1696428571428572,-2.9017857142857144,-1.6785714285714286,-1.1696428571428572,-1.5982142857142858,-2.482142857142857,-2.1517857142857144,-2.4642857142857144,-3.2410714285714284,-1.9285714285714286,-1.8125,-3.2767857142857144,-1.6964285714285714,-1.5446428571428572,-1.1964285714285714,-2.1964285714285716,-0.7321428571428571,-2.3839285714285716,-3.357142857142857,-1.6071428571428572,-1.1517857142857142,-4.169642857142857,-2.7232142857142856,-1.5267857142857142,-1.8434782608695652,-2.026086956521739,-2.243478260869565,-2.869565217391304,-3.1826086956521737,-2.1652173913043478,-2.347826086956522,-2.991304347826087,-1.8,-1.9565217391304348,-1.7391304347826086,-1.982608695652174,-1.4521739130434783,-1.991304347826087,-2.1739130434782608,-1.8,-1.7391304347826086,-3.1826086956521737,-2.3217391304347825,-1.6956521739130435
P06886,-0.46551724137931033,-1.0344827586206897,-0.5,-1.0,-1.9482758620689655,-0.43103448275862066,-0.7758620689655172,-1.896551724137931,-1.3448275862068966,-0.7758620689655172,-0.8275862068965517,-0.3620689655172414,-0.46551724137931033,-1.206896551724138,-0.9310344827586207,0.0,0.2413793103448276,-2.3448275862068964,-0.8103448275862069,-0.5862068965517241,-1.0344827586206897,-0.5,0.06896551724137931,-0.20689655172413793,-2.413793103448276,-0.08620689655172414,-0.25862068965517243,-0.896551724137931,-0.7413793103448276,-0.8448275862068966,-1.206896551724138,0.1896551724137931,-0.9655172413793104,-0.8103448275862069,-1.6896551724137931,-0.1896551724137931,-0.1724137931034483,-1.9310344827586208,-0.3793103448275862,-0.8275862068965517,-0.8448275862068966,-0.896551724137931,-0.20689655172413793,-0.7241379310344828,-2.4310344827586206,-0.3793103448275862,-0.46551724137931033,-1.1724137931034482,-0.8275862068965517,-0.7413793103448276,-1.0862068965517242,0.10344827586206896,-1.0517241379310345,-1.2758620689655173,-1.4310344827586208,-0.2413793103448276,-0.10344827586206896,-2.396551724137931,-0.6551724137931034,-0.7241379310344828,-0.9333333333333333,-0.6666666666666666,-0.016666666666666666,-0.43333333333333335,-2.5166666666666666,-0.3333333333333333,-0.25,-1.3166666666666667,-0.6833333333333333,-1.0333333333333334,-1.3,0.16666666666666666,-0.7833333333333333,-1.4166666666666667,-1.6333333333333333,-0.3333333333333333,-0.16666666666666666,-2.4,-0.8833333333333333,-1.1833333333333333
Q01467,-1.0930232558139534,-1.6046511627906976,-1.9767441860465116,-2.2093023255813953,-2.0930232558139537,-1.3488372093023255,-1.6511627906976745,-2.9302325581395348,-1.7906976744186047,-0.27906976744186046,-0.09302325581395349,-1.813953488372093,0.13953488372093023,-0.37209302325581395,-1.7906976744186047,-1.2790697674418605,-0.5813953488372093,-2.2790697674418605,-0.9069767441860465,-0.3023255813953488,-1.0232558139534884,-2.116279069767442,-1.558139534883721,-2.6511627906976742,-1.8372093023255813,-1.627906976744186,-2.116279069767442,-1.8372093023255813,-1.2790697674418605,-0.627906976744186,-0.4883720930232558,-2.046511627906977,-0.046511627906976744,0.023255813953488372,-2.604651162790698,-1.186046511627907,-0.9767441860465116,-1.744186046511628,-0.23255813953488372,-0.7209302325581395,-0.6046511627906976,-1.8372093023255813,-1.930232558139535,-2.511627906976744,-1.4883720930232558,-1.5116279069767442,-1.813953488372093,-2.5813953488372094,-1.5813953488372092,-0.023255813953488372,-0.18604651162790697,-1.6744186046511629,-0.23255813953488372,-0.7209302325581395,-2.4186046511627906,-1.1395348837209303,-0.6511627906976745,-2.2790697674418605,-0.6976744186046512,0.023255813953488372,-1.1627906976744187,-1.3488372093023255,-1.7674418604651163,-2.186046511627907,-2.116279069767442,-1.3953488372093024,-1.5813953488372092,-2.627906976744186,-1.9069767441860466,-0.32558139534883723,-0.11627906976744186,-1.5348837209302326,-0.13953488372093023,-0.627906976744186,-1.930232558139535,-1.302325581395349,-0.6511627906976745,-2.372093023255814,-1.186046511627907,-0.5116279069767442
P13692,-0.07751937984496124,-0.2713178294573643,-0.3953488372093023,-0.34108527131782945,-2.6744186046511627,1.062015503875969,1.302325581395349,-2.062015503875969,-1.310077519379845,-1.2403100775193798,-0.7829457364341085,0.9922480620155039,-0.9767441860465116,-2.5891472868217056,-2.131782945736434,-0.06976744186046512,-0.14728682170542637,-3.372093023255814,-2.1550387596899223,-1.1395348837209303,0.27906976744186046,0.24031007751937986,-0.2248062015503876,-0.09302325581395349,-2.868217054263566,1.426356589147287,1.7984496124031009,-2.046511627906977,-0.8294573643410853,-1.3333333333333333,-0.7286821705426356,1.193798449612403,-0.751937984496124,-2.806201550387597,-1.9534883720930232,0.03875968992248062,0.023255813953488372,-3.3333333333333335,-2.124031007751938,-1.0155038759689923,0.5038759689922481,-0.13953488372093023,0.627906976744186,-0.1937984496124031,-2.3255813953488373,0.7674418604651163,0.7829457364341085,-0.8992248062015504,-0.9147286821705426,-1.3488372093023255,-1.2170542635658914,0.4186046511627907,-1.178294573643411,-2.395348837209302,0.20155038759689922,1.0155038759689923,1.0852713178294573,-2.9689922480620154,-1.9612403100775193,-0.8294573643410853,-0.40310077519379844,-0.937984496124031,-0.7984496124031008,-1.255813953488372,-2.3410852713178296,-0.6356589147286822,-1.1627906976744187,-0.7674418604651163,-1.2170542635658914,-1.3333333333333333,-1.4108527131782946,-0.8217054263565892,-0.9147286821705426,-1.4186046511627908,-1.3953488372093024,-0.17829457364341086,-0.31007751937984496,-2.2170542635658914,-0.9922480620155039,-1.0232558139534884
P39804,-0.7241379310344828,-0.8275862068965517,-0.3448275862068966,-0.6896551724137931,-2.1724137931034484,0.27586206896551724,0.13793103448275862,-2.0,-1.1379310344827587,-0.9655172413793104,-0.9310344827586207,-0.3103448275862069,-0.20689655172413793,-1.7241379310344827,-1.4137931034482758,-0.10344827586206896,-0.6206896551724138,-2.689655172413793,-1.4482758620689655,-0.6896551724137931,-0.8275862068965517,-0.4482758620689655,-0.8620689655172413,-0.9655172413793104,-2.3448275862068964,0.0,0.13793103448275862,-1.896551724137931,-0.41379310344827586,-1.4827586206896552,-1.4137931034482758,-0.3103448275862069,-0.8620689655172413,-0.896551724137931,-1.896551724137931,-0.4827586206896552,-0.8275862068965517,-1.896551724137931,-0.27586206896551724,-1.1724137931034482,-0.7586206896551724,-0.9310344827586207,-0.5862068965517241,-0.6206896551724138,-2.1379310344827585,-0.10344827586206896,0.034482758620689655,-1.6551724137931034,-1.0689655172413792,-1.5862068965517242,-1.3448275862068966,-0.3793103448275862,-0.7241379310344828,-1.103448275862069,-1.7586206896551724,-0.034482758620689655,-0.27586206896551724,-1.7241379310344827,-0.9310344827586207,-1.2413793103448276,-0.5,-0.71875,-0.96875,-1.1875,-2.21875,0.0625,-0.03125,-1.65625,-1.25,-1.28125,-1.3125,-0.1875,-0.6875,-1.71875,-1.125,-0.5625,-0.5,-2.40625,-1.1875,-0.5625
Q46338,0.46,-0.76,-1.04,-1.28,-1.54,-0.36,-0.5,-1.26,-1.36,-1.0,-0.92,-0.72,-0.46,-1.82,-1.34,0.0,0.06,-2.6,-1.62,-0.44,0.6,-1.56,-1.26,-1.36,-1.68,-0.92,-0.78,-0.24,-1.68,-1.18,-1.08,-1.2,-0.92,-1.76,-1.12,-0.16,-0.46,-2.42,-1.72,-0.6,0.1,-1.04,-1.12,-1.2,-1.62,-0.56,-0.66,-1.04,-1.52,-1.2,-0.94,-0.82,-0.72,-1.94,-0.96,-0.26,-0.66,-2.76,-1.74,-0.88,-0.2830188679245283,-1.0754716981132075,-1.169811320754717,-1.5660377358490567,-1.7169811320754718,-0.8490566037735849,-0.8867924528301887,-1.9433962264150944,-1.2452830188679245,-0.7169811320754716,-0.7358490566037735,-1.0754716981132075,-0.49056603773584906,-1.150943396226415,-1.4150943396226414,-0.3584905660377358,0.0,-1.7358490566037736,-1.0188679245283019,-0.4339622641509434
Q9Z4P6,0.025477707006369428,-1.3121019108280254,-1.0445859872611465,-1.2802547770700636,-1.643312101910828,-0.8089171974522293,-0.6496815286624203,-1.2929936305732483,-1.6496815286624205,-0.9171974522292994,-0.9554140127388535,-0.8535031847133758,-0.8152866242038217,-1.9745222929936306,-0.9808917197452229,-0.22929936305732485,-0.36942675159235666,-2.872611464968153,-1.821656050955414,-0.4840764331210191,-0.3885350318471338,-0.9490445859872612,-0.8343949044585988,-0.8535031847133758,-1.7452229299363058,-0.49044585987261147,-0.3375796178343949,-1.1592356687898089,-1.267515923566879,-0.7579617834394905,-1.1146496815286624,-0.39490445859872614,-0.6624203821656051,-1.6624203821656052,-1.197452229299363,-0.31210191082802546,-0.27388535031847133,-2.477707006369427,-1.375796178343949,-0.4840764331210191,-0.4140127388535032,-0.910828025477707,-0.6815286624203821,-0.9171974522292994,-1.8407643312101911,-0.3375796178343949,-0.35668789808917195,-1.127388535031847,-0.8471337579617835,-0.8407643312101911,-0.9044585987261147,-0.5031847133757962,-0.49044585987261147,-1.286624203821656,-1.0063694267515924,-0.42038216560509556,-0.3630573248407643,-2.038216560509554,-0.8598726114649682,-0.5987261146496815,-0.37735849056603776,-0.8679245283018868,-0.6163522012578616,-1.0062893081761006,-1.830188679245283,-0.4025157232704403,-0.2830188679245283,-1.440251572327044,-1.20125786163522,-1.0440251572327044,-1.0754716981132075,-0.36477987421383645,-0.5849056603773585,-1.7169811320754718,-1.6037735849056605,-0.33962264150943394,-0.5534591194968553,-2.6163522012578615,-1.3962264150943395,-0.660377358490566
Q9CJ45,-0.7230769230769231,-0.7846153846153846,-0.7384615384615385,-1.2615384615384615,-1.8615384615384616,-0.7230769230769231,-0.8307692307692308,-1.6615384615384616,-1.6,-1.0461538461538462,-1.0153846153846153,-0.5384615384615384,-0.49230769230769234,-1.7846153846153847,-2.0153846153846153,-0.4307692307692308,-0.3076923076923077,-2.8153846153846156,-1.646153846153846,-1.0,-1.0307692307692307,-1.1384615384615384,-0.6615384615384615,-0.9230769230769231,-2.246153846153846,-0.8461538461538461,-0.5692307692307692,-1.6307692307692307,-1.4461538461538461,-0.8923076923076924,-1.123076923076923,-0.676923076923077,-0.8923076923076924,-1.5846153846153845,-1.6,-0.6307692307692307,-0.4307692307692308,-2.769230769230769,-1.4461538461538461,-0.9230769230769231,-0.6,-1.3384615384615384,-1.2307692307692308,-1.2923076923076924,-2.6923076923076925,-0.9692307692307692,-0.49230769230769234,-2.2153846153846155,-1.6923076923076923,-1.0153846153846153,-1.0307692307692307,-1.0615384615384615,-0.8153846153846154,-1.9692307692307693,-2.5846153846153848,-0.7538461538461538,-0.7692307692307693,-2.953846153846154,-1.9230769230769231,-0.9076923076923077,-1.044776119402985,-1.2238805970149254,-1.2835820895522387,-1.7164179104477613,-2.8208955223880596,-1.4029850746268657,-1.164179104477612,-1.7611940298507462,-2.0,-1.373134328358209,-1.3582089552238805,-0.7910447761194029,-1.2388059701492538,-2.1343283582089554,-2.611940298507463,-0.8507462686567164,-1.0149253731343284,-3.2238805970149254,-2.1641791044776117,-1.1343283582089552
Q2FZE2,-0.5769230769230769,-0.4230769230769231,-0.8076923076923077,-1.3076923076923077,-2.6153846153846154,-0.5384615384615384,-0.46153846153846156,-1.6923076923076923,-1.2692307692307692,-1.0,-1.2307692307692308,0.11538461538461539,-0.6923076923076923,-1.4230769230769231,-1.5,-0.9615384615384616,-0.23076923076923078,-2.730769230769231,-1.4230769230769231,-0.7692307692307693,-1.0,-1.0769230769230769,-0.6923076923076923,-0.2692307692307692,-2.730769230769231,-0.038461538461538464,0.46153846153846156,-1.3461538461538463,-0.9615384615384616,-1.3076923076923077,-1.0769230769230769,-0.6153846153846154,-0.7307692307692307,-1.3846153846153846,-1.5384615384615385,-0.9615384615384616,-0.46153846153846156,-2.3076923076923075,-1.3461538461538463,-0.9615384615384616,-0.2692307692307692,-1.0384615384615385,-0.9615384615384616,-0.8076923076923077,-2.769230769230769,-0.23076923076923078,-0.38461538461538464,-1.8461538461538463,-0.8076923076923077,-1.8461538461538463,-2.1153846153846154,-0.15384615384615385,-1.4615384615384615,-1.4230769230769231,-2.269230769230769,-0.2692307692307692,-0.46153846153846156,-1.3076923076923077,-1.3461538461538463,-1.3461538461538463,-0.5517241379310345,-0.5517241379310345,-0.4827586206896552,-0.5517241379310345,-2.3448275862068964,-0.4827586206896552,-0.2413793103448276,-0.896551724137931,-0.41379310344827586,-1.2413793103448276,-1.3103448275862069,-0.1724137931034483,-0.896551724137931,-1.1724137931034482,-1.2413793103448276,0.0,-0.41379310344827586,-2.2413793103448274,-0.4827586206896552,-0.7241379310344828
P60611,-1.180327868852459,-2.3442622950819674,-2.1147540983606556,-1.4426229508196722,-2.4098360655737703,-2.0655737704918034,-1.6557377049180328,-2.721311475409836,-2.278688524590164,-0.9508196721311475,-1.0655737704918034,-2.360655737704918,-0.639344262295082,-2.278688524590164,-3.540983606557377,-1.9508196721311475,-1.6885245901639345,-4.016393442622951,-2.8688524590163933,-0.8360655737704918,-0.6557377049180327,-1.180327868852459,-2.5737704918032787,-1.6065573770491803,-2.3114754098360657,-1.5245901639344261,-1.639344262295082,-2.819672131147541,-1.5901639344262295,-0.6557377049180327,-0.7868852459016393,-1.2131147540983607,-0.22950819672131148,-1.9672131147540983,-2.9836065573770494,-1.5901639344262295,-1.1475409836065573,-3.5081967213114753,-2.081967213114754,-0.6721311475409836,-0.04918032786885246,-0.04918032786885246,-0.6557377049180327,-0.7213114754098361,-2.3278688524590163,-0.3114754098360656,-0.32786885245901637,-0.9836065573770492,-0.7377049180327869,-0.4098360655737705,-0.5081967213114754,-0.26229508196721313,-0.5737704918032787,-1.5901639344262295,-0.13114754098360656,-0.04918032786885246,0.03278688524590164,-2.721311475409836,-1.1311475409836065,-0.3114754098360656,-0.8571428571428571,-0.5238095238095238,-1.0952380952380953,-1.5873015873015872,-2.634920634920635,-0.5079365079365079,-0.7619047619047619,-1.9523809523809523,-0.8253968253968254,-0.8571428571428571,-0.6666666666666666,-0.4603174603174603,-0.8095238095238095,-1.5555555555555556,-1.8253968253968254,-0.8571428571428571,-0.6984126984126984,-2.8095238095238093,-1.3015873015873016,-0.4603174603174603
P38645,-0.9661016949152542,-1.8220338983050848,-1.5084745762711864,-1.5169491525423728,-2.983050847457627,-1.728813559322034,-1.6271186440677967,-1.7457627118644068,-1.6440677966101696,-2.0338983050847457,-2.1016949152542375,-1.6101694915254237,-1.8305084745762712,-1.9576271186440677,-2.5508474576271185,-0.7627118644067796,-1.0338983050847457,-2.6440677966101696,-1.8559322033898304,-1.8305084745762712,-1.4661016949152543,-2.2288135593220337,-1.6694915254237288,-2.3389830508474576,-3.23728813559322,-1.9915254237288136,-1.8389830508474576,-2.6271186440677967,-1.2372881355932204,-2.042372881355932,-2.0762711864406778,-1.9576271186440677,-1.8728813559322033,-1.9406779661016949,-3.0508474576271185,-1.7881355932203389,-1.7542372881355932,-3.1610169491525424,-1.423728813559322,-1.9406779661016949,-0.788135593220339,-1.3305084745762712,-0.6779661016949152,-0.8728813559322034,-2.694915254237288,-0.9322033898305084,-0.9152542372881356,-1.3559322033898304,-1.152542372881356,-1.0338983050847457,-1.4576271186440677,-0.8728813559322034,-0.8728813559322034,-0.940677966101695,-1.3559322033898304,-0.4322033898305085,-0.864406779661017,-2.3220338983050848,-0.6694915254237288,-1.271186440677966,-2.3361344537815127,-2.092436974789916,-1.9579831932773109,-2.226890756302521,-3.8403361344537816,-2.0588235294117645,-2.0672268907563027,-2.9831932773109244,-2.1176470588235294,-2.3529411764705883,-2.26890756302521,-1.5294117647058822,-2.1176470588235294,-2.1596638655462184,-3.6218487394957983,-1.8739495798319328,-2.0588235294117645,-3.4285714285714284,-1.5294117647058822,-2.310924369747899
P56220,-0.4117647058823529,-0.8235294117647058,-0.7794117647058824,-0.8676470588235294,-2.4558823529411766,-0.4117647058823529,-0.36764705882352944,-1.911764705882353,-1.7794117647058822,-0.8823529411764706,-1.161764705882353,-0.6470588235294118,-1.2941176470588236,-2.338235294117647,-2.0441176470588234,-0.7941176470588235,-0.6617647058823529,-2.75,-1.9705882352941178,-0.9705882352941176,-0.27941176470588236,-1.2794117647058822,-0.6764705882352942,-0.8235294117647058,-2.2794117647058822,-1.25,-0.8088235294117647,-0.7352941176470589,-0.9411764705882353,-0.7647058823529411,-1.4705882352941178,-0.9264705882352942,-1.1323529411764706,-1.6470588235294117,-1.4558823529411764,-0.7647058823529411,-0.8235294117647058,-2.911764705882353,-1.6470588235294117,-0.35294117647058826,-0.5147058823529411,-2.1176470588235294,-1.088235294117647,-1.7205882352941178,-1.8823529411764706,-1.9852941176470589,-1.9705882352941178,-0.6029411764705882,-1.588235294117647,-1.2058823529411764,-2.1470588235294117,-1.838235294117647,-1.6764705882352942,-2.6470588235294117,-2.7058823529411766,-0.9852941176470589,-0.6911764705882353,-3.3823529411764706,-2.3088235294117645,-0.5588235294117647,-0.35714285714285715,-0.6,-0.6857142857142857,-0.9142857142857143,-2.1714285714285713,-0.7,-0.6571428571428571,-0.7,-1.3714285714285714,-0.7,-1.1571428571428573,-0.2857142857142857,-0.9285714285714286,-1.9857142857142858,-1.2,-0.37142857142857144,-0.2571428571428571,-2.6,-1.7285714285714286,-0.21428571428571427
P21608,-0.3181818181818182,-1.6090909090909091,-1.4636363636363636,-1.9090909090909092,-2.0090909090909093,-1.2272727272727273,-1.4727272727272727,-1.4636363636363636,-1.4090909090909092,-0.19090909090909092,-0.3181818181818182,-1.1818181818181819,-0.15454545454545454,-0.4727272727272727,-1.5727272727272728,-0.5909090909090909,-0.3181818181818182,-2.118181818181818,-0.7454545454545455,-0.2636363636363636,-0.1,-1.8181818181818181,-1.5818181818181818,-2.1636363636363636,-1.7818181818181817,-1.4727272727272727,-1.790909090909091,-0.9272727272727272,-1.8272727272727274,-0.00909090909090909,-0.35454545454545455,-1.4454545454545455,-0.08181818181818182,-0.7454545454545455,-2.0,-0.5272727272727272,-0.5636363636363636,-2.327272727272727,-1.0636363636363637,-0.02727272727272727,-0.10909090909090909,-1.2636363636363637,-1.209090909090909,-1.5909090909090908,-1.8363636363636364,-0.9272727272727272,-1.1545454545454545,-1.4181818181818182,-1.5636363636363637,-0.44545454545454544,-0.5,-0.7363636363636363,-0.20909090909090908,-0.6818181818181818,-1.7454545454545454,-0.5272727272727272,-0.4818181818181818,-2.209090909090909,-0.9,-0.35454545454545455,-0.08928571428571429,-1.8035714285714286,-1.4821428571428572,-2.1607142857142856,-1.3571428571428572,-1.3839285714285714,-1.7767857142857142,-1.1517857142857142,-2.0,-0.20535714285714285,-0.375,-1.6071428571428572,0.0,-1.1607142857142858,-2.0892857142857144,-0.49107142857142855,-0.38392857142857145,-2.0625,-1.4017857142857142,-0.09821428571428571
P34959,-0.41935483870967744,-1.4193548387096775,-1.6774193548387097,-2.3225806451612905,-2.3225806451612905,-1.096774193548387,-1.4516129032258065,-1.935483870967742,-1.096774193548387,-0.45161290322580644,-0.41935483870967744,-0.8709677419354839,0.12903225806451613,-0.41935483870967744,-1.935483870967742,-0.5483870967741935,-0.7096774193548387,-1.7419354838709677,-0.6129032258064516,-0.5483870967741935,-0.25806451612903225,-2.096774193548387,-2.096774193548387,-2.5806451612903225,-1.5161290322580645,-1.5161290322580645,-2.161290322580645,-2.129032258064516,-1.5806451612903225,0.4838709677419355,0.3225806451612903,-1.7419354838709677,0.2903225806451613,0.8709677419354839,-2.225806451612903,-0.9032258064516129,-0.5161290322580645,-1.5806451612903225,-0.12903225806451613,0.3548387096774194,-0.6774193548387096,-1.7419354838709677,-1.3548387096774193,-2.096774193548387,-2.032258064516129,-1.3548387096774193,-1.6774193548387097,-1.2258064516129032,-1.5483870967741935,0.25806451612903225,0.16129032258064516,-1.4516129032258065,0.3870967741935484,-0.1935483870967742,-2.225806451612903,-0.8064516129032258,-0.2903225806451613,-1.6774193548387097,-1.0,0.0,-0.8064516129032258,-1.4838709677419355,0.2903225806451613,-0.6129032258064516,-2.6774193548387095,-0.4838709677419355,-0.2903225806451613,-0.12903225806451613,0.7096774193548387,-2.7419354838709675,-2.4838709677419355,-1.1290322580645162,-1.5806451612903225,-2.032258064516129,-1.4516129032258065,-0.0967741935483871,-1.064516129032258,-2.5161290322580645,-0.9354838709677419,-2.4193548387096775
A2RMA8,-0.25,-1.7741935483870968,-1.532258064516129,-2.4919354838709675,-1.75,-1.5483870967741935,-2.0,-1.1370967741935485,-1.9435483870967742,-0.29838709677419356,-0.24193548387096775,-1.7258064516129032,-0.20161290322580644,-0.21774193548387097,-2.064516129032258,-0.4435483870967742,-0.41935483870967744,-1.8064516129032258,-0.8951612903225806,-0.41935483870967744,-0.3225806451612903,-1.564516129032258,-1.403225806451613,-2.064516129032258,-1.2016129032258065,-1.5,-1.8709677419354838,-0.8709677419354839,-1.8387096774193548,-0.3629032258064516,-0.3790322580645161,-1.2338709677419355,-0.4112903225806452,-0.2903225806451613,-1.435483870967742,-0.46774193548387094,-0.6129032258064516,-1.6612903225806452,-1.0241935483870968,-0.29838709677419356,-0.6451612903225806,-1.2903225806451613,-1.403225806451613,-1.9112903225806452,-1.8548387096774193,-1.0564516129032258,-1.596774193548387,-1.6129032258064515,-1.6774193548387097,0.07258064516129033,-0.11290322580645161,-1.0806451612903225,-0.04032258064516129,-0.16129032258064516,-1.282258064516129,-0.5403225806451613,-0.4838709677419355,-1.6693548387096775,-1.0806451612903225,-0.25,0.12,-2.0,-1.624,-2.328,-1.624,-1.256,-1.728,-1.232,-1.8,-0.016,-0.04,-1.68,0.48,-0.248,-2.12,-0.32,-0.32,-1.576,-0.856,-0.056
P35165,-0.3958333333333333,-0.5416666666666666,-1.5416666666666667,-1.375,-2.75,-0.4791666666666667,-1.1458333333333333,-2.25,-0.8125,-1.0,-0.7083333333333334,-1.2916666666666667,-0.9166666666666666,-1.3125,-2.4583333333333335,-1.0208333333333333,-0.75,-2.375,-0.4166666666666667,-0.9583333333333334,-0.2708333333333333,0.2708333333333333,-1.0208333333333333,-0.375,-2.5416666666666665,-0.4791666666666667,-0.3958333333333333,-1.5416666666666667,-0.75,-1.0416666666666667,-0.9583333333333334,-0.5416666666666666,-1.0208333333333333,-1.375,-0.9375,-0.5416666666666666,-0.3958333333333333,-2.0625,-1.1458333333333333,-1.125,-0.25,-0.6875,-1.6875,-0.8125,-2.375,-0.3125,-0.020833333333333332,-2.1875,-1.3541666666666667,-1.0833333333333333,-0.4166666666666667,-1.0,-0.6875,-1.7916666666666667,-2.3541666666666665,-0.8958333333333334,-0.7708333333333334,-2.875,-1.5625,-1.0,0.06,0.24,-1.02,-1.08,-2.3,-0.16,-0.42,-1.2,-1.2,-1.56,-1.18,-0.12,-1.02,-2.24,-1.62,-0.08,-0.38,-2.96,-1.68,-1.02
P28612,-0.09230769230769231,-0.9230769230769231,-1.2153846153846153,-1.3846153846153846,-1.8307692307692307,-0.6923076923076923,-0.9538461538461539,-1.2615384615384615,-1.0615384615384615,-0.6307692307692307,-0.7230769230769231,-0.49230769230769234,-0.3384615384615385,-1.0153846153846153,-1.2,-0.3076923076923077,-0.4307692307692308,-1.8923076923076922,-1.0307692307692307,-0.4307692307692308,0.0,-0.27692307692307694,-0.06153846153846154,-0.1076923076923077,-1.9538461538461538,0.2923076923076923,0.4153846153846154,-0.676923076923077,-0.9538461538461539,-1.0307692307692307,-0.9692307692307692,0.35384615384615387,-0.8769230769230769,-1.8153846153846154,0.06153846153846154,0.2,0.18461538461538463,-2.3384615384615386,-1.4,-0.7692307692307693,-0.5384615384615384,-0.8461538461538461,-0.24615384615384617,-0.4461538461538462,-2.6307692307692307,-0.35384615384615387,-0.6461538461538462,-1.523076923076923,-1.2615384615384615,-1.123076923076923,-1.1846153846153846,-0.7692307692307693,-1.1384615384615384,-1.4153846153846155,-1.3692307692307693,-0.46153846153846156,-0.23076923076923078,-2.4923076923076923,-0.9076923076923077,-0.8615384615384616,-0.13636363636363635,-0.4696969696969697,-0.8939393939393939,-0.9545454545454546,-2.5303030303030303,-0.5909090909090909,-0.5606060606060606,-1.5909090909090908,-1.7575757575757576,-1.4848484848484849,-1.606060606060606,-0.4696969696969697,-1.2424242424242424,-2.227272727272727,-1.5303030303030303,-0.25757575757575757,-0.7121212121212122,-2.9545454545454546,-1.803030303030303,-0.9242424242424242
P0A4D8,-1.5801526717557253,-2.7251908396946565,-3.015267175572519,-3.50381679389313,-2.8244274809160306,-2.1374045801526718,-2.7938931297709924,-3.0076335877862594,-2.9236641221374047,-1.8244274809160306,-2.0076335877862594,-2.282442748091603,-1.7328244274809161,-3.282442748091603,-3.267175572519084,-1.7938931297709924,-1.6106870229007633,-4.893129770992366,-3.5114503816793894,-1.7251908396946565,-1.9389312977099236,-1.7633587786259541,-2.3053435114503817,-2.099236641221374,-2.8625954198473282,-1.6412213740458015,-1.6946564885496183,-3.6717557251908395,-2.0916030534351147,-1.5572519083969465,-1.3129770992366412,-1.4122137404580153,-1.1908396946564885,-2.2290076335877864,-3.3893129770992365,-1.6564885496183206,-1.3587786259541985,-4.259541984732825,-2.4656488549618323,-1.3587786259541985,-0.9541984732824428,-1.1984732824427482,-1.3358778625954197,-1.5419847328244274,-2.66412213740458,-1.0534351145038168,-1.1755725190839694,-2.213740458015267,-1.6106870229007633,-1.5038167938931297,-1.6870229007633588,-0.9389312977099237,-1.3969465648854962,-2.2213740458015265,-2.33587786259542,-0.8549618320610687,-1.0763358778625953,-3.404580152671756,-2.16793893129771,-1.2442748091603053,-0.31297709923664124,0.9465648854961832,-0.030534351145038167,0.03816793893129771,-3.427480916030534,0.16793893129770993,0.44274809160305345,-0.6335877862595419,-0.7633587786259542,-1.5572519083969465,-1.3129770992366412,1.5877862595419847,-0.8778625954198473,-1.5725190839694656,-1.0381679389312977,0.13740458015267176,-0.6412213740458015,-2.5267175572519083,-1.1450381679389312,-1.450381679389313
Q9X3P3,-0.4885057471264368,-1.4425287356321839,-1.2873563218390804,-2.0229885057471266,-1.6551724137931034,-1.1954022988505748,-1.5632183908045978,-1.6839080459770115,-1.3850574712643677,-0.14942528735632185,-0.08045977011494253,-1.1954022988505748,-0.12643678160919541,-0.20689655172413793,-1.6666666666666667,-0.7126436781609196,-0.41954022988505746,-1.5977011494252873,-0.3390804597701149,-0.1839080459770115,-0.5804597701149425,-1.028735632183908,-1.2126436781609196,-1.7988505747126438,-1.7758620689655173,-0.9655172413793104,-1.3735632183908046,-1.7873563218390804,-0.9367816091954023,-0.25287356321839083,-0.028735632183908046,-1.0057471264367817,-0.23563218390804597,-0.5632183908045977,-1.528735632183908,-0.5402298850574713,-0.3275862068965517,-1.6149425287356323,-0.5689655172413793,-0.40804597701149425,-0.28160919540229884,-1.5574712643678161,-1.7298850574712643,-1.8620689655172413,-2.5114942528735633,-1.4885057471264367,-1.3275862068965518,-2.2126436781609193,-1.6551724137931034,-1.5402298850574712,-1.235632183908046,-1.7241379310344827,-1.5402298850574712,-1.8735632183908046,-2.6551724137931036,-1.4770114942528736,-1.5229885057471264,-2.9827586206896552,-2.281609195402299,-1.2528735632183907,-0.9659090909090909,-1.8409090909090908,-2.034090909090909,-2.2386363636363638,-2.8068181818181817,-1.8181818181818181,-2.028409090909091,-1.8352272727272727,-2.0170454545454546,-1.5340909090909092,-1.9034090909090908,-2.0568181818181817,-1.7386363636363635,-2.5454545454545454,-2.3181818181818183,-1.2159090909090908,-1.1420454545454546,-3.147727272727273,-2.125,-1.2840909090909092
Q8VL79,-1.2857142857142858,-1.3571428571428572,-0.5714285714285714,-1.5,-2.5714285714285716,-0.42857142857142855,-0.6428571428571429,-2.4285714285714284,-1.3571428571428572,-0.9285714285714286,-0.7142857142857143,-0.6428571428571429,0.35714285714285715,-1.1428571428571428,-1.7857142857142858,-1.0714285714285714,-1.0714285714285714,-2.0714285714285716,-0.42857142857142855,-1.0,-0.42857142857142855,-0.7857142857142857,-0.9285714285714286,-1.5714285714285714,-1.6428571428571428,-0.7142857142857143,-0.5,-1.3571428571428572,-1.8571428571428572,-1.0714285714285714,-0.7857142857142857,-0.21428571428571427,-0.2857142857142857,-2.2142857142857144,-2.142857142857143,-0.6428571428571429,-0.5714285714285714,-2.7857142857142856,-1.8571428571428572,-0.6428571428571429,-0.8571428571428571,-1.4285714285714286,-0.42857142857142855,-0.21428571428571427,-2.0,-0.7142857142857143,-0.5714285714285714,-2.0,-1.5,-0.42857142857142855,-1.2142857142857142,-0.35714285714285715,-0.7857142857142857,-1.5,-1.3571428571428572,-0.21428571428571427,-0.35714285714285715,-2.9285714285714284,-1.4285714285714286,-0.6428571428571429,-0.875,-0.5,-1.0625,-1.6875,-1.5625,-0.25,-0.5625,-1.875,-1.5,-1.5625,-1.4375,0.5,-0.375,-1.4375,-1.9375,-0.5,-0.6875,-1.5,-1.25,-1.1875
P82593,-0.05339805825242718,-1.0242718446601942,-0.5339805825242718,-1.1407766990291262,-1.8495145631067962,-0.7427184466019418,-0.8349514563106796,-0.7912621359223301,-1.2524271844660195,-1.1116504854368932,-1.0970873786407767,-0.8349514563106796,-0.8203883495145631,-1.3446601941747574,-1.4320388349514563,0.13106796116504854,0.05339805825242718,-1.970873786407767,-1.0825242718446602,-0.7669902912621359,-0.5631067961165048,-0.883495145631068,-0.6067961165048543,-0.7669902912621359,-1.8640776699029127,-0.6796116504854369,-0.48058252427184467,-0.8592233009708737,-0.9902912621359223,-1.3737864077669903,-1.1844660194174756,-0.7233009708737864,-0.8155339805825242,-1.3640776699029127,-1.174757281553398,-0.5728155339805825,-0.49514563106796117,-1.4757281553398058,-0.8980582524271845,-1.1116504854368932,-0.25728155339805825,-0.9854368932038835,-0.3446601941747573,-0.45145631067961167,-1.9223300970873787,-0.470873786407767,-0.49029126213592233,-0.9757281553398058,-0.6553398058252428,-1.1213592233009708,-1.116504854368932,-0.6310679611650486,-0.7718446601941747,-1.174757281553398,-1.233009708737864,0.06796116504854369,-0.02912621359223301,-1.441747572815534,-0.5679611650485437,-0.8155339805825242,-0.21739130434782608,-0.893719806763285,-0.714975845410628,-0.9227053140096618,-1.821256038647343,-0.5942028985507246,-0.6763285024154589,-1.1497584541062802,-1.3671497584541064,-1.3719806763285025,-1.4057971014492754,-0.6956521739130435,-0.961352657004831,-1.681159420289855,-1.3671497584541064,-0.17391304347826086,-0.20772946859903382,-2.1159420289855073,-1.4057971014492754,-0.8260869565217391
P25958,-0.7741935483870968,-1.2580645161290323,-1.4193548387096775,-1.5483870967741935,-2.096774193548387,-0.1935483870967742,-0.967741935483871,-1.8387096774193548,-1.0,-1.0,-0.7096774193548387,-1.2580645161290323,-0.1935483870967742,-1.2580645161290323,-2.129032258064516,-0.7741935483870968,-0.7096774193548387,-2.0,-1.064516129032258,-0.9032258064516129,-0.3225806451612903,-1.2258064516129032,-0.6129032258064516,-1.1935483870967742,-1.2580645161290323,-0.16129032258064516,-0.45161290322580644,-1.4838709677419355,-1.1612903225806452,-1.4838709677419355,-1.3870967741935485,-0.6774193548387096,-0.6451612903225806,-2.2903225806451615,-1.8064516129032258,0.03225806451612903,-0.12903225806451613,-2.870967741935484,-1.7419354838709677,-1.0,-1.032258064516129,-0.9354838709677419,-1.1290322580645162,-1.096774193548387,-2.4193548387096775,-0.6451612903225806,-1.096774193548387,-1.967741935483871,-0.7741935483870968,-0.9354838709677419,-1.1935483870967742,-0.967741935483871,-0.6774193548387096,-1.5161290322580645,-1.903225806451613,-1.0,-0.8387096774193549,-2.870967741935484,-1.064516129032258,-1.0,-0.6176470588235294,-1.4705882352941178,-1.088235294117647,-1.2352941176470589,-2.264705882352941,-0.6176470588235294,-0.7352941176470589,-1.3529411764705883,-1.2941176470588236,-1.2352941176470589,-1.3823529411764706,-0.8823529411764706,-0.9705882352941176,-1.6470588235294117,-1.7352941176470589,-0.5882352941176471,-0.6764705882352942,-2.4705882352941178,-1.0,-1.0294117647058822
O86963,0.019736842105263157,-0.4605263157894737,-1.3157894736842106,-1.1513157894736843,-1.7763157894736843,-0.4605263157894737,-0.5131578947368421,-0.9407894736842105,-0.993421052631579,-1.0526315789473684,-0.7828947368421053,-0.7105263157894737,-0.7236842105263158,-1.506578947368421,-1.480263157894737,-0.4276315789473684,-0.5657894736842105,-1.8486842105263157,-1.1776315789473684,-0.8421052631578947,-0.20394736842105263,-0.7763157894736842,-0.8421052631578947,-0.8947368421052632,-1.486842105263158,-0.8618421052631579,-0.9078947368421053,-0.7763157894736842,-0.7763157894736842,-0.9144736842105263,-0.9342105263157895,-0.8421052631578947,-0.9736842105263158,-1.375,-1.0789473684210527,-0.5328947368421053,-0.40131578947368424,-2.098684210526316,-1.0592105263157894,-0.46710526315789475,-0.125,-0.4868421052631579,-0.743421052631579,-0.3881578947368421,-1.8421052631578947,-0.5394736842105263,-0.2631578947368421,-0.5723684210526315,-0.7302631578947368,-0.7631578947368421,-0.6907894736842105,-0.5657894736842105,-0.6776315789473685,-1.125,-0.45394736842105265,-0.2894736842105263,-0.28289473684210525,-1.480263157894737,-1.0263157894736843,-0.6447368421052632,-0.09803921568627451,-0.42483660130718953,-0.7777777777777778,-0.5751633986928104,-1.7647058823529411,-0.3006535947712418,-0.09803921568627451,-1.1045751633986929,-0.673202614379085,-1.1895424836601307,-0.8954248366013072,-0.43790849673202614,-0.7777777777777778,-1.5294117647058822,-1.3202614379084967,-0.43790849673202614,-0.5294117647058824,-1.9934640522875817,-0.8431372549019608,-0.8300653594771242
P36948,-0.2375,-1.4375,-1.35,-2.0875,-1.9875,-1.05,-1.575,-1.125,-2.075,0.3125,0.05,-1.3125,0.1,-0.3,-1.9625,-0.45,-0.3875,-2.225,-1.15,0.025,0.1375,-2.3625,-1.5625,-2.425,-1.7875,-1.825,-2.25,-0.4375,-2.325,0.275,0.125,-2.0125,0.225,-0.3375,-1.725,-0.6,-0.275,-1.7375,-1.075,0.0625,0.0625,-1.6375,-1.65,-2.6,-1.85,-1.725,-2.125,-1.225,-2.1875,-0.0625,-0.0875,-1.6625,-0.2125,-0.15,-2.1625,-0.625,-0.5375,-1.6,-0.825,-0.1625,-0.012195121951219513,-1.853658536585366,-1.5609756097560976,-2.1951219512195124,-2.207317073170732,-1.2682926829268293,-1.9390243902439024,-0.926829268292683,-2.475609756097561,-0.17073170731707318,-0.2073170731707317,-1.7926829268292683,-0.1951219512195122,-0.524390243902439,-2.207317073170732,-0.524390243902439,-0.5975609756097561,-2.317073170731707,-1.0731707317073171,0.036585365853658534
P46349,-0.042735042735042736,-2.623931623931624,-1.982905982905983,-3.2393162393162394,-1.9658119658119657,-2.1452991452991452,-2.6495726495726495,-0.7692307692307693,-2.6666666666666665,-0.08547008547008547,-0.5213675213675214,-2.427350427350427,-0.28205128205128205,-0.48717948717948717,-2.658119658119658,-0.39316239316239315,-0.5213675213675214,-1.7264957264957266,-1.1538461538461537,-0.4017094017094017,-0.05128205128205128,-2.3076923076923075,-1.1794871794871795,-2.341880341880342,-1.7606837606837606,-1.8632478632478633,-2.2393162393162394,-0.7350427350427351,-1.9743589743589745,0.26495726495726496,-0.29914529914529914,-1.811965811965812,-0.4358974358974359,0.38461538461538464,-1.5982905982905984,-0.4700854700854701,-0.28205128205128205,-0.905982905982906,-0.8632478632478633,0.05128205128205128,0.1111111111111111,-2.641025641025641,-1.7264957264957266,-2.888888888888889,-1.264957264957265,-2.017094017094017,-2.752136752136752,-0.9572649572649573,-2.572649572649573,0.10256410256410256,-0.042735042735042736,-2.4444444444444446,-0.1794871794871795,-0.06837606837606838,-2.3846153846153846,-0.4358974358974359,-0.4358974358974359,-1.7606837606837606,-1.0683760683760684,-0.008547008547008548,-0.19491525423728814,-1.7372881355932204,-1.4406779661016949,-2.4152542372881354,-1.5,-1.4322033898305084,-1.8220338983050848,-1.2881355932203389,-1.7542372881355932,0.4406779661016949,0.1016949152542373,-1.347457627118644,-0.025423728813559324,0.5084745762711864,-0.8898305084745762,-0.6440677966101694,-0.4830508474576271,-0.2966101694915254,0.0847457627118644,0.1694915254237288
Q59331,-0.92,-1.54,-1.45,-1.6,-2.79,-1.28,-0.96,-1.69,-1.53,-0.9,-1.38,-0.93,-1.6,-2.01,-2.18,-0.97,-1.06,-2.93,-2.11,-0.97,-0.6,-1.72,-1.88,-2.24,-3.08,-1.67,-1.41,-2.52,-1.42,-1.64,-1.98,-1.45,-1.88,-2.2,-2.23,-1.35,-1.54,-3.7,-1.62,-1.55,-1.19,-2.25,-1.67,-1.95,-2.71,-1.94,-1.83,-1.46,-2.22,-1.8,-1.89,-1.75,-1.5,-2.9,-2.91,-1.1,-1.19,-3.83,-2.76,-1.6,-0.5,-1.88,-1.88,-2.12,-2.57,-1.67,-1.54,-2.31,-2.27,-1.22,-1.67,-1.53,-1.39,-2.44,-2.97,-1.5,-1.32,-3.65,-2.3,-1.11
Q8DS12,-0.5632183908045977,-2.471264367816092,-2.0344827586206895,-2.2413793103448274,-3.574712643678161,-1.9080459770114941,-1.5977011494252873,-2.7471264367816093,-3.1839080459770117,-2.3793103448275863,-2.4367816091954024,-1.2183908045977012,-1.9310344827586208,-3.7241379310344827,-3.8850574712643677,-1.367816091954023,-1.5862068965517242,-4.827586206896552,-3.7586206896551726,-1.793103448275862,-0.09195402298850575,-1.5747126436781609,-1.0574712643678161,-1.4942528735632183,-2.5977011494252875,-0.9655172413793104,-0.9540229885057471,-1.367816091954023,-1.6206896551724137,-0.7471264367816092,-1.1264367816091954,-0.8045977011494253,-1.103448275862069,-2.0919540229885056,-2.2873563218390807,-0.7126436781609196,-0.6091954022988506,-3.954022988505747,-2.103448275862069,-0.4942528735632184,0.3103448275862069,-0.6666666666666666,-0.735632183908046,-0.22988505747126436,-1.5172413793103448,-0.12643678160919541,0.2413793103448276,-1.0804597701149425,-1.0,-0.8850574712643678,-0.9885057471264368,-0.22988505747126436,-0.735632183908046,-1.3448275862068966,-0.7816091954022989,-0.25287356321839083,-0.6206896551724138,-2.310344827586207,-1.5402298850574712,-0.41379310344827586,-0.5172413793103449,-1.3793103448275863,-1.3218390804597702,-1.4942528735632183,-3.0804597701149423,-0.6091954022988506,-0.27586206896551724,-1.9885057471264367,-2.1724137931034484,-1.5747126436781609,-1.839080459770115,-0.19540229885057472,-1.1724137931034482,-2.2988505747126435,-2.2988505747126435,-1.0919540229885059,-1.160919540229885,-3.3448275862068964,-2.2988505747126435,-1.0459770114942528
P28628,-0.30434782608695654,-1.173913043478261,-1.3043478260869565,-2.0869565217391304,-2.0,-1.0,-1.108695652173913,-1.9565217391304348,-1.6956521739130435,-0.21739130434782608,-0.7391304347826086,-0.717391304347826,-0.391304347826087,-0.43478260869565216,-1.3478260869565217,-0.5,-0.45652173913043476,-1.9130434782608696,-0.9347826086956522,-0.10869565217391304,-1.2826086956521738,-1.065217391304348,-0.7608695652173914,-1.326086956521739,-2.5652173913043477,-1.391304347826087,-1.326086956521739,-1.7608695652173914,-1.326086956521739,-0.8913043478260869,-1.4782608695652173,-0.7608695652173914,-1.3695652173913044,-1.3695652173913044,-1.8478260869565217,-1.1521739130434783,-0.9782608695652174,-2.739130434782609,-1.4782608695652173,-0.7391304347826086,-0.6956521739130435,-0.45652173913043476,-0.2608695652173913,-0.3695652173913043,-1.7173913043478262,-0.43478260869565216,-0.06521739130434782,-1.0217391304347827,-0.8478260869565217,-0.6956521739130435,-0.8478260869565217,0.15217391304347827,-0.6521739130434783,-0.9565217391304348,-0.08695652173913043,-0.45652173913043476,-0.1956521739130435,-1.9565217391304348,-0.5217391304347826,-0.5869565217391305,-1.5434782608695652,-1.391304347826087,-0.8478260869565217,-1.4130434782608696,-2.9130434782608696,-1.2826086956521738,-1.608695652173913,-1.8695652173913044,-0.8478260869565217,-1.7391304347826086,-1.7391304347826086,-1.2608695652173914,-1.326086956521739,-1.0869565217391304,-1.934782608695652,-0.6739130434782609,-1.4130434782608696,-1.8695652173913044,-1.2826086956521738,-1.391304347826087
P46922,0.0547945205479452,-1.4109589041095891,-0.8082191780821918,-1.1095890410958904,-1.6575342465753424,-0.684931506849315,-0.9452054794520548,-1.178082191780822,-1.4794520547945205,-0.821917808219178,-1.0410958904109588,-0.863013698630137,-0.5205479452054794,-1.6986301369863013,-1.7123287671232876,-0.1506849315068493,-0.1780821917808219,-2.4794520547945207,-1.4246575342465753,-0.6164383561643836,-0.4383561643835616,-0.8493150684931506,-0.8082191780821918,-1.0136986301369864,-2.136986301369863,-0.4657534246575342,-0.5068493150684932,-1.6027397260273972,-1.178082191780822,-1.3835616438356164,-1.36986301369863,-0.3013698630136986,-0.863013698630137,-1.1369863013698631,-1.3835616438356164,-0.4383561643835616,-0.410958904109589,-1.3287671232876712,-0.8493150684931506,-1.1369863013698631,-0.2328767123287671,-1.0547945205479452,-0.8356164383561644,-0.4794520547945205,-2.287671232876712,-0.3013698630136986,0.1095890410958904,-1.4383561643835616,-1.3424657534246576,-1.082191780821918,-1.3972602739726028,-0.2465753424657534,-0.8493150684931506,-1.9315068493150684,-1.4383561643835616,-0.410958904109589,-0.5342465753424658,-2.136986301369863,-1.452054794520548,-0.821917808219178,-0.17567567567567569,-1.135135135135135,-0.7702702702702703,-0.9594594594594594,-1.9594594594594594,-0.6621621621621622,-0.8378378378378378,-1.1891891891891893,-1.2972972972972974,-0.972972972972973,-1.2297297297297298,-0.7027027027027027,-0.5675675675675675,-1.6216216216216217,-1.1756756756756757,-0.24324324324324326,-0.21621621621621623,-2.2027027027027026,-1.027027027027027,-0.6891891891891891
P42432,-0.02857142857142857,-2.5619047619047617,-2.0476190476190474,-3.4761904761904763,-1.9142857142857144,-2.0952380952380953,-3.057142857142857,-1.161904761904762,-2.657142857142857,0.02857142857142857,0.0761904761904762,-2.676190476190476,0.3523809523809524,0.49523809523809526,-2.2857142857142856,-0.26666666666666666,-0.3904761904761905,-0.8857142857142857,-1.0095238095238095,-0.1523809523809524,0.19047619047619047,-2.123809523809524,-2.1619047619047618,-3.2285714285714286,-1.723809523809524,-1.9238095238095239,-2.857142857142857,-0.5047619047619047,-2.3523809523809525,0.09523809523809523,0.13333333333333333,-2.3333333333333335,0.14285714285714285,0.1619047619047619,-1.3333333333333333,-0.44761904761904764,-0.7238095238095238,-0.8476190476190476,-1.1047619047619048,-0.10476190476190476,0.08571428571428572,-2.5238095238095237,-2.066666666666667,-3.4761904761904763,-1.7714285714285714,-2.3523809523809525,-3.3523809523809525,-0.6095238095238096,-2.552380952380952,0.5714285714285714,0.5428571428571428,-2.7333333333333334,0.6190476190476191,0.8285714285714286,-2.2857142857142856,-0.41904761904761906,-0.38095238095238093,-0.8952380952380953,-0.6571428571428571,0.20952380952380953,-0.44339622641509435,-0.36792452830188677,-0.9056603773584906,-1.5754716981132075,-1.5471698113207548,-0.6320754716981132,-1.0471698113207548,-1.6320754716981132,-1.0943396226415094,-1.179245283018868,-0.9528301886792453,-0.6886792452830188,-0.6698113207547169,-1.4245283018867925,-1.650943396226415,-0.4528301886792453,-0.6226415094339622,-2.349056603773585,-1.2547169811320755,-1.0849056603773586
Q9F0R1,-0.9285714285714286,-0.7142857142857143,-0.5714285714285714,-0.9642857142857143,-2.2142857142857144,-0.35714285714285715,-0.5714285714285714,-2.25,-1.1071428571428572,-0.42857142857142855,-0.5357142857142857,0.17857142857142858,-0.17857142857142858,-0.10714285714285714,-2.107142857142857,-0.5357142857142857,-0.14285714285714285,-2.0357142857142856,-0.21428571428571427,-0.7142857142857143,-0.8928571428571429,-0.9285714285714286,-0.7142857142857143,-1.1785714285714286,-2.1785714285714284,-0.6428571428571429,-0.42857142857142855,-2.1785714285714284,-1.0714285714285714,-0.42857142857142855,-0.21428571428571427,-0.42857142857142855,-0.2857142857142857,-0.7857142857142857,-2.2142857142857144,-0.4642857142857143,-0.35714285714285715,-1.6785714285714286,-0.32142857142857145,-0.7857142857142857,-1.0,-0.35714285714285715,-0.42857142857142855,-0.8571428571428571,-2.107142857142857,-0.10714285714285714,-0.32142857142857145,-2.107142857142857,-0.7142857142857143,-1.0714285714285714,-1.0,0.4642857142857143,-1.0,-1.4285714285714286,-1.3571428571428572,-0.42857142857142855,-0.42857142857142855,-2.2142857142857144,-0.35714285714285715,-0.9285714285714286,-0.6451612903225806,-0.4838709677419355,-0.41935483870967744,-0.6451612903225806,-2.3225806451612905,0.0967741935483871,-0.16129032258064516,-2.4838709677419355,-0.8709677419354839,-0.6129032258064516,-1.032258064516129,-0.0967741935483871,-0.7741935483870968,-1.6451612903225807,-2.064516129032258,-0.6129032258064516,-0.5806451612903226,-2.870967741935484,-1.3225806451612903,-0.6129032258064516
P47722,-0.16363636363636364,-1.709090909090909,-1.6181818181818182,-1.7272727272727273,-2.2545454545454544,-1.3272727272727274,-1.4363636363636363,-2.6,-1.6363636363636365,-1.3454545454545455,-1.4727272727272727,-1.309090909090909,-1.4,-2.4545454545454546,-2.309090909090909,-1.1636363636363636,-1.018181818181818,-3.327272727272727,-1.7636363636363637,-1.0545454545454545,-0.21818181818181817,-1.981818181818182,-1.8727272727272728,-1.3636363636363635,-2.6,-1.7272727272727273,-1.3818181818181818,-2.0,-2.309090909090909,-1.5272727272727273,-1.8727272727272728,-1.6363636363636365,-1.7818181818181817,-2.690909090909091,-2.709090909090909,-1.4181818181818182,-1.1272727272727272,-3.581818181818182,-2.4545454545454546,-0.8909090909090909,0.12727272727272726,-2.018181818181818,-2.0727272727272728,-1.9090909090909092,-2.0727272727272728,-2.036363636363636,-1.3818181818181818,-1.8727272727272728,-2.309090909090909,-1.3272727272727274,-1.6363636363636365,-1.1818181818181819,-1.7636363636363637,-2.7636363636363637,-2.2545454545454544,-1.0727272727272728,-0.6727272727272727,-3.8545454545454545,-2.672727272727273,-0.43636363636363634,-0.10909090909090909,-1.0727272727272728,-1.509090909090909,-1.5818181818181818,-2.890909090909091,-1.3272727272727274,-1.290909090909091,-1.1090909090909091,-2.2363636363636363,-1.3454545454545455,-1.509090909090909,-1.018181818181818,-1.2545454545454546,-2.581818181818182,-2.6363636363636362,-0.8363636363636363,-0.9636363636363636,-3.1818181818181817,-2.5090909090909093,-1.3272727272727274
P13485,-0.7419354838709677,-0.7795698924731183,-0.7150537634408602,-1.0,-2.053763440860215,-0.3064516129032258,-0.23118279569892472,-1.935483870967742,-1.1021505376344085,-1.0376344086021505,-0.9193548387096774,-0.3924731182795699,-0.543010752688172,-1.424731182795699,-1.6021505376344085,-0.3172043010752688,-0.4946236559139785,-2.4193548387096775,-1.1451612903225807,-0.8010752688172043,-0.8118279569892473,-0.5268817204301075,-0.6129032258064516,-1.2258064516129032,-2.10752688172043,-0.4946236559139785,-0.543010752688172,-1.6881720430107527,-1.0,-1.1021505376344085,-1.021505376344086,-0.13440860215053763,-0.6236559139784946,-1.3548387096774193,-1.6666666666666667,-0.43010752688172044,-0.5591397849462365,-2.3333333333333335,-0.967741935483871,-0.8655913978494624,-0.6881720430107527,-0.5161290322580645,-0.45698924731182794,-0.7688172043010753,-2.172043010752688,-0.4731182795698925,-0.5376344086021505,-1.6559139784946237,-0.6021505376344086,-0.8494623655913979,-0.946236559139785,-0.16129032258064516,-0.6881720430107527,-0.6720430107526881,-1.3118279569892473,-0.3978494623655914,-0.3870967741935484,-1.7956989247311828,-0.26344086021505375,-0.8118279569892473,-0.9521276595744681,-0.9468085106382979,-0.723404255319149,-0.5638297872340425,-2.2819148936170213,-0.5691489361702128,-0.5053191489361702,-1.9308510638297873,-0.7393617021276596,-1.0212765957446808,-0.9787234042553191,-0.5319148936170213,-0.8085106382978723,-0.6595744680851063,-1.5638297872340425,-0.5957446808510638,-0.7553191489361702,-2.1595744680851063,-0.22340425531914893,-1.0372340425531914
O87237,-1.125,-0.1875,0.0,-0.625,-2.375,0.3125,0.25,-2.1875,-1.125,-1.3125,-0.8125,0.5,-0.0625,-2.0,-1.625,-0.3125,-0.5,-2.6875,-1.6875,-1.0,-0.8125,-1.1875,-0.75,0.25,-2.375,-0.25,0.5625,-1.1875,-1.1875,-1.5625,-1.5,-0.625,-1.0,-1.8125,-1.6875,-0.5,-1.125,-2.5,-1.5,-1.25,0.25,-1.5,-0.8125,-1.375,-1.375,-1.1875,-1.25,-0.75,-1.4375,-1.125,-1.25,-1.25,-1.0,-1.9375,-0.5625,0.5,0.4375,-2.6875,-1.8125,-0.75,0.058823529411764705,-1.0,-0.7647058823529411,-1.588235294117647,0.35294117647058826,-1.1176470588235294,-1.411764705882353,-1.7058823529411764,-1.588235294117647,-1.2352941176470589,-1.2352941176470589,-0.9411764705882353,-1.0,-1.8823529411764706,-1.2352941176470589,0.17647058823529413,1.0,-2.3529411764705883,-1.4705882352941178,-0.7058823529411765
P39652,0.075,-0.9875,-0.46875,-1.0,-1.73125,-0.38125,-0.66875,-0.80625,-0.8625,-1.23125,-1.275,-0.675,-0.75,-1.55,-1.03125,0.19375,0.00625,-2.08125,-1.1625,-0.86875,-0.325,-0.94375,-0.6125,-0.91875,-1.8875,-0.5,-0.6375,-1.05,-0.9375,-1.025,-1.225,-0.70625,-0.75625,-1.18125,-0.73125,-0.0875,-0.1625,-1.9875,-0.7,-0.725,-0.48125,-1.15625,-0.225,-0.75,-1.8375,-0.475,-0.71875,-0.9875,-0.7625,-1.21875,-1.46875,-0.8125,-0.84375,-1.28125,-1.525,-0.125,-0.2625,-1.71875,-0.775,-0.9125,-0.35,-0.96875,0.01875,-0.7875,-1.625,-0.55,-0.64375,-0.81875,-0.94375,-1.10625,-1.36875,-0.65625,-0.7875,-1.325,-1.23125,0.09375,0.0,-1.6625,-0.99375,-0.88125
P20166,-0.06896551724137931,-1.7183908045977012,-1.1896551724137931,-1.764367816091954,-2.1551724137931036,-1.2241379310344827,-1.5747126436781609,-0.8160919540229885,-1.5804597701149425,-0.13218390804597702,-0.39080459770114945,-1.2988505747126438,-0.22413793103448276,-0.40229885057471265,-1.3620689655172413,-0.6609195402298851,-0.5344827586206896,-1.5977011494252873,-0.9942528735632183,-0.25862068965517243,-0.22413793103448276,-1.6839080459770115,-1.5977011494252873,-2.1494252873563218,-1.9942528735632183,-1.235632183908046,-1.6551724137931034,-0.9080459770114943,-1.6896551724137931,-0.14942528735632185,-0.3218390804597701,-1.4425287356321839,-0.14367816091954022,-0.28160919540229884,-1.3850574712643677,-0.7126436781609196,-0.4482758620689655,-1.6954022988505748,-0.9425287356321839,-0.3735632183908046,-0.14942528735632185,-1.5459770114942528,-0.9310344827586207,-1.4482758620689655,-2.1379310344827585,-0.9252873563218391,-1.1954022988505748,-1.1494252873563218,-1.4252873563218391,-0.4540229885057471,-0.8218390804597702,-0.896551724137931,-0.5804597701149425,-1.1724137931034482,-1.7413793103448276,-0.5344827586206896,-0.47126436781609193,-2.4942528735632186,-1.2298850574712643,-0.3793103448275862,-0.3163841807909605,-1.4293785310734464,-0.9887005649717514,-0.9830508474576272,-2.5875706214689265,-0.5819209039548022,-0.5706214689265536,-1.3954802259887005,-1.3898305084745763,-0.6440677966101694,-1.1694915254237288,-0.3954802259887006,-0.9887005649717514,-1.6779661016949152,-1.4519774011299436,-0.5254237288135594,-0.22598870056497175,-3.0847457627118646,-1.807909604519774,-0.4350282485875706
