Protein_ID,SS3_ACOV_Lag1_C,SS3_ACOV_Lag1_H,SS3_ACOV_Lag1_E,SS3_ACOV_Lag2_C,SS3_ACOV_Lag2_H,SS3_ACOV_Lag2_E,SS3_ACOV_Lag3_C,SS3_ACOV_Lag3_H,SS3_ACOV_Lag3_E,SS3_ACOV_Lag4_C,SS3_ACOV_Lag4_H,SS3_ACOV_Lag4_E,SS3_ACOV_Lag5_C,SS3_ACOV_Lag5_H,SS3_ACOV_Lag5_E,SS3_ACOV_Lag6_C,SS3_ACOV_Lag6_H,SS3_ACOV_Lag6_E,SS3_ACOV_Lag7_C,SS3_ACOV_Lag7_H,SS3_ACOV_Lag7_E,SS3_ACOV_Lag8_C,SS3_ACOV_Lag8_H,SS3_ACOV_Lag8_E,SS3_ACOV_Lag9_C,SS3_ACOV_Lag9_H,SS3_ACOV_Lag9_E,SS3_ACOV_Lag10_C,SS3_ACOV_Lag10_H,SS3_ACOV_Lag10_E
Q9ZFB5,0.11454204866710893,0.6329529961349255,2.1758051682997563e-05,0.10142046374546299,0.6231920447659453,1.9344702483454026e-05,0.08645774520301847,0.6107556960605867,1.8106510960900448e-05,0.0726885516923211,0.5977006769225887,1.728266595091121e-05,0.06069836483772124,0.5861649889655767,1.6417818839350257e-05,0.05222997166450855,0.5776324333171244,1.5506701308142917e-05,0.0465863947809707,0.5715100631826497,1.4576363591816356e-05,0.0431728371464518,0.5672921471929616,1.3581705297103186e-05,0.04174786399148591,0.564779256401457,1.2593629028262391e-05,0.041681817504523634,0.5635454066464844,1.2147868496712247e-05
P21608,0.12655709332202864,0.6066707572632842,7.932665578037363e-05,0.11538679940886196,0.5981782573795574,6.873152067957025e-05,0.10253047231952181,0.5873115615292568,6.034090635832676e-05,0.09020080318402782,0.5763315325764733,5.405468012145713e-05,0.08034925361964686,0.5675109733895362,4.998972349994776e-05,0.07321694763301041,0.5611874002825249,4.7304736614761856e-05,0.06802459695347289,0.5566299064793292,4.4006465071209264e-05,0.0641972763686662,0.5534919284817074,4.075088819827537e-05,0.061342079942389216,0.5513260910236559,3.905896761332981e-05,0.05893890606630187,0.5496214337221651,3.700182761867825e-05
P0A5P2,0.32831454847020425,0.08978100933283893,0.13076828611880625,0.30183846474130427,0.08497750646287794,0.1127675130989658,0.27691168252094567,0.07941704797815352,0.09390860299010113,0.2598365605619961,0.07408142305707816,0.08059928757420816,0.255618464655578,0.06873312163387019,0.07791350331677765,0.2612486144495563,0.0631447223155405,0.08525518988217971,0.2686104019292906,0.05743503380191619,0.09409640681281743,0.2736931972576929,0.05202844780973519,0.1009368000585791,0.27257137852382773,0.0468844153117125,0.10187366202112363,0.26590013779997235,0.041496828717838476,0.09715456470692696
P13692,0.31307681433915086,0.43701257514511327,0.05396352085706949,0.3048580035316724,0.436532658878564,0.04693502752811624,0.2972052165113204,0.435783243064578,0.0399768822125479,0.29151953961130034,0.4349810434182863,0.035175974898179314,0.28926132433494,0.4343161296585016,0.03339297446429728,0.2885584774013948,0.4337458555651877,0.03337223122828801,0.28890251619167984,0.43322675510214875,0.0345079574502389,0.29017367336589006,0.43266688927032804,0.03652826289036229,0.29261365713101484,0.43204403208013825,0.03899366378464724,0.29390275497698654,0.4313124191275431,0.04031293762538947
P19368,0.24862613051775306,0.24628262844687815,0.0965374201585634,0.22746665982213074,0.2349295261208649,0.0853049382302289,0.20970743056003538,0.22209080533294173,0.07409381145181115,0.1969714447616184,0.21096367224307033,0.06478759188825581,0.18883460709373293,0.20039128897659486,0.059247924885087344,0.18451943567002352,0.18884644430154923,0.05750001397001533,0.18284607712543308,0.17725843302676592,0.0566152268596626,0.1822162151057696,0.16542799964314672,0.05553323991539878,0.18188085784373834,0.15415002806337322,0.05419390644753309,0.1810569021997113,0.143385871774929,0.05239480011395356
P24943,0.13864906649978037,0.6018733966346315,0.00029956840017351824,0.12350506872458135,0.5888935716641039,0.00023844776003933914,0.10739701282329807,0.5737054703284505,0.00020306563309953704,0.09229265190131022,0.5584934057254712,0.00018902005741844413,0.08029861535680444,0.5459179425552176,0.00018454001829863598,0.07208825993898241,0.5364319070301338,0.00018018215023041172,0.06664170613578935,0.5295050076601489,0.00016726394810102197,0.06362660309377309,0.5249376614658081,0.00015516244307473798,0.06172827055749461,0.5213589096822623,0.00014236309457083178,0.0599455118041314,0.5178442190593078,0.0001262001159975441
Q45588,0.2116522145364879,0.32821476686277673,0.10880204478883454,0.18314149961227824,0.31817264735624906,0.09500455749565304,0.1608477361705628,0.3064054704323504,0.08776801243825348,0.14594605151634263,0.29481170037163984,0.0848941980032999,0.1395498123647789,0.28505906537683107,0.08811009078012412,0.13630652742241461,0.2761821167690675,0.09317551511134209,0.13198802837858647,0.2680813719772842,0.09447573118299515,0.12620886681167195,0.2611372594844309,0.09169379195403617,0.12317043423347926,0.25522133980310147,0.08877579202022151,0.12641491311284486,0.2505898955867081,0.09024583253723892
P39127,0.21270066261295822,0.2617460884440376,0.12205618348890047,0.18938769938251918,0.25091156027784406,0.10785415883036492,0.16719553333599516,0.23790469988504306,0.09199573303414325,0.14971868078095363,0.224076505012907,0.07834307087789145,0.1419558788728037,0.211193907925403,0.06967074759740115,0.14044525709890912,0.1996424123891353,0.06551395981469275,0.14094660048737734,0.18860255462167677,0.06355692572128971,0.14308280143309196,0.178584778380137,0.06314033936374194,0.14611000221765758,0.17102332902242004,0.06371248961660665,0.14940382593020013,0.1661829012309831,0.06444468692643933
P0A3Q0,0.24636351056702765,0.3128552315577244,0.060903859691644156,0.22663400588867053,0.3001299676811775,0.05261189692584597,0.20625119657721946,0.28645455905730294,0.04272769392629495,0.18913704432641557,0.2734056190596172,0.03384518767515088,0.1785431178397114,0.261631340397244,0.027663043812854945,0.1742104902851568,0.25083843499614555,0.02432934823006885,0.17455041875252547,0.24136726992429783,0.02269684287840434,0.1766924737184843,0.232922204335821,0.02204812054782882,0.178177404537569,0.22484797289210914,0.021472792183291498,0.1791772447423046,0.21867356744798,0.02066576659609713
Q5YLG1,0.2542219109056193,0.2713874431766135,0.09298951377790986,0.2376184135107475,0.2637562264345968,0.08382794097796721,0.22123977628460847,0.2551244712272989,0.0747158668135134,0.20718450033444272,0.24713061145343226,0.06661695014250682,0.1973816405914844,0.24033829295519818,0.060551194317885096,0.1911235391223955,0.23453798809055904,0.056192151022877224,0.1883202300179344,0.22944035756088774,0.053916008480654386,0.18812702209812868,0.224546344811663,0.05383568914204921,0.1888181060925628,0.2193507241628726,0.055209596910814646,0.18907277739896208,0.21395087090532292,0.05696998097547943
Q03091,0.3886269300962003,0.1717545188891799,0.03453058742764806,0.3747906471150604,0.16224231830221256,0.03054586642330407,0.3598729797762594,0.1509063166038653,0.026236993264306757,0.3452612287550951,0.13971238201115174,0.022765288249419553,0.3319859215965963,0.12857595183387255,0.0204804311056017,0.3193172010185962,0.11687511822112999,0.01944007784466519,0.310125156198085,0.1073381185928729,0.019074198513639066,0.30451446975895596,0.10062454323581137,0.01891317652469707,0.2995968247451026,0.09619630923920137,0.018549915792805387,0.29769500084534,0.09362796305629326,0.017738453899022746
O52351,0.20305998046859464,0.5049601803265914,0.001964282100505699,0.19054040775668063,0.494827361439182,0.0015768350556762181,0.17623598504888802,0.48223625697597755,0.0013275712948423069,0.1626868617000187,0.46971249805841125,0.001275520811693701,0.1519385553490504,0.4593164624314842,0.0013060072839541062,0.14362007884242511,0.4509091297079666,0.0013225795018245664,0.13699638842726422,0.4441022667240063,0.0012752995764338435,0.1313236906373412,0.438831929020955,0.0011613140955770056,0.12684285790152103,0.43477782749567534,0.001055157500613788,0.12372271399889054,0.4318792747739436,0.0010251104747383893
O87236,0.40394212900235893,0.08354467293891388,0.02940009200367941,0.3875982525092804,0.07621393160990965,0.02538844415747306,0.3792729039686507,0.06718431412946264,0.02145168923599158,0.37304457826933074,0.058141918881067345,0.01964164250956652,0.3734910934536244,0.051193558967946404,0.020042045393363045,0.3756530393372433,0.04557053578784046,0.021347730475053537,0.38096394797052785,0.043662783737604176,0.02206982804505397,0.3878710536952975,0.04577437696389419,0.022182327645306678,0.3863600992405334,0.048922799852517615,0.021944110376729258,0.3850829962825316,0.05321214407537434,0.021895498447815732
O87237,0.45704232846500314,0.12837661068382505,0.014949493545517934,0.4418219433768845,0.12494061447505707,0.012851883940247036,0.4279658287847105,0.12076614112982284,0.010851160124277295,0.41594367091759826,0.11648701548019298,0.00957694980447026,0.40551682863465355,0.11179180765493231,0.009181613681532605,0.39391320473788416,0.10634375523221544,0.009084191672735036,0.38171688545160015,0.10145346947032087,0.008869934405141465,0.36960803882051824,0.09705536803415866,0.00864159634111818,0.35501301278846825,0.0926923821099872,0.008737792982905567,0.34054255969304575,0.08769727155511226,0.009184489963810756
P16304,0.2708450421980533,0.2659196901184181,0.0890062507821833,0.2420071669362966,0.25127764343820325,0.07260925076545524,0.21434524965984614,0.23337583695966696,0.05506025917805359,0.19172136120526673,0.21283556463371775,0.04035583235514098,0.1735478664972375,0.1914171031746037,0.028443786194220996,0.165904618948595,0.17060859367653067,0.02210304728353898,0.16631081153181151,0.15231782724891113,0.021380872546659022,0.16894826562614773,0.13777062802684256,0.02206072606763415,0.17327403890208892,0.12691481948439343,0.02295786672990843,0.17912314812561128,0.12073442640925022,0.023772921661745418
P28598,0.23294211437197707,0.34943534670503734,0.0810080403429648,0.20607132225012956,0.3358417488465673,0.06798684559561051,0.17934273415328564,0.3204297334063825,0.05395984514583405,0.15718803528791572,0.30377098315844175,0.04198275025478088,0.14390531319443983,0.28710369652379975,0.03429402246399297,0.1393033176874312,0.2705014359085966,0.031908168956007885,0.14038074818090432,0.25454614069873166,0.03230581685375932,0.14368584009621105,0.23963755355031166,0.03395875522801794,0.1474987251931253,0.2261019189176693,0.03518483254417182,0.1470467731405376,0.2139930277674733,0.03490987723005458
P68802,0.28374234523248065,0.11714051024886897,0.20510158975802306,0.25776832220073576,0.11186176162454624,0.18373687199364183,0.2326612393794331,0.10480023666158178,0.15995242436075077,0.21004041079162836,0.09728230536852271,0.1380425957285593,0.19543151754635227,0.08972083219772263,0.12294519098365515,0.18944370431669053,0.08239989250500064,0.11548254146227156,0.18843936799037836,0.07529668406909255,0.11255701120851701,0.1930648256594868,0.06792211208911404,0.11426515179914165,0.20067046722496093,0.06044878361715837,0.11845900385071488,0.21297215236302966,0.05286628390300428,0.12660621636174174
P21543,0.3218853292144202,0.1786913110682679,0.11116105817661276,0.30086415686898027,0.1693500659417327,0.09761181328100556,0.28066724088611406,0.15909429435863479,0.0829266153463625,0.26601387679122634,0.14904571103398764,0.07018187481932296,0.2565353619995476,0.13924764007326024,0.06078828649201708,0.2513980844901782,0.12973498224868746,0.05512256463344925,0.24933538205048336,0.12038297458818759,0.05256996494128645,0.24913431352239068,0.11160657119030944,0.05219055097648863,0.24941495640579722,0.10374031426994006,0.05259715904955924,0.24994854001410402,0.09724415680719754,0.05285686039344407
P0C0N4,0.14637462135761878,0.6166426351958587,5.2513700120195756e-05,0.1318728276233645,0.6074311655351085,4.512051066274627e-05,0.11703587196098914,0.5957124942621846,4.091061215818504e-05,0.10308811074023728,0.5841900983068126,3.7988745216208434e-05,0.09082359777161322,0.5738512990352005,3.420660432034039e-05,0.07970648860337139,0.564174964036307,3.0191207544100876e-05,0.06993760997935383,0.5555256696502182,2.7499256684721308e-05,0.06212503217312475,0.5481581680442627,2.5524795340808324e-05,0.05574663404696175,0.5420178714784958,2.4313322826407814e-05,0.04997430686621761,0.5366235637841463,2.192209794121006e-05
P33379,0.4390080847596111,0.2534147892270613,0.0018958106823261573,0.42698515926508696,0.2428533727997781,0.0015851009298810963,0.4137207911336756,0.23008028639144876,0.001281709053887895,0.40042908127472765,0.21689434616180261,0.0010224919382859226,0.38914589288310797,0.204562893824408,0.0008210461040415069,0.3800229380276462,0.19356743852526279,0.0007102019481503109,0.3737225070670331,0.18469089841722575,0.0006925589434714653,0.3701224088051245,0.1782923049577409,0.0006849667029408506,0.36812961337056743,0.17342547786090315,0.0006686616884034643,0.36664585928353743,0.16912018856891065,0.0006526141164055394
P0C1D7,0.28124894734496375,0.14979633595929398,0.14218265120712326,0.25554842129983796,0.14122741321761326,0.12382376874437434,0.23046544941962444,0.13136751270997896,0.10438625627689564,0.21257737930044968,0.12208911019689168,0.08826358244657287,0.20532036337208975,0.11368076000740054,0.07895411438155878,0.20716158910002958,0.10604721027253869,0.07655107273637787,0.21309601586630553,0.09892463701272025,0.07801280578082122,0.21887832988752365,0.09258493142905835,0.08017897443534662,0.2219816609493524,0.08680726499031077,0.08097345965947546,0.2217404007075332,0.08168556287291961,0.07998680802136238
Q44052,0.3211684114866674,0.1652442825732464,0.10562139089388452,0.29804706543019066,0.15642904143222602,0.09035862055640054,0.2751377521523995,0.146484204563153,0.07396025850469859,0.25882932343230725,0.13617140968135757,0.0604408770896582,0.25141986867087257,0.1259574387006586,0.0522408417343552,0.2507823749180798,0.1157408016602358,0.04903478360912649,0.2525770697161011,0.10616990063758347,0.047813186073958076,0.2545773546751013,0.09749231078822106,0.04730293771985561,0.25605103583960287,0.08984932409463044,0.0469597300469811,0.2569044232026038,0.08293998076157541,0.04674660866840721
P28611,0.1425288960681901,0.5782770394386161,0.00016997308767939623,0.1265923648132124,0.566590608309032,0.00011034169182690432,0.1120629657057465,0.553570892807119,7.914745687805115e-05,0.09792440145338427,0.5405530243226562,6.829472247170129e-05,0.085966636686697,0.5292990888533882,6.092193712050263e-05,0.07684886780472029,0.520592025755819,5.5308869376368895e-05,0.06830017223713254,0.5126270553584856,4.734767558447468e-05,0.061116220116882926,0.5062225897063096,3.79775098140773e-05,0.05631365085143219,0.5020003371962566,3.239065923215884e-05,0.05409362516499134,0.5000542122207318,3.0160001186028695e-05
O34360,0.27670167443328086,0.28735336936054645,0.08692507170463185,0.2463109742251175,0.2745670800310889,0.07370967638679127,0.21528382221977443,0.2582577230222964,0.059059048337353856,0.18963288621349642,0.2408043740807134,0.04559887453005028,0.175199609490581,0.22255070578406536,0.0362333598644932,0.168935724358673,0.20418450167598973,0.03219856053158129,0.16471854174321504,0.18569915188131633,0.03016309136329711,0.16279199797649715,0.16775129847894693,0.030300887274987986,0.162727077456819,0.15171964908028762,0.03186744133163298,0.16420830860778748,0.13841904522928056,0.03433542533750789
P39046,0.3616368120576577,0.10069498372583521,0.11313132546916715,0.34331534325023677,0.09557852143420083,0.0976283703896645,0.325320745233198,0.08965692066886412,0.08280763425754237,0.3121477545281791,0.08514428489067463,0.07223237097756628,0.3063015328616158,0.08117123797806909,0.06916161201834532,0.3059957708022304,0.07732192295544019,0.07064674293532418,0.30739347281399326,0.0729452252693178,0.07332704795279145,0.3096949165249612,0.06881229561493922,0.0757690769483974,0.3114726530118322,0.06462721362116564,0.07627184605820832,0.31227034979644475,0.06081260981812925,0.07452720198921785
Q53062,0.2601586197964243,0.2835440253588744,0.07302743752075111,0.23489256768188088,0.27029397007888945,0.06079082919352231,0.20876603433712154,0.2554478882206472,0.04708984713780807,0.1884852179873949,0.24111604127367106,0.03417565681190018,0.17695471172132493,0.2277556079406019,0.024003741629268882,0.17308735630120958,0.21398143581569515,0.018784323933874515,0.17418958750966412,0.20027100774994855,0.017465002540601203,0.1753525841709718,0.18611625795515546,0.017823543947366165,0.1748597302717465,0.17270955163198395,0.018618061525631523,0.17085308355181175,0.16083017997048107,0.019439628013440263
Q2RKH8,0.2723633236658479,0.3079363773314132,0.10505429235723984,0.2350568080965784,0.2894158291731081,0.08538354954307119,0.19607731567181744,0.26735277850870093,0.06288714091375525,0.16693634492842904,0.24351945540273526,0.04204386344166552,0.15174500527844517,0.21868556086911425,0.02565235879856744,0.14982795894769016,0.19377830270012802,0.015515831617744197,0.15660516389742304,0.16948884813609305,0.011691575333355405,0.16595552557464455,0.1459949026120238,0.010954580461444628,0.1718965669518012,0.12411872410900937,0.01099178945803498,0.17424979985436057,0.10598179439557015,0.011037889459574736
P29094,0.3116072593717808,0.22307678427929675,0.1141650945778287,0.28395282690930185,0.21004199593126915,0.09744487088385165,0.258392517377815,0.19593761773757665,0.07947696392686326,0.23964645229261305,0.18229460879635537,0.06406769930031707,0.23090699388235975,0.17009244255114075,0.054321455232912715,0.22793356117867697,0.1588985076168969,0.049575573249612835,0.22687750854196864,0.148524238408836,0.047775946348001135,0.2248078222152967,0.13780377903532484,0.04750307283594528,0.22198776530522424,0.12782699550403032,0.048140533086961756,0.22141545188074022,0.11921577601403023,0.04903045525411515
P13485,0.25815390815017447,0.1648448618081463,0.14590137473451972,0.23781695277969223,0.15630513039459912,0.13218648365642133,0.21680643105404918,0.14617498752834038,0.11664204472342851,0.19908898157835803,0.13579618207090846,0.10271902308446944,0.18659176542884415,0.1256185222059437,0.09241910990660578,0.17924045422915122,0.11579066357235555,0.08620879736077765,0.175531278012318,0.10638391201091438,0.08266013267696228,0.17444268154155754,0.0979136928072591,0.0812646685022972,0.17599812458715786,0.09083352648355925,0.08124328979449186,0.17803704242705357,0.0846207501052101,0.08212813891204095
Q4A6A2,0.22656169621195973,0.18790653722352244,0.15372339329608475,0.20467984085408186,0.17786531250272966,0.1379642541901015,0.18397087122136513,0.166147371249578,0.1216581242655961,0.16839319175507256,0.15414390925592675,0.10792681977314991,0.1593629504126436,0.1427413916441135,0.09784374509535868,0.15467810318336078,0.1318449578408301,0.09155298013197871,0.15343050003690262,0.12162179314279374,0.08840007460375778,0.1546692441605939,0.11306270003662255,0.08729247996029417,0.157507293149846,0.1058767111023534,0.08790161336155959,0.1622710160405636,0.10075764398723477,0.08972188834861806
Q46337,0.2506963411665439,0.1741793851634265,0.16057867098447706,0.22502101104687267,0.16387788204597076,0.14300853978205605,0.20070347189176707,0.1516262898618386,0.12569728683787604,0.18288827918323794,0.13924941157460646,0.11126129749298518,0.17313213698261662,0.1275088591181396,0.10149618461868286,0.16953031512132846,0.11589524245679057,0.09638719268994345,0.16996449856389081,0.10453159494884709,0.09435660000923721,0.17190123402636404,0.09413133784001738,0.09372795351038161,0.17333909394636024,0.08503530766341527,0.09300703500734417,0.17579623737545227,0.07767834268848131,0.09208350143453178
Q99027,0.14544602914412832,0.49146940750142143,0.04464152283579053,0.13123748892872425,0.48247617904540896,0.03894012057683115,0.11542259164199939,0.47131522356107364,0.03268455261504128,0.10115348908842493,0.4598267003016286,0.02740185683611946,0.0905049583845339,0.4490818174789284,0.024081616364874017,0.08385909551040749,0.4395772589218322,0.022907580456486255,0.08042269317874957,0.4312738798250375,0.023292168639786812,0.07957686638310016,0.42432281573011693,0.024405257179432018,0.0798127542757721,0.4181421429190034,0.025498118369965884,0.0800687507103482,0.4130515631645477,0.025720203794824252
Q47N75,0.28263833946433803,0.23633687872110815,0.07868457267020555,0.26002145370168733,0.2230056727675471,0.06852852354425151,0.23826425826032782,0.2083840226974288,0.05831086939450686,0.2216888374205612,0.1949078076976966,0.05006190662789214,0.21379216750916868,0.1830389272742551,0.04518091584418528,0.2121350620196654,0.1722862702763837,0.04276908206975269,0.21157920370970965,0.16304673703182662,0.04010404972596249,0.21031342231475272,0.15536621961800048,0.037102231335971673,0.2081773369548303,0.14885999142557202,0.03436940487783762,0.207829163565921,0.14421890479904198,0.03256597403736501
P07343,0.2337852240035763,0.41039520143607827,0.019652270697527122,0.21650173603695208,0.397188203569829,0.016548717147177202,0.1984874070862094,0.3824782372903759,0.013154380477501986,0.18336362243579138,0.3693152701741753,0.010413638218838674,0.1713737641984339,0.357814142767537,0.00870944702870098,0.16269264414609036,0.34785523922515327,0.008126853087922097,0.1558534821101338,0.33877541274083933,0.008141926734632548,0.150486832079888,0.3312671155159051,0.008383057470109222,0.14730329173878237,0.325436921302344,0.008583036193021674,0.14289958318731782,0.3188964107504067,0.008352767514851329
P35865,0.15338901777539402,0.5830368321888895,0.0003684889195725328,0.14347903549782484,0.5755140914531436,0.00032049904108379166,0.13187123946462995,0.5657624012783483,0.0002809596959440177,0.11991749308137752,0.555397328156592,0.0002539997240937147,0.10930344519181098,0.5462253019646923,0.00023999899518331277,0.10096130399449099,0.5389294960271872,0.00023443714727618018,0.09443338148136939,0.5331723931738064,0.0002298955832696415,0.08905443335366527,0.5283083341666052,0.00022357467878099692,0.08447032309715873,0.5241888570381565,0.00021158805400225378,0.08036042566377849,0.520459721313897,0.00019258826948094355
P26831,0.2513414056475693,0.21169880970633484,0.14603022086273254,0.2303447155504377,0.20449636724281822,0.13022471903290878,0.2097025961081969,0.19617799113489387,0.11427515092783803,0.1925204153099335,0.18742741112644754,0.10161355670798011,0.18163638227972953,0.17892431691658947,0.0939584122139334,0.17627913328606315,0.17104354536971478,0.09108567778318548,0.1746792983763351,0.1638544231367308,0.09128021650700759,0.17507876161274616,0.15752475172594693,0.0925838924330981,0.17594732576074923,0.151887577239978,0.09396054748280638,0.1784346824182355,0.14724996394008102,0.09564778086549967
Q06539,0.24569693630629857,0.2830546647235082,0.10355149392744854,0.21457302860367503,0.266905844438604,0.08646041677533321,0.18474886787645878,0.24892687745146297,0.06753636492646702,0.1665130564366563,0.2326642372757919,0.05101217704264835,0.1583510198817531,0.21820053924242303,0.03927365236971341,0.15550308701369686,0.20410540199215582,0.03269466185895248,0.15465458273248764,0.1900512299567569,0.030069165218668367,0.1538633132183515,0.176883266894997,0.029714830979119134,0.1517920859227098,0.16503796733905646,0.030624715989475675,0.15047080087976972,0.15557490074661148,0.032280398797515604
A5U697,0.16084461737432873,0.6666614088276935,0.00020556832742268355,0.1498573081890317,0.6610500879953953,0.00016477338437251822,0.13835371496891186,0.6545277303354514,0.00013438112783906614,0.12912203530258265,0.6477217149469668,0.0001223654670389108,0.11997116977255873,0.6406843713445273,0.00012305140220516568,0.11179654270901723,0.6341506922652337,0.00012544278632329537,0.10414691387812199,0.6278689644561218,0.00012205603693002955,0.0981542291128466,0.6233159753760027,0.00011454935622071554,0.09367566342889813,0.6204673421364298,0.00010728015303964612,0.09056338706082799,0.6191303060473029,0.00010092564204337857
A5U654,0.273560736784719,0.21213795067221136,0.12193301431620723,0.24798398187431508,0.20364590821504994,0.10544278290000748,0.22523989577388098,0.19280001281082101,0.09155281703728392,0.20765682841097216,0.18086580625394919,0.08181876529517954,0.19630913296006158,0.16910890921504965,0.07602472848430343,0.1906971284084174,0.1576146761809574,0.07400210383483402,0.18841869310400924,0.14663108138072717,0.07257942012229524,0.18831360894985272,0.13596374070105494,0.07211518121683139,0.18983156842302978,0.1262048151583995,0.07294632247904036,0.19253313564404506,0.1177718306748016,0.0752211831952436
P80172,0.12227026673327572,0.579747535560905,0.0016504818173432234,0.11059915065677903,0.571614165344523,0.0013435504974846292,0.0980974006906756,0.5621149627175721,0.00120318952180352,0.08698563362771009,0.5535131925283467,0.0012197157189421308,0.0773675955469303,0.5461213495242798,0.0011850702154803674,0.06931366033573746,0.5399179171320615,0.0010144575399838331,0.06379618299034817,0.534612397600167,0.0008174872908729915,0.05925004557854907,0.5300342150500965,0.00071354802612426,0.05624460424669616,0.5267169503993522,0.0006773217160703507,0.05502943366797072,0.5248995611210622,0.000634625529293717
P96710,0.12206597657583798,0.6091122024890576,9.846460196349553e-05,0.11002985854979168,0.5995243982432756,8.055831839034578e-05,0.09778756538227708,0.5890842904649853,6.840269871910215e-05,0.0866901153313945,0.579277148207465,6.349080417517645e-05,0.0779781631269179,0.5716849458282622,6.066932273940206e-05,0.07127669066969514,0.5658386086747869,5.676015904280191e-05,0.06606082479966432,0.5612991991392363,5.22263694021181e-05,0.06174843199759425,0.557824397712931,4.868364913084457e-05,0.05888374691763312,0.5560133135130623,4.425066451792042e-05,0.05652858494916287,0.5548069016284263,4.157910330808751e-05
P19579,0.2709121460047815,0.26735927742935484,0.08419849989922926,0.24411238145459935,0.25436111933249955,0.06870344145353165,0.21689231015231547,0.23875086316663377,0.0513190581823894,0.1980928713423142,0.2223657337584337,0.03722279516018818,0.19098936209656198,0.20589289548791767,0.029464897950009047,0.18972772811168326,0.1897281351373868,0.0272706423565265,0.18993540662477423,0.1737195704868568,0.027669129271536398,0.18507763529705668,0.15804752992965246,0.028724338525646518,0.17761892468407142,0.14371612855352775,0.02947645569180702,0.17122447015477435,0.1323591241868683,0.02976497851869594
Q05622,0.2918201093090709,0.0700582238828644,0.18713780084842477,0.27052875855651415,0.06628694382137956,0.16620105657493955,0.24865950825506533,0.06156343039518531,0.1438578139276521,0.23288591897990962,0.05715029506688055,0.12664121699520597,0.22698454269184548,0.05270569653511081,0.11849045796538821,0.2291039808862796,0.04815182525490447,0.11879077156273472,0.23464259858948056,0.04367084087121238,0.12346234754723806,0.23839986768878027,0.0391729280795652,0.12785104076076925,0.2391240067825991,0.03517266105311442,0.12895366006326014,0.23702014806353378,0.03165664146541566,0.12602082342996146
O07151,0.29213205345505106,0.17789892157711895,0.13709464107959157,0.26675170137069815,0.16945331566657548,0.12015086750191356,0.24158176331113612,0.15984913539503726,0.102298011252735,0.22147422507853956,0.1498461632865792,0.08682489358592003,0.20883383021937046,0.13988633018449004,0.07558871936039818,0.20578824432288143,0.12985687272439167,0.0716869404355324,0.20796361745967168,0.11969140985668256,0.071721778303105,0.21318948613863425,0.1094065833451622,0.07522863270711941,0.21885184939024324,0.09980275173883546,0.08011837291345922,0.22350247662268163,0.09078631542286972,0.08509948617816053
Q8GJ44,0.28663327761743773,0.03314820425229752,0.2958475607096128,0.2610560554014805,0.031861502472852785,0.2709406594569003,0.23245783199036446,0.03023963930055144,0.242318652293187,0.20721400488428657,0.028553230593114067,0.21629201177447022,0.1893452766236831,0.02676285524476205,0.1968919839831758,0.18121662623048632,0.02491635679639632,0.1871434797319869,0.1817426034298866,0.02309898442955117,0.1865517479905866,0.18871379825890272,0.021276175518734838,0.19280438003478892,0.2001572814881038,0.019530686834173857,0.20403341372597564,0.21443325811231906,0.017939410168088313,0.21868647388404674
Q83FF5,0.24649252615588163,0.3088728263521323,0.05744761262500464,0.22670182933048916,0.29523088840353695,0.049909675270816384,0.20616665788925106,0.2794698570872851,0.041693643794783616,0.1870948944330957,0.2629399472018735,0.03458763405856361,0.1701605490547602,0.24728530210184216,0.028696653559201656,0.15635424348687804,0.2320772925935722,0.024516091286359003,0.14667916503001213,0.21755499517148352,0.02194210788254395,0.1407025770114451,0.20437244928644352,0.02088986412067905,0.1399235610212083,0.19425069210066367,0.02148704845245193,0.14144879583653988,0.18704956032980535,0.023453674966119716
P37487,0.2022208146216493,0.31266698496489703,0.10129025807180854,0.17597598516763005,0.29723345238681537,0.08961200612486057,0.15063733601518048,0.27927672722103636,0.07588175482709526,0.13038687379400865,0.26172723824773525,0.062474690034159126,0.11769173627797644,0.24492722282895565,0.050982610588875044,0.11206812599023037,0.22930728692460065,0.04258321947513004,0.11321017321328712,0.2156080090142627,0.03754956595716429,0.11743516168848028,0.2030109156096658,0.03505232021771333,0.12293587053047768,0.1921553030150806,0.0343388789400018,0.12732145243021437,0.1837228661141923,0.03425528703859846
P16449,0.10647698219054207,0.6710803599663862,5.293517438775695e-05,0.0932625041226585,0.6646819791806815,4.57060930200322e-05,0.07978850988798411,0.6559064013524574,3.8880276769765384e-05,0.06820851425493483,0.646452566069055,3.270928757437892e-05,0.05807790231644945,0.6376399753071897,2.660000507307633e-05,0.04915005484420165,0.6291904883847073,2.1286000163719904e-05,0.03964317399981195,0.6207416917639411,1.7383655693514203e-05,0.03200882093757672,0.6132651925422269,1.3896307667036388e-05,0.02642425603785488,0.6066997259865404,1.0679755472686032e-05,0.02231372004217757,0.6007258883011041,8.254295665040125e-06
P82599,0.44803680492824993,0.2745649051174991,0.00063079344828357,0.42561229796272965,0.25902766966334795,0.00049450934228645,0.4033350391958169,0.23975187448965082,0.00043248809406493956,0.3822031604962534,0.21848624158468366,0.00044315004544354174,0.3625871096769846,0.1966422298050698,0.0004691196701363479,0.3462784744023105,0.17728537459685728,0.00048717390075694606,0.33334188758995403,0.16170881419838198,0.0004934834329684852,0.32251293276243925,0.14831380142774456,0.0004592238273193916,0.3154421833132719,0.13843745681107847,0.00042059116824770396,0.31351656936287425,0.13420256765066876,0.00039663818414196274
O34767,0.34090434329803115,0.07380391994726719,0.16171456483269206,0.3145041985109171,0.06781151767232867,0.14110719586010273,0.2868120052770966,0.06141994015589739,0.1190675622327635,0.26541386673230344,0.05635894097319342,0.10206500304286183,0.2555299290975267,0.05340662096205589,0.09364837206568967,0.2575837979798993,0.051713445814331745,0.0954039320443538,0.26817627067975314,0.05137587813765783,0.1041917246066227,0.28062800794211185,0.051803742927181436,0.11530390920458748,0.28920143279671523,0.050633485229203704,0.12434144178035789,0.29183492514834686,0.049284670708491164,0.12829668436257655
P39694,0.2887288072285972,0.1979307188237459,0.09449709378168239,0.2649032303978001,0.18752362232772185,0.0827552149248679,0.24080594606219183,0.1741919669583842,0.06959229824244517,0.22019302390361936,0.1605065797283873,0.05860426057539113,0.2056870941878411,0.14824690796712506,0.05232620525746587,0.20011607033269999,0.13835466509586203,0.05105505972179051,0.2008880957934797,0.13118916080376009,0.05270464264981324,0.2060981227854309,0.127071654791687,0.056249630302093664,0.21408278744131068,0.12609749064109516,0.060337377887910354,0.22158142032963662,0.12592545409294306,0.06399494526397745
P54322,0.2844095674688467,0.28160717370539,0.10237994863189424,0.24871653917495942,0.26478847461322536,0.08258522511963423,0.2110537671577705,0.24527469669619242,0.05997605000418414,0.18073936801518484,0.22431821014532669,0.03890865476178095,0.16581419721488524,0.20309977698846685,0.02448417626043642,0.16373578929228924,0.1826312677804398,0.01744474022811802,0.16807635721235978,0.16307200048289283,0.014244169997880462,0.17630019982917036,0.1444026144380032,0.013362643154718749,0.18311790890891338,0.12736248800489572,0.01359804033272825,0.1882839335296273,0.11373985767980424,0.014525794479197282
A5U127,0.2947774237083492,0.46532123767319583,0.0012657354072627717,0.2794823018063154,0.4556809015749505,0.0010426130489514685,0.2636144183375538,0.44365111636020177,0.0008593325774738518,0.2478809289769137,0.4305486184718598,0.0007666970335441268,0.23493767951891248,0.4177265843704296,0.0007655530464414905,0.22332610049462387,0.406026231271705,0.0007817184585471502,0.21370124322758538,0.39643277659632836,0.0008198806395362757,0.2069536264563246,0.3898445259271352,0.0008484161511219361,0.20167131614843406,0.3854182589647554,0.00083624272791925,0.1960947895032124,0.3814038956213461,0.0007808467584431514
P0A668,0.27450038857196746,0.15567289115425395,0.1141867634932533,0.24884554201856143,0.14694017902990908,0.10188257362086289,0.22395861434045589,0.13717900013763779,0.09001147566512123,0.20514738821713857,0.12769676481205608,0.08186221913801461,0.19610114904638978,0.12040194437164849,0.07824243942625435,0.1954664781412119,0.11572132115705235,0.07780621004833789,0.1994635331764446,0.11365924666673126,0.07873647814009632,0.2049478308694791,0.11271132206668827,0.08034209992611711,0.21075765988420958,0.11182937971529687,0.082475720861752,0.21482483146843323,0.11048776811707205,0.08457555733458755
O34559,0.2176065156603394,0.42138716155429173,0.013766586029750111,0.20237675849271755,0.41046263263541827,0.010447689716683545,0.1860028874241444,0.39718843680397536,0.007436421335548255,0.171549419089122,0.3831429084831035,0.00567125266506523,0.15807122161382386,0.36926009188404824,0.005362630038135263,0.14769837219302132,0.3558889366722087,0.006970853447591013,0.13805976941385434,0.34329641166764463,0.007797531237548617,0.1291410357143696,0.33169316667666765,0.008068520727621264,0.12018452282206361,0.32062170183369154,0.007776541859463443,0.11238209929342036,0.31037740379476775,0.007121026766324256
P0A4V0,0.2175537002976793,0.33144161639417224,0.06694262793756751,0.19243474248076503,0.31605501376702627,0.05453236787967219,0.16777424967007018,0.2982349511239436,0.04108932268704303,0.14881650082496975,0.2800789009434393,0.029472956822914186,0.13732473753171323,0.2635120352064738,0.021790333274901586,0.13303776016395663,0.24857618629484537,0.018673664985816484,0.1315851731248405,0.23594783535050692,0.016946608566508967,0.13170080947464516,0.22544744281551596,0.015598077434946228,0.13360307751454462,0.21697069626677518,0.014233692982767505,0.13663008787296685,0.21036202346687743,0.012726772531566491
P54493,0.141603662394859,0.5928771397299138,0.0022758970019940736,0.12563117199510196,0.5795080103633525,0.001736120112766961,0.10939003120317524,0.564705060085396,0.001195651117650252,0.09384400164506589,0.5496981284504651,0.0008255099910250305,0.08080481713929047,0.535933497466334,0.0007040585903258399,0.07101494317962298,0.5243437938703789,0.0007959719490159195,0.06377147706732464,0.515090785419382,0.0009879686024041158,0.059410872910272125,0.5085203004852831,0.0012047976279026128,0.05670786866918815,0.5038761995263175,0.001316074685854623,0.055325100299472435,0.5009174830599828,0.0012353872576756275
Q46134,0.24911780752309906,0.2180491125599444,0.12377586031078099,0.22731063157832207,0.20810597704215075,0.1100592997742708,0.2041144503718081,0.1965367175690838,0.0942703151236693,0.18441475276386377,0.18573930537133307,0.07974244055056487,0.17082738743661743,0.17635935669545388,0.06903052084492521,0.1626259660010047,0.16737551184268842,0.06347068911445025,0.15810413574735543,0.1592470267622018,0.06073104865250952,0.15836295574483075,0.1518665088968149,0.06103228379238828,0.16221915831027245,0.14547217476509733,0.0643589328735925,0.16890821554629845,0.14006973907911396,0.06987865641125798
P28612,0.2652722959340012,0.29245693781239895,0.07170601085316176,0.24950912381634585,0.2857442074813496,0.06365888942666884,0.23249221819137333,0.2775333231359972,0.054755342028577465,0.21883366708238156,0.27026243898934477,0.048150031187239865,0.2086857257613816,0.26286162729695695,0.04510025046506929,0.20190031870167768,0.25554315906917935,0.044726323228092925,0.19684520191700677,0.24792406255475422,0.04489511514160844,0.1921651183302733,0.24037784934010872,0.04403433073195841,0.18741143561887058,0.23307565735277969,0.04195917493479563,0.1828703763819757,0.22589339090417554,0.03926081063206832
P0A5Q4,0.30839424894838424,0.1310412396015194,0.13914442781203315,0.28738596238443204,0.12347816632555726,0.12300513025970455,0.2664991296112958,0.11440472945384467,0.10427780234698017,0.24882072314062811,0.10506813991954475,0.08775771046440892,0.23646794445380614,0.09590435593707448,0.07610968306906143,0.22822407614220355,0.08692555495055801,0.06987004589553747,0.22288256854583977,0.07866822373888017,0.06813094272439102,0.22111007605057995,0.07196674579620495,0.06893154485117159,0.22145298675988434,0.06715278240774375,0.0704449827920878,0.22244545632467538,0.06272472368920294,0.07218928407136647
P39045,0.3095456310978247,0.17935827941912025,0.11213123132057023,0.28829811003396794,0.1700885211158746,0.10020871561301685,0.2656811001267187,0.15937196379818214,0.08643197878251978,0.24636247617425,0.14880936782741053,0.07351378488392858,0.23176424533100398,0.13877999662695484,0.06319373149695294,0.2222814098776536,0.12908242675464934,0.05658844421844464,0.21741126320616436,0.12006195795860888,0.05301724891136374,0.21759897330749184,0.11155696934511235,0.05270736558186038,0.22181558924289732,0.10323229926987373,0.05497136718911633,0.22666189672957987,0.09492861764387159,0.05812367909347475
Q9S4K9,0.20753720281499768,0.39876167103532545,0.10353013249608567,0.17182484595860573,0.3774069450797699,0.08484775651970226,0.135118094629948,0.3544519927042496,0.06324223818203,0.10736357195616354,0.3310455609400605,0.04270394495842246,0.0958024473006516,0.3077599596424073,0.026793728769982518,0.09607846226782786,0.28459416171910334,0.017733989205024857,0.0999615660162732,0.2616075642887355,0.01204005056141688,0.10499148630314185,0.23923199442718246,0.008881843041634377,0.10692717022978883,0.21816688507814655,0.006793430618403972,0.10813805929181117,0.20001996635231528,0.00569765476706861
P0A5P0,0.26934484551359283,0.28900083814158883,0.057263200358613535,0.2447898456924553,0.27492305279407336,0.04879702147583763,0.21876742958596196,0.25844530133386306,0.03934577253485865,0.19553949280762903,0.2415940478565866,0.0299918862765988,0.17739634173798188,0.22594193861488038,0.02196943342176299,0.16813913897986882,0.21302570978882374,0.017387664957984956,0.16617355228577999,0.20275096127464853,0.014728952306325352,0.17067008516362078,0.19487060457039326,0.013302352896446636,0.17759856054262693,0.18853613127152938,0.012953997987098429,0.18454661152619242,0.18375166197504822,0.013207024004853326
Q46336,0.383718236398137,0.03687012617237842,0.14301427249662796,0.3626905241244764,0.034498571725197484,0.126846673828629,0.3430211568922042,0.03273278601891368,0.10996577812273123,0.32687656032517803,0.03098400551035644,0.09533579022559188,0.318513270539483,0.02908581930776558,0.08672343101320916,0.3091805057400716,0.02665001922592273,0.08311206254527528,0.3038354739677524,0.024554780841046796,0.08322101206420894,0.30023330833752104,0.022849478417477018,0.08499080861258172,0.2983816552239664,0.020992126646214044,0.08844738300003871,0.2967726064520905,0.01908857612250266,0.0923851371353118
P31141,0.1243365929312916,0.6135683342226056,0.0001744568556662953,0.11007725287790211,0.6025753959437532,0.0001414282733119108,0.09454061205714466,0.5889636842830456,0.00011185486319517134,0.08027146473073735,0.5761994092000269,8.738045149898674e-05,0.06946756781152395,0.56619444257127,7.796947306726114e-05,0.06107398535326188,0.5585957510984718,7.336418597118222e-05,0.05513047815216602,0.5535104610862626,6.88490550010709e-05,0.05154360403452315,0.5504108625457179,6.37601183807666e-05,0.049629256900999584,0.5486756357564131,5.946691597402372e-05,0.0487218235725559,0.5476497645409383,5.4325056363169814e-05
Q97II1,0.2187422821002614,0.312417475812094,0.09358404888290775,0.18894435584072988,0.29540428560207516,0.07771736955705483,0.1626169429414245,0.27599815074919504,0.06161485523291913,0.14325201095802464,0.25646500482048745,0.048008652394432944,0.13374841754210756,0.23870694876202797,0.038480283734817815,0.1320608228509675,0.22263971448393796,0.03308036376394497,0.1331830974546134,0.20776680826558572,0.0301434577649324,0.13745537799674543,0.19464316179151342,0.029956662816628097,0.14286855215582037,0.18457574329384338,0.031000090398534366,0.14955395254319231,0.17837747665851914,0.03216048784569184
Q88Z97,0.22534356953001652,0.320607577124931,0.08068201886603121,0.20398278973326142,0.308415278806141,0.0698440470665274,0.18240787678987155,0.2942603639916079,0.05909434779708634,0.1651506659300813,0.28125054809987865,0.04996934369619827,0.15360541526114108,0.2701643397917217,0.04330309781036197,0.1480609560940239,0.26027023770290253,0.04079749705682308,0.14639043247045225,0.25131193480156555,0.03939350122942687,0.1474927448667002,0.24441395025677654,0.03876824349090768,0.1484815758944656,0.23871637683119665,0.03888960962830772,0.14901297100897642,0.23286391101765366,0.03912663330907329
Q2FZE2,0.25403821919406133,0.21592308945477096,0.09641917627556301,0.23468207353347406,0.20768370470277672,0.08630870847600892,0.22208152356399008,0.19801672769532203,0.07588831947617539,0.21270648123456942,0.1864143465876921,0.06657801326791743,0.2058345126536379,0.17445418369403445,0.05813118399531266,0.19691953377408053,0.16254112498560155,0.05083089084816459,0.1871568435183551,0.15178119908186427,0.04455657688430148,0.1796120365881149,0.14218381048703893,0.039284628402859005,0.17533999718095047,0.13406673692747453,0.035112628805780706,0.17431708315753056,0.1275046405308595,0.03289290182240722
P85147,0.32524886538256925,0.15209600743642412,0.03531573933663114,0.31327163651819434,0.15179575368885986,0.03056011160145489,0.30602935912328566,0.15046065744724785,0.025839081730493704,0.30240753078151983,0.1490679772351464,0.022876431389871235,0.2983995532066593,0.14767213376828137,0.021533019327896502,0.29282613919288103,0.14651422724555857,0.021051480001359202,0.2856435011922526,0.14498635693589512,0.020646652704705882,0.2778820352550128,0.14313602839101827,0.020175376680636407,0.2701016556617246,0.14054984370151885,0.01982999508273968,0.265060327092617,0.13770611144114359,0.01991564135521539
P0A0C1,0.22492535762746008,0.27123365945595945,0.09387980000100535,0.19771150472933258,0.2573353885457651,0.08010719603496737,0.17366944713042526,0.242392314904004,0.06684311732731954,0.15504516109802674,0.2268701196800999,0.055633391733497496,0.1443615786646969,0.21299703755105343,0.04812748801217139,0.14086991065411136,0.20054661855361633,0.044285895416183066,0.14304670869197025,0.18933971551867504,0.0425672549360487,0.14653301573907962,0.1792053368505009,0.04195748959128787,0.14934166149703165,0.16902161925123954,0.041750855307695844,0.1530611419966424,0.16047701317262572,0.04137834600614087
P0C047,0.15241722044844408,0.6121248194381692,4.4130350697267083e-05,0.13523680494801016,0.6089999039777357,3.3414692553022345e-05,0.1189128495150268,0.6032925326366438,2.6722094304619e-05,0.10376658536521283,0.5968031700592517,2.063050824781651e-05,0.0917013347900758,0.5911388166491084,1.693007155830413e-05,0.08182880059525945,0.5862465317575208,1.3677623882205008e-05,0.07308532202196351,0.5825335206356758,1.0205595456935456e-05,0.06565076895867344,0.5800939738869281,8.748133250894514e-06,0.05967062179658331,0.5789759928606001,6.885625362571842e-06,0.0539723687251021,0.5785605570875408,4.762241184501001e-06
Q8DS12,0.1768777648020335,0.3230065017121667,0.14012585451455156,0.14839513380543995,0.30918721736511456,0.12706486167074163,0.12254038164956448,0.294121041252927,0.11470399324640147,0.10422950784043629,0.2798313243095283,0.10518855366269256,0.0927463366011575,0.26629862025536555,0.09881851199788905,0.08639761736778516,0.25268868893942964,0.09494788451579551,0.08600642872739434,0.2424252839168569,0.09272847274343027,0.08968672739818404,0.2340953734145099,0.09214960553415603,0.09563319836247042,0.2260625135395315,0.09343925811739268,0.10325649415786198,0.21813608085384426,0.0962496048155109
O34777,0.17045640734392378,0.45541562401375574,0.034919934543054296,0.1444021932945117,0.44057783059584626,0.02912898752232693,0.11788720229276972,0.42352753618848066,0.02244868415063038,0.09877039795693345,0.40677621236675265,0.016259353384936715,0.08721991652411148,0.393397388986116,0.01185120421222871,0.08173408892099589,0.38235906010432147,0.010733403972481157,0.08174209658103941,0.3734527319882232,0.012288071064206476,0.08426300948169237,0.36710818125143485,0.01566801140586191,0.08794587132762861,0.36322232575536906,0.01995136846307506,0.09331401441670027,0.3617237231541281,0.0242199231613726
P53663,0.425839492157685,0.2665421393745675,0.0024678041260833223,0.41813951695757773,0.26015657097873146,0.0019157033148368865,0.410591960010129,0.2539954108500787,0.001467410699682081,0.4067778527511433,0.25143696911604,0.0013812552285309,0.40346748724259446,0.2500818493446481,0.001571364159589426,0.4015009910652228,0.249323863404521,0.0019936064921156032,0.3967557569803413,0.24629750589920552,0.0018835294855176288,0.393678262159529,0.24376031450499094,0.0017439304191835194,0.3906908456573006,0.24154208077722705,0.0015251720968456168,0.3905203555216027,0.24193313313392864,0.0014337989889089881
P0A334,0.14760418767079023,0.5973948895152735,0.0004626915647268352,0.13452278570747017,0.5912427991104809,0.0003872787082710166,0.12073510348505011,0.5820773275820219,0.00030181160971802165,0.1074622263086852,0.5712884733727766,0.000235563753579371,0.09608573205081877,0.5602224548618708,0.00019757046103514387,0.08595452392084835,0.5492702678923859,0.00018342444610692512,0.07767057721791272,0.5383244259852679,0.00017580339988173627,0.07006183981932321,0.5272833761879008,0.0001643114178071434,0.06294897711903498,0.5163486159935242,0.00015362420612266147,0.05746695636919514,0.5070705631766086,0.00014394175856675308
P06886,0.30988750067273146,0.04310584306398971,0.21063080370759607,0.28678133242872134,0.03995657635655252,0.1914520803281125,0.26357776275054723,0.036070492456608955,0.17056895805425856,0.24353322157877905,0.032970593091011094,0.15263032702506044,0.23041804832314772,0.03010911811261206,0.14051041226510008,0.2262924763574875,0.027428105950966085,0.136917834259597,0.22833132031450268,0.02479354815115534,0.13881051109809103,0.23406644985842273,0.022550685608676617,0.14428084891121662,0.2413508196338652,0.020961937482123483,0.15055902025866083,0.24883700337672782,0.019986576098956477,0.15483228176721614
Q04707,0.3069671209595424,0.31025799709084045,0.04165586270304197,0.2886701637056641,0.2975748834910953,0.03637083077870747,0.26986616922795015,0.28278985510477067,0.03121805610331625,0.2537456152039321,0.26849148376416293,0.027451032506121315,0.24180108526855368,0.2556790502724113,0.025501394400403034,0.2340812798362829,0.24471653696063386,0.024935707839978834,0.22838160776425984,0.2352832710931769,0.024601904501681204,0.22426168843473357,0.22743986080204937,0.024306484650186207,0.22258716482633284,0.22223938029256074,0.02387752025702126,0.22255599627013348,0.2187082576088015,0.02361981618064618
Q9ZEP5,0.43187645511986883,0.08181957959834493,0.12561832859971964,0.412303832932892,0.07776486854235898,0.11266176665727694,0.3908467175605237,0.07279417442316036,0.09862615778102102,0.37094318454229136,0.06724416388493144,0.08639619712643694,0.3549689689909777,0.06133729844385096,0.0783662421575083,0.34581286259410865,0.056608859967091224,0.0758148399959856,0.34032617595862913,0.05277120866172014,0.07613536678088928,0.33905919447659644,0.050165271625146036,0.07993490196334976,0.33960447779776454,0.04779591553669535,0.08619573810545003,0.340646050990086,0.04545301825126335,0.09249134835518556
Q9RC92,0.2178687604107593,0.38929607423030244,0.03537401376764275,0.20029648004952522,0.3776701392169164,0.02977393840975779,0.18365716111066974,0.3653319220859523,0.02387246195089387,0.1697795967158787,0.35348438401130494,0.019184509885412336,0.15943881103984606,0.3422917125875354,0.0164907780736726,0.15270410927756523,0.33150922587235954,0.015864683129343433,0.14841002181476795,0.32120906124366205,0.016664692044638416,0.14617655546938485,0.31187019810922867,0.018085017561643216,0.14464566996994144,0.30326331970278286,0.019651356876813818,0.1427478089499293,0.2954922459586767,0.02073130531585584
P0A4N3,0.12420783475080438,0.6148470520685773,0.00013886602525702083,0.11466961638797804,0.6100533018593268,0.0001221506409033528,0.10460637892376178,0.603973290555274,0.0001085134024148973,0.09518158461775188,0.5977420539886873,0.00010091227760515958,0.08701912485059818,0.5924651295490564,9.7665063005156e-05,0.07976908222595389,0.5877938142513823,9.564436588862621e-05,0.074020335242455,0.5838610937537896,9.22782331824092e-05,0.06977021628540152,0.5810839725449021,8.505628349317317e-05,0.06677200422892718,0.5790459146415708,7.701075517844686e-05,0.06474581037097038,0.5776235225189101,6.873192182994936e-05
Q933K8,0.4068326421792162,0.3510655543797539,0.0006612685129803272,0.39740505587395425,0.34351085853981533,0.0005528635199784651,0.3863902754107014,0.3339460550981413,0.0004720939524209344,0.375575779677067,0.3242971810595968,0.0004311703038941256,0.3660070950534161,0.3157222555000192,0.00042339306724850986,0.3574455831726034,0.3079827638856889,0.0004300863568521215,0.3497775894159794,0.30094431111248404,0.000441841131255147,0.34327311363795115,0.29504437804908545,0.0004363343310491197,0.3378237613021094,0.28995822045606473,0.0004140946003633182,0.3328694906627942,0.2855039370380902,0.00037990521973104086
P25051,0.2538275869676265,0.1977814358979158,0.17249452459542963,0.22128894002059427,0.18678606252701654,0.15251518288584612,0.1872002331083167,0.1736504382354062,0.12940806113314565,0.16071330744950096,0.1597252541537302,0.10840448980313695,0.14617192276779592,0.14595221538209802,0.09324013708697669,0.14427061015218465,0.13232581831450407,0.08600486685260536,0.14977568884070366,0.11900645335499449,0.08379093340493628,0.15943837842736505,0.10639984039227725,0.0849290407744557,0.17116679607000643,0.09518877856102663,0.08853062627124725,0.1801517851833901,0.08510866414387483,0.0918781659477927
P42237,0.16833964125201262,0.5529412461526306,0.0006332602887788142,0.15732838084097922,0.5448303112575229,0.0005467852345474153,0.14451150758368866,0.5347514116293979,0.0004640011545902925,0.13185751038510246,0.5245025662887076,0.00039166348699716714,0.12093905896860463,0.5153815908901423,0.0003355091025479302,0.11244061065798341,0.5084187898389358,0.0003000415966786143,0.1052962739633645,0.5027771060582519,0.0002663198010829304,0.09829021169959325,0.4977630300991531,0.0002362899579055259,0.09168765126022542,0.4931496727756995,0.0002165806624322253,0.08649382460941228,0.48946265941849343,0.00020192998306198506
P0C046,0.12157955304734704,0.6696149556860457,3.330233017465849e-05,0.10290990257982101,0.6661005030040574,2.2155599128850105e-05,0.08256949396076046,0.660321925431055,1.1742253286575384e-05,0.06501645900524448,0.653999603577069,4.925079671552791e-06,0.04989277303360306,0.648411636363125,3.013519957481079e-06,0.03607725386393771,0.6436261854749047,2.9434840387406615e-06,0.023544268477075327,0.6396779310882468,3.112041504039381e-06,0.02304931578414545,0.6371704898592232,3.1082402085367973e-06,0.024189484749470067,0.6359656528510962,2.829709215481868e-06,0.0271083287951709,0.6361791918153166,2.8914160356242495e-06
P39652,0.32584113806972176,0.01758316357866688,0.22239133283617726,0.30159472080436883,0.016426371912179025,0.19926866876606364,0.27798267099717594,0.014999608335071232,0.17655685192294096,0.2612627160042942,0.01355833938697792,0.16070776286664876,0.2545655608584685,0.012273970734938976,0.15472631848738524,0.25757038423135553,0.011100255850122205,0.15781127213343488,0.26366169437431947,0.010076630042271762,0.16376532578276248,0.27032563423508704,0.009234163254132267,0.17001178948831477,0.2757401383367609,0.00859753882639832,0.17503654611961592,0.2792553098576506,0.008130585980993841,0.17800799562367264
P22266,0.31608550055371054,0.2431393897265711,0.06541085960610728,0.29651401287454815,0.23413208158591936,0.05572992437411454,0.2779442140720223,0.22342796078286212,0.04519545146643155,0.26325085992788916,0.21175870561513524,0.03596374520486396,0.2536627582676233,0.19957684860217112,0.029088076286380705,0.24884593014468506,0.18647853751712232,0.025044463733166475,0.24693111644531046,0.17334166504046458,0.022979285231261436,0.24561801769255445,0.15997191382106002,0.02207343910530379,0.24379241219142178,0.14719533523474465,0.021649881921898935,0.2406432971348461,0.1353990758096001,0.021241994753751353
P14677,0.2689263567602751,0.2272955152547765,0.10508621469754996,0.24766047763611596,0.21737302714941034,0.09170896401465913,0.2260266592437266,0.20562794239187546,0.07715774281167453,0.20828631424991992,0.193389154593996,0.0646486525293786,0.19682696379925033,0.18145120420403593,0.05594046625218806,0.19196709903307596,0.16943535066325913,0.05280146532677432,0.19063886710981515,0.15828682284247497,0.05186588068300248,0.1925864438390809,0.14857891701482084,0.0530272473439196,0.1952204881514769,0.14022743077133054,0.054762722310690126,0.1975462795118383,0.1337059320353124,0.055523504468187136
P15555,0.28663311932347346,0.22724792360466115,0.08429260640944782,0.2651517165250377,0.21371682374270376,0.07412186226066042,0.2423922062814481,0.19733089600656503,0.06375007872080651,0.22198398451491932,0.18028816418783822,0.055890364496517096,0.20640375866277957,0.16407945669382507,0.05188507319521107,0.1984737322539279,0.1508815735307306,0.05204173258610121,0.1948290846757417,0.14038639329897692,0.05394308285207962,0.19439009859926376,0.1323911046402585,0.05602470201706368,0.1966822860970696,0.12659970884463678,0.05777227508051198,0.20028027385785038,0.12277845130227624,0.0587638985059582
P02983,0.09966855303138482,0.6484427580587185,4.7604089165785975e-05,0.0898631566627397,0.641198945494995,3.998653739885548e-05,0.07882968414437298,0.6321709191423364,3.795253903989136e-05,0.06838594812147152,0.6227857223952517,3.623250817878976e-05,0.05918470277542031,0.6142954700624386,3.4952995517356755e-05,0.05187257065427268,0.6076130896964057,3.317501801526059e-05,0.04625994664545836,0.6023375373734087,2.9874335687098865e-05,0.04229446660987655,0.5985448289672678,2.6542461203566414e-05,0.040027345834732275,0.596250089988535,2.409729845391584e-05,0.03859644748741784,0.5944961350825256,2.2259780728368173e-05
P02968,0.1312065161997886,0.49365984358073983,0.04631992949147204,0.11714781406827239,0.4875859987312385,0.03875583137996869,0.1054098726562287,0.47996489226924655,0.03326920594880709,0.09456591149811458,0.4716685216228166,0.028865305507197677,0.08710153668922188,0.46442991089811236,0.025365055518811304,0.0838310494235971,0.45832697051593124,0.024396997374963605,0.08234120587148741,0.45329303943135807,0.024993644304198422,0.08310993525576893,0.4490835005535453,0.027425326408050538,0.08456669336393818,0.44571205953101933,0.030678091635810565,0.08469900841934819,0.4425637793887399,0.03377099039182941
P24011,0.24131574122160582,0.33642644445188324,0.06206039478237647,0.22595223311116094,0.3272404726860683,0.05560395358927243,0.2105032887150311,0.31625116625252725,0.048225513302331054,0.1977000716992829,0.3054362210489089,0.04196099048497542,0.18814708956918674,0.29451416912552353,0.038045665691321964,0.18156802612543124,0.2834000749282103,0.03663187409533124,0.17694382792337265,0.27284981423845545,0.03691003203833971,0.17357200999395944,0.2631845541838004,0.03852058662377445,0.1709668212596291,0.25390621837537,0.040478110752401035,0.1692958278099682,0.24534073635399478,0.04241173013471979
Q1AU26,0.252801743889282,0.20348888280875813,0.13899418765047727,0.2298170934266673,0.19285043167112895,0.1243391000080169,0.2071031888446052,0.18075563410037343,0.10736401420957359,0.18855785092354888,0.16839521406145247,0.09166748708656056,0.17682501701000822,0.15645696118031338,0.07975868930049793,0.17116322414358537,0.14430865033462986,0.07295026087675524,0.17005984736388743,0.13224620585631372,0.07024750545272705,0.1725975298007961,0.12042111190982159,0.07063972426168842,0.17718892775733203,0.10939262536755598,0.07291379060572772,0.18147035486924015,0.09922815727754826,0.07511948431377503
O33635,0.34924494472773815,0.08919116602631033,0.16014260054417484,0.3300510541839967,0.08466279258089124,0.14413267549752337,0.31093259352172975,0.07944028503561387,0.12801201278727561,0.2957513337457011,0.07420807335538858,0.11527114191083902,0.287169005645457,0.06930988844833004,0.10847777610311474,0.2844365740218043,0.0645478825233071,0.10732197917260926,0.2855204497026139,0.06010314982267246,0.10983175162244371,0.289098710828755,0.05642488541736864,0.1143352847946095,0.2931093614305925,0.053464421222453276,0.11882701496389712,0.2961254296684503,0.05092777931754121,0.12198217256071785
O32271,0.2386869483950803,0.2954969780151759,0.09644382839461177,0.20575604122971103,0.2770824903948978,0.07925830861062311,0.17698509903146303,0.2549578577266238,0.061374202374690004,0.15774939588416398,0.23150088748010964,0.044904672613828266,0.14828140798416387,0.20846037877517548,0.03104294941672032,0.1469728319486904,0.18676416783191838,0.021729437929671705,0.1514787552829973,0.16730658680934546,0.016244103112328837,0.1574958529118945,0.1510852044103082,0.0131916675763552,0.1588354503269573,0.13728369111947572,0.011545442275950987,0.15614442612291154,0.1259484271888247,0.011002409405416212
P68782,0.1418475929258859,0.6071643189898234,0.00035167036297406926,0.13152454982295236,0.598693677308516,0.00030454964399223805,0.12008353194047464,0.587526507507439,0.000257787223887761,0.10988428425966491,0.5762760302921737,0.00022507548753029636,0.10126077996316107,0.5657876394397013,0.0002073386598947709,0.09330437691938084,0.5557560186665366,0.00020072020120492904,0.08652823070277413,0.5467893671039805,0.0001986387138185901,0.08004603361878801,0.5381609497098696,0.00019644314956568276,0.07464886130775886,0.5306781220999824,0.00019128804560483947,0.06990704847635223,0.5239558825754371,0.00018131663682573046
Q53728,0.3426445896564946,0.19471362275574708,0.0758054611869233,0.3231089036821274,0.18397474602827563,0.06550889814464529,0.30423729867186916,0.17146016509383483,0.054684965013234395,0.2892800118696244,0.15950681810198053,0.04569397559396323,0.27810760732900475,0.1481576180868492,0.03950683105742556,0.2708507792409661,0.13729107469002552,0.03616889560808007,0.2660884964576902,0.12738894466849632,0.034258360285550245,0.26395088180901316,0.1193459904297428,0.03273550169108028,0.26152325755580297,0.11256816753872932,0.03075268480018207,0.25919121408544954,0.10681260553368711,0.028937682362794242
Q6YP15,0.22730215241571283,0.2579447952052838,0.12852675980753098,0.20099189125729439,0.24369038557573922,0.11152348165982412,0.17563466842263442,0.22845511752551512,0.09253248142464668,0.15416000381741152,0.2184903742000714,0.0750283402305507,0.138286471043594,0.20995396442926098,0.061414312995581866,0.1289169377998181,0.20123418128482684,0.05395185614544065,0.12715616483651546,0.19114412979412054,0.05204508560077407,0.13017067154464387,0.1812888006306292,0.05302375205408385,0.13818594157665973,0.17205375776571147,0.05527305342729854,0.14677292429717737,0.16248567331502983,0.05736689020690382
Q04664,0.19873063981294728,0.3301563936019963,0.06171187052136643,0.18359198552582778,0.32159167850611625,0.054459978886339105,0.16777640820044584,0.3117794092789841,0.04629531875848729,0.1544258178762541,0.3018665681042456,0.03913789110888341,0.1456866916530246,0.29255967300319546,0.0348822693995668,0.14131218466526016,0.28382133642895235,0.03380618193668672,0.14025410192598112,0.27640275270523545,0.035233858182207894,0.14078364371730082,0.2701218017693857,0.037904672970083625,0.1412407625028778,0.2635837496346377,0.040212454617433335,0.14133086074150106,0.2576519035493805,0.041236545825245545
P12012,0.11681391525349802,0.6411240381433773,0.0002923993942382336,0.10272436270610755,0.6287847174237606,0.00024778101123855434,0.08809020992546754,0.614174576715149,0.00022159540294809695,0.07598162313986724,0.6013374798965136,0.00022344957557905165,0.06732457597173457,0.5916196051179414,0.0002334058968652977,0.061427906928785365,0.5844881716131606,0.00023609132147375613,0.057705631230633644,0.5795421483071376,0.0002291232476215137,0.05586183016447473,0.5765500297174114,0.00022353468255452343,0.05550710764641685,0.5751184150919186,0.00022211225651467696,0.05622701823893688,0.5747122365395212,0.00021213355521185163
P21625,0.23413060910689854,0.12344481824018871,0.26824108487827814,0.2095274608260965,0.12046703118627568,0.24832683425588187,0.18380233351031286,0.11696689324679896,0.2253814353649679,0.16083291321825358,0.1132466858923491,0.20418518303877023,0.14435641467093263,0.10912810407275543,0.18866823052866527,0.13557878598233025,0.10436286797675136,0.1801533380472754,0.13369367852180034,0.09920277737341504,0.17755149831256611,0.13809758694021468,0.09423554307747749,0.17987130278006375,0.14728696456168994,0.08931849411926265,0.18583365088533177,0.15755782341403937,0.08439278387556333,0.19250061691126635
Q9L4Q8,0.24458576947969535,0.252079885823099,0.07394505667062297,0.2258208813390652,0.24151470275965123,0.06302878802349775,0.20860412670751466,0.22859339337044543,0.051694983606770696,0.1951156617273393,0.2141878877592609,0.04212828912218424,0.18686095729919172,0.1997711216695323,0.035235145152995126,0.18312082923233922,0.1858245943708363,0.03141482637475953,0.1805192784987306,0.17270664902983807,0.02920025257400309,0.17778736563676825,0.1608378015404155,0.02757439975280096,0.1756595007691594,0.15050027286061685,0.027028768288151313,0.1737538592559143,0.14203154255909353,0.0272129279546515
O32885,0.1759078063315735,0.38334317375625226,0.085180860276852,0.15824894060427253,0.37460953692396387,0.07667152883191773,0.13951620878774926,0.36424078796129045,0.066445502976691,0.12373514950420433,0.35386289147827993,0.05720833528217989,0.11387835062285963,0.3447763723001257,0.050499783250848744,0.10913544231937916,0.33729200780544927,0.04656391306912839,0.10885246439390832,0.3315963793213837,0.04493669882691529,0.11063917364021797,0.32699805008448873,0.04522156645250572,0.11256400141002755,0.3226835448389202,0.04655847605857611,0.114264435982991,0.3197589810850706,0.048113754954999366
P19580,0.22033485450926749,0.3189916585599974,0.07747583188930889,0.1939139012060947,0.3041393060482634,0.06412566796786916,0.1680815776223562,0.28641779243679133,0.04895334083302113,0.14828813695577356,0.26830970100859963,0.03505038969734453,0.1379259948786712,0.25047775537779843,0.02525484758185788,0.13370800489596862,0.23229890249800889,0.019744760983756438,0.1337233634012835,0.2152691562274421,0.016805586708290708,0.13541892407163816,0.19947446927106374,0.015352779654343581,0.13722167056366688,0.18530363575418032,0.01492549920149589,0.1397712623439654,0.17416481897925157,0.015253678615916146
Q06852,0.554931876008885,0.04870124633335679,0.12774178926931903,0.5407952125446835,0.046120675591788673,0.11415493460935254,0.5259198029549496,0.04321957372185357,0.09964414984212434,0.5136186844531943,0.04042351576761493,0.08784596883848385,0.5052960317879438,0.03775674911851765,0.08043853204050318,0.5007679612103574,0.03517081231969262,0.07685334592491924,0.49895455641783887,0.03272013546955228,0.07617189210354339,0.49950799919224287,0.030366912171708598,0.07776628005936265,0.5017879683582376,0.02805083730118411,0.08169441275526725,0.5063093640587178,0.025907151593914955,0.08750038190326116
P0A4N1,0.17106963067244096,0.5521753911360623,0.00018420014964535758,0.1575512722999177,0.5413609606479188,0.00015515126864405263,0.1417679442451173,0.5279768980148101,0.0001362714798841616,0.12643011753542088,0.5147398184179931,0.0001249409790155603,0.11222313083149774,0.5026889280872134,0.00011502090104043452,0.10022474309783443,0.4923041053341146,0.0001045231839134332,0.09042436992477314,0.4837696787618119,9.726590451631317e-05,0.08284337367122054,0.47731679506965174,9.369015131869524e-05,0.07749833023249747,0.472977666897751,9.236168003511294e-05,0.07391168447740905,0.4703433887421559,8.964729255150272e-05
Q93M42,0.25565929500462736,0.20504743147400725,0.13453009362764004,0.23564179040036545,0.19676034798343653,0.1213364483711943,0.21534624369242403,0.18754273540452515,0.10737679541385409,0.19783347131519782,0.17747007863699132,0.09553770738065036,0.18580813419030937,0.16767027103337923,0.08780243374627249,0.17758889233341124,0.15833490146897833,0.08316052006168588,0.17178329834074765,0.14987094234518153,0.07983976988519689,0.16908701637246448,0.14278853840403016,0.07829268066912304,0.16813071655939452,0.13667936389522037,0.07821930811951638,0.17006154051516342,0.13181670428332384,0.07985551068516575
A6QG59,0.2693111595373404,0.2987785377965801,0.07668406414648107,0.2479570490430942,0.29379387296734827,0.06473499247533097,0.22597159889863552,0.28715901736794,0.05210261240834164,0.21148181433075883,0.2798394472424152,0.04459487844768555,0.20649349611106488,0.2722744028543286,0.04461126442097128,0.2101194571425727,0.26451742604346756,0.04992822494477258,0.2146420708115918,0.25670301660237954,0.05554757293279368,0.21595357772339285,0.2490437799434607,0.057986636797700386,0.2129010893377886,0.2415183719677506,0.05579834177299606,0.2082540458791376,0.23415043582504233,0.05114261040918558
Q10765,0.2533212142124079,0.23127803003270586,0.09433680727759464,0.2334555090437155,0.2220464039637181,0.08215008647851942,0.21404266922679485,0.21147174940935334,0.06931410367324023,0.19999088532629067,0.20124255892558146,0.059222507731544576,0.19178088124893541,0.1915912978801699,0.05253784777716464,0.18884046001786575,0.18256647800545842,0.049336529282865395,0.18807497434841317,0.17342767982718835,0.04770329325870029,0.18875633775151968,0.1647290042310124,0.04722232784572516,0.1897043946610449,0.15697182052087305,0.0466630959389717,0.1897586282730924,0.15019942459157906,0.045946342030996845
P96501,0.17747088388225574,0.503501532093849,0.00774599450374811,0.1651891287400674,0.4946512678912953,0.005645262415180041,0.15262817202053983,0.4836378352406519,0.004169216893775721,0.14114218782943258,0.4723338883098451,0.0035821596879756466,0.133075097288749,0.46144922986465337,0.0036971096488550665,0.1270274082802442,0.4518280391004113,0.004295373113246734,0.12200391673957613,0.4435443166977695,0.004700133644195507,0.11700884291238962,0.43618053339092083,0.004648567624488309,0.11135792621705524,0.4295388336401032,0.004261879530601578,0.10620376171357128,0.4235306739308885,0.003906749543454994
O53077,0.15796441104780082,0.30768177560851057,0.1471729744297705,0.13946989416872427,0.3022382588697397,0.1332368232225903,0.12215895134991427,0.2939026973840868,0.1172378497775571,0.1052862773284512,0.28343419157487043,0.10250755183966061,0.09295404560395376,0.2721551734859725,0.09124073299699524,0.08771721602308621,0.2602499372270143,0.0852956957888878,0.08627269800162485,0.24799037994174375,0.08454455298468869,0.08864866862083055,0.23500281039160142,0.08634655081904243,0.09160435116090283,0.2220714723423775,0.08742090269599422,0.09265947091848117,0.2085493976434146,0.08596448577678259
Q9AGY7,0.19404722925032786,0.4083406020623029,0.08656485015227151,0.16048493068410205,0.3919873354132853,0.06980796639894608,0.1291597719711058,0.37233426843798745,0.05067236293596552,0.10633508632460667,0.3505304692557961,0.03237673066769316,0.09334908179566107,0.3286348160281386,0.018094234762372957,0.09219851209046538,0.30736507874928626,0.009949345951092975,0.0993899263728184,0.2875557244604254,0.007105075651860023,0.10871836834144183,0.2689352503187015,0.006458740213228641,0.11453523979260877,0.24926757716290363,0.00647009337636413,0.11350134687120181,0.23069226152316932,0.006609347474031217
P42432,0.19221666978149077,0.4609321861271708,0.018772652348773518,0.17896428344578216,0.4517240930209852,0.017043610962511228,0.16545119752181348,0.44074938691725085,0.015011395141738852,0.15309491886962343,0.4303365128104512,0.01315532918506993,0.14373872458706216,0.4220492666734621,0.011856259750683927,0.13717461401309267,0.41610398061332937,0.011198062996709675,0.13274880609967812,0.4120518094160245,0.011022119012803113,0.13006974225908025,0.40944727193382185,0.011283077629213729,0.12736108136028845,0.40688052770769556,0.011729036915684036,0.12449138879456675,0.40405168867744296,0.01225329253543881
P0A5Q2,0.2527274836517626,0.09857590782852,0.2300094570320858,0.22897210254922812,0.09654724944086555,0.2107302854147253,0.2088367973694162,0.09365884641299427,0.1899801084421307,0.19255048466925526,0.0904685042539834,0.17280497264192163,0.1824533128681561,0.08720686504839939,0.16087711082369416,0.17924912561795703,0.08389163586635162,0.1559245814570188,0.18127872944106582,0.08043657874269523,0.1578851927487391,0.18765398489430327,0.07657850162583998,0.16614242559117534,0.19709434304871276,0.07241404344614331,0.17902245150904805,0.20673023654710643,0.06791120626517773,0.19299690819707999
P24012,0.1561061427511797,0.6072023505165267,0.0002667746168582725,0.14692785312294407,0.6028520173477973,0.00022150441433327922,0.13668643461906108,0.5957089283173274,0.00018183981559484794,0.12548794735244548,0.5868241017867224,0.00015446324581650447,0.11466713761516466,0.5774303686083102,0.00013879275657779214,0.10381126976924075,0.5673230284724594,0.00013172083573639715,0.09318130577899847,0.5576588906285875,0.00012711162321372922,0.08317084185917847,0.5487188023468315,0.00012358264047367774,0.07461441392711667,0.540868134386652,0.00012222624643806485,0.06759150780579978,0.5349018370814028,0.00011633202242583302
Q828D2,0.34585556130548817,0.2041150702558054,0.11682352371328922,0.32476081705037974,0.19731267819371878,0.10023357059530245,0.30454977343455175,0.18890711150504358,0.08365167484287352,0.28852772654743114,0.1797490523629697,0.06978823845453504,0.2776663859552494,0.1701128558951389,0.06005207234748706,0.27139778333086173,0.15969581697905336,0.05502416870619276,0.2672726433243525,0.14890827315626645,0.052929710791247114,0.2676994477157855,0.13841944628361028,0.053707193214054386,0.27181937954913554,0.12827730587431918,0.05837678442588075,0.2746646506603791,0.1184994368896609,0.06370202028483327
P28628,0.2830147100697509,0.15833297833139146,0.13351651741725445,0.25473982429572983,0.15397843666282324,0.1098446511792593,0.23802114789055426,0.14854572828639373,0.09514454229260128,0.22788770428718652,0.14295468620528345,0.08617727177440457,0.22481302701109754,0.13716202730868915,0.0864806352091532,0.2275827727652847,0.13118849787425535,0.09293532270686328,0.22650203804799834,0.12517664249735516,0.09406604288326156,0.22341237040370132,0.11890990246276854,0.09222470531980287,0.2222156617095969,0.11222442839988064,0.09331079190689577,0.22132121732749452,0.10538728767170426,0.09394720617722645
P39043,0.23746517414256957,0.1553964762032838,0.13401091390564426,0.21287546150833614,0.1495944824441731,0.11760976859217319,0.1917254297089945,0.1425765617084792,0.10312542399279699,0.1792558719477978,0.13602537219659505,0.09467545603764618,0.17488077688145431,0.12988316524681057,0.09264967930530824,0.17606060104659912,0.1240177073157718,0.09472353215901047,0.17896685602631424,0.11810580519419431,0.09749693878018109,0.1811677799890427,0.1120560266509827,0.0990510807627278,0.18200103489235075,0.10620373262853156,0.09885095437895927,0.18257022724786295,0.10060462058565002,0.09771990475993074
P34956,0.16509436111756243,0.5549944430204858,0.0006784739774710339,0.15549932990678195,0.5467353999460046,0.0005605400869688447,0.14469083686293854,0.5367346475830979,0.0004515159664714179,0.13411763350782718,0.5266744442898584,0.0003932833087820607,0.12465223769736837,0.5169142780533297,0.0003664374769675674,0.11609717169499408,0.5077566695244842,0.00035734349485565064,0.10904379414266832,0.4997514516346198,0.00033511018281573104,0.10294655457762104,0.49273202196760857,0.00030672799140166266,0.09796401976263941,0.48695116282358325,0.0002784177070841834,0.09291536922097557,0.4813067491302015,0.00025896519976619946
Q2QBT0,0.4492051315865471,0.04437893496335627,0.06875459452626169,0.4297230059963584,0.04284724131331831,0.06078093286345263,0.4162636055833184,0.04059366918284097,0.05258537357392424,0.40537234337913175,0.038321891294367444,0.046369296280527474,0.3961106354250836,0.03602328313684966,0.04222891250932444,0.38910516483201363,0.03243337473949571,0.040029703706647025,0.38423878337973777,0.028579903099825398,0.04043194397304367,0.3870646353328093,0.024188169289187315,0.04390506422834785,0.3944597902335712,0.02034395144314595,0.05012410141323491,0.4049860222672844,0.017404642679931817,0.05655450766744575
P12921,0.22031900823675038,0.38101146437929506,0.06324940706010941,0.19243131896608456,0.36123465876303956,0.051860167975137345,0.16416050195222223,0.33895685508485085,0.03930395905634855,0.13978865626925965,0.3162683098864246,0.02734832623623729,0.12296558086045185,0.29465418554455386,0.01751956190713048,0.11348036590781262,0.2727656262316085,0.011837790135867447,0.10922945924766211,0.25209009330851473,0.008308333979841482,0.10843577377560752,0.23331827595224544,0.0060232352306875715,0.11062503538808716,0.21771153410386146,0.0046117421938957305,0.1147693325737968,0.20591827027185958,0.003645492667154993
P65565,0.1233826092542442,0.6683486073625304,2.197578591125952e-05,0.10332659703429681,0.6628040487001563,1.9025909256511363e-05,0.08905403961686131,0.6536888664267256,1.605671491546641e-05,0.07590383509228948,0.6430317881116149,1.4205239936625461e-05,0.0654910039234767,0.6340336860847542,1.3343090157907955e-05,0.058682731945902226,0.6275843500105488,1.2776946918944646e-05,0.05335715825481809,0.6234494225275689,1.1824815071020938e-05,0.049013046802099454,0.6210742850992366,1.0251369757744936e-05,0.04647465717010512,0.6203250188772507,8.408001600674495e-06,0.041229734321645166,0.6202288079185109,6.854759237770764e-06
P39597,0.33255847188342463,0.19360091962360104,0.06769874935987988,0.3163874558492595,0.18468106675161597,0.06068165598310041,0.3000916152524806,0.1742355116955288,0.05265117104307973,0.2853293677959704,0.16301808750601987,0.04517574818626104,0.2741370468910475,0.15220652783237648,0.03929119630933448,0.26689209558443505,0.14228570298725804,0.035073750211574634,0.2628312290006726,0.13421994020765163,0.032037545496771326,0.262119425299638,0.12829820051491814,0.029884180931775084,0.2633725045332104,0.12361904218855643,0.028573404622066437,0.2644684493651449,0.1194161780570874,0.027594332117948303
P22821,0.144139822855441,0.6146564684424974,7.190467646486184e-05,0.12810993472461396,0.6053569394905696,5.391893698235853e-05,0.11109164350693736,0.5938964259764626,3.8132610080607676e-05,0.09507702983892126,0.5828477827758755,3.0616730581990703e-05,0.08162514849959558,0.5741388710856045,2.8879384862132746e-05,0.07364868318766267,0.5670756942714853,2.8204473544026528e-05,0.06630194461914236,0.5610170469194551,2.6409973577739515e-05,0.05748303118272414,0.5548628079045098,2.415827792224177e-05,0.04889235537282341,0.5482264641905353,2.39849805123972e-05,0.041926392364913086,0.5414918296867199,2.378305821858833e-05
P0A0I7,0.21168299177257635,0.1758953733188167,0.20318338725376822,0.18072275754711414,0.16732608127259013,0.1758769918683948,0.15001229846151484,0.15712321618864117,0.1455801357104596,0.1285904371301061,0.14597910320175267,0.1204306154089036,0.12054891046679503,0.134830302754973,0.10543797687269181,0.12721075847207058,0.12381342817127058,0.10300688133490249,0.14147952339816505,0.1129027929657145,0.10945199315889031,0.15586537173896703,0.10211703249463232,0.11827915850789089,0.1622443507642569,0.09149575896110318,0.12388805030188488,0.16482312320777817,0.08159485495424425,0.12422013991623344
P59934,0.23228569117517148,0.3736234453418926,0.06129948864896726,0.20434850444949362,0.35460120846279825,0.05002812750656307,0.17641147503497784,0.33259768239048937,0.03699737193906569,0.1541994051008261,0.3112508637610192,0.024775470900225718,0.1403319550160258,0.29079384940816294,0.015686941207943107,0.132185318267398,0.2712647493010896,0.010655154697035048,0.12835223537203025,0.2529396323599719,0.008313838972309317,0.12732439184691677,0.2368136968827137,0.0074161716322894864,0.12910741112496227,0.2239804020308654,0.007305180279600754,0.1327630779458796,0.21500124873165097,0.007562620210658431
P33247,0.2863712135548416,0.39397917585647896,0.007859041397297973,0.26861114184537377,0.37815529420739014,0.006689959903833738,0.24850872691124284,0.35881439149746525,0.005745805598180374,0.22972183746971087,0.3395641366955708,0.005271776894486939,0.21306990527833686,0.3218039843656768,0.005026507805149357,0.19949758797106254,0.3064255052824239,0.005121572005318979,0.18830083242682122,0.2932733240893529,0.004841930125137456,0.17949416980868033,0.2821006500625719,0.004539599724257133,0.17250114361016475,0.2721433053126133,0.004184076647128191,0.1678607525299287,0.2636533158955408,0.003966901960989902
P37948,0.16385300781997567,0.5818717864072318,0.0001766176348965642,0.14974386623398359,0.5703638089792377,0.00014253524895563007,0.13432065598900517,0.5572093528646507,0.0001175099460617264,0.1193530600801329,0.5442845408832532,0.00010712119434906036,0.10607389297154,0.5333097108772706,0.00011059769719013322,0.09484838503645936,0.5245403802379733,0.00011751643293829482,0.08570960174756992,0.5178788970035461,0.0001149723538366452,0.07902798690245504,0.5132150038298227,0.00010417697728427724,0.07431538350290413,0.5099660279092665,8.959135944919909e-05,0.07172130082066773,0.5085550291132414,7.95737764180586e-05
Q05044,0.2825081120918818,0.04932247200079072,0.24349932236377575,0.25837110350959896,0.04675204191619015,0.22069602819992787,0.2342400392177453,0.04378141393536069,0.19662910736117054,0.2169314075151737,0.04065552346462394,0.1781073624063378,0.2085565765825239,0.037513058947903626,0.16835493364229143,0.20583174471184906,0.03443588912345046,0.1652614426206633,0.20623268749051707,0.03163028678126198,0.16596660028029303,0.21031255985675665,0.02937415495922202,0.17012203203249066,0.21739039396460672,0.02775216232332733,0.1770567441291161,0.22654983194587897,0.026648554347282097,0.18592758813624266
O08362,0.27202755026777264,0.3620170105442646,0.030316299283680615,0.25103171546143666,0.3471080002629843,0.02598239046623229,0.22819710229061388,0.3297718579754039,0.02186161932323531,0.20890670074226525,0.3140008266498789,0.018557537195447036,0.19570046811095165,0.3019786733156219,0.016171315487513157,0.1878524839752697,0.2931385217941794,0.01526747688232872,0.1842718367558701,0.28780628842312267,0.01498322831820061,0.18263593281556068,0.28456968697571616,0.014976952157228999,0.18219720542516615,0.2824835594046508,0.015242910497333569,0.1833325636602016,0.28249683104819473,0.015592859880196222
Q2G1N7,0.1718571688957308,0.5129574698737386,0.02147291127099251,0.15170175591145124,0.4996979440343029,0.01700858553047525,0.13133230898515483,0.48302189354924596,0.012163239327858557,0.11393294613179307,0.465550936528479,0.007798509973416153,0.10079003656807071,0.44927566613230585,0.004903767977534014,0.09192425660817119,0.4341398825995439,0.004220747251603666,0.08481568366667853,0.4203002848846465,0.005187165089685698,0.07854516970059666,0.40887427246125047,0.006950085545002066,0.07305911686735113,0.3992632202435262,0.00887501615586313,0.06744158282673515,0.39122020306148925,0.010431938560803246
P0A609,0.38503693431473324,0.0723282318704943,0.18396966112456384,0.3578711934990079,0.06760702828617973,0.16219105587372368,0.33031832198774663,0.06238488071922866,0.13941981413603485,0.30824610567139904,0.05804382913446234,0.12014597316024092,0.2937654493212878,0.05462142992876156,0.10613703449243292,0.28986604072786487,0.05212485691894961,0.0998679329207302,0.2931768617488799,0.0501087515908862,0.09781867533318386,0.3018405605716998,0.04792188184257099,0.09949234442180617,0.31177486996926357,0.04556971418491424,0.10397934459408167,0.31953980371929347,0.04322187130093995,0.11075157803809269
P21938,0.2601334154315537,0.3383671002064948,0.04345630290049712,0.2394402014630692,0.3249738653617289,0.036173301127712845,0.21969939110515768,0.30980541252561766,0.027822597888283722,0.20517283738237413,0.29548383773443376,0.020110424326169607,0.19611225765308424,0.2821167648583072,0.014525264550576452,0.19162626603321953,0.26918679131375123,0.011648124890983054,0.18918894365670527,0.2569387251376188,0.010643545186273941,0.1863248589736848,0.24498788514852426,0.010390815419716051,0.18289100377274317,0.23376702014867784,0.01045098903076788,0.17923633380520881,0.22286461673615576,0.01076900575116674
Q8EWP5,0.24046479210171504,0.11566134041220708,0.2281384501239345,0.20404688646320193,0.10925417907467366,0.19663314948350616,0.17322042560257278,0.10147919989183209,0.1667067805380354,0.15304499329062368,0.09444795490571326,0.14521986460388916,0.1457380249867123,0.08804293665949472,0.13547203653359458,0.15242941188634038,0.0821138218853277,0.13789071805103006,0.16451421278986342,0.07646751088105909,0.1469134575304214,0.17526892316879497,0.07099741195562691,0.15722915252843575,0.18316050838519288,0.06547373653591368,0.16744080935823208,0.18186612985163983,0.06003221426829852,0.1714272581825776
Q9CJ45,0.23093247642161227,0.2946729631604475,0.07409136007827469,0.2041984190799554,0.2800744305201429,0.06441032699330268,0.17643123123427068,0.2633950349772831,0.05426488961810957,0.15504122465318085,0.2483783887091347,0.045766793540265256,0.1412515971400429,0.23579384327339412,0.040121370668986835,0.13659705486525575,0.2245774051864663,0.038333991368615206,0.13672725911845304,0.2151765704515638,0.03743323850168313,0.14032473924946476,0.2075596130984454,0.03740198938541928,0.14483804469223704,0.20084730411324173,0.03850080440061708,0.14931993977183133,0.19471372461073047,0.04018044648992663
P29141,0.29665195888880436,0.1403299844095251,0.16830684529202283,0.27245877395269535,0.13255196350570383,0.14959821082538136,0.24836226894922003,0.12322279998303189,0.12984233927992472,0.22885914804354363,0.11326904829276384,0.11264599767694315,0.21670271555500428,0.1033877279456022,0.10057750151256056,0.21199695396882678,0.09437222439699475,0.09472694731391201,0.2121269724772161,0.0861335322083279,0.09273197230686638,0.216259238599195,0.07904065744399588,0.09408303777364675,0.22132998474306045,0.07267603758001379,0.09741713240314395,0.22701697911106597,0.06698527568908738,0.10234894139291296
P42086,0.12922154440428013,0.5668826766048572,0.0026728945155378232,0.11774851843736145,0.5586726204217674,0.0021184042741243447,0.10509275986982931,0.5489468426164741,0.001509398086882473,0.09392839646004959,0.5398357308804629,0.0009849277302321439,0.08547102320931156,0.5322772996638668,0.0006887628745385661,0.07911734142277144,0.5254491804174192,0.0005226185793540975,0.07395604689189804,0.5190613173215834,0.00048260105480571735,0.06934988893465158,0.5131021655752579,0.0004894735218416072,0.06427437431492541,0.5072540582606008,0.0004775153746739161,0.059333378332700804,0.5016882183329404,0.00046225364574865055
P40875,0.26370751390599695,0.20628596969061508,0.11823264877549443,0.23803363064601873,0.194340457561608,0.1038560963385491,0.21414872604918067,0.18096475203536846,0.08871832432576834,0.19726093013359955,0.16694432633487458,0.07607379002646429,0.1878146644254222,0.1527864772106712,0.06733633100038823,0.1832843280201595,0.13852081256307544,0.061603723028856645,0.18153793574092994,0.1245136166895179,0.057406003142358275,0.1797020820497719,0.11167077430826745,0.054213281814577165,0.17900709996078368,0.09983661262628331,0.05200450699689737,0.17936118137249557,0.09019292144184311,0.05055706833811297
Q4A5X2,0.2096513577522216,0.30218814761630536,0.06566298599027211,0.19060089910914696,0.29016679819225333,0.058399716263137384,0.17255215135225502,0.2778883959334906,0.05005365296803508,0.15947745681969283,0.266886520583832,0.04274430357146622,0.15177324017873312,0.2574846334907857,0.03767553816543015,0.14844770704363697,0.2488197486604034,0.03498976549581024,0.14683826358115037,0.23983744905178167,0.034062871332749683,0.14527693972232641,0.23066539526268998,0.03432306074030136,0.14434664034433897,0.2222229747825249,0.035161279929079164,0.14379803424262194,0.21566179249224068,0.03575492141916559
P16400,0.20224592398265606,0.33070883225891456,0.08042854738805452,0.17531728539979585,0.31427487818061334,0.06739715174159266,0.14917721258486039,0.29494584526700396,0.052670397773545374,0.1297358044593143,0.2749799120334755,0.03989294621158586,0.12334123869961276,0.2568923603152627,0.03143134643576201,0.12501276938140798,0.24095652721436747,0.02715671552870457,0.1316223618009753,0.22724607761541685,0.025637139395164703,0.13911208111802778,0.21631661119325843,0.02577572037044276,0.1436241991832681,0.20810857397120355,0.026700721665187027,0.14406139999777579,0.20096358484457189,0.026912111174991944
P45702,0.25436553323504785,0.22870809298733094,0.10199716921838237,0.23668540656919693,0.2209934712060372,0.09165287414332127,0.21947925748881264,0.21241409638930933,0.08126019059258408,0.20555287985899295,0.20430267480913122,0.0725414401157011,0.195871628256736,0.1970892632557797,0.06631460185727114,0.19088115092203026,0.19039578426826193,0.06306320479271957,0.1893414929702518,0.18441678803645215,0.06229482822716897,0.1894763364091731,0.17892820386806338,0.06337571218051048,0.189911306777655,0.17408339506345621,0.06522363405086427,0.1901902134854181,0.169479454695359,0.06712244973286846
Q45070,0.2776131634338134,0.1733856886928415,0.1428238236307849,0.2512455614374181,0.1634702011009743,0.12489529352915127,0.2255992555765158,0.15320579716138666,0.10520070501346794,0.205973268306144,0.14379590462851785,0.0877137928947195,0.1954353164340322,0.13566228419792742,0.07538434594988089,0.19298532780113556,0.12716257395032288,0.06929374009946758,0.19500410571856341,0.11822573952858428,0.0671639277580655,0.1989320911958969,0.1090469659388887,0.06799767727101888,0.2035386782906338,0.10021156829718925,0.07096475056116591,0.20821472632024454,0.0928061326201967,0.0746185728183322
P35596,0.24774127018551997,0.3305739459562928,0.08176791605682536,0.22364079653265778,0.31497039606118515,0.07085427898363525,0.19927119598141005,0.2974037390041923,0.05918816242856834,0.17763045967378846,0.2803592839321977,0.04885508427122889,0.16290856922769834,0.26475727099414564,0.04160794254697153,0.15590254625360078,0.25118121450910313,0.038500021560464996,0.15261794166166148,0.23878394166791012,0.03733805103343919,0.15171977881893686,0.2280136447657272,0.03777532799839868,0.1510568931317581,0.21722406321836704,0.03964401015712029,0.1510171877054243,0.2077026303998605,0.04215885588025715
P36921,0.2101261535727989,0.2994190481599482,0.13794339326556798,0.18204667739875977,0.2910554346904522,0.12066058681307637,0.15324221632460555,0.27986571597123766,0.09924549820021134,0.12764605587803254,0.2668770192386933,0.0784239671280332,0.10960335998758666,0.25377506654595855,0.06248959365188604,0.10510700013506333,0.24029575560438005,0.05360034450580975,0.10784789166803825,0.22663576293928567,0.05097973022083837,0.11196105715812425,0.2122278420498462,0.051305999369302795,0.114879973172429,0.19700242890013792,0.052818892599588205,0.11794291815859419,0.18196786410060753,0.055001945720609895
P12667,0.3102747434544273,0.20655651949938,0.10118549707168883,0.29142877524067984,0.20078849473024107,0.08727269898720888,0.27374693317251,0.19367939957764982,0.07106438605609772,0.2591560764377191,0.18674325143635473,0.054735728058049486,0.2492439803981303,0.17853272949604837,0.04138164287358507,0.2468008556463787,0.16898898718156735,0.03515726021154361,0.25114113799277754,0.15891596972416241,0.03675129132248938,0.253796608374858,0.14887578150331315,0.0419740806564237,0.25772580901149666,0.139615946266815,0.049843284191090916,0.26039675655397365,0.1311604407313119,0.057816547014488115
P27623,0.20833601968068804,0.3233169183259074,0.11873317083046758,0.1685323233747448,0.30592399996031,0.09765722976864609,0.1361262924217372,0.28478697314404383,0.07263887097528018,0.11490224408049024,0.2603575297452646,0.04878531005977019,0.10555619584788188,0.23399044437390637,0.0304704016314806,0.10643720144670181,0.20904889916929603,0.01837049972657889,0.11381742241336622,0.1850887313828792,0.011393697148676617,0.12124362115677809,0.16356462962272197,0.008415095258544225,0.12943138685504937,0.14694553816331066,0.00709449632564397,0.13718497329021945,0.13638150436643603,0.006100755587226609
P63713,0.25109392337659686,0.3133861993725576,0.05191412296662013,0.23215312191688264,0.30238535733916555,0.04449584026703648,0.21193702050380647,0.28945399563841373,0.03637354416801095,0.19564851313331058,0.2772626666363424,0.029882798763622088,0.18646949399252946,0.2672250306475553,0.02673745151898434,0.1827096907558625,0.25935708384757244,0.02570718191835531,0.1815768612327976,0.253373314768316,0.025594447974812234,0.182174005323751,0.24994725274127116,0.025404738477301497,0.18392567411410585,0.2491167264149484,0.02466949903129816,0.18576058112149096,0.2501013340832939,0.023438338012517324
Q8Y960,0.19643615050652807,0.5333790582741883,0.00027782436903240997,0.18026199693221903,0.5204665735096866,0.00022281665148298348,0.16522260579508924,0.5056537082467707,0.00017265585940305867,0.15198832268151236,0.4917322201550086,0.00014928165112566553,0.1424163174484849,0.48098943333939836,0.00014164574337231908,0.1351094155677939,0.4722367929695537,0.00013920356231372297,0.129100582735595,0.4648540049608889,0.0001285017725180327,0.12404588567258513,0.45911728083264497,0.00011947279161025731,0.11900069252864524,0.45371264408518414,0.0001115734128191684,0.11529045926112884,0.4496786683247741,0.00011486150479204124
P39804,0.26263108491894327,0.007041362157805721,0.32287653878933403,0.23213687914855152,0.006167084928160522,0.29225173888663936,0.19897675158352168,0.005293732544086354,0.2575046239094064,0.1695671205102656,0.004688684830765657,0.22665328220437084,0.15354989287589077,0.004235058055779182,0.2089562530655826,0.15177117897372125,0.003913310795517797,0.2045856390934969,0.15860929560161688,0.0035820404940861256,0.20827450568029846,0.17232703313483594,0.0032493806510788875,0.21724658642112302,0.19258406962450927,0.002880548663403537,0.2321233854861616,0.21369447206326653,0.0025216761488614983,0.2485208104247182
Q08429,0.2782800983229217,0.2311697641770196,0.1185200753363431,0.2581630631596125,0.2256948435379195,0.11199283582385047,0.23924564029532205,0.21894188606538986,0.10513143540350534,0.2255203783631916,0.21276668099315502,0.09972054372477697,0.21481704931538848,0.20661193834243285,0.09550131695717037,0.205252479317485,0.20075172858269844,0.09155633703874425,0.1956677021167623,0.19483967316930353,0.08778616699612336,0.18971464765619583,0.18942101852620333,0.08508839475503722,0.18920610601398172,0.18425025704260362,0.08397687405304871,0.19119941462222834,0.17936944308693692,0.08437236969624888
P42252,0.09679131309769326,0.6743695336157447,7.247183278935278e-05,0.08474920603647529,0.6674918644741235,5.4388330122953843e-05,0.07448015419459786,0.6600616622059028,3.70984605756764e-05,0.06467471121993357,0.6519611547845705,2.3273892312263526e-05,0.056263819772217616,0.6447878460300632,1.7095915757546984e-05,0.04896127543931001,0.6384903305320719,1.4608823381851266e-05,0.04232372875726883,0.6325320517097682,1.2217266999140442e-05,0.03616480719814135,0.6269568977321334,9.988161138323813e-06,0.03135325539012362,0.6225279435608583,7.873742089934969e-06,0.02729559408261601,0.6187409343295502,6.010424064722543e-06
P81594,0.3004507428089566,0.18366978563057812,0.05772853577673158,0.2840581015615489,0.17412571349483633,0.05113059769812544,0.26777072102434246,0.1637101613399503,0.04404406494759653,0.25624011665566987,0.15454869988658654,0.03779047666645128,0.24978040026832082,0.14722652698945715,0.033128043489991835,0.24723296404286563,0.14051373151883123,0.030451752310448173,0.24717053677812334,0.13489207424760036,0.029231222359312255,0.24706252801177828,0.1293198242861249,0.029198571292803805,0.24676792401061598,0.1230175977180187,0.029734479342390114,0.24516970928931323,0.11682052435907743,0.030373240418693465
Q7A338,0.319607392470862,0.009218953689801399,0.25694798558627113,0.28382511149471146,0.008038629903560293,0.2215702746016493,0.24946578993546675,0.006736223511905592,0.18662957979450884,0.22632776723924578,0.00560227813649796,0.16253233175657814,0.21980811091932276,0.004738277615449616,0.15594849165797162,0.2301104955150798,0.0040158166801196144,0.1670718760789006,0.24695474415165064,0.0036176735234732756,0.18526302182909757,0.26335393183641925,0.003404919085714406,0.20321777473448147,0.27623470651468807,0.003304737693223801,0.21535013417977555,0.28190464158374867,0.003273272033808544,0.21905698034062354
P11018,0.282468655686623,0.24951081829778718,0.096202760349711,0.25556944953524957,0.23658966487408206,0.07980148403299023,0.2295474997143062,0.22164032751233642,0.06097088947679037,0.21086421651397372,0.20696820475021027,0.042962488633013364,0.20132905621768582,0.19266218351178435,0.02915060461187371,0.19869329075144235,0.17878239979748436,0.02071305875046673,0.19914667363854996,0.16491606254526833,0.01643044173282496,0.200749158092423,0.1519185101020222,0.014965754522841317,0.20238780130816847,0.140869050814177,0.015214918407919878,0.20356039992431854,0.13263247625674934,0.015722785107941645
P54544,0.11560314540218178,0.6116017581087501,0.00010425294387348861,0.10197446903341836,0.601712264778095,9.718420848735785e-05,0.08737713838358951,0.5895227777026935,9.544356045828818e-05,0.07563857676917154,0.5783987209655063,9.248052491126765e-05,0.06749768876368811,0.5701237635540569,8.681787620477028e-05,0.06097451826662231,0.5631803746809576,8.097810192069066e-05,0.05581768788533103,0.5573998034498627,7.442454543551798e-05,0.05177214337586853,0.5526188738833943,6.941682631827264e-05,0.04838333844903651,0.5486461502373349,6.593800160923989e-05,0.046038923481915094,0.5459362764591045,6.0858607928564076e-05
P35804,0.2533262498720773,0.12669008980224786,0.14405835946622422,0.23425604984553855,0.11869629461547165,0.13216948634047396,0.21723951918779322,0.10951550423906636,0.12087871470750439,0.20538743629915077,0.10156861308598587,0.11208976295456041,0.1966557382571256,0.09495907635637736,0.10420084521740329,0.19041885536743766,0.08870906193158157,0.09784675633750937,0.18695431935939522,0.08386959448456928,0.09416483616638816,0.18714034855204173,0.08101137811784712,0.09316258652893111,0.1933109602653058,0.08222474392366323,0.0933620239036238,0.20258184862713205,0.08409828607353326,0.09421249871178744
P11959,0.22950506277638452,0.22657231774363953,0.16392201376267734,0.1941996885329476,0.21373332349358046,0.13964872996428263,0.16202372432110823,0.19912216397578872,0.11542337160769033,0.14293606129648503,0.18596514897501615,0.09659237992980146,0.13778027075839663,0.17460469818506674,0.08539820941660897,0.14147161988905738,0.16277259735087576,0.0813133634912159,0.14805486345981853,0.15004067404560067,0.08071609230830051,0.1541796672143639,0.13673950561680076,0.0800769251706829,0.15722216163791056,0.12354768531537604,0.07878609014421889,0.15849830159881553,0.11116531065200547,0.07711463395688996
Q9LAB5,0.25271210620841955,0.09172446006742849,0.19793000411580444,0.22597094691596395,0.08547404143278356,0.17865413910033356,0.20529097699732968,0.07827206440558244,0.16316968450622446,0.19081185208798457,0.07043446884321895,0.15299672708765,0.18195189263838873,0.06269933311800549,0.14619133904779286,0.17700717382955533,0.055376742767659616,0.1408156588215899,0.17593834790875346,0.04853194692220255,0.13862671814145489,0.17879778937198387,0.042405238986379344,0.14034917458265098,0.18647589313411833,0.039204950809385075,0.1447331222311038,0.19759201208468422,0.03617558962932992,0.15071526881208885
P46815,0.17167808328220038,0.619976754937723,0.00041398918956652255,0.16188691149722922,0.6154297130391705,0.0003134774838737383,0.15132626402696195,0.6098825874551903,0.00023738060383247738,0.14176443031181368,0.6048479911409449,0.00018874678968798717,0.13636631051634432,0.6005294169650454,0.00017243142799533003,0.1311340419910019,0.5962719682705375,0.00016600842628363967,0.12661313526714946,0.592567072788377,0.0001583773801999903,0.12131150863670577,0.5884267621335727,0.0001505160749498681,0.11631870655619468,0.5847716876027456,0.00014263724619283718,0.1106613908767477,0.5808947900601831,0.0001350616253904553
P11540,0.20376260842845806,0.3607597655212308,0.05741531114742862,0.17057231491209968,0.34613319496767986,0.04383761790977866,0.149879611450572,0.32971365764773436,0.03467223512425223,0.14153015294630095,0.31461149060972904,0.028013871381009258,0.1402071868192518,0.30127630911203995,0.02231571005119132,0.13522957138636826,0.28804079077510475,0.018891024309163264,0.11798202333444247,0.2723747132189565,0.015190629955099864,0.10132212497180963,0.25522195947887116,0.010413097406210584,0.09239679993286684,0.2392776050908894,0.006846402753755752,0.08976872244917752,0.2281962690351425,0.005066830947820939
Q03Q83,0.2592507058440927,0.2031725250397355,0.1267101354941384,0.23134579533261335,0.19119108459960077,0.10929148541515196,0.20533080277562216,0.1773572327185907,0.09074261756484721,0.18512297478197706,0.1623154456000468,0.07467439452636608,0.17383327116171934,0.1472932476683983,0.06314486087294766,0.17143492819722295,0.13271226463395178,0.05789464019197641,0.17367624389459896,0.11920926343162833,0.05650955231836964,0.1780804536423943,0.10701010438353521,0.05717293753125518,0.1829634947985677,0.09637752135688922,0.05870238217750574,0.18610424381628587,0.08779229205586007,0.059370198236045106
P09333,0.2982483969895736,0.02807870481462108,0.2901110364492076,0.271250882247939,0.025919096936215417,0.26339361675263345,0.24336197635980927,0.023550981096295893,0.2345525020940383,0.21949127314881187,0.021162740081431965,0.20947122934328666,0.20306521029331806,0.019031453696444524,0.19127328398121,0.19535152791808044,0.017141851385669326,0.18116931520220889,0.19504501992601553,0.015359176685150982,0.1783491664229635,0.20173211113280254,0.013825706548961585,0.18308562064672274,0.2122608357578401,0.012343503730526117,0.1925132600611641,0.22362272142719353,0.010970254497564374,0.20403072250115886
Q08788,0.28141950521691095,0.28084392050072327,0.09194333360947578,0.25014531077278623,0.2661460032040995,0.07596687992994973,0.21784750970061137,0.248596761011596,0.057328181242498645,0.19146248612076222,0.2309987223917363,0.04003792305000518,0.17465661362996876,0.21422437173831674,0.027306120926950006,0.1678336404574145,0.19812412533309204,0.020067481962487994,0.16933470553403027,0.18113312732592643,0.018305913603675422,0.17184738711192488,0.1638330529451592,0.01810383890885419,0.1725628727852843,0.14626055867220117,0.017920946210469815,0.17022983243870388,0.12915598502930822,0.016791128947393305
Q8NNK5,0.30258108590679983,0.2522727047994278,0.05631669909494633,0.28290315717363357,0.24167872555679284,0.048222333333042045,0.2622540163181596,0.2290183032213439,0.04079043411666061,0.24352284071354624,0.21576731951067113,0.03530173237161512,0.2293542245030203,0.20255374407967533,0.0329497382838158,0.22220538669460735,0.19032882942895243,0.03455552901055417,0.2186052817627899,0.17899736525495108,0.037336461368413856,0.2168862984061629,0.16829508632720938,0.03994836587888347,0.21339186179535585,0.1582353720994255,0.04094528272530062,0.2075298447013982,0.1484952546842612,0.040126901351459375
O30417,0.17194285186952088,0.5660005405350773,0.0004987543674761784,0.16152439260040935,0.5578149699382658,0.0004270455811813546,0.1502899925077562,0.5474981006890414,0.000378504675367932,0.1397946076590414,0.5373364050636346,0.00035818867545605714,0.13036238083609455,0.527814206015448,0.000350472172580259,0.12151344708509154,0.5186393570421394,0.0003474014657808634,0.11303346420136065,0.5098692260462363,0.0003440138342200962,0.10519577141669133,0.5013345960847575,0.0003319730398419905,0.09772001581830404,0.4934953735044959,0.0003106054424655297,0.09151178083182539,0.48698099463848915,0.00028035678008275035
P15917,0.1862581527210482,0.37496646377546927,0.06445723070499022,0.16594581317262697,0.36095069002531444,0.0568921321812258,0.14686360765876183,0.34646341540689496,0.04874785244054884,0.13126917596794405,0.3327479501072101,0.041695543314392174,0.12095105441685672,0.32060101306199545,0.037075137953299704,0.11490719262859549,0.3093336554207877,0.03512073033481874,0.11205583951248228,0.29887361022194553,0.034878425696546596,0.11094600527490413,0.2896901625018132,0.03501479162783345,0.1109371742343485,0.28214875635238407,0.03471164202694696,0.11322549538235635,0.27779818190874145,0.03398571152573865
P37552,0.27455601524529066,0.17258532285931297,0.16283885274184345,0.2539367848388484,0.16579878024865471,0.14823066612362254,0.23540807604763225,0.15792819030315847,0.13184299151827933,0.22031431939414747,0.15116928977322347,0.11616659482985355,0.211009151573415,0.14572344487828603,0.10327606829646502,0.2048020305928848,0.14002304014237885,0.09335596370615529,0.19857910522823097,0.13313858126941203,0.08362332301198407,0.19402672138756238,0.125201115179695,0.07542000526597498,0.19170258540553473,0.11715562687699305,0.07027134612626454,0.19037239438861173,0.10915582798659047,0.067437153763327
P0A5B7,0.3014536677354015,0.07166910404419238,0.23386170056646147,0.27115242537185036,0.06669083437368842,0.21243985447079833,0.24482543493701198,0.060961069923388754,0.1908777712132821,0.22274436798833877,0.05673305396650979,0.16999381201869931,0.20366470942440867,0.05221076966530189,0.15089163023782512,0.19004353444299413,0.04690386661954148,0.13521438209030098,0.18610102340545984,0.04165469587638973,0.126300790217009,0.19024127459083928,0.03667992379536275,0.126181550684446,0.19822624198106978,0.031924000117325844,0.13242388081874723,0.20872421578216116,0.028762998985866817,0.1411610324365197
Q05523,0.24003269290677173,0.21766017834379336,0.1212310470329429,0.21990356412798248,0.2092322073091819,0.10782619207097462,0.2006454710692127,0.20009702445804414,0.09584771802343796,0.18625950595940896,0.19213545240354388,0.08723820536367702,0.1778876395981155,0.1852378902622645,0.08259612092550485,0.17595855295009005,0.17863779606306773,0.08227818233540532,0.17577104352536063,0.17153562680089599,0.08372300320625216,0.17781734914127453,0.16405044562245538,0.08655445038862739,0.17945430344222793,0.15579434272992732,0.09023743584103505,0.17937551814013175,0.1475204910909654,0.09300889251939493
P39755,0.12176938341034825,0.6203271733613556,0.0001428858717156532,0.11073314878583462,0.6110388790853536,0.00012485310000115177,0.09858423770540678,0.5996373038834859,0.00010863059434957864,0.08718033665498162,0.5885945034170736,9.611405982362623e-05,0.07772638462280582,0.5790617630581288,8.566116000440958e-05,0.06991745620427635,0.570985867823677,7.56079986606193e-05,0.06404197740809076,0.564262167788523,6.557865416775668e-05,0.059148046704654594,0.5586451905474276,5.6703028658612846e-05,0.0547284973282512,0.5536630723536463,4.945764590013548e-05,0.049709404462863184,0.5491110638928068,4.3312529552444146e-05
A9Q0M7,0.34507438465596507,0.16743824351825914,0.053437139237434574,0.31795967658793317,0.1619460841492758,0.03935281938427161,0.2959900142908803,0.1544996693922291,0.0275851395764261,0.28650038304188047,0.14547783321935215,0.025362937125581405,0.2868053034322145,0.1366951559130911,0.0332942642247665,0.29208001740902656,0.12843366859309308,0.045079813304975506,0.2908448890569162,0.11947235230633577,0.05205707269984403,0.2774130821828732,0.11130337208725696,0.049447635571650654,0.258764259411932,0.1035238510299847,0.039007175126689775,0.24090458729366823,0.09431265289012986,0.02883981954963232
P59076,0.26616849092354744,0.32141521823655067,0.0498643804047656,0.24686082670993328,0.3089294378572981,0.04322942925256001,0.2294293877599824,0.29583492072870354,0.03694053945111102,0.21506650609357914,0.28357479966210647,0.031361529601605924,0.2046833155304666,0.2727209021314117,0.027051539871780814,0.19787848643644945,0.26239952855263293,0.024829814148082247,0.19368401231101975,0.25265778746903383,0.023277865544546916,0.19207735985300173,0.24418737925113662,0.022070463280136114,0.1935169462150954,0.23680482737665878,0.022047010676231635,0.19589661714991669,0.22999086546326852,0.022192314680202347
P27580,0.23454378806043652,0.39711600529852553,0.035258392258181594,0.21355721719996615,0.3813353652681355,0.029636776517389624,0.1924122590283595,0.36331941341922286,0.024931046057215474,0.1728563486345157,0.3453701910599092,0.021649003635262818,0.15650104998082615,0.329211672255248,0.019943301660597258,0.14434308532384735,0.31578490589869396,0.019743968621138006,0.13579878244143492,0.3045009088157598,0.021089694462102532,0.12863257692534832,0.29460931582808125,0.022685044962416374,0.12131033183828693,0.2870877182010154,0.02251790544379213,0.11403422535573769,0.2814311758201259,0.020503235592021496
O52866,0.258174974002431,0.26325159356227357,0.0948654599809502,0.2311918427314367,0.24959924898378852,0.07973001707032398,0.20292954343683245,0.23316142967397058,0.06254586799859223,0.17918912538855641,0.2153031809119721,0.04687142623957327,0.1647025078685939,0.19754555541595326,0.03560401096399968,0.158108528636046,0.18093745702799185,0.029026032472568707,0.1573616980572313,0.16529657190242347,0.02615697728972875,0.15948091896674235,0.15070585090075156,0.026198169593736054,0.16202879607018983,0.13719221255732877,0.027379570766752844,0.16347985292205613,0.12466986509628579,0.028086797010361545
P95246,0.39585317157059896,0.12207560398617816,0.08945815116324943,0.37727785030100436,0.11532721014862966,0.07822640328510379,0.3580737979280326,0.10755558038480696,0.0671617151586385,0.34206372510747174,0.10017212017682124,0.058357670176618436,0.3307937815530142,0.09360391374160582,0.05249011625214586,0.32492874808752187,0.08770004733263964,0.04974758040667719,0.3213844884898109,0.08257313419102023,0.04810861278662122,0.31943727896572943,0.07804428336590265,0.04781303840314839,0.3198816754940743,0.0744215555233928,0.049534433229232316,0.32212081982009577,0.07154103334601025,0.05307033834737202
P20166,0.20100480457685846,0.3922123456219968,0.05950658964893946,0.183632120481792,0.38254863190949084,0.05145813061987167,0.1660401775378588,0.37148255911977107,0.043449100362949036,0.15127943624463122,0.3608785094354407,0.037630010813967364,0.14221313583438086,0.352102797465125,0.035524283084154853,0.13765179420552473,0.3449798738350628,0.0365671243685681,0.13626963197161276,0.3399880160990292,0.03942265942413067,0.13689402213848625,0.337003275277804,0.042655894513887425,0.1377555499353234,0.33523753229885994,0.045005021249373944,0.13772202313933865,0.33458125600026445,0.04537625453903798
O66043,0.20191897006424703,0.31815158017355244,0.08967775062520018,0.17860544291790276,0.3072897919991838,0.07666573289226138,0.15573323548270787,0.2943930528212901,0.06307362073931536,0.1387555798460932,0.2809065476232291,0.05101997792374614,0.12927543260381158,0.26723974324525623,0.042721687536072535,0.12788465345642427,0.25424563551979035,0.03950277464502212,0.13179362013107832,0.2418161747188571,0.039138163631715725,0.1357355829351548,0.2298278311785505,0.039334634924378054,0.1368147471613518,0.21803270303368694,0.03964691470126553,0.1377284786441715,0.20801003456548725,0.04024389664017677
P23453,0.2496329090141175,0.2596655615439557,0.09508769201930337,0.22342228825537763,0.24504570682322172,0.08301211697143954,0.1962360175132134,0.2291856485976594,0.06927858851782515,0.17062102968699788,0.21276796526990352,0.05686318982792243,0.1539928635913612,0.1990781386974302,0.0486764317190902,0.14602610020814344,0.18755295712585154,0.0452135315396599,0.14512049196566412,0.17789569804068878,0.044662473272108795,0.15342312368067273,0.1708756971192199,0.0456069605679648,0.16296840032182833,0.16376982973013526,0.04696746344020143,0.17221802682668547,0.15722137880275852,0.04838511764093109
Q5FKI4,0.25255542909046425,0.24162644035079492,0.11061628967577782,0.22798539182832037,0.2298707481312756,0.09698854456402434,0.2042530886511471,0.21664819952896458,0.08298404216800594,0.18573965782222757,0.2031528930360235,0.07182812641338077,0.17399150889164053,0.1909397180863351,0.06442610452938537,0.16821245654400516,0.17972675859993145,0.060138700966541364,0.1669043357508748,0.16943574640665318,0.057645203450721286,0.16838650119318582,0.1600151763266814,0.05648375272977355,0.1712763021076509,0.15154088836835977,0.056126387112326336,0.17474261630231216,0.14361509271313588,0.055942769869694466
P35594,0.2869980719130849,0.32696672208678673,0.056621655549930004,0.2633352047294008,0.31041172950118834,0.04669943015168343,0.23867063834891827,0.29182136778224504,0.035557958265427625,0.21823328741671555,0.2743272277819777,0.02578814728892837,0.20405575120647876,0.2583557287816218,0.018942695874106418,0.1962706105704993,0.24315326638878257,0.015736532936740197,0.19261300174609625,0.22900113925058113,0.014716812885705977,0.1899236674308678,0.215767322091724,0.0148747262074905,0.18637594863072338,0.20393987881397704,0.015149906374710866,0.18145092177503283,0.19434204051611417,0.015162912167411103
Q45066,0.22954732002691106,0.22032570265519857,0.1359649885519832,0.20779269195658173,0.21142923718458204,0.12087598132476696,0.1850179500129964,0.20138693600360016,0.1041891653153736,0.1660555104680023,0.19100414715675004,0.09060467059212507,0.15467883499825258,0.18132576413208298,0.08249852971164598,0.15085861113288596,0.1724321739777276,0.0801470933089383,0.15210514029157496,0.16459377857905821,0.0820517106083873,0.15593191629249392,0.15808791717727189,0.08595544730074783,0.16053773945954514,0.1527548934736684,0.08974745307195188,0.16509287108209955,0.14939084289467713,0.09161677802846269
P00512,0.22854064902634982,0.34382934144718075,0.12948995008988892,0.1876554660595948,0.32507524672729093,0.10595665922122886,0.14797141569927091,0.30260592256367946,0.0797427981785522,0.11757993333222615,0.27794781344200986,0.055167809622278054,0.10166866775273582,0.2526091256053406,0.03509914051058729,0.09998752436771365,0.22660345231395404,0.02202407825305998,0.11020335253906026,0.20173976094315146,0.01592224444587555,0.12312070084043542,0.17831149192784732,0.013388157909605222,0.1321878903986514,0.15630378545978937,0.011707478164181188,0.13658242001465112,0.13662516540415193,0.010451966501794854
P24301,0.3266387568521154,0.012736252185203661,0.25883944168550377,0.282960017760203,0.010368693342515844,0.21468410751827197,0.25365182625195276,0.0076851755685455716,0.17919088678309958,0.23854126037594744,0.005865673501209077,0.1572610462229251,0.2448568711280082,0.0043537220269155965,0.1579868129742481,0.26885115742340593,0.0030723281184299313,0.17915256823160244,0.2931538768051839,0.0018695819003259767,0.2032007238851908,0.30434001338585837,0.0009938019931093624,0.2194175357082811,0.3017923558016671,0.0006120472663739833,0.2230712398298991,0.2893942174251606,0.0005727391122978812,0.21019505508535516
P19080,0.2517146856893459,0.20665370848369427,0.1401427441799587,0.22734878716631438,0.19384944971021392,0.13058148661352859,0.20284368565861943,0.1803261192178449,0.11874272590581259,0.18228925141996008,0.16876919813846983,0.10735914790146937,0.16811781389348182,0.15983766010417838,0.09753885706179796,0.15860075558570758,0.15274770426203166,0.08910485228848737,0.150790605604808,0.14699451485316234,0.08150278888646809,0.1429437782442787,0.14222305331132418,0.07464065307777765,0.13700902354542835,0.13779730689854702,0.06920585502927214,0.13465407820479058,0.13548676981189142,0.0665467701890542
O05724,0.26689944071392313,0.19829025380155066,0.13470930857458419,0.23896113202512037,0.18807281908066903,0.1180681587622594,0.2141916312035639,0.17837215542412263,0.0998880541463496,0.1941000718710008,0.1701010083950011,0.083630895518331,0.17982262443001878,0.1616740226077663,0.0727187622307908,0.169552536191884,0.1510578165012624,0.06578532078196928,0.166215594224997,0.13992384655925125,0.06275281106752352,0.17030783848986714,0.12870453524341602,0.06475765813613364,0.1785172349730046,0.11672264393863123,0.07068522683572742,0.18739299032675125,0.10521209107333633,0.0780839130497404
Q02113,0.253360845970265,0.1250386995330359,0.18853594411459085,0.22755268552489308,0.11669408488237626,0.16716564639728576,0.20132590628594416,0.10680544708171054,0.14458055980745244,0.18171451639826286,0.09628992129897233,0.1256974287852461,0.17349303589789708,0.08539582593730843,0.11452796522936219,0.17383980346424374,0.07439337205992191,0.10993599406537119,0.1796943556110343,0.06406978316656778,0.10887785877678659,0.1856948955695168,0.05490287979128664,0.10849675139853998,0.1896175797704556,0.04675250641488846,0.10750070198909795,0.1916957620100132,0.03983252315885671,0.10651030057090197
P01552,0.26438767507794675,0.09176523484266128,0.21059383369129836,0.2421539098783868,0.08672848403480041,0.18996182547465257,0.22034746003961211,0.080656735463848,0.16689874335204638,0.2034773218710204,0.07415830740989975,0.14789507660399379,0.19355120486320027,0.06761063224117134,0.13573982795345896,0.19041457340952597,0.061034908399759905,0.13054335068238943,0.1932929347597639,0.05550196587342448,0.1299881520262591,0.19809280836050708,0.05076295764656224,0.13133282437536514,0.2029728877440428,0.04646839621990173,0.1337491069133724,0.20783783356735797,0.0425719908022361,0.13616147035912674
P33251,0.14907867234101232,0.568330495460893,0.0016479781617069508,0.13883679945984087,0.5623941498490712,0.0013920083850316315,0.127478566389496,0.5543710561895695,0.0011716319870785441,0.11685446927903041,0.5454781847731023,0.0010166654465082667,0.10727153355008325,0.536915708623518,0.0009078049254871623,0.09834173713745839,0.5286681296155676,0.0008425504947561018,0.09018205799854871,0.5206801475596551,0.00078885713808048,0.08226316308018031,0.5125873217907436,0.0007393251712424316,0.07468185139184691,0.5051156782003793,0.0007213299216230545,0.06816049168457106,0.49857721545925315,0.000721707578687375
Q97R46,0.2853629537249528,0.1448250977736692,0.17697379248759829,0.23733936899528532,0.13599320526317904,0.13478744691292105,0.20623356131577952,0.1253334799891293,0.10875019913427258,0.19606066565557162,0.11383137007519915,0.10208613083015249,0.2078765716871892,0.10253888316147332,0.11490425465872585,0.21762100486641045,0.0917279593249672,0.12298853763796157,0.20538471372107256,0.0815318525509351,0.10747172307537352,0.18939720085821132,0.07260434583642464,0.08719157112106866,0.19047728018661106,0.06610062913435082,0.08339507384636227,0.20773602743207406,0.06197098379374107,0.09667838737509132
O34894,0.054075999567969,0.7517605845769463,1.4064495855744881e-05,0.04703717312546871,0.746348404146386,1.1581784742120813e-05,0.03952013721262534,0.7393835326928725,9.258145385794444e-06,0.03220111543992802,0.7320725983506617,7.377782899813812e-06,0.026076123777217533,0.7257164738798916,5.784550365438825e-06,0.021443930256606722,0.7207112065014092,4.439623548752749e-06,0.018091329393211307,0.7169366235543624,3.6166072790842006e-06,0.015978174709744986,0.7143769462819964,3.0776850256721096e-06,0.014789225455286029,0.712772147450853,2.725179979520533e-06,0.014537031982673794,0.7121548864915037,2.5873645659182177e-06
P23532,0.14253553522825765,0.5004592330355118,0.015310981808204479,0.11599425275454665,0.4891637302936956,0.013430881203649667,0.09559082300619824,0.47650576071775425,0.011220110495091402,0.08084876481333615,0.4661105633031495,0.009063105280026601,0.07340479073933975,0.45664300245568046,0.007385011021650126,0.06915480856781607,0.4472561141131347,0.006260703549987154,0.06830544839804646,0.43857046709244385,0.0057617830512451985,0.07037623892612646,0.43036571389307754,0.005863168557154797,0.07220793756225659,0.42222409221674484,0.006069627832653571,0.07373311011283896,0.4143093277126494,0.006228168238389886
P65563,0.21871092599814826,0.5410032487847015,0.000778794671058638,0.20339010767935706,0.5339184863682042,0.0006555097629499228,0.18605345541600038,0.5234617964475757,0.0005459202864537717,0.16980236248193364,0.511794505846167,0.0005040126878887267,0.1557073991695508,0.5004528263557445,0.0005050076146516804,0.14208166899051003,0.48873859338698833,0.0005272061043159337,0.13288896246040943,0.477740838220526,0.0005441816509031405,0.125471153138987,0.46686920078338456,0.0005459625105135045,0.11972954340556385,0.45676307921952447,0.0005459766947140103,0.1154716033363618,0.44745905204845404,0.0004995656070452242
Q8NNK2,0.3276568281768678,0.2305567425993833,0.06743211949943863,0.3138564236549089,0.2235809633885765,0.061129440876445396,0.29796061727983936,0.21487690049578392,0.05373090194340601,0.2827525245570183,0.2058174046335883,0.04709568821238081,0.26979795868058215,0.19702703854129336,0.042715706022662135,0.260642957902845,0.18899504619920326,0.04105266255065693,0.2541493344411445,0.18180634668395698,0.04129578025516451,0.2501316722518604,0.1761293144027207,0.043022059199992115,0.24796095206440977,0.17125743783624553,0.04587573982389812,0.2474265452547523,0.1675397096400886,0.048703695896764994
Q08002,0.29196512712835443,0.25899431478332424,0.052161952163843485,0.2766169099013768,0.25061090998603186,0.045578207253933384,0.2610951619767471,0.2410660196171101,0.038253359829486445,0.24800299493342257,0.23136405334468235,0.031375438967576476,0.23772541586325824,0.22202050381525307,0.02607709659635052,0.2313167013043723,0.21351109753191316,0.022907390129417716,0.22847104081504155,0.20671224566471225,0.02151039778186641,0.22775086991137192,0.20136174937016238,0.02148818147750419,0.227773286549697,0.1967050990446983,0.022027398097274994,0.22807293331202466,0.19273807467904616,0.022364644559838047
O34853,0.15323805141727717,0.4711607294735872,0.05873299957627227,0.13318943305035308,0.4615262513177756,0.05012160034349276,0.11405102091335385,0.4497870982699756,0.040366747108691904,0.09990186133213326,0.43760925091783015,0.03225187407050918,0.09238221691081487,0.4258006000181996,0.02771424519579144,0.09104133800701651,0.41449356826549294,0.02784767659481573,0.09023789274009122,0.40332107869922046,0.029545899224629718,0.08886784880402722,0.3932392068648498,0.031995036150090035,0.08585162106239522,0.3842897941867305,0.0340896005351212,0.08231137071963639,0.37676950438626206,0.03552621879147904
O34310,0.3057666897199721,0.007098871687698652,0.25560257683345744,0.2768371701310069,0.006587468472328068,0.22861616184212558,0.2504298362271097,0.006050660482691506,0.20299084381024257,0.23459348475842873,0.005534796231503801,0.18754409215375412,0.23133886301535486,0.005029371330380255,0.1845978765735412,0.23626634655226225,0.0044842111811517074,0.18921451623701346,0.24235990271754293,0.003999926781031587,0.19345133056141578,0.24658140482889335,0.0036050311426750648,0.19537367751133433,0.24869589732532446,0.0033380652543258545,0.1956520780087116,0.2515936084318035,0.003171475399144414,0.19691141629862746
P39793,0.36319016447407565,0.22069085440872113,0.07463888229421424,0.34323871103132403,0.21021132912271998,0.06464970970927575,0.3228142868911196,0.19872294848985794,0.054813810338990236,0.3051236167601438,0.18807712879340321,0.04642997187298164,0.29324764478555676,0.17920422513763182,0.04157914928162545,0.28665660868136805,0.17093305275880258,0.04095539789380759,0.2842672960052976,0.16403412682103832,0.04273854288519269,0.28434361303215583,0.15824959262888666,0.04594698839489028,0.285573057378399,0.15373307376119322,0.04953430517102708,0.28833863939790333,0.1508667293625723,0.052509024646620196
Q9F0R1,0.1640349547181593,0.5027766094953693,0.04489343441151766,0.13891276002686348,0.48549720655028866,0.03869608562945182,0.11564017501187347,0.4646959155759301,0.03091274196238463,0.09594937060403805,0.4431360047942389,0.023323485709180823,0.08013149924232023,0.4229231439339161,0.01736002733934704,0.0709717826616052,0.4046212377865426,0.014411381047438726,0.06923799622267911,0.3881928694896112,0.014831296395466808,0.06935293506345531,0.3739365906355881,0.017443816261576758,0.07233184602643432,0.36296702774630946,0.02075292248663732,0.07596146177908748,0.35432424471322443,0.023430204921469713
A2RMA8,0.1352959002812138,0.6079928111830104,0.0002998224753557672,0.12492134586810916,0.6001082806972303,0.0002650227297750448,0.11210665239233267,0.5896597747206198,0.00024059141037782196,0.09944243542410089,0.5789639021303014,0.00022142637618121475,0.08869249276637085,0.5695729895534163,0.0001993462277302026,0.08025344428757127,0.5616671347802975,0.00017521814406994542,0.07356053505459723,0.5552904096000744,0.0001536730363648109,0.06809161494781098,0.5499299860612129,0.00013679908336056067,0.06361707764630636,0.5455409150963931,0.00012398137048535827,0.059208578239346873,0.5414314551097283,0.00011886460523838357
Q9CD58,0.3594141079931262,0.282513031089942,0.04950634368667923,0.34191433667304666,0.2714885346293944,0.041452067819635875,0.32516377464168345,0.25859899903757727,0.033174189876417993,0.31155835918023594,0.24559658141262003,0.025777177571090666,0.3011835084116729,0.2331004511619827,0.020057843263043273,0.2931948170528034,0.22099734643452462,0.01682446139895303,0.2881322539952761,0.2095874704418689,0.015255746693890616,0.28550725814754335,0.19908121610527868,0.014928522288208736,0.2841819085530788,0.18942882918104523,0.015471052674797264,0.2836479699361099,0.1812501554352777,0.016121721206436984
P0C0H0,0.1865686152843091,0.39374338513428325,0.05815619909254958,0.16859797195780712,0.3844460161839396,0.049227605199204647,0.14999367789932055,0.37260551615665144,0.039010591101040645,0.13352996395876762,0.3595349660446248,0.029487383056102913,0.12284543141591552,0.3461492454318842,0.022197948180003934,0.11698272918359977,0.33229595087795477,0.01753026960276304,0.11381690455819152,0.3184612194980827,0.014335741347113625,0.11291046174252851,0.3049658383590253,0.011755694506387217,0.11464976683245057,0.2929471721012518,0.010200665880884403,0.11739695152337765,0.2824476284313765,0.009660416213649272
P43163,0.3239373636611942,0.23105482306887995,0.08478490536527501,0.30398506679762866,0.2236233085428357,0.07479881723834383,0.28162520232056587,0.21423149705702865,0.06301697144402973,0.2615353741535871,0.20396050048053727,0.05243481925948768,0.24959106756908817,0.19414887314059262,0.04546879484935733,0.24378632700855912,0.18388775754637962,0.04227153888524064,0.2441411491556322,0.17405238970265732,0.04243858692480466,0.24888332407463054,0.1649169118543926,0.04475296932395796,0.2553933272486807,0.15617054721853735,0.047808012866424464,0.26177757375406957,0.14751497219638565,0.05045720973866323
P46033,0.2807536477904587,0.21817197395762217,0.09570512248432984,0.2584215981415168,0.20792051303444456,0.08313586717539419,0.2367534466044636,0.19541598422274162,0.07049850629410712,0.21928916320338807,0.18213427533372195,0.05942114207230249,0.20941818813166785,0.16963022678913775,0.05123771179725653,0.20544783467184893,0.15768022489276365,0.04702081126041343,0.20426788511695124,0.14616101924961739,0.045466244025345985,0.20445666500237294,0.13499796304839967,0.045239443790568545,0.2048225078608159,0.12464905495117835,0.045670301232335196,0.20549495022612202,0.11539265353121711,0.04662044004953054
P56220,0.28932672414301375,0.10518645669731473,0.19397419730230483,0.2403892787950058,0.09914144619074632,0.14963029719064996,0.21136930768094442,0.0918526888290809,0.12350894896432285,0.20757131197898762,0.08391060617626414,0.12201776993119345,0.227034572394277,0.07666821915359168,0.1429713918239137,0.24168061874507513,0.06932752706130091,0.15914208897776755,0.22907564316062395,0.06355816752637738,0.14615030571407747,0.21118942474704608,0.05881226793816278,0.12680897747603662,0.20758678708620473,0.05401874027251692,0.12219043900255999,0.21876514842318007,0.04984021297715973,0.13471494326234928
P54423,0.28009611189378136,0.1988278348010859,0.129771642876027,0.26087499994723345,0.19171487501454137,0.11615197726005246,0.2401298264200475,0.18319283648117674,0.10050134985136117,0.22210256477590934,0.17410224662887602,0.08606852918489416,0.20948026524691288,0.1651879460116424,0.07525516635450195,0.20366195208693452,0.15688711373525266,0.0695934944126161,0.20230135977732666,0.14873112815567965,0.0678748508991997,0.20463690737993748,0.14095489527283514,0.06972643994113221,0.20837699513311983,0.1335964798803676,0.07372957938967445,0.21087258978562995,0.12671615861149502,0.07812406929474186
P04957,0.2756619724965185,0.08295056417839315,0.2270847609744578,0.25146723137696736,0.080525262665848,0.2068649207577736,0.22791200255369096,0.07757033605788535,0.185709623917646,0.20717751041594046,0.07466093229785993,0.166115463333941,0.19153055665507843,0.07165840015454836,0.15093440628469812,0.1832622905162137,0.0686691840463149,0.14286576056052325,0.18241648467680194,0.06554874791639202,0.14246202028343471,0.1868339740727077,0.06250894439701345,0.14756745961599121,0.195710805191107,0.0596436922961234,0.1560725578816252,0.20815085887422058,0.05683196075451062,0.16787715777730283
P37386,0.20236620964848406,0.3291321894378006,0.08336813897245184,0.17871076706340533,0.31576271752431745,0.0705648441080855,0.15701207042092474,0.3006421401785134,0.058052407272208485,0.14200619350429178,0.28598436314804876,0.04843384569646801,0.13636447884865824,0.2729929555294167,0.043528997601183915,0.13669505852925481,0.26086428113738375,0.04174141426992858,0.1402950441861824,0.2503039521994275,0.04156984478550988,0.14417103689433577,0.24072177216574162,0.042017160509674474,0.1450924771141945,0.2319272484058511,0.0412993885275356,0.14255655449770416,0.22432097074360907,0.040371009619156475
Q9X895,0.30473178358038444,0.30960249222982955,0.058650502376225065,0.2815844014109492,0.2950198317602267,0.05059713859323438,0.2597478044227892,0.2786627383100344,0.04301490178331791,0.2400138722055363,0.2619579024174586,0.03620422345677041,0.22417185852465932,0.24657099169348073,0.03131996516200955,0.21365298139955982,0.23285565086092436,0.029370012782847885,0.2074725398376398,0.22096940197489098,0.029662921001896755,0.20422705160433394,0.2112800253845456,0.031142218975320914,0.20251347960342236,0.20329150415420597,0.0332406411251902,0.20133233828767286,0.19674296858361337,0.03499648304290639
P54146,0.15551156401135668,0.538918425860285,0.0006800789808450983,0.14452691943542206,0.5305311962624658,0.0006003566965526792,0.13344021522965918,0.5197600725279975,0.0005263256847940557,0.12271970337556477,0.5087601024760439,0.0004711038528615939,0.11348375158816536,0.49876800704181007,0.0004377654292491886,0.10607549578218166,0.4901080837286916,0.0004226329100331521,0.09924113186760028,0.48200580820626676,0.0004162217871191441,0.09282741980898439,0.47421175656907416,0.00041238420042596924,0.08715367856776426,0.46717023465249247,0.0004033382245738767,0.08308988996215519,0.46174289923146977,0.000382377016484809
Q9AGJ6,0.3158326813925058,0.18450247573499004,0.10317090938664134,0.2925270253389766,0.174168625561045,0.08830072735905965,0.26961019615519904,0.16244975926731953,0.07190299628094828,0.2524242030629291,0.15157166685174264,0.057575184855462806,0.24204043935495828,0.14096184330910763,0.04785574128955677,0.23806048958689183,0.13065748681701903,0.044005852967401955,0.23760742610414434,0.12053658721117352,0.04324396049559627,0.23859734878768116,0.11093391742141213,0.04406417066945417,0.24029927224502792,0.10270327382426787,0.045424664608954064,0.24138737618718561,0.09607085768624357,0.04635353986820688
Q4JVH7,0.2598443585167946,0.2496595471333865,0.12609863500513713,0.23636444179342758,0.2386418780962686,0.11297144281908462,0.21204511279721713,0.22560153408804517,0.09778097066166454,0.1908178769421333,0.2125954765092205,0.08319680293386132,0.1763255042636194,0.20055664840253667,0.07214702367512592,0.16931018057642713,0.1883551187557394,0.06660955898788361,0.16598993522706137,0.1762561450927791,0.06327081842137226,0.1653526952925942,0.16416460905024083,0.06225582604018122,0.16725229638125969,0.15191101467428256,0.06266385089935168,0.1708004204745993,0.14001857098510684,0.06333497391112294
Q04942,0.2690052745399089,0.25641214450813105,0.12525666881049985,0.23234947764533107,0.24075856679137295,0.10452379832226757,0.19647945575658604,0.22205069782842182,0.08234684910363599,0.1695105068308661,0.2018707258630242,0.06352765797118416,0.15445677984958886,0.18051519706621844,0.05258369554330422,0.15159978565630955,0.1591199238827607,0.05147574457749408,0.15091617705805785,0.13841936856275197,0.05384797925379022,0.14961602544821476,0.12002194876889673,0.057357616108872786,0.14887955735373076,0.10453006994566844,0.05950550088307144,0.15086803651876424,0.09274942276795417,0.059772045321476425
P54422,0.29772068511773775,0.2378558569965288,0.07305594118961767,0.27666728331326257,0.22617447660787182,0.06217007805648905,0.25568030552794363,0.2123444400504626,0.051407463639967683,0.2395916352467128,0.199432639811985,0.04374607657254623,0.23117929942455123,0.18887602327490402,0.040085429894021675,0.23096919605511676,0.18005652673576356,0.04226095353704641,0.2313441829015014,0.17255592084525068,0.04372575610013382,0.23114406553429923,0.1653959774454598,0.045780610147595074,0.22995976581774616,0.15876631536148192,0.046974366407146764,0.2276848551093955,0.15273405145465782,0.04747919253418623
Q59112,0.3249535439797637,0.14129387732988585,0.1314287911693595,0.2929228503123572,0.13074978480860228,0.11060449414037156,0.2613014468113343,0.11810238250124715,0.08914561113164941,0.23832825760651355,0.10510026155899675,0.07210770286547148,0.22686135088616655,0.09208051269895948,0.06252312763488696,0.22618250792778338,0.07963129220914633,0.05988259379801556,0.23061472872832958,0.06838913255526738,0.06023411105019698,0.23539984075636355,0.059044315653786,0.06032791247730885,0.24069834346566454,0.052216071768100406,0.0589261454447251,0.24532197063502928,0.04615261065671593,0.05723888031646145
P39802,0.33501358252942537,0.05602642086073193,0.2215536478255049,0.3063803767793144,0.05135276226880709,0.19746511468003664,0.2821958129294835,0.04624161401427126,0.1775958574152397,0.261784804896103,0.04201388955227905,0.1617729189843031,0.24904450256879507,0.038922803887474544,0.1534682426631818,0.24232252894647993,0.036531814404634474,0.15188329749355406,0.23957806522647965,0.03420020744794695,0.1549669885668757,0.24148809962435996,0.031944878566245526,0.16454456065341566,0.2406138724725591,0.030299116115771747,0.1713641596636992,0.23715380481990933,0.028802560780871057,0.16954549343497702
P29422,0.32788671514542855,0.16345254601733547,0.10827620527295405,0.3098879001857014,0.1573771757068978,0.09704188748173403,0.29141126643683,0.1509013991078586,0.08465694235742825,0.27570500387924474,0.14474016424147446,0.07394568326164962,0.26488407020019555,0.13945057013859632,0.06704054775486341,0.2584854258586758,0.13474384261132102,0.06404769440780365,0.2552777377625066,0.13063297670298554,0.06412106582857602,0.2547885135985335,0.12684582755680168,0.0666121997435504,0.2567534811019974,0.12396735663597082,0.07021225909262874,0.25985766364917945,0.12182791412582547,0.07359525709939345
P37608,0.1787883225556792,0.38661996747059535,0.07603443439476634,0.15923969469746052,0.37668379083402825,0.0643152692656506,0.13997753852131742,0.3648470282503228,0.052421927671671815,0.12444515872997428,0.3525126053944352,0.04277463092318364,0.11469000206833035,0.34087288897888723,0.03748417191093582,0.11130556497562447,0.33051662467333004,0.03719418737218507,0.11127637165164163,0.32185264262530044,0.03867932894540964,0.11104437957740264,0.3150768507811617,0.039577585354764376,0.11048956893562938,0.3096495568574003,0.03947480319504864,0.10985902165317399,0.30533453305551955,0.038437464550345114
P75361,0.132898313120314,0.4937235288546858,0.06632507328716139,0.11734092690598415,0.4852370455367906,0.0579133260116972,0.10239769552803214,0.47550844349764754,0.04940813270411963,0.08959266732139962,0.4649518598742805,0.0420185936640157,0.08098373992010219,0.45512581701632115,0.03696906351159083,0.07637591016304292,0.4457564035314795,0.0342284034834836,0.0750556385055356,0.43681058537237943,0.03286315825685469,0.07536998099497753,0.4284826402297803,0.03240033872855251,0.0765154820544646,0.421113671623052,0.03223359983553261,0.07762230188264808,0.4153310536850991,0.03200014267698316
P00649,0.2939909397077275,0.10898920559277527,0.14213444849951945,0.27196809675418665,0.10456916891312021,0.12465617837298326,0.25136416954291224,0.09930678313571707,0.10673175676311995,0.23607856641130365,0.09350037433542163,0.09402014983026026,0.22955569159113465,0.08788455328994874,0.09010156952492843,0.23157368943488704,0.08194415043008098,0.09362393718257297,0.2380455204360401,0.07623529936218433,0.10080170561058929,0.24524277873841213,0.07077015441532222,0.1088812896561441,0.24869298984480856,0.06499592589442678,0.11471306909608568,0.24765014104991687,0.05942845741949645,0.11650053992394298
P46807,0.25447039188762594,0.23813493471373284,0.08435335692346801,0.22864745970809638,0.2246575828140226,0.06986045169357594,0.20374979434406135,0.20891982565527517,0.05399063880768982,0.18470384637347315,0.19160020283623047,0.04054880642262007,0.1751670144947664,0.1740050919332207,0.03212774279177058,0.172770352431166,0.1574269994061115,0.028089944829136005,0.17479478523868427,0.14192857491825397,0.0270413052177521,0.17891179811285726,0.1287171177076443,0.026840826944726417,0.18406527170990516,0.11871581905239122,0.026625821132638595,0.1885899795831494,0.11146984131255305,0.026669838611089066
P0A5L8,0.276200907602022,0.19595563493282434,0.12013892939456189,0.251809389377824,0.1827389472555078,0.10815265671659,0.22720325287743276,0.1686439866722395,0.0953087813687743,0.20695913971198088,0.15688734253495581,0.08438821906096672,0.19378798461693988,0.14637450286369968,0.07683884780026755,0.18502019125884286,0.13511511131673867,0.07303990227291629,0.1766951393427139,0.12274635777547724,0.07118230554704423,0.17025151973837685,0.11156471761671234,0.06966174046579257,0.16707745409593275,0.10386718903700622,0.06802445744738327,0.16851457845240056,0.09930097240046547,0.0663490742730556
P22629,0.27254884110380984,0.057278438339958195,0.24937458437871096,0.24988541590300734,0.052311090857432185,0.2332511748829349,0.22662943132662158,0.04665638122567202,0.21356524204264357,0.20689821173333683,0.04080396736150218,0.19416769549644872,0.19182308717487875,0.035284853681553895,0.17856369304245306,0.1839696386115675,0.029772481615232462,0.16938561662901527,0.1826486415664837,0.024983437816911976,0.16603415977887287,0.18385575385600517,0.02144345892778739,0.1666015678283323,0.18720500180677008,0.018630575484373718,0.1700894776747921,0.19423147733942525,0.01809050994777057,0.17587635667469378
O33654,0.135767612094174,0.5826801040619352,0.0018199758217597262,0.12249627714880147,0.571845797716671,0.0014940075167507662,0.10807722026434013,0.5589776836527349,0.0011490166480283806,0.09553630719218158,0.5472270137444275,0.0009249495128802574,0.08553902431748436,0.5374463213376885,0.0008434593143135467,0.0779817212385424,0.5296866664075178,0.0008650357459035038,0.07213083055046625,0.5237408005912778,0.0009212426092131057,0.06827935386933523,0.5196156933014541,0.0009362191816885113,0.06588382166340549,0.5172663295955524,0.0008800186104338593,0.06455825296458212,0.5162287850261095,0.0007662389263840218
Q9K6W0,0.20263142397900696,0.2961559924970266,0.1253579393183839,0.18479717854088765,0.28853359335609,0.11288498774115567,0.1679979392629246,0.27941441017921853,0.10053298616190656,0.15427384971215102,0.26997016601416796,0.09023671504544838,0.14626969185910985,0.26080829374177245,0.08368584064999288,0.14384515769919384,0.2523688318679352,0.08086109273815832,0.14370715968525882,0.24468254775996298,0.0800700835681146,0.14618143904926273,0.23846402313240747,0.08162401958957315,0.14934169729293958,0.23293540212261576,0.08428903344206956,0.15160947040351433,0.22828171742672626,0.08692780755507452
P08954,0.25806379661373663,0.20753252875805733,0.11442695144186488,0.23680310987931627,0.19830634608333117,0.10136334953273636,0.21584304557817643,0.18790770216002292,0.08682847802232507,0.1996802758974783,0.17719347183985742,0.07477179557323542,0.19029059541314303,0.16693033772836388,0.06702999480733063,0.18731598427054919,0.1570433688469769,0.06375100049685989,0.18749890133846292,0.14720334462085652,0.06357192157812258,0.1890919565253792,0.13751764708288275,0.06381620868750862,0.1906625239736681,0.12801243696271017,0.06279135690231254,0.1924017286969782,0.11886551317289192,0.06110057059650223
Q79VE8,0.26260169491244484,0.24513727135807245,0.07441889531016954,0.24431488149704597,0.23705469551011576,0.06479544168319183,0.22755303563290674,0.22873753529777485,0.05538436792723712,0.2154652293981352,0.22138499098925404,0.049171860185617984,0.20988690747308736,0.21559919884129466,0.047278560321053376,0.20931907333584468,0.2107085256984413,0.04933267067738772,0.21097910034200892,0.2080508046460598,0.051792941526957154,0.21051432845181708,0.2063407365328915,0.05255602137662635,0.20548692310961006,0.20399186621378537,0.051658460349844074,0.19985912920723028,0.2017485557201892,0.050755262282831476
Q9RLV9,0.2875066304619741,0.19226342452189732,0.11226814991403393,0.2630438206303345,0.18135561291422,0.09660036827949446,0.2417678757246997,0.16948350226136893,0.08159607455493137,0.22468556107459645,0.1603324277816256,0.06775075228947153,0.2141484770517974,0.15168927711820113,0.05785274450130973,0.210257462710362,0.14343771113401896,0.053068244642506264,0.21016828755617714,0.13455032120394098,0.05011062469648874,0.20984201432746005,0.12487240268309294,0.047469971050376106,0.20945446819444338,0.11489291013285427,0.045914960438096016,0.20861200374477887,0.10510335114748263,0.0454157252161675
P35155,0.226422971151565,0.4762658194768601,0.002750929504308815,0.19889783103438724,0.4527032326974315,0.0023306921885608073,0.16856846347872217,0.4252791684432693,0.001861492302527757,0.14065300176141093,0.39927752693305046,0.0014067795614025637,0.1198063032463046,0.37727994688569755,0.0011005349871909184,0.1038483336568329,0.3602777924744082,0.0009620185385165017,0.09416034853930295,0.3498986123215748,0.0009251665440852122,0.09359276421032368,0.3456987888365547,0.0009395363282515862,0.09757488121607329,0.3465602041228008,0.0009597974682291388,0.10456948998514373,0.35096371465328724,0.0009207288195541796
Q7TWW7,0.27063960701021245,0.22266229883111202,0.10921176217111596,0.2420010140866709,0.20882082390175336,0.09293699522660664,0.21398603484276302,0.19287499019240847,0.07491071655032058,0.1938424937317767,0.176304109271322,0.05949493258015112,0.18403281793642018,0.15986970447030902,0.04890473906436921,0.18103761129597198,0.14340985883288418,0.043206646932301425,0.18266100202493699,0.1284843837046081,0.041664664534900406,0.18618182183784138,0.11573776855638565,0.0427851500344495,0.18667417253472798,0.10447894673216751,0.04484173371335883,0.1858458922136505,0.09601757838669833,0.047499434511007646
Q03424,0.30919635692185904,0.183186292195495,0.15617237319282232,0.2826703563060435,0.17366434897707003,0.13815605858750832,0.25457894236461776,0.16216340441676175,0.11860622725767088,0.22925051341758193,0.1493640793513433,0.1015694074448745,0.2126656872975418,0.1364675330153549,0.09142193188333868,0.207466119962722,0.1231920455432523,0.08945850169765177,0.210286966119465,0.1097241234341901,0.09303222505559477,0.21454810755185,0.09619973420096262,0.09829544477847355,0.21670546387531658,0.083226077951136,0.10223184376356095,0.21714128935417282,0.07210108331836151,0.1037800526521166
P42450,0.24381642154224273,0.29845176169074206,0.06005696680430836,0.22421960228570517,0.2861653661433418,0.05198501673179168,0.20491226869286108,0.2720596589372441,0.04426817227845838,0.18886638982866846,0.25847672273199035,0.03858193234040255,0.1780164792613571,0.24612400690565076,0.036158620493877046,0.17301982823263048,0.23562876727274298,0.03713513362162271,0.17155219563363383,0.22713366116626146,0.03934376309989327,0.17125998043050672,0.22032392398521994,0.04117478843276575,0.1702070029984369,0.21447400964821006,0.04153862546010675,0.1675023512012983,0.20919556570631534,0.039701980268167854
P39790,0.345575104623667,0.08155867323124998,0.18479929012868987,0.32581827387774687,0.07869372469231443,0.16906274116005326,0.3045966148219788,0.075037321718852,0.15124186792179345,0.2867617034975306,0.07145134835705158,0.13599958186802744,0.2743774720019277,0.06797289450958138,0.1253208875958595,0.267082990037173,0.06459297378605083,0.11901424033940529,0.2640208545720236,0.06099316845160533,0.11691532554364781,0.264250398091937,0.057127656771096186,0.11850082180634855,0.26775625407893117,0.05306516968389412,0.12322998188996488,0.27421129920227477,0.049065681799561105,0.1307700752514565
P50849,0.23492375104607435,0.24907518220357242,0.12975063973913734,0.21109238956445775,0.23810218749879541,0.11509519662660093,0.18853379285999863,0.2254466648783547,0.10004149427954662,0.17134809444162266,0.21296874110269692,0.08710175223541425,0.16194577295639753,0.20082109836181908,0.07850552412549902,0.1597974134505209,0.18929404829256893,0.07490118399983228,0.16236890304795673,0.1794309120356284,0.07439588905943345,0.1660762618953571,0.17161497048259733,0.0746833781903423,0.16799860644776346,0.16572180115422422,0.07402561344105003,0.1686614197952516,0.16115112248924748,0.07322001339674446
P39141,0.09510777359051006,0.6688570131134707,4.363893027972161e-05,0.08295728905549048,0.6580753445886398,3.406040564750063e-05,0.07056918131549816,0.645520999548243,2.6460436437003393e-05,0.059632054117418856,0.6338448269319168,2.2293019126655454e-05,0.05101973641585929,0.6242640546388288,2.0604854534746988e-05,0.04419952781157283,0.6163166081738768,1.991455473156448e-05,0.03835792161098463,0.6092810517182414,1.8618935875597593e-05,0.0342080591039718,0.6039677243007867,1.666572843250225e-05,0.030777089544099148,0.5994157347656563,1.4648645162882707e-05,0.028792236878843865,0.5963096407253746,1.2972410971081212e-05
P0A618,0.2726441911899207,0.2530678976964531,0.11721101414604118,0.23622038264059683,0.23981596910121897,0.09664872079277884,0.20066076740155822,0.22455848296700903,0.07313794410500017,0.17164209600565822,0.20830808381293242,0.05110226675172726,0.15664163206043158,0.19207829354738631,0.035013071284532356,0.15651416991061534,0.17548744200592062,0.03056213456754543,0.16458280054523838,0.15865045015876242,0.03361193858310664,0.17904101482934526,0.14288496578764628,0.03973937317839308,0.19218574164753166,0.1274556589932263,0.046218686331251986,0.19966822371678578,0.11272099038475038,0.04973600653330903
Q02114,0.2508138985205657,0.2925407421634288,0.098456107271465,0.21730429049280603,0.27672017158287054,0.07846948328196014,0.18301434535169686,0.25751695879488423,0.055727667162341114,0.15616706702273656,0.2361291022916564,0.03516953612216588,0.1442958670104058,0.21357017858913288,0.0219338456333121,0.1439564784960664,0.19055459769776895,0.015296942855822346,0.15022667637954384,0.16768511545161324,0.011859525167020754,0.15800842996573924,0.14562859320701455,0.009934637838841347,0.16464899111348574,0.12506200943127763,0.009049827608881695,0.16928405482259146,0.1078284865966667,0.008890628075503199
Q8G864,0.24612575624310348,0.33185623381148366,0.04889849098497218,0.22495225652677608,0.31751162190238275,0.04290529293081476,0.20252814810628403,0.30069672204438375,0.03639331318839273,0.18415316223558084,0.2836087794940716,0.030774936178097834,0.17142200023087564,0.2682444615853355,0.02660972228453642,0.16293508076935098,0.25488584724842855,0.02338843471022893,0.15726377567104713,0.24348594276638097,0.02066596424295075,0.1526979447614491,0.2344605097036233,0.018680883213881942,0.1493288844806988,0.22720142048024353,0.01744769133629871,0.1472766077110754,0.2217808916561046,0.016864390034461593
P54178,0.29802489997135617,0.189362503968212,0.11173356101428135,0.26882113758815873,0.17724993248034654,0.09448852805399595,0.23990981513494217,0.16296092057599693,0.07598047834865514,0.21707084111861813,0.1491788449799071,0.06173994362087519,0.20343140336104215,0.13705371811660585,0.05269277189807172,0.20102522166772233,0.12490852138008021,0.054021342104165496,0.19876153940938449,0.1129128040975614,0.05418081581550533,0.19840362738359452,0.1017723160630582,0.054731055161113915,0.20241178480183486,0.09128670148260036,0.05374056762186421,0.20927591632459067,0.08263200213346653,0.05203827319718001
P25959,0.20449118789151127,0.21010651487733725,0.21610592395646078,0.18039118752991454,0.20816153922281078,0.19627178735891823,0.15534729498407346,0.2046203248518613,0.17311931677004191,0.131240248840505,0.2001211299071193,0.15066209632648928,0.11380428872137509,0.19500295467529916,0.13558346987250644,0.10322071758522738,0.18958454701454827,0.12900941456973006,0.09751150278221038,0.18391228489450825,0.12906623554477284,0.09121943019166502,0.17794830896911412,0.13310489989044363,0.09057739459280965,0.17181592890430492,0.1413191886130922,0.09496938921146558,0.16553091274325266,0.1522762046877903
P43439,0.15831880177317018,0.5322814930403793,0.0026841926730992167,0.14418265645306874,0.5204789663173109,0.002225029450505959,0.12945956676215845,0.5077350454230707,0.0017610234762159955,0.11628866284617896,0.49576527714897356,0.0013964259564177737,0.10709401058119462,0.4867904724517085,0.001135626554599225,0.10157835725137754,0.4805760886284482,0.0009440741683077244,0.09808990658368723,0.47612739062771603,0.0007988063809624473,0.09593643858418932,0.47272504308969804,0.0006936331034492777,0.09434906088323838,0.4698106714045117,0.0006142439839261426,0.09166537220883697,0.4661723224235368,0.0005597013789333257
P45706,0.12226829962751848,0.61843328278318,9.123894059188214e-05,0.10879108386232256,0.6106263778932516,8.056846124234897e-05,0.09432326701422403,0.6001598854394113,6.912885614065742e-05,0.08138970482911079,0.5894133538282734,5.949367356417109e-05,0.0691211392555887,0.5791010188630554,5.097748171254105e-05,0.05896684625397934,0.56966539913948,4.272796941629382e-05,0.051661916019459964,0.5621893650806868,3.500807113649265e-05,0.0471249136873095,0.5566090823220172,2.896669752607045e-05,0.043997494688652654,0.5523696955973824,2.498931911405411e-05,0.04267267122960032,0.5497992697354238,2.271147731976539e-05
P25958,0.22785683085710418,0.19629204182519522,0.12275826880711464,0.2020657223174772,0.1884013572010355,0.10791411240092287,0.17459726000632597,0.17764236118194582,0.09147583871922146,0.15030882915990942,0.16542257052519174,0.07724735156860636,0.135179866257624,0.1534000917398474,0.06882034779823049,0.12873357554337955,0.1419514612585561,0.06793416452959794,0.13013829018729503,0.13032476872689316,0.07347616799156356,0.13352273419343172,0.11835199990391679,0.0826126906907258,0.13532798121449116,0.10765510026562078,0.09119759209536978,0.134797166275643,0.0984770411356848,0.096337265115835
P40859,0.27761270681900635,0.2020951032239596,0.1363293934092656,0.24784550344688455,0.1892308033355818,0.11673144657208973,0.21792332427261293,0.17402355819230034,0.0948307128901047,0.19574708414739925,0.15822813654701218,0.07566633039183261,0.18347458225789517,0.14249037002117365,0.062276828351072386,0.18056730278414523,0.12694408859353978,0.056533106087996284,0.18482740742992593,0.11278755031502774,0.05530008668274261,0.1912637849408807,0.10026056213394526,0.05585788623677804,0.19703659747768792,0.0900411223075084,0.055926926713246776,0.20131960382591768,0.08163425433832201,0.055692983546633455
Q8G4V2,0.21913190347535794,0.3469712000781414,0.0659868491853354,0.1965630704056468,0.3326547728802766,0.05680138104830938,0.17533348253999337,0.31643828197906954,0.047289639498524036,0.15766946992712458,0.30077186463067257,0.038887311813950935,0.14503957441723703,0.28591747378038596,0.03225123573358396,0.13825141193816848,0.27117522595897203,0.028613234110873593,0.13346029902311599,0.2563687457056724,0.02580630317866632,0.1318241966047852,0.2420809619352997,0.02488892630918764,0.1329454324591654,0.22901693773929738,0.02454182371414121,0.13452436544724564,0.21675052467403633,0.023947474450195738
O31652,0.15844264530262894,0.5578574686509682,0.000644919740158706,0.1458270898136568,0.548234827500361,0.0005173196956149149,0.13213912401459038,0.5364396347516617,0.0004456884291469844,0.1189698888540324,0.5242150885102295,0.00041422813782997594,0.10859746309528696,0.514101540666313,0.00039490941482407075,0.10073682230297125,0.5061844646423933,0.000373798683210958,0.09561307881227359,0.5003863548419696,0.00034322722569479145,0.09202877024624403,0.4959083785478998,0.00031071389935007743,0.08884297695522292,0.4919323511825693,0.0002917116846635379,0.08547317924107353,0.48791161340543804,0.00027977444464467145
Q59111,0.2829824936622981,0.21150543069859484,0.11567426094398604,0.2536759422413612,0.1955965485828028,0.1006699483482674,0.2238954675131032,0.1777719908872399,0.08341117866774626,0.19876028018628403,0.16104501716971495,0.06680930208827641,0.1811401123405569,0.14618760613285817,0.054010398700258956,0.1725313370879725,0.13254587526596998,0.04592897549498957,0.1738321824192738,0.1205398802496309,0.04148290552021586,0.18075269906676508,0.10966178618353073,0.04066785186789391,0.19194000676436096,0.10065539132119516,0.04263084575708463,0.2063752542329317,0.09426747241384692,0.046706117855843485
Q5HKQ0,0.1989054960272761,0.33154695166396786,0.05996885539812237,0.1850182334596676,0.3253375649217338,0.05298957527402815,0.17030751080457396,0.3173778242041572,0.04479914064534124,0.156779695168793,0.3084679129245222,0.03730414198969456,0.14696102373577624,0.29954040654215747,0.03134967795948996,0.14175453858324802,0.2908091266776643,0.02748999755834298,0.13978067864281796,0.28261250997445897,0.025580831117743147,0.139475388907226,0.2744208531421713,0.025086174227064505,0.14051204923134597,0.2665654576135105,0.02541641410809898,0.14174011883684137,0.25917029629468563,0.026079855713901784
P0C0I6,0.24063722200930987,0.10511795656716498,0.2094301144951667,0.2199855541377753,0.10193704730340301,0.19081405107153457,0.19835679912946227,0.09840663194060756,0.1705720764770646,0.179522582581484,0.0949061508297044,0.1531327997592649,0.16711061828539558,0.09164421285393645,0.1413982106421465,0.16119678525347905,0.08773192266450958,0.13554004892813615,0.16025867423819237,0.08412534789398574,0.13337236093180846,0.16221074326359505,0.08074929203442287,0.13433299442135185,0.16651377255179692,0.07764527180691272,0.1380006028145225,0.17155166096190896,0.0750122061017471,0.1434941600257606
P96614,0.3003636422506727,0.2895647704410442,0.07656340364368892,0.2722943727128802,0.27278628216677747,0.06247574072817765,0.24355512455116549,0.253434439944823,0.04587772361415428,0.22051226377738864,0.23329149703745683,0.030361258740628838,0.20659207412142322,0.21418204028836335,0.01880764118414423,0.20182119449290328,0.1965732345200129,0.012023716581043406,0.20455749104144913,0.18074213191453917,0.009011437260188018,0.21096622275305624,0.1668552284529879,0.007914657965287014,0.21738867376711302,0.1552737527390959,0.007678982093189338,0.2219509612934677,0.14587727596199057,0.007771539424576659
P35829,0.2697344845821948,0.04240781322674832,0.2662118782835273,0.24026306387670446,0.04004478155763867,0.23878301701398552,0.21586198378381125,0.037076429172513345,0.21587211098613718,0.1980409379212149,0.033930599690850057,0.19953982871239326,0.19083040709659535,0.030872838383747433,0.19310714916775826,0.19188528813867484,0.027802085685032653,0.19497893086798085,0.19669541481648758,0.024975428503861558,0.20031621489397045,0.20092412291158085,0.02238781125122306,0.20491518321481042,0.20375946420183025,0.020065545075807496,0.20790435358757964,0.207327022848448,0.017988854956411733,0.21061333775247698
P55111,0.29523838219878656,0.1725932534898626,0.0652016124678926,0.2808778612142476,0.166916401021533,0.057001924966672925,0.2668215544073576,0.15987917942436655,0.04966420023390283,0.2563586397079217,0.15224286258685069,0.04490663988739019,0.2493149148228073,0.14478613052633615,0.04271284957437308,0.24442456896791315,0.1377107296363157,0.04210101628529518,0.24085303633177044,0.13103353927762132,0.04212909123287953,0.23820723433895166,0.124795813451616,0.04261969896378643,0.23690840217571413,0.11956696576380443,0.042834467171225736,0.2369417493654275,0.11531238497471352,0.04233140633677663
P54582,0.14808461853842303,0.5706555785870173,0.001015256889929461,0.13846178658591834,0.563519287379024,0.000770009652627601,0.12753910158613754,0.5546369298422599,0.0006364653586624083,0.1170956348598509,0.5457857398010617,0.0006068210512610867,0.10836657093271244,0.5382917883554671,0.0006187904581482077,0.10068323321680364,0.5317060953336534,0.0006175075159148266,0.09381538281800009,0.5258466361782621,0.0005773585113065692,0.08785546068274452,0.5207224175979258,0.0005023876814445134,0.08290422989375361,0.5164771274278961,0.00040523771532727807,0.07830662138589933,0.5125456173542228,0.0003107889853497716
P35154,0.21695778261806173,0.44298298336676,0.007872550710854942,0.20044869855579836,0.43011625601003806,0.006685721025036713,0.18412632074342142,0.416636456709658,0.005480072476517888,0.1701486063240453,0.4046823084307136,0.004564668117118118,0.15826160874409934,0.3940529379809299,0.003950984309900667,0.14545530647768265,0.3814347449397177,0.0035501369233136965,0.13426089568344923,0.3697001369949973,0.0033186116961953626,0.12539150489848894,0.359397466512274,0.003182669017793825,0.11845971977765346,0.35096618003678287,0.003108372056390686,0.11286249775617087,0.3438318288077338,0.0030474061929577404
Q45882,0.24148538651375506,0.21280469193083523,0.12464044385234778,0.2231953990875936,0.20511188563009813,0.11376886441228323,0.20325922631027446,0.19619938122019356,0.1013510163432598,0.1857950342035589,0.18757030860437807,0.09030439423436938,0.1733255530319938,0.17984966391878365,0.08228455597267531,0.16560749684798332,0.17295556840664683,0.07749734433988041,0.1620173371615211,0.16734537357137957,0.07567622136572742,0.1620709463960647,0.16331773831761837,0.07661433642395317,0.16547049460892962,0.16113341474661397,0.07963505647496052,0.17040220067220258,0.1598086983320817,0.08359807122864718
P29958,0.3196406535448358,0.1659397451769916,0.09465169949897556,0.29982588672780913,0.1570918258440933,0.08314151426964246,0.2791695184553377,0.14635647011245617,0.07132122138438177,0.2626520394496589,0.13523221123573725,0.06258443734285611,0.25172692133617036,0.12452006277846044,0.05786704730873575,0.24531999665549967,0.11430550946826813,0.05650009754206299,0.24136477504441722,0.1051828223139457,0.056306712860413485,0.23884452492748715,0.09754762552939357,0.05651767652576049,0.2379107545258388,0.09147182963183063,0.05702986985920771,0.2386221647306696,0.08691024617740563,0.05818803346846331
O31097,0.3418303196898104,0.021431493713620332,0.25736653175852353,0.31075191036712596,0.018683025835473526,0.22837671846383936,0.2773639941401544,0.015846368116734424,0.19569534823182178,0.24837269664837822,0.013377909692809133,0.1669614283101237,0.23043801623598908,0.011214431174157784,0.1499156499713896,0.22789898469776854,0.009354675311003017,0.14787131850298874,0.23625783878731127,0.00784286247505545,0.15668376180418822,0.252565754947751,0.007119075685389549,0.17278736288826715,0.27091250235398934,0.007392685914506968,0.19053430821754602,0.2838918635553667,0.007580775953273402,0.20387920586134325
Q79VE9,0.19118649454448244,0.4965136412653002,0.012924841319891023,0.1782014168502321,0.4877648947396892,0.010591085862157446,0.1640995209529585,0.4769929306137753,0.008118276186242203,0.15176530466193786,0.4660124145898036,0.006501048356940217,0.14207350021908888,0.4560234639538664,0.0060188584042303915,0.13544951938893662,0.4471490250250461,0.007306596665239538,0.1294619112378171,0.439968705491741,0.007859198254911416,0.12467913157735767,0.4338779049807707,0.008549045274911059,0.1202937498546758,0.42836794427379704,0.008517360733234601,0.11569883982531343,0.42285626279795063,0.007933856405505304
P45855,0.24084437141106366,0.2800548544076337,0.10322169861172792,0.21206431359490116,0.2619545278854193,0.08962474413638766,0.18455232715728095,0.24192667474262206,0.07433882337927618,0.16505835954815673,0.22620313510043652,0.06002106534840193,0.15658871153819964,0.2146881707095932,0.048111166699032364,0.15431563974537477,0.20551971719317014,0.03940634226606116,0.15588405918182335,0.19753518255145575,0.033707861959098945,0.15852095916417183,0.19127923674314662,0.03075183268162656,0.16212244180019972,0.1859907725781165,0.02972705013603753,0.1655538769487536,0.1804949572789011,0.030038300436315443
P65561,0.23909601484885576,0.5134398027266369,0.00043188040555483645,0.22804950131903418,0.505077634372349,0.00036992568644520906,0.21506913078414333,0.4943615758840878,0.00033101766834457653,0.20082964461934388,0.48196920787070013,0.0003110783023971335,0.18676846969695055,0.4695502529566565,0.0002917495919800556,0.17399277905719196,0.45808779454596016,0.0002631508199252451,0.16258544748722895,0.447928217626446,0.00023952428960640398,0.15321743792004236,0.43915137563624723,0.00021782054425779438,0.1453074701488246,0.43113465390306605,0.00018886551761611203,0.13823452034204664,0.42375393369334374,0.00015891969233063495
P0C1U8,0.44782207087307385,0.0377233306325722,0.14722265156109457,0.42796176905649297,0.03500454704417502,0.1290208782310766,0.4079257422471612,0.031914468552399586,0.11101054852642434,0.39307604897034515,0.029311206081598207,0.09790100282465926,0.3845612052895244,0.027134025463123847,0.0910109405348376,0.3821028836878037,0.025038951036442433,0.0898704436801769,0.3830149329899501,0.023269719069976068,0.09160322984672369,0.38579026653038206,0.021754212729723624,0.09487629096820965,0.38870682523330496,0.020478824967087247,0.09904584385010097,0.3929180500706432,0.01943592873867256,0.10434981349570324
P45870,0.2114112426951425,0.5087263840113744,0.0014852067658394457,0.1929160314649013,0.496245148188673,0.0011914117976936785,0.17650912030740218,0.4814655284565655,0.0009378249841156488,0.16513559687957205,0.47033436169006504,0.0007962214299835025,0.15869723951250483,0.46250617773719555,0.0006981269810750518,0.1551266206281107,0.4564580257492966,0.0006520473886807508,0.15255573701508318,0.45156403135968953,0.0006355807641634044,0.14953884997471292,0.44672513935881836,0.0005989769579588768,0.14723293703967652,0.44395897767167086,0.0005234905917741995,0.14306858290058913,0.44157415824438645,0.00048057383814067533
O86963,0.25177735029219966,0.3205446354457286,0.07967513154459374,0.227927911347181,0.30458267610021306,0.06921592231161475,0.20432575616634271,0.28670483667198554,0.05799870532771616,0.18561864415957313,0.2702729161563392,0.048394357968458875,0.1746833114848498,0.2554271739498318,0.04150471844931116,0.16960685280296542,0.2419716733581786,0.037511082721001475,0.16720593874878278,0.22889894950675768,0.03499184536963645,0.16603841840852146,0.21728314540866447,0.03336331938983244,0.16311791652727137,0.20516768194555224,0.03250958500157793,0.1593188943532762,0.1939760298854695,0.03215635578120572
P17893,0.22419370674699104,0.2885954891151791,0.11500242384503401,0.19162982230210904,0.26918512836875624,0.09790809876128574,0.16242564975311027,0.2468957724738859,0.07843428476709567,0.13612600087610977,0.22336882380076317,0.06176338986740166,0.11707863653080647,0.19976648575797754,0.04992602610529002,0.1090448693569793,0.1787176960323598,0.04354853238426495,0.11214039980822399,0.16002434695484077,0.04405546443327,0.12164732724916523,0.14214307092601733,0.04870151699950078,0.133369485265269,0.12675527686724095,0.05299818397506724,0.14800962693590558,0.11503866310472406,0.05350369369087213
Q2FV54,0.1701379861840829,0.49516674332464206,0.031026167026479166,0.15308947263564474,0.4843012724712472,0.026042528619876337,0.1360259205824922,0.4714140275033314,0.020690116660424942,0.12157158535621018,0.4584834192874658,0.01587571195159204,0.11190407909678005,0.4468313922720544,0.012060029276483723,0.10654528734107356,0.4362814067235391,0.009697298719081251,0.10338641400533462,0.4263798383396039,0.008214305009047056,0.1014008384952847,0.4168449753316396,0.0071524352516092946,0.09886179768481891,0.407114422120777,0.006130002131593515,0.09572590846595155,0.39799481752920246,0.00522067752677662
P0A5T0,0.2794806215524203,0.13155296740567016,0.17121626775701934,0.2566977452370283,0.12577507237549568,0.1531666437666571,0.23224075314842718,0.11858512128250003,0.13079184231779642,0.21014927479857634,0.11148091429488612,0.10913280816887026,0.193905091222883,0.10470140411406331,0.09242723411481071,0.18245189707011725,0.09797315715038686,0.08102753487256585,0.1780662613939652,0.09122501157295029,0.0750348803145521,0.1789275059457644,0.0842105367952299,0.07414441196495994,0.18459697746146334,0.07742494689850751,0.07655826133663166,0.19326440329565528,0.0709632276905711,0.08130604831463607
P35165,0.17914138950110778,0.5383356120898529,0.0006842739730482979,0.1627144664222744,0.5266747288871465,0.0005111160973161425,0.14442514581527197,0.5119592233629072,0.00036942717083574076,0.12790132326644782,0.49801711035966933,0.00030008224636365123,0.11561197897144165,0.48730480239701546,0.0003035639635807198,0.10658545520342932,0.479059113506091,0.0003532234927871547,0.10003866459989554,0.47300695332405496,0.00038914322197249176,0.09572762584270232,0.46943960568405607,0.00038293638591345214,0.0936890864397544,0.46855183315612886,0.00034962580581626257,0.09287749115526667,0.4693186976132646,0.0003007166281753699
Q97EB7,0.24569165982579189,0.29517754077561414,0.07983176701811122,0.22580406593109537,0.2838517747939879,0.07176879552166582,0.20523373045849472,0.2706242553168199,0.06352992895275818,0.18875200514370513,0.258631594941114,0.05650943167097395,0.17748366896959739,0.2479203018635122,0.05163734745116364,0.17090452894113084,0.2383244270769847,0.048754163986317454,0.16532497892308295,0.22894411316816696,0.046535279979905,0.15985733017390225,0.21977792321968945,0.044569756484303565,0.1542839768959795,0.2110922581523231,0.0423910081918878,0.1514731506378214,0.20392983209360965,0.04044626770962186
P60158,0.3037808250724141,0.13603658289012924,0.13086181365398583,0.279185020822877,0.12844644029349742,0.11629987621892203,0.25445339728431937,0.11905623904303142,0.10094064981633298,0.23630216754706382,0.11094161555431012,0.08902590627027962,0.2261143440398111,0.10346017721816385,0.08333225595486367,0.2235508227747578,0.09634711304745491,0.08527132896795735,0.22459733498070525,0.08888571550341158,0.0909255263640401,0.2283487729580753,0.08183243947628314,0.09908074785641803,0.23454320599715683,0.0753237888585226,0.10730637240042906,0.24010026389930406,0.07089489861746924,0.11204703373690371
Q11010,0.2148462475236907,0.32101789398517705,0.10401633090831432,0.1943753376358904,0.31078271946189373,0.09275665330418356,0.17266239387667032,0.29879641092566955,0.08079942080317945,0.15460336919969686,0.28713020302090997,0.07099152275550628,0.14266413987271143,0.2771819542149571,0.0650568550239333,0.1352021934613083,0.26889395787248005,0.06213241694293628,0.13096120122408603,0.26229469227267177,0.061136324237371045,0.13116270293637464,0.2573210028265459,0.062086595322091404,0.13353670593617628,0.2537269624719239,0.0643376136504208,0.1375605681914742,0.25190015988857944,0.06728402204776315
P75409,0.30912841918035805,0.08597622599883736,0.1869985471026759,0.28528921744071994,0.08076488857962379,0.16687773338664538,0.2596259211138842,0.07482330640872545,0.14413610813249858,0.23733545830316397,0.06892874752374317,0.12396233793550926,0.22357615511357445,0.06383491829578163,0.11099948230179954,0.21963516478359907,0.059271641213682356,0.10690150816107168,0.22439750276846157,0.055765119853842554,0.11014003853715214,0.2342687518997475,0.052703916263292475,0.11816976164316885,0.24416232335837293,0.05016741479076131,0.12627460443235625,0.251029741710354,0.04827457254347547,0.1314073192674927
P80696,0.22415052646312242,0.34570249891317917,0.0075343306044365795,0.19861799733799354,0.33520595223929694,0.006879198416292457,0.17437288564931322,0.320711208613746,0.006683639611763679,0.14950458935657507,0.3042800497657379,0.006620785612965773,0.12597069299069594,0.2884619030278456,0.006307725031610223,0.11867382718610361,0.2750312482511384,0.005922844434244655,0.11754144075520102,0.26462329069806345,0.005906413859641363,0.12410379638419734,0.2594637306207759,0.005925755220105112,0.1361849802080989,0.2606199074911613,0.00559700712139775,0.151047164767471,0.2646586437386549,0.005156633137247443
P39603,0.14069048868687647,0.5847172441519995,0.00031745618470706543,0.12269858974553229,0.5799348504703096,0.0002548625187693092,0.1047361883269008,0.5721923006369727,0.00019290965995367583,0.0903823906465216,0.5634091067465817,0.0001658369272160099,0.07944875280611735,0.5549395804809668,0.00017039927928935578,0.07179735789642913,0.546944429295534,0.000189794667977063,0.0667397199060458,0.5391633850763372,0.00019761933690251007,0.06120074105287753,0.5305604591935835,0.00018928498988010154,0.05460598810258911,0.5217642284642413,0.00016128603234335435,0.04695168227095728,0.5135320192769149,0.00012605794363816197
Q5HKP9,0.16204895163948302,0.6292307181621217,8.265376861435669e-05,0.1468151952595418,0.6278864254683713,7.814586231197546e-05,0.12903201927088828,0.6239201816292543,7.387095368076826e-05,0.11116071269046954,0.619002773209183,6.71810384570602e-05,0.09550337905798802,0.6144440831579029,5.956108059905575e-05,0.08374405236146394,0.6113011315370102,5.24502903409322e-05,0.07302341524817665,0.6086189263787692,4.466495773906616e-05,0.06392188057759382,0.6064977922712029,3.872982548290436e-05,0.0545684784723107,0.6040891432967588,3.388775739241737e-05,0.04650843940390022,0.601618882126653,2.8881209288235204e-05
P32959,0.26012681617814015,0.1559926083397529,0.12681022816497914,0.23776021441719278,0.1474619410873906,0.1120603000046241,0.21486860570867106,0.13697265015463075,0.09629400191606718,0.19630603525226448,0.12631834812467274,0.08360508789927901,0.1852014411874252,0.11666727245202702,0.07619324386909246,0.18170812518503227,0.10756525197754026,0.07503555018500452,0.18272933929813084,0.09915824110012796,0.0773957514228348,0.18542865506110975,0.0916518625740227,0.08115017096314735,0.187816518732345,0.08541278171154358,0.08485571554303946,0.19090081138560422,0.08073922624796859,0.08762302118753118
P0C0P9,0.2678850896763113,0.14048553473967978,0.1144318652549456,0.2468439257055544,0.13281203858443494,0.10147744485910928,0.22724574076874832,0.12362675782316314,0.0880975416806451,0.21328707082343035,0.11383739091398408,0.07846295529029285,0.20593828301584471,0.10373901067153846,0.07362109634464059,0.20385104571951132,0.09446053070907186,0.07196027180799942,0.2046091300791291,0.08651679173634667,0.07201860759253244,0.2073808030928677,0.08144741051792405,0.07211194106798482,0.21153690592521324,0.07906948061805111,0.07217571804803431,0.2166742616482013,0.07728951891342759,0.07389979387241058
P29148,0.2982725898902741,0.17501443513314383,0.10755335715147249,0.27986869829992117,0.1679112768142538,0.09546366786924088,0.2622333661446774,0.15905083128115569,0.08390930174322321,0.24788747971022246,0.15035623194075273,0.07435592156192711,0.23818296336864417,0.14230482239189501,0.06787821075723881,0.23233082355915818,0.13439267602856506,0.06481890520549405,0.22984244240451726,0.12700012498172036,0.06461706940996109,0.22961840839320186,0.12024290794022993,0.06661736754317153,0.2309165297227677,0.11434546525606884,0.06998061446332296,0.23283243723729294,0.1092608494587417,0.07349558521831577
P06632,0.26396865888933313,0.33016635279154477,0.08935108736110656,0.22385943086199198,0.3044130131888606,0.0707741713729372,0.1879787062523895,0.2767640519895673,0.050490931332842645,0.16516712765954938,0.254267702557663,0.03358912070672013,0.15475989423253644,0.23418811310738522,0.021945105881492673,0.14947742009859227,0.21386996768897232,0.015644979518988023,0.14842121317612295,0.193155923549864,0.012574471730807071,0.1498900596992855,0.17292939508625302,0.011084202237698425,0.15132683879043035,0.1559105085636827,0.009867684638981985,0.15312689421526599,0.14187008583987856,0.009411865412111538
P20805,0.3366823189027507,0.20492320831823269,0.10836703261892347,0.31303760842578,0.19456533946126778,0.09585698797717397,0.29279469613874604,0.18282836218724338,0.08443854910871099,0.27630225545967985,0.17109808422301365,0.07333568914438479,0.2630664249655132,0.15938856483891065,0.06344944156821763,0.2533656635532108,0.14752498140261347,0.05636987984598184,0.24505556456676925,0.13522039432814528,0.050655223195354884,0.23847203261755673,0.12319724802842495,0.04610489063950544,0.23495500432225333,0.11214211800768403,0.043917683934160415,0.2338166161923356,0.10222439988971078,0.04356647506022156
Q8EUR6,0.2040593555677752,0.28655259145922535,0.09474806829050217,0.1854218092750824,0.2762236810254243,0.08499984266619333,0.16586127582902602,0.26438331068708293,0.07457946408497103,0.14918314851008768,0.25268237855549514,0.06602203421380817,0.1377959383766937,0.2422835039027112,0.060286555381454304,0.13201096801179338,0.23339066088284552,0.05719201007268862,0.13157699486472765,0.22592740208459422,0.056136176471579625,0.13427358819844923,0.2197936054873726,0.056515659058879,0.13840091170521981,0.21460179781017802,0.05769170954189866,0.14226139461063395,0.21061048710420996,0.05875406685198775
Q55242,0.4241196573195266,0.07138591062445834,0.13049859342864759,0.4073099778463346,0.0682283976588012,0.11631468599019719,0.3904812163264149,0.06462827445829253,0.1018191602335697,0.37643094673874145,0.060971113255327836,0.08973139346322935,0.36704727827983596,0.05757828644146611,0.08175847159276102,0.36245625450990043,0.054445969944776657,0.07847326187170543,0.36134475788452786,0.05174812414818359,0.07829935289479102,0.3626444856325279,0.04952820296353497,0.08028951436265098,0.3653215495506354,0.047299639025295916,0.08343691278494719,0.36818708384482346,0.04512194542540229,0.08658950474145809
P53627,0.4008343121163457,0.17734586885955728,0.07271332668892527,0.3848120324218067,0.169558702669584,0.06366862081000957,0.3674295569513898,0.15999869569261024,0.053052734279198155,0.352544748694254,0.14977166888376828,0.043084948351366746,0.343332889271336,0.14001531448917975,0.03517593383087343,0.33896293205384914,0.13064897454010976,0.029857079233743974,0.3379752714540411,0.12183584389520986,0.026563151602912095,0.33833513228087225,0.11307889468295691,0.02516870873013858,0.33882002830379904,0.1044498992548762,0.024839638559836865,0.33895619254876846,0.0962343880257009,0.02449153578202879
P77949,0.3198357019107786,0.06678269301825158,0.17661859195065818,0.2958789884088273,0.06076002598511872,0.156556640839175,0.2714914062794299,0.05365872586909192,0.13469896989484748,0.2525961865843102,0.047810132541277216,0.11554587597771225,0.23879198621038852,0.04213295548517196,0.09913689544215709,0.23537933378406306,0.03629380546902506,0.08899689997561479,0.2390003962430646,0.030277313193878972,0.08557604604348361,0.24444143449092018,0.024570968259167283,0.08584969058489114,0.25006440418741455,0.019433340338191926,0.08998013506383522,0.2544531527604802,0.015326856287368821,0.09466988383786851
Q82K53,0.5025091025786937,0.15090828996243488,0.08216632489927667,0.48344684728786735,0.14119220773399768,0.07081422294858057,0.4642071418699131,0.12995371001593062,0.05868552093630778,0.4484138138504005,0.11890591121278192,0.04744563918935946,0.4386556469158093,0.10830989790095209,0.03915540716456902,0.43494252298583463,0.0978572929874836,0.03444819058725598,0.4356434374538399,0.08775325654564607,0.03291527684428707,0.4390251913505391,0.07866083538852385,0.033332914181378986,0.444172862564474,0.07155285379555655,0.03423277509134874,0.4502638972802423,0.06632138545611305,0.035088661021060966
A6QIG7,0.26403806797357665,0.2544146901526911,0.09669817862556672,0.2436324682059389,0.2476018263102509,0.08677033311086606,0.22121987778099209,0.23824299477304778,0.07490750905087752,0.20030056045791042,0.22702531389399816,0.0644373540031861,0.18247064636289723,0.21538121942777008,0.05693211828421027,0.16900004544216943,0.20349539630276023,0.052624432915152335,0.16194080108700692,0.1924819467536846,0.05214630863203192,0.15942349695852429,0.1820048470111276,0.05511379833367812,0.1602778693947888,0.17267165389595168,0.05984900798769053,0.1612915055808762,0.16412849032434823,0.06366192470268148
Q8GFE2,0.2708012814709732,0.27352991607796123,0.06504380771135271,0.24956346043391578,0.2585163745025513,0.05758085061214591,0.229237971320471,0.24247945019427297,0.04895466892976078,0.21374206553272168,0.2282335665025431,0.04105011707252489,0.2044858216710761,0.21707637714368008,0.035202400558731146,0.2007535194733499,0.20625054686177402,0.03336950356297246,0.19941156215721936,0.19714917434852636,0.03226340950189453,0.20066049707005174,0.19112931045424286,0.03221605554090318,0.2016087641140257,0.18597719942658036,0.03213611954790096,0.20300245454545512,0.18171147970175847,0.03147616635413715
Q93QY7,0.13732825551113967,0.5118614418839125,0.043356764008228875,0.12178309351532018,0.5032895551587258,0.03721595511605829,0.10608615724622228,0.4926669020377333,0.03054309959755158,0.09230008344108448,0.4810363051180062,0.024828268463346473,0.08276847152362687,0.47010900931674393,0.020837094195465335,0.07779520964576876,0.46008862613618373,0.01901182688030713,0.07639209479780251,0.4511803074413909,0.01891110736612255,0.07661867892869374,0.4434912086739649,0.019612446176319992,0.07685227071661502,0.4368428998281369,0.020356098556316933,0.07624687384478421,0.4312020951197882,0.020447226663297374
P15698,0.30489929977454017,0.0164279792008309,0.2852883027172305,0.2719260938060013,0.015443930873844708,0.2528915970386001,0.2392392396116641,0.014218736407953993,0.21955334537986643,0.21279631277785135,0.012799792945288928,0.19229191651592778,0.19723326584804995,0.011452791129669957,0.17666912255555053,0.19566059678602749,0.01014652615244509,0.17493066899864101,0.20268662707673535,0.009017469414962002,0.18086048824506545,0.21468425570257177,0.008054244813315523,0.19235177187619465,0.22815026521251505,0.007176002271975288,0.2056466162814234,0.23908503215690072,0.006423564250514194,0.21610505389934948
Q04959,0.5851779204250042,0.2520540458271315,0.0003136384224589098,0.5791720720324068,0.24800582121926268,0.0002479335359096661,0.571618560901057,0.24234551506151325,0.00020719798763014417,0.5634029352428009,0.23588082399059163,0.00018739475252331101,0.5549172631817817,0.22921785407868156,0.0001830134539507129,0.546282160273085,0.2223301890067897,0.00022652075916889273,0.5376642333573292,0.21550295101757316,0.00019792808844293718,0.5293216260787342,0.2088507465165237,0.00018897272316225597,0.5211526424895672,0.2024617883212501,0.00017484947491539087,0.5135817280158055,0.19663684979139356,0.0001430239121416898
Q08352,0.26456429475472476,0.20855373598306104,0.1260444513482202,0.23022977346631845,0.1929190825333771,0.10386131249847602,0.1992915132115743,0.17498520913988902,0.07977708303385372,0.1781138301137066,0.1562870145253337,0.05905752905216224,0.16872357335552776,0.1378961617185774,0.045239604921849204,0.16828947460618532,0.12062434052914707,0.0382758203606977,0.1727205420748398,0.1049791981087401,0.0351082521801867,0.17904686612868492,0.09253879062182459,0.03470018762807474,0.18463842962053542,0.08321018415392155,0.03569051060627426,0.18951326509854907,0.07741394186740116,0.03837932301505843
Q55055,0.24791427572801492,0.018283570167380497,0.3108751745561014,0.21521935806272802,0.016020821332367763,0.278567836980906,0.1843985528466232,0.013676039901737196,0.2459241063252213,0.16333094695458064,0.011187552780081949,0.2216108792355395,0.15786126321714009,0.009163224396235566,0.21258878058581024,0.16353743869313686,0.007534728951964527,0.21580687997197287,0.1755289965165296,0.0068291229109119925,0.22543972457302452,0.18803896113077626,0.006844695543971829,0.23697020072480557,0.1958948344616124,0.00649234143177993,0.24666316248901127,0.19993670744370676,0.005954096020591499,0.25390605200944183
P22222,0.35366019868740917,0.04259603042697649,0.19440749343228744,0.32591746188194204,0.041124460474319335,0.16761380091170827,0.29853705757407367,0.03930224670433273,0.14116502171086803,0.2769498437692263,0.03735861615284587,0.12080502691866796,0.26449846342941835,0.035284027126269185,0.10984543881096108,0.26505570812437157,0.033106389202096,0.11213221517934809,0.27326560145288115,0.030928702324963697,0.12186925306115312,0.28470941107504544,0.028686233599059155,0.13455964709494114,0.2948056680050736,0.02639164872797123,0.14535884683796116,0.301079586791369,0.024205824104303678,0.15187974396543533
Q2NJZ2,0.24918458695250106,0.22524792564254342,0.09040683619178479,0.2294057165128007,0.21389596142769732,0.07905272354813445,0.2093558015610989,0.20072623864756114,0.06702738982472188,0.19282979242594905,0.18712662659616416,0.05707640680978529,0.1819675177332069,0.17429179161827543,0.050475197990659346,0.1764700860355981,0.16214658566297407,0.04732040340793696,0.17454008072299307,0.15081057024599814,0.04643003827067466,0.1741392207956848,0.14067694748510945,0.04629193860169029,0.17483928544884908,0.132656656700165,0.04598783867654023,0.17695886261559463,0.12712710878918046,0.04568223124614179
Q02VB0,0.21233259191620918,0.42245609287459374,0.011576255244578462,0.19601122651600303,0.4080858095467293,0.009276235059841752,0.17874207939742884,0.3916389296003001,0.007203211671828677,0.16153982807622103,0.3739578582805557,0.005817986826260786,0.14681025218176072,0.35769742459855147,0.00530027682399416,0.13637054106689397,0.34461993871651186,0.005875071927622968,0.1284957164477279,0.33429162840266097,0.006203283537136119,0.1240315578991065,0.32733503441438533,0.006382185789210489,0.12202471526747083,0.3230527566130571,0.006467593211753277,0.12135170536262868,0.32014295899706746,0.006411027887229885
P54559,0.12931397227407973,0.6037378834975834,0.00014291792806599607,0.11776960028748133,0.5954983571309147,0.00012760982336329236,0.10516521434686264,0.5859259452893472,0.00011710361539541447,0.0942943919526436,0.5769461309366489,0.0001097161514018436,0.08546635997893166,0.5697809772507191,9.974973122342153e-05,0.07864493638029606,0.5644064235321394,9.02825413735051e-05,0.07246897141367949,0.5601394876569822,8.452702815698163e-05,0.06702081506565201,0.5568685587651392,8.097274995365389e-05,0.06284714322891251,0.5538045237283084,7.570821927121681e-05,0.05922307641487852,0.550921136954903,6.870844481650104e-05
P80734,0.20224177217178593,0.45909797712854067,0.017299964255121862,0.18579524328394523,0.45015924846555977,0.0157091767173304,0.16937664099390526,0.43975849598843053,0.013772380224674276,0.1554192625294836,0.42914161869441075,0.011956823439247843,0.14350990809880623,0.4189815053039464,0.010242695732881167,0.13178346387675605,0.4086322707275043,0.00874299554864304,0.12020586607616862,0.3979251802334347,0.007383717765676372,0.11018471729321214,0.3871998836510827,0.006315479279047342,0.10395700672232214,0.3777580331099013,0.0054343169135634105,0.10074868818213306,0.36986517391924595,0.004789673869257011
P07883,0.3348190680316244,0.04589079018785918,0.17543967721870907,0.3105334692862848,0.04250039293441708,0.15587489129075432,0.28853615997860266,0.038587489347775554,0.13804841530541032,0.2746214954472656,0.03538236766838806,0.12430103625368454,0.26742779313368636,0.03315729887877087,0.11604354404025968,0.2679108125783035,0.03182931030913721,0.11431538500641959,0.2715711780828317,0.030239259859271894,0.11544106895458227,0.27753389216731295,0.028757889591079017,0.1182391437362433,0.28407325546774276,0.02685513596076012,0.12167692011486873,0.28939611184260194,0.025144726774972623,0.12445364175458441
P54571,0.13258706670948028,0.6000740677002261,0.0007882374406740255,0.11943435347535837,0.5898732460461332,0.0006601379528804434,0.10509117883143095,0.5779031811641255,0.0005499819094988314,0.09171637144909389,0.5664551931872028,0.0004839069117218215,0.08039956211334014,0.5567066769566339,0.00045939185986272136,0.0712327163682908,0.5486635915427597,0.0004621960346987351,0.06428022256941039,0.5427583230668601,0.0004771970583196189,0.059589356265366655,0.5390286060102908,0.0004853882361982733,0.05729868045067725,0.537047612527122,0.00046791398567940765,0.05609712845997751,0.5363545800284686,0.0004097357622951996
P35825,0.24972677173046468,0.14849542682593478,0.25465652832062974,0.22278183286639786,0.1446857813034002,0.22968468388705485,0.19527224646253466,0.14085397860606408,0.20310423806318625,0.17170126282768497,0.13795787185695116,0.17979758141880312,0.15554755408251372,0.13558584523168513,0.16341654904253358,0.14920933708121045,0.13364315465848337,0.15616914134840326,0.14846885791428563,0.13199328717494793,0.1546945713272174,0.15194872975694573,0.13056416513090108,0.15794730204352447,0.15860824897153455,0.12942108996201915,0.164859113364745,0.16848740847345925,0.12848037672405732,0.17481288980746434
Q6TYB1,0.2542169534388225,0.30975843627293514,0.04862650583010472,0.2312494090450777,0.291895777124597,0.041617020748900814,0.2092277988071567,0.2724082870718899,0.033207708981078186,0.18941459714781084,0.2520491716100396,0.025439892369722276,0.1747786101492339,0.23261898970847933,0.018994897181439176,0.16446562359087655,0.21385006401125167,0.014222697357310304,0.15935868940221234,0.19623768609348952,0.010906930692357616,0.1589541617617764,0.18153438057355928,0.008896235218793173,0.1606346037861767,0.16894160667901661,0.007733765140191592,0.16443663159091199,0.1616210701921265,0.007137555078923598
P00691,0.3075574161681793,0.14379841169236848,0.15441758450783757,0.28177525669283976,0.13639814538480025,0.1353115223014371,0.2569688344660301,0.12845046245062802,0.11512727044582174,0.23832086392283974,0.12106240373618542,0.0983591941560914,0.22861867424243149,0.11425848488981116,0.08806930343647412,0.22561749473051523,0.10729952406840518,0.08458414724841015,0.2258864028220431,0.10042668440654966,0.08535611603471369,0.22726010673262792,0.09335788648976752,0.08836545959640156,0.22835854745549142,0.08660775964877106,0.09240420270069663,0.23146437103334164,0.08084141084010622,0.09704482331349883
P09879,0.16136692953079299,0.48754482418409273,0.009646470396947167,0.14788668280414927,0.4786787272690444,0.00866791343822781,0.13392714380445375,0.4681857019721042,0.007713830487413793,0.11851960500418857,0.4557009597699404,0.0068979069501401355,0.10379020560370485,0.44226766983181526,0.006518891138161944,0.09379555318769797,0.43122394654529544,0.006392776275565935,0.08694206133171409,0.4219780697211099,0.006199827940398119,0.08270383080499917,0.4148379483985031,0.005900329616347384,0.08096127397295384,0.40995102650632387,0.00579896991525316,0.08155983895082712,0.4072187921026558,0.005752642562881066
P29767,0.296616520563043,0.043672881291242534,0.2600989533032292,0.2688189640118011,0.04181336191306856,0.2330016649340056,0.24229360761157354,0.039687303169294405,0.20594526875564015,0.22136160640542257,0.037651924111382754,0.18434383621534403,0.20908888796869832,0.03576456043897495,0.17112874858288707,0.2059868986325398,0.03397760880673876,0.16680668050996056,0.2079530922997019,0.0322586744192472,0.16819322704351441,0.21440794662369891,0.03057753170112591,0.17442727242235212,0.22303470852676882,0.028986480760048203,0.1831291373819755,0.2320053064313111,0.02749530318231401,0.19233551640289004
Q59280,0.2623860845814224,0.19489843722593056,0.1691155840519036,0.23411853920515058,0.18493285461965323,0.14799643609399976,0.2048805180123141,0.17295837064339972,0.12509821109398256,0.18039139741335922,0.16205390248846152,0.10413270118678446,0.16358776995045002,0.1515495237411403,0.0881049194707612,0.15526722645872035,0.1410264952124274,0.07849260244565086,0.15453323129622326,0.12993818554130324,0.07459136059729285,0.15875328220644624,0.11838935511014821,0.07418112795765548,0.16676986134078772,0.10801085853301597,0.07581088759304468,0.17599359538324452,0.09842171468398907,0.07827965912833049
P30234,0.24924058054001277,0.2351354176537262,0.11189318373690897,0.21951743259292092,0.21988932410247383,0.09377055203884255,0.19346584442127412,0.20297197767025704,0.07330608163099328,0.17574069970900352,0.18544432603995828,0.05419467983472191,0.167969587156857,0.16861289530730023,0.040457090868931844,0.16672355816253212,0.15252313689064795,0.032360739717430205,0.17064342124355014,0.13925140944946773,0.029028066422390208,0.17545883622869934,0.12797544389693144,0.029109855073087013,0.1749630695060476,0.11679423306827118,0.030240234738897358,0.17197280981483962,0.10781198892741888,0.03221053670243845
O32221,0.2561604775165452,0.2322848873089918,0.16576750160690157,0.2164141326354732,0.2169838813081263,0.14528130369608283,0.17861452476670375,0.20064252874745034,0.12268541974116587,0.14386991248784284,0.18245049928464252,0.1020019265327095,0.11874442839967789,0.16401607617915143,0.08740942518266874,0.10396797859717337,0.14156564386551224,0.07774892928889635,0.10263125444875082,0.11734142701244711,0.0755217364761589,0.11837629046983604,0.0929058225231953,0.08243010819972851,0.1357428264613527,0.06878851319608242,0.09099534706867883,0.14788301840102933,0.04753316773391615,0.0955765355971661
Q53778,0.17173442688992144,0.4722308572805007,0.0287762041195971,0.1534426457511816,0.45848632078400947,0.02518139750264313,0.1342357654835553,0.44275069948864587,0.021202158302217437,0.11696506001787181,0.4274805587322395,0.01770004428551086,0.10357002017430846,0.414200904082526,0.015022166233127488,0.09503685188305473,0.4035222453454658,0.014168705379587452,0.09128475184990227,0.3961971175352477,0.01412305804485912,0.09005722693701503,0.390161929833967,0.015008104233205376,0.09050705633808964,0.3862092945937816,0.01587099540219744,0.0913834970260376,0.3836333987662773,0.016674932460450743
Q02251,0.25579798076924565,0.26331454712395785,0.10537541043463311,0.22837172704789535,0.2486151020983521,0.0902980981196733,0.19985761876807345,0.23167528796657397,0.07352938335310122,0.17719106675041443,0.21537422669035672,0.05805043548321869,0.1631906691726333,0.20022811775533406,0.046098927952657055,0.15803643319295538,0.18553501201437905,0.03916308633609041,0.15862098727168977,0.17138782896843788,0.03569595296104885,0.16213411589313503,0.1578872036628728,0.034525848206729035,0.16546433371047647,0.14505655674421034,0.03472846213180095,0.16856155147896662,0.13387374367496163,0.035654726017195826
P46349,0.15628146676442523,0.5918018269792902,0.00016094816321736357,0.14583321624960333,0.5842249543767685,0.00013670798408797977,0.13369510085157613,0.5744859196699958,0.0001206012079777348,0.12138197384920825,0.5644721141262349,0.00010821647147337646,0.11074817342478695,0.5556854592505297,0.00010275426078653546,0.10101642702726356,0.5478738042487034,0.00010085839820686405,0.09273024079588243,0.5410569607092331,9.996552337075424e-05,0.08599972388962204,0.535235197448307,9.571881931611863e-05,0.08061190812704716,0.5304870230875619,8.762945184434609e-05,0.07580964471218564,0.5262140165933933,7.783944444836026e-05
P39774,0.22415678102236014,0.3396269690085073,0.07365224104600838,0.2028594589843057,0.32668583178695504,0.06475175875731747,0.18010904354129487,0.31184995479573696,0.05577174992697911,0.15972124509478958,0.2977177602979263,0.04793642811638187,0.14407263945341633,0.28546303498922454,0.04258151690350732,0.13493093812074453,0.27558199547392115,0.040633636292939396,0.13171645683099403,0.26736848068179514,0.04144279411520081,0.13183634405713837,0.2605314112599316,0.043508207265624814,0.13343764976331324,0.25515772350583815,0.045298081255319145,0.13526224539272583,0.2512364819138987,0.04585724178109343
Q2SS99,0.21125660502450325,0.1906749512809027,0.1330377934941341,0.1925148172353934,0.17888162125997603,0.11932711067063291,0.17372119503163214,0.16600467242974457,0.104123750902785,0.15749431607021472,0.15349278932858632,0.09089466579088401,0.14617481238278218,0.1422996324614651,0.08114560412194971,0.13973099417796273,0.1322029086725303,0.07531058568936454,0.1380490996236699,0.1236678956937916,0.07290929973545142,0.14010816194409098,0.11726867942591009,0.07315073239719559,0.14447430338531742,0.11202487220677088,0.07536882644870556,0.1494020799340272,0.10758622931353504,0.0783172013562014
P35166,0.2943085549781325,0.19903131553998674,0.12566468416856058,0.2728558780958741,0.1906140124318541,0.11259130475878237,0.24977696539756758,0.18098339952743697,0.09742005931828224,0.22875742959088952,0.17064496625432887,0.08383008952719134,0.21269137271892347,0.16040566540326873,0.0742325753360642,0.20263584785414565,0.1499105627970916,0.07025796520372406,0.19771731186073602,0.13905775440952572,0.07126666507635018,0.19907567114026326,0.12808611582763804,0.07597713712444411,0.2023312313280773,0.11723870821650743,0.0822932208866397,0.20625641243394927,0.10835740113230374,0.08769267695976567
Q53591,0.2742988839504405,0.15701300593655015,0.15301497446063797,0.2527713594891589,0.1515603392077947,0.1357112149102178,0.23126386942634294,0.14513614256381752,0.11812327790833112,0.213237465709646,0.13884440307425538,0.10326171305984208,0.20208921241073785,0.13329652859066546,0.09435923604024436,0.19881052065600607,0.12856055428849636,0.09242449485183239,0.20015550888611114,0.12424646569108193,0.09485303919496536,0.20417176830989756,0.12021315672555527,0.09983933388037688,0.20905482005096895,0.11608591186521375,0.10576075449408195,0.2135818120282999,0.11215963821023078,0.11106219649492667
Q2RKV6,0.2797457829643267,0.25746586576953734,0.09696242950382403,0.2596884279731808,0.2463262797762124,0.08783123694575233,0.24342872363254248,0.2335506874150123,0.07989214481445346,0.23008968056524512,0.2204262597789411,0.07328267483874219,0.21943502197704393,0.20816429435292524,0.06727162684357506,0.21047376883651428,0.1964781486680807,0.06182464405558513,0.20378858815227546,0.18549028475738963,0.057198143168917887,0.19983491237950743,0.1751617408532501,0.05355631115248858,0.1991207916278925,0.16642762573671713,0.050701053322628344,0.19936201914929902,0.15736032364235347,0.04845763989577904
P00644,0.2574136407689583,0.2643603104800598,0.11374102724630017,0.23544276620489332,0.25864342181541616,0.09977292081381015,0.21625394744654866,0.25037421355263245,0.08843693182348367,0.20009038506690185,0.2410057153603124,0.07806311239858293,0.18808348241000142,0.23105792659327576,0.06969094225989608,0.1827766987099105,0.22128975245007482,0.06500498665969548,0.18505668639764122,0.21215969381965252,0.06567972811159652,0.1895218187358409,0.20337406210002207,0.0683441185682603,0.18965105126626852,0.19477390219146834,0.06789703312166248,0.18689330248030545,0.18611735490854397,0.0663512939369666
P50846,0.25618217044040875,0.3008769978506792,0.11510507156793265,0.20674499026180773,0.2755493747476969,0.08968442733535151,0.15852623554672443,0.24558408814129026,0.06083426120352169,0.12618001456114566,0.21328749579072137,0.036905468856511116,0.11721245536744922,0.18034293554280623,0.021416196903219564,0.1247403577230032,0.14661041065668623,0.012671727837262586,0.1416383687966358,0.11374519571906103,0.008051585544193867,0.1598707632973014,0.0846976901970536,0.0052081376426155335,0.17471982789573123,0.06140761798182527,0.0037177587750792662,0.1890232968156467,0.04791767102856803,0.003047650606305866
P38536,0.30796648695284085,0.1168985092309042,0.19025950287986476,0.28306774075774604,0.11121714692314218,0.16895143334924523,0.2571021522057946,0.10474735651795093,0.14637666194021023,0.23557050025193013,0.09813292507634534,0.1277590767474891,0.22255191418199666,0.09183837650616083,0.11712884502967359,0.21861225602357975,0.0857782693675372,0.11522948184125005,0.21952296092210577,0.08026332403983519,0.11800866812766483,0.22335263618037357,0.07522583993196932,0.12379973772773217,0.2276207319942872,0.07058686018421528,0.130384552146954,0.23141185569568598,0.06635322715510962,0.13602487409124042
P30195,0.20924684939832477,0.33725020680683676,0.045100799342384645,0.19183938849619153,0.32415085359293117,0.03916285094701032,0.173362977052653,0.3091437436684828,0.03320383832422559,0.15802251640489626,0.2954200960750129,0.028507095588551613,0.14712928860143992,0.28360369309270517,0.025519500876168437,0.13970107203776452,0.27298977596174984,0.02418540335831116,0.13500057354898284,0.2637575714893649,0.023743851097354475,0.1322970156469355,0.25612068506047014,0.023447659247525517,0.13148014494152185,0.2501089238254805,0.02327682871945577,0.1327905465684499,0.24596871980641177,0.02334531827124241
P33113,0.18960135668470432,0.3870963956402557,0.07664413960547715,0.1702794169560718,0.37693202539577897,0.0679667786657308,0.1504599003906394,0.36553974855579596,0.05898051596296811,0.13397297287177576,0.3543849322906462,0.05183856549029502,0.12373916949318527,0.3448258897175916,0.04739845276731572,0.11780811636158507,0.33576963905136126,0.04515140533519419,0.11536825709126065,0.32836655396275544,0.04392194008920947,0.11464650890534896,0.3218174107221968,0.0437731414904148,0.11474362597035827,0.3155107412675465,0.04481574803912157,0.11478891586009095,0.30968069790353053,0.04614154451149984
Q9L523,0.17050143954903027,0.42771961108403733,0.06328956267773789,0.15410259856038502,0.41859113918663826,0.05597269832525687,0.13597130306329472,0.4078685966632241,0.04696025500994007,0.11960959653595266,0.3965894276674195,0.038071943077211366,0.10693381905134075,0.38630035985110656,0.030833078373706514,0.0992702947494895,0.3766315342792977,0.0261229438792756,0.09678463565718515,0.367696785034238,0.024457150488911537,0.09783077447503417,0.3595222897297079,0.02514290171663298,0.10054091960340204,0.35186227001089276,0.026990877998448723,0.1026368325622672,0.3446225628411945,0.028964516843346003
P12876,0.4054930826916396,0.003887295675147452,0.22100078470621998,0.37231005234927084,0.0034781199664368125,0.19250640848588374,0.3408388050652757,0.003161567299371169,0.16323586554321196,0.31557892645548813,0.003071654015747667,0.13913857480119735,0.29641907446830446,0.0030727748065094602,0.12536595820624513,0.2882935869571102,0.003007196109683087,0.12386914098093048,0.2870597074731179,0.0027916863136152985,0.12928137980348553,0.29616657739222285,0.0026179632151444128,0.13334056510296402,0.3089799620654403,0.0025112018545656732,0.1392987723713349,0.3268851903707127,0.0023438887071897565,0.1480881834577404
P50847,0.14736542301347583,0.5540134152434634,0.00214487479918733,0.1354760790189319,0.5461246371649731,0.0018959663165542297,0.12257768754089532,0.5366372320794629,0.0016064308836694788,0.11002074298909421,0.5269644380476246,0.0013217753305804424,0.09949956056379175,0.518840037461526,0.001052552150368452,0.09108249638789082,0.5122701035657032,0.0008191587657488636,0.08527394337144344,0.5080070605956187,0.0006301264001333464,0.08065353342681088,0.5051135623585821,0.000505676346088917,0.07640148862441948,0.503030561409522,0.0004430443443824743,0.07255380292808944,0.502123664027893,0.0004202586150460809
Q2FZL3,0.24891217040690808,0.22326159510111757,0.1216000924483979,0.2272966658102103,0.21611076446214514,0.1071931239460311,0.2070673339711814,0.20707432176401572,0.09368053317914084,0.1894633017313876,0.19723746910448023,0.08260906438445682,0.17687472021945205,0.1871411614356065,0.07505002660281332,0.17023713682101876,0.17767550022328019,0.07154510733190408,0.16881966697701023,0.1689735015326805,0.07169983241702788,0.17121156680117774,0.16174550973455945,0.07366844995649063,0.17492160069974058,0.1561915093623748,0.07590524220968121,0.17727606104552648,0.1520023293647488,0.07587904901965396
P37957,0.23888489595139345,0.3189952491243697,0.10148766487286026,0.2126927417482802,0.3050416742782241,0.08653916212149594,0.18431973028652895,0.28740071249331467,0.06819121120338369,0.1598721881029668,0.27041898289586574,0.04947961451093506,0.14394327823484124,0.2545548251496712,0.03368438124926444,0.13593048603379773,0.23838802246716312,0.023153010419818452,0.13264446859797593,0.22118614783492146,0.016264455161038166,0.133125106536473,0.20227681700285507,0.013176019006712253,0.13424304634704154,0.18287489945963478,0.011981955481728375,0.1341150714934039,0.16368080698270537,0.011545499679235863
P06546,0.2879598366967218,0.07767417216178582,0.2350898149114238,0.2607686645437774,0.07315433303513862,0.2096713899616826,0.23583316834336446,0.06834632048319536,0.18542669284144736,0.21560822000938007,0.06406368839259778,0.16481252766146315,0.20231241273443767,0.06005507052971792,0.15077947190150867,0.19762505645997985,0.05585497306707118,0.1453769243990237,0.19959250680696625,0.05162602889677928,0.14631136372036488,0.20583527674425559,0.04776987449085616,0.15158375570309818,0.21291762087273797,0.0443016138045331,0.15870612357066818,0.21917908814402712,0.04153827614621428,0.1657843101229102
P0A574,0.2486178524646132,0.26923766522163917,0.1482672816746437,0.2114838844409272,0.2505661548912257,0.1281252959796059,0.17571738864414232,0.22869089318390065,0.1046982646358223,0.15283325192509542,0.21380760002652463,0.08331711963073521,0.14373644373229136,0.20127940348027587,0.06666423941494483,0.13988909635901137,0.18961933638633857,0.05564194772919832,0.13774744503375277,0.17576568971507592,0.04883837684277534,0.13651084322235382,0.16082791728765058,0.045425359646063854,0.13903145591343394,0.1468598043384551,0.044776609903616656,0.14622193306184925,0.13469791388125035,0.04531260758774527
P13375,0.2037772677930982,0.39275644723860054,0.06771136219568723,0.17694666314399596,0.37576256046310047,0.05521520125413244,0.15016352025256866,0.3561528247784571,0.04055689195761162,0.12778711297363904,0.33537158896517233,0.026725114199796184,0.11370846163371269,0.3152392976905887,0.015758624772652517,0.10903982105020119,0.29614319982317516,0.009506146374022674,0.10983802477880361,0.27769991480411554,0.0071686477832388585,0.11359330441525942,0.2606168512222428,0.006940079882642273,0.11781686628933305,0.24514967215533257,0.007277209710323627,0.12026302598297976,0.23031958679155404,0.007570882150234535
Q56198,0.24418021941153573,0.20647305667382232,0.13346427389196325,0.21843065307351645,0.19628056433974272,0.11537306409872913,0.19297482060491405,0.18330564140245997,0.09646122182390209,0.17213361840590163,0.1686739393091344,0.08004273846927189,0.1601006698956425,0.1542852126795156,0.06807269711179269,0.15590458031214144,0.1406767986356866,0.061014380441871775,0.15608104878547183,0.1278744011022556,0.05765324215706126,0.16016527305188383,0.11658139553659778,0.057883695951773693,0.1673343965500031,0.10773739776175416,0.06088364163123311,0.175207656612153,0.10180787718770659,0.06415603354285623
P38645,0.2844678744804898,0.23353020627715826,0.07745122685428145,0.26273976264019827,0.22156397305123696,0.06769384869363008,0.24082274269010492,0.20810978963239626,0.056865269310640544,0.22347833158276745,0.19538256994730535,0.04751935014120647,0.2120054134437235,0.18372636971464112,0.040947100296756925,0.20401700003000162,0.17220110842985667,0.037017912331608636,0.19937966013915695,0.16080340363171536,0.03490286317803156,0.19723620947925727,0.1491341427604309,0.03368836290744718,0.1958098481501133,0.1375564582619891,0.0325581546316225,0.19386906335493323,0.12717446931712545,0.031124952559325902
P39215,0.13083476674195244,0.5227176651429015,0.04742804598638934,0.11747309398356273,0.5157560423503976,0.04090119924750237,0.1032566573444095,0.507144670227013,0.03397047530220001,0.09229943190773711,0.49858806561746893,0.028413208543970222,0.08473779612177539,0.4904221910715569,0.025086814508741388,0.08106660972987842,0.48372343074833196,0.024458452134061816,0.08064499473037971,0.4788856753527101,0.025669247078344094,0.08160749194101334,0.4755660357383091,0.027947382976674748,0.08326451257414808,0.4738751618154873,0.03023643607020865,0.08396825097337877,0.47244273041207824,0.03188101405459216
P0A564,0.11524232092827069,0.6674084750648773,4.631547094611634e-05,0.09964421178834207,0.6661600892672641,3.980920754869555e-05,0.08762462113155249,0.6630231038420281,3.370294702781957e-05,0.07570439968532167,0.6594239858114862,2.7509106168066682e-05,0.06639019748592452,0.6572109636080319,2.0801785680970248e-05,0.0575125009222199,0.6557522883810071,1.7383029095514995e-05,0.04729435297749416,0.6549646439891098,1.5614038788532018e-05,0.04066546416277889,0.6545787319732396,1.2991745563543672e-05,0.03446096710519073,0.6535729288562758,9.93702635788332e-06,0.027561387122570027,0.6519999300307473,7.505156363524945e-06
Q93PS3,0.25548894200998895,0.3033452865396551,0.10405153262958673,0.22065014981347927,0.2859439175572524,0.0829303440030772,0.18811073033051812,0.2648598003846683,0.060492952863014184,0.1637420295816673,0.24253093570124196,0.04049344571141795,0.15299498454069088,0.21933030642794105,0.02628751747175884,0.15221587436834813,0.19581750557444325,0.01789577993864057,0.1565044675720533,0.17283124310912473,0.013766188723813595,0.1617565292832869,0.15166584242839884,0.012480339891009894,0.1623784393059141,0.1326526647684877,0.012230225404920405,0.1599793815135465,0.11726169279431363,0.011456620629596561
P32397,0.24388169976770366,0.23906548488955112,0.13226446909811804,0.21712476660870367,0.2296382910663262,0.1144895054715255,0.190575425942771,0.21837337603748114,0.0951107328488909,0.17058664853709674,0.20679536414745497,0.0789209329503413,0.1604337921008847,0.1954643178141597,0.06879667863196573,0.1598649005386508,0.1844123966157697,0.06570507906990197,0.16477249980229206,0.17374162526977155,0.06648984633422599,0.1705406317133301,0.16352339981557926,0.06845334045411833,0.17503368911944306,0.15417673597244302,0.06973693182902443,0.17696083348895394,0.14520349649948824,0.06941008663538042
A0JSV8,0.2522034089962618,0.3478007755942992,0.050855887303546184,0.22996846776079283,0.3338787367728743,0.04256531108494808,0.20910200090417586,0.3180268420017279,0.03459359657043308,0.19238578553590163,0.30150618351987923,0.027876392892541475,0.18042562073579668,0.2856766914214833,0.023485901964507262,0.1729351900882305,0.2710460953344608,0.02170752758020875,0.16774472503755086,0.2579101281563448,0.020668471510083483,0.16364769747046534,0.24666044036063964,0.020024191550264355,0.16056216932121886,0.2372036905430783,0.019560949810245486,0.15693129573248282,0.22817985102173452,0.018588873943243163
P50738,0.12504564920893071,0.6048174517178104,0.00018784494623343094,0.11213884989896371,0.5967431092990254,0.00016682401571691113,0.09877197268755972,0.5862641931658398,0.00015222473039028253,0.08649314407283781,0.5759717972489684,0.00013944817361752804,0.07505130045032819,0.5669073739364108,0.00012498670309010084,0.06543562845986012,0.5596365892075883,0.00011190836488552928,0.05731483762214029,0.5539060802431812,0.00010274910485587304,0.04962756067939947,0.5492655802066378,9.41080248749061e-05,0.044568524141403165,0.5458862732856086,8.474671329618554e-05,0.04121057372221326,0.5434299597447192,7.44677411025381e-05
P47481,0.21481770818914755,0.3658162110693692,0.07816597826467256,0.19126476558522998,0.3498164688152132,0.06808854778414908,0.16774446155809092,0.33183611160368454,0.05713723462851836,0.14893782631637242,0.3157574665788863,0.04717949942703843,0.13710813774336733,0.3025046572100724,0.03928583076953084,0.13063452281387086,0.29051610850334425,0.03450888056088168,0.1284305348818945,0.280671621925045,0.03169390361835708,0.1269277577117682,0.2713182562761931,0.029962767277503837,0.12520110669596882,0.2625735057710449,0.028857133504567367,0.12446033839525121,0.25582858013443394,0.028264077242538283
P0C2S1,0.35065813503066556,0.20174980518179514,0.09205695749345806,0.33254393234936924,0.19396733129596064,0.08081429464569073,0.31342527363909245,0.18497367348582544,0.06912991332402968,0.29626237849697856,0.17603767329037995,0.059271252096197345,0.2839624446876992,0.167719866943526,0.05312314888008829,0.2755660716136509,0.15959686166335343,0.050484459674788436,0.2700061342818819,0.15169956265445347,0.05022081851234329,0.26706573599894284,0.1441563101974636,0.05178142135517169,0.2659707805467278,0.13724233767404243,0.05503128653958315,0.26654485992623583,0.13093507869532545,0.05948951242653224
P33116,0.15415852720040124,0.4575991261041717,0.054827311502120196,0.13552240286335096,0.44658737363993867,0.04579208572773406,0.1198107632166058,0.434323803748534,0.038204046956276994,0.10711307801044499,0.4223121886715193,0.03221287710178146,0.09865414813343956,0.41151465438699447,0.02822613801871434,0.09438468329572912,0.4017194036907668,0.02608440594519123,0.09330224430693604,0.39278310558668456,0.025830131102684967,0.09240591317521199,0.38582643614937856,0.026732356183703624,0.0911761213186753,0.3799050304311658,0.02646950466513055,0.09042350551421324,0.37491394725124083,0.02507007053521038
P30345,0.27101306335147807,0.46233645905566845,0.00040553173561242453,0.2566065316348893,0.45749758859857775,0.00031271447405758975,0.24252681418869249,0.45074289510333215,0.00022024586689882886,0.22829009583632878,0.44200068903871886,0.00016778712612735254,0.2142338997344095,0.43242813949894554,0.00015474137115362968,0.2000877736948437,0.4223159062969159,0.00017086712355059337,0.18611781377367526,0.4121518936369289,0.00018325496392625478,0.17374176850189577,0.4029450056404976,0.0001748961613247786,0.16268462635675518,0.39530404986810874,0.00015291342057330466,0.1545894485872624,0.3898793227785187,0.0001278551906793117
P12669,0.2735486961594229,0.03070633046837368,0.2948247126484211,0.2483416028115453,0.0267704889443811,0.2715572171266629,0.22260740987693237,0.021837285953927508,0.2447272377616916,0.2007783941655454,0.017280843635848194,0.22084035032578403,0.18624945072492644,0.013166720285492657,0.20373502686588624,0.1777953565489345,0.010239571063842925,0.19420729850206428,0.17612260378202538,0.008373394613720105,0.18974360414933686,0.1803671754383649,0.006832185476583049,0.19061012062545657,0.18877582654678132,0.005585801195200073,0.1962456956648899,0.19303739586751242,0.004816062104550444,0.20304734265077945
P25953,0.2370891477206397,0.2924115021371373,0.10848438006752861,0.20748573014940794,0.27755887291247017,0.09269635013223265,0.17688589550481634,0.25933555773562894,0.07508391854835862,0.15346653031289106,0.2408648457712751,0.05913463616544112,0.13954459489238027,0.22370531412930975,0.047332214060671396,0.13505444757704504,0.20727714928863541,0.04161836653769057,0.13888090537688483,0.1924738920052918,0.04054371362326127,0.14541542174138564,0.17895217698249238,0.042617664592305,0.15101793159512242,0.16720646272233328,0.04549109321537749,0.1534309908336238,0.15690231496498694,0.04740449509136326
Q59331,0.2204345083874299,0.2742407172853187,0.1237481120437793,0.19062506586766542,0.25771729785262054,0.10454281892508145,0.16203659383229008,0.2383334925505554,0.08492846397368008,0.14176386240875746,0.22130220676725454,0.06834813601962071,0.13109061353413387,0.20625233494186945,0.058010801405676556,0.131121303990985,0.192494694782335,0.056210977129603656,0.13554185914434003,0.17911780541834216,0.05845028001630381,0.14076621302637154,0.16605054068858807,0.061679837386354526,0.1457240525757983,0.1547258025191429,0.06471118923830908,0.14944723103430563,0.1456538292653808,0.06731565484986647
P16397,0.324313606747273,0.08895991276791432,0.20239284814566988,0.3014565539690151,0.08446533383307231,0.18253356679982516,0.27846931302663297,0.07931698901742025,0.16214507153765234,0.25945356535321784,0.07445616106804795,0.14471595617363323,0.24666596394901316,0.07003337691809917,0.13288693859241762,0.2401941588348267,0.06594248040515494,0.12673862189572527,0.23800356956145824,0.06217941250492525,0.12497892037555736,0.24009206946594475,0.05887109747920178,0.12761353705126358,0.24522177561579547,0.05614995703483576,0.1331769402758062,0.251266472707851,0.053904333769040115,0.13969574734040005
Q98R33,0.19706413641868079,0.3026754210070948,0.11285469563416022,0.17381091387856823,0.291932764800205,0.09855676050482344,0.15103550815798114,0.27929499334557517,0.08439401498648301,0.13456342115338044,0.26686357633780755,0.07443542645263856,0.12587794878731773,0.2550967580494107,0.07028205249903706,0.12327303671356124,0.24418667059891846,0.07092969851426402,0.12352583885721263,0.23405157295951573,0.07326183312356098,0.12424167440461198,0.22495620027901167,0.07499135224106114,0.12359336163524796,0.2170657553416992,0.0747594534471745,0.12282912538533501,0.21117613869137813,0.0731122405182445
Q9X3P3,0.1845196318759667,0.4012128641543984,0.07583558433245592,0.16689451052707746,0.39170848187894197,0.06739293900229396,0.1480743183603785,0.3799006075612547,0.058305222184954604,0.13160007920807493,0.3674897991449066,0.05023620462699275,0.12042399889283953,0.3555161695301498,0.04440814369628429,0.11426295706743606,0.3447488081112997,0.040634997162880375,0.11097655299054969,0.33519949579784253,0.03862296298179169,0.10880337002182144,0.3266218680164955,0.0373286107839628,0.10636798295856793,0.3194880765560749,0.036235363218799325,0.10554853986628679,0.31410007650168875,0.03558391484064578
P23648,0.27204863312929184,0.2625029564211884,0.11436711198709008,0.2436392960075906,0.25264244254706314,0.09664095864971305,0.21622577368112833,0.2402360972981591,0.07933890002068206,0.1936527309546084,0.22687900072197095,0.06540564095424677,0.1818047057189011,0.2132564646916817,0.05758563405627569,0.1797025169268256,0.19957058525053384,0.05636322286787634,0.18199660043294177,0.18671077434453096,0.05688974701134653,0.18485240354985688,0.17461077142136508,0.05697114147311455,0.18684789882787098,0.16357672122425312,0.05638733310829585,0.18994713225349694,0.15426277270820712,0.056456335295765894
Q831U3,0.19293638112903813,0.3783773197977351,0.0670195287792468,0.17188332146384935,0.36533600097639024,0.05886485346815903,0.15005048811404995,0.3501824526560513,0.05069435905985359,0.13249403978020766,0.3360319074675257,0.04425882970677393,0.12069300321754091,0.32333129165070956,0.04015524570287792,0.11331727632151786,0.31188755462779516,0.038202341974735925,0.10875869779525099,0.30118481680456294,0.03771732045184164,0.10682738498705281,0.291457131582083,0.038151681910574754,0.10771685406846097,0.2840357787474951,0.03877291407793133,0.1101649513023232,0.27866369623448944,0.039547454187464345
Q9KWG2,0.24847516702922987,0.3242291561427874,0.0826738932718867,0.21113597985330554,0.3041966817542249,0.06443459684663813,0.17378800646453613,0.28025571564192886,0.04419155052436438,0.14767669502091904,0.2550999245724129,0.027279549612682853,0.13718911568868028,0.23155606589401367,0.016632358359244728,0.13589628057963274,0.2091923406424304,0.011175923632510212,0.1403316135259898,0.18881698864967997,0.008584212261892807,0.14474230552000708,0.16985159671228667,0.007362813223672032,0.14789003016547062,0.15429637345435263,0.006765008566719929,0.15050278782244692,0.14380212221921218,0.006522307305734629
P0C0J0,0.2789725292120818,0.22066904582518268,0.09583116048450908,0.25814162339789226,0.21080999141886272,0.08470631411030233,0.23826188481911983,0.19989247206599856,0.07253290594487735,0.22172779578932839,0.189302325451887,0.0617502406973618,0.2107676099033171,0.17897280367577767,0.05390589568814651,0.20491852159489843,0.16797411961244657,0.05021437500939128,0.20279169255405144,0.1563837971691927,0.05034073412820992,0.20254469334959718,0.14452322604361384,0.05298859601107382,0.2024863372255051,0.13282512022014306,0.0570088948046809,0.20331589683496723,0.12249596886644543,0.060985195205204595
P10335,0.4120498492821181,0.18153781275937383,0.040701871856406224,0.3991471433897493,0.17313877490191645,0.03533969893028723,0.3859830739254106,0.16358132975024037,0.029062433971479625,0.37555590742214295,0.15467534830539373,0.022962730216676695,0.36850839924035267,0.14626227419039997,0.018219422767053784,0.36382252930721476,0.13835848060137662,0.015326341982195266,0.360453713423448,0.13083981672531433,0.013719743045356137,0.3579828123630258,0.12370842921854958,0.013263876559656738,0.3563571949998739,0.11734599501676099,0.01324346941169336,0.35597684792590617,0.112251117514495,0.013288840811720784
P60611,0.2202798072190967,0.2619260790406159,0.103701368534064,0.19346972256482153,0.2505668072104581,0.08600198855173788,0.16748238509759814,0.23534963820304433,0.0675907004783905,0.14758271510348603,0.21703419847779284,0.05216563185880161,0.13905784721886896,0.19787793944144275,0.042165180307255364,0.14117018743416931,0.17852851598383665,0.039197035968825546,0.14580701738863006,0.15963725677763285,0.039284086591056144,0.14880149319803676,0.1423941200171872,0.038957684864853494,0.1495948914364087,0.12834683729077695,0.03608069125346185,0.1498450617477369,0.11798635671529074,0.03238264455062648
P32396,0.24137774762282715,0.3536984610115989,0.09358915165858532,0.20973883861681808,0.33493514616843234,0.08054411541375883,0.1771391952260641,0.3133019932907676,0.06395940105978676,0.14968809285525728,0.2907909219685586,0.04696025120792163,0.12980926636156942,0.2686733701084166,0.0319412079771938,0.1195558420994662,0.2474689145574482,0.02128349386950061,0.11794589271660168,0.22731637099942445,0.015409061793020127,0.12089411402321112,0.20765215701389786,0.012805600695437631,0.12442860807850598,0.18855351980538645,0.011522022650855349,0.1273536684427673,0.17110478000754478,0.010510673000101589
P17670,0.213859350052644,0.39014289173409844,0.0770218639284589,0.19040014453171228,0.37809143752559043,0.06850229631219279,0.16962133152549622,0.3670764920345614,0.05911727366328579,0.15021073498074658,0.3565137606240181,0.049594130589004755,0.13371546488979386,0.34676349508885856,0.042151967094016356,0.12084191792133317,0.337499941655558,0.036724243050390494,0.11091452712657096,0.32879982966325677,0.03281286547076566,0.10516965996251783,0.3206734153827855,0.03163170939166517,0.10495983955414949,0.31421345575544585,0.03415869606108823,0.1088410459958028,0.3102767903360845,0.039728700701930235
P29761,0.25286086883801684,0.20064435900674357,0.13407515419960556,0.2315894562546619,0.19241974348347896,0.12045670846977874,0.20932578664918766,0.18319649564138127,0.10541892945766988,0.19058975970508443,0.17468096682545023,0.09229525818609423,0.17763905735330157,0.1672523974863681,0.08302601813198135,0.17073575665107124,0.16112536560682106,0.07798423338436465,0.16894323011643475,0.15609525583215592,0.07658331681044282,0.17233934458958358,0.15210614612494466,0.07862238808200148,0.17847637825794127,0.14912043309725773,0.08263022356522583,0.18554746659100974,0.14683017437389573,0.08759372135642766
P39570,0.11035848914047659,0.6371375914393903,6.657378941775516e-05,0.09942907538066591,0.6299222660851806,5.6427752478003295e-05,0.087557998747083,0.6212998948049796,4.8275680283888196e-05,0.0758200263520348,0.6125108448106129,4.2897392848977306e-05,0.06649759265784076,0.6052336725891085,3.865174865628031e-05,0.058507748850933565,0.5988795594101453,3.411863274276643e-05,0.05248539730801267,0.5935196705950218,3.01942773952037e-05,0.047824848560896464,0.5890406431655496,2.7131945644482348e-05,0.04380704650610777,0.5849717352561834,2.4166937131106624e-05,0.04117147612610352,0.581306722446894,2.135559122968542e-05
P35160,0.2834341197313369,0.30047591203143276,0.13231093160993962,0.23538070464359337,0.28099430404043974,0.10264125391005642,0.18758673594143377,0.25844767704448124,0.07029808595458173,0.1502061728635883,0.23512059331063426,0.04380968726293775,0.12810500859970972,0.21463829109031698,0.024917837124001637,0.12962083241178587,0.19393857751118718,0.02401104409299716,0.1421110062000002,0.17479221525155186,0.0295171936206883,0.16405026309401982,0.15636369111103682,0.04017851109316948,0.18443074306903534,0.1389161036746055,0.048964892155048324,0.19595194289254458,0.12269262410647401,0.05533800565772745
P31306,0.2434151681810603,0.24323414452594963,0.08156350676580655,0.22533558834705233,0.233901657994471,0.07148992597934818,0.20697746006024056,0.22305377099535442,0.060425080605738604,0.19176246001675115,0.2124091225072953,0.051188508403939494,0.18263089866670804,0.20247012139799847,0.04516091589739272,0.1796157708217744,0.19322425429022877,0.04234512926050214,0.18073988924337114,0.18462941426133475,0.041736457554617565,0.18324448944371724,0.17647260472280463,0.04240146294228739,0.1851989248968944,0.16887052592414356,0.043463226005481206,0.18523346283979286,0.16141675258247357,0.04423630590901117
P22346,0.25389949153555547,0.1918586320187873,0.13174160430528647,0.23192861605313694,0.18271878791397914,0.11738569129913988,0.20905370521171615,0.1722530071430625,0.10175324027054865,0.18992913870767378,0.16205393814970895,0.08851672098528025,0.17739102172548646,0.15259891992035107,0.07975570335208707,0.17084997945762095,0.14385285629094294,0.07531045604522002,0.16870534732290496,0.13603789252461365,0.07349295846258701,0.16989792895507483,0.12936087629579066,0.07409012347240018,0.17361829898360256,0.12360175372374733,0.07644835418510045,0.17916290828876588,0.1192210811546291,0.07966323619780362
P11001,0.31675073245352553,0.10787440964240377,0.164993126394783,0.2874632320391435,0.10294818929061281,0.1388354832477346,0.2620200166517807,0.09723784184485293,0.1160870226240071,0.24564213065550733,0.091799624471749,0.1016806293243984,0.24060571616315693,0.08655416455691416,0.09843801188583358,0.24780156450621624,0.08163091562388361,0.1074433056451646,0.2552042073506313,0.07709729754750713,0.11677027937254118,0.25874839966994995,0.07276186631829834,0.12264557008101092,0.25977463239633736,0.06866750726993948,0.12581148604997897,0.2585449242568013,0.06455153960713722,0.12673456663595753
Q03377,0.2274126263450438,0.17576836736330465,0.169528004836278,0.19831289700677998,0.16475664996572992,0.14819815819095453,0.1694171844484331,0.15251568152541398,0.12302971607453059,0.1466226098746637,0.13979618121986842,0.1001906904188318,0.136012578238154,0.1271286080263349,0.08483322205860096,0.13870598174734908,0.11428578478262191,0.07954586061748863,0.14867853206931736,0.10058131074227057,0.08148512397939643,0.15572331313941296,0.08620176988642775,0.08644133568486395,0.15992278992062794,0.07212720182791883,0.09116654950870066,0.15998537691754913,0.05872583842945303,0.09338480769183788
Q83GS8,0.30112712524383123,0.16665223856949088,0.12147504446461603,0.27930890151666343,0.15703883100394078,0.10710519953500995,0.25703567584978204,0.14617780422995943,0.0912372777739266,0.23886103291101313,0.13525458049100472,0.07768253029891121,0.22756667347533596,0.12492499705627888,0.06887804495383056,0.22234555112008178,0.11530406705480882,0.06445753177874089,0.22178520085486159,0.10679984885099976,0.06314565964636414,0.22369122459561422,0.09932630108608222,0.06412273648937496,0.22574855727384746,0.09248577427119113,0.06582819886284648,0.22733374894339564,0.08613567005695773,0.06768670947726495
Q08430,0.16329818344371552,0.44876485412580125,0.08329032578161655,0.14444760430101072,0.44054343705995846,0.07370185185650226,0.12536080830403618,0.43076390343380083,0.06351750376969581,0.10876994591267436,0.42093642731475966,0.05434170051531361,0.09656134889097975,0.41178497084607424,0.04784773207030908,0.089723540538361,0.4034178069035864,0.04486133668455087,0.08758384078666459,0.39601719121955004,0.04493477860341598,0.08990055076532721,0.38929233954725345,0.0476330701702468,0.0942592190626519,0.3829146718143313,0.051974263392719766,0.09930240807578818,0.377659809294573,0.0560068122623392
Q10900,0.2632863597282986,0.28206913415047713,0.07709504705733769,0.24026566240281003,0.2685334580563652,0.06557910112577642,0.2165243669223005,0.25217505256776657,0.05310688677555414,0.19708979744669727,0.2352020878859117,0.04183749877208342,0.18388489945238407,0.2189556007847068,0.03316594258815914,0.17686038192568942,0.2036340754127406,0.0274152975692712,0.17390618522796406,0.18919062773173428,0.024172530630270528,0.17317537431781369,0.17628700248957213,0.022510228399130108,0.17312076652220307,0.16567272338441077,0.021967451476343883,0.1737318082738995,0.15789027635434788,0.022110214540900792
P33673,0.25565286717091346,0.34374099733735447,0.03966716524696653,0.23553175964820405,0.3289466541104605,0.03570560851722561,0.21268419001167466,0.3107337543133358,0.031108716523662955,0.1917734144813609,0.2932505034303072,0.027009876700332395,0.1734089788595041,0.2771814319839999,0.023859522794506177,0.15931308834044236,0.2639397466897552,0.021982273317436796,0.1482112895389199,0.25292429197573507,0.02086543259950396,0.14025608964241892,0.24491430415689866,0.020276302706483534,0.13662623579391814,0.24103507007549377,0.020201000141324178,0.1390461543116265,0.2410604822938971,0.02054992691377866
P07515,0.22991984549286032,0.27377026618090144,0.1623249684680374,0.18975639766088756,0.26072322535361964,0.14016346797804471,0.15118949152711678,0.24286004101239497,0.11996507573160504,0.11752515674987339,0.2218814482921267,0.09984337884589949,0.09244783051818717,0.19878041821243825,0.08247333797838236,0.08497471341398533,0.17451284077763315,0.06923376732948698,0.09231039133873958,0.14970138239125855,0.060228990958148106,0.10728454686734035,0.1251569666082967,0.05344008294514686,0.12242221398946125,0.10204645231899935,0.046833848768899795,0.13516195702050052,0.08065821428287219,0.04164794115615816
P0A4D8,0.29639078744835806,0.296727165282012,0.07182413073386627,0.2669438646140559,0.27897946859455236,0.057258346191731084,0.23905725572133285,0.259367575996288,0.04066409799887059,0.2194605076122282,0.239809649193271,0.025074089581480018,0.2110440097855513,0.22170396617513996,0.014145900362184135,0.21045565332409236,0.20456222993390633,0.008794957990922687,0.21399164764036147,0.18876110809738894,0.006814857257215786,0.21767899869020682,0.17419570971729614,0.006326243493810637,0.21871067654887363,0.1622553125128507,0.006389244364181639,0.2208961047314,0.1545004417879506,0.006694896974086422
O50515,0.2624908638479427,0.3375772598890161,0.10627430854527933,0.22353909493738558,0.3236583109763473,0.08824358788136746,0.1854331881711856,0.305594255397511,0.0670194542744244,0.15228864099848496,0.2828595692747241,0.04620582253617812,0.13021890076678677,0.257811899241084,0.03220158919166047,0.12332779002158013,0.23110274244203258,0.025192554464747767,0.12041559718910709,0.2034723205144789,0.020329072023501555,0.11745695951476358,0.1764998827965636,0.01640120062426047,0.11884090323116209,0.15157322493308548,0.012800334338696553,0.12006013984794567,0.12778180381942708,0.008012804399754747
P0A4G4,0.23785615728881154,0.3229007650188425,0.08964240417837652,0.2082424262494552,0.3071240252398739,0.07285268292468866,0.17855983341606027,0.28753099372276136,0.05465386640528099,0.15579694567515848,0.26620460813508956,0.038178770126939474,0.14518988244906622,0.245558166291939,0.02827949083936748,0.14394000228092593,0.22589088971094481,0.02381183123574864,0.14770126148190854,0.20765067651654034,0.021230991290897352,0.15216470735213466,0.19187885485935666,0.019269689417880154,0.15545420791418807,0.17847386506381094,0.017259224998487404,0.15676223039488804,0.16809164972701288,0.014959090864453524
Q45068,0.14910779762967458,0.5786597785413752,0.0002683431840413523,0.13892444129654244,0.5703889489776434,0.00023102882225984703,0.12721314037390352,0.559977199009681,0.00020265502495268867,0.11669506742525017,0.549712040009051,0.00018709955202564108,0.10767622082769303,0.54062269399274,0.00017971510273628402,0.10029957027352203,0.5331900489629972,0.00017524490695951527,0.09440803367597238,0.5273458938358658,0.00017102809576012158,0.0897866075053743,0.5228369260903973,0.0001647566597817436,0.08549132559977506,0.51945357402165,0.00015640389041719378,0.08146564014979467,0.5168145736913594,0.00014747755663131943
P56968,0.2543852490052758,0.15856172457644183,0.17660547941994434,0.22186587836256225,0.14938554048511332,0.15244815611417067,0.18928174595710826,0.13796163529159633,0.12459364155952132,0.16383118699882263,0.12516752228323683,0.09901505662448648,0.14817091160960094,0.11170512216716381,0.0800413200582514,0.14798663495730496,0.09837892847613355,0.07105002306562248,0.1588292035028425,0.0853652755285134,0.06989452549562676,0.17552065636011283,0.07288668329843828,0.07451254515510965,0.1933530323651745,0.06159522057501472,0.08242086081631991,0.20541395874329146,0.05165623364464062,0.08958407166345798
O33702,0.3154552623407026,0.04343836273097604,0.1627741698920433,0.29823020053451876,0.04176926329111187,0.14908773013043491,0.2844223953910432,0.039981063522390586,0.136916554837037,0.2756572561917094,0.037987125893410474,0.12946020765298036,0.26919389939877,0.03621119120624618,0.12552457511133414,0.26441519387760637,0.03432966963826459,0.12343682771771919,0.2615827879737267,0.03247678381873494,0.12230117670588281,0.2599110840794488,0.030857199570780487,0.12244834859195224,0.26018217043346925,0.029057363239955062,0.12307630002984764,0.2597257388995037,0.027122172973857234,0.12287940828001656
A6QIG2,0.26669768251500836,0.09905715952612025,0.1954120141082065,0.24338200108804012,0.09293436035280875,0.1756023919089279,0.2198775956599889,0.08572357263702163,0.15567903105402436,0.19967829106099244,0.07818102705725753,0.13968515500135625,0.18666494955189783,0.07094054198534838,0.1300485795571888,0.18353913734977526,0.06384090861076305,0.12857789080004212,0.18897390826387314,0.057597182238760855,0.1329584719942928,0.19936524221951812,0.05235554355839086,0.1403823019360628,0.21033490744031016,0.048037410246290706,0.14856504331859424,0.21738336862648258,0.04455491672976609,0.15307180487598462
P41019,0.24891433765855026,0.30828796586272167,0.07325082461567914,0.2280635460189271,0.29619101258182784,0.061918295670331074,0.20841944218106193,0.28160350817260843,0.048047574627247465,0.19319582748974912,0.2667860809635754,0.034828157937129754,0.18534255155661405,0.2508198506595478,0.025171839008821213,0.18210491305572848,0.23449866496287158,0.018987243387945173,0.18315179410749519,0.2190682884224922,0.015561162246242913,0.18544804371162701,0.2052223101748641,0.013815339375873169,0.1855190273564799,0.1926583434523628,0.01264327261083969,0.1816324474473455,0.18049652760024465,0.011489567223659238
P26900,0.26527876013787804,0.24426757604077917,0.12262705159503358,0.23247594810228758,0.23048594329495617,0.10238642481166257,0.20037862850684976,0.2143642149145521,0.0806424655742251,0.17405926824735735,0.19665837186435386,0.06071495028306166,0.1576966464918657,0.17810457532006577,0.04573534210117001,0.1540032440477295,0.15983727243297507,0.038149113557136786,0.15847177760652148,0.14262015199931596,0.03636038512272969,0.16548364204374272,0.12654179551016456,0.037066684282556286,0.170194600329839,0.1126591000691636,0.03731631365759952,0.17108279513291585,0.10025444402606658,0.03654322899303754
Q59118,0.3604601630378848,0.08389820212980839,0.16113799469517903,0.33927903148279615,0.07762980849991824,0.14601330782985897,0.3184595828102527,0.07154452088121674,0.12995812426484257,0.30247374191361204,0.06702387828881831,0.11668285411105431,0.2931642630563523,0.06382853970616836,0.10872040486857712,0.28922650938838923,0.060356634546756216,0.10588912043443861,0.2876248821928716,0.05708633883480801,0.10518663444347887,0.2884091585135639,0.0540926642202191,0.10647782785468227,0.28986803502110153,0.05103285407758731,0.10868363348156433,0.2911071781433398,0.0487423343039683,0.10991822391939228
P16169,0.2703400384859634,0.2680205302040213,0.09875697687070951,0.24560789033754665,0.2554588613056522,0.085494936444083,0.22231803211765092,0.24181926139479037,0.07035511373955983,0.20613640562283436,0.22815405091549137,0.056712120539970615,0.19612187132211129,0.2148624700387581,0.046274510621376226,0.19256571164274414,0.20196671372519054,0.0402591798842446,0.19191619950176123,0.1885421439212391,0.03606883768774092,0.19326588830050476,0.1755454257473309,0.033536250700271816,0.19315908238271126,0.16248910288277785,0.031312379446174106,0.19186684563396272,0.14953392465733578,0.028943704412945647
Q5FIJ4,0.34382675496657117,0.007538998356177365,0.2442620371832845,0.3103798024253364,0.00634563832320028,0.2127267958477881,0.2757024228596513,0.005223634325572149,0.17824777847141177,0.2498638465692477,0.004618800452131924,0.15178998740493263,0.23946187430621887,0.004394057105723302,0.139807004945457,0.2428359256206994,0.004181279198843239,0.14286239663976147,0.25407842751831355,0.00400816778876996,0.15591655976724395,0.2683181664950663,0.003731787104005273,0.1734934724639475,0.2817091891985785,0.0033406250491461254,0.1906244486050472,0.2920277536503577,0.0030023432610528423,0.2032576529448239
Q45479,0.13608339500879596,0.5804305554529958,0.0013791969644140983,0.12421124155899518,0.5743217685409769,0.0012907343620581309,0.11203688078559987,0.5653867334451385,0.0012375465100363649,0.09939877966365059,0.5551335968410234,0.0011624519170600938,0.08723236546094237,0.5451360793564599,0.0010728646263559844,0.07628096181488275,0.5358293783880579,0.0009876500798850643,0.06574318681293906,0.5268222098267191,0.0009309272185437186,0.057155191251497234,0.5182322171949048,0.0008551024629321742,0.051982718910259344,0.510981529370531,0.0007665499173133018,0.04944758529878106,0.5052916412077811,0.0006900928348725997
P36497,0.17831174713495487,0.4089121542505479,0.06117561320295794,0.159334025596933,0.398307585620061,0.05232155928134937,0.1389590017537491,0.38587187630439285,0.042755042387068586,0.12139284358882942,0.3732514480724255,0.03465768291235263,0.10942355308118142,0.3620730503600129,0.029262168166458876,0.10412001394968776,0.35225677958060064,0.026726454881050712,0.10369653484592802,0.34390967477944495,0.026616216026506285,0.10549563540108431,0.33677315796307083,0.027522770868875137,0.10792504945274493,0.33092968951097895,0.02844006988842994,0.11011676112829578,0.3263695158630147,0.029156108950295658
P46831,0.2609091048261297,0.34083331636293207,0.06448797979279774,0.2318587704008703,0.3233473552994136,0.052297369828853774,0.2035674050323452,0.304156623696357,0.03885270382855222,0.1822672067724772,0.2853449846404868,0.026672271477695002,0.17170562488609187,0.26769535440887204,0.01802067079594744,0.168517268611829,0.25077818282700726,0.013455154604572292,0.16847730150417548,0.2351219311673169,0.010794931590558393,0.16779537901650432,0.21981997638255038,0.009289574082092142,0.16623549599026774,0.20542282468578435,0.008271937701756235,0.16392866345573512,0.19237583695740942,0.0074018284154012135
P00469,0.2647037463782397,0.2465410216052609,0.09824803069924744,0.24181127127404622,0.23441333305965564,0.08779289653608278,0.21997989593191414,0.22062511119393696,0.07754483438825263,0.2034339108737551,0.20754084427017347,0.06890215796173375,0.1909071642334371,0.19479803356859307,0.06267657537979565,0.1824844574714441,0.18159094203534118,0.05854896484522649,0.1782229197403484,0.1690314318087328,0.05558159539033147,0.17700810146815904,0.15851172899271493,0.05298506942850955,0.17881433949476525,0.1497570489428679,0.05124925246215815,0.18254063966441442,0.142204279604468,0.05011898882911776
P47722,0.21768530036115846,0.34839038667706895,0.10711623191820671,0.18111664310674502,0.32963261551336015,0.08715053537606711,0.14586353544601768,0.3066291457709769,0.06381786232886992,0.12008011547458101,0.2806530054299474,0.04237351042976683,0.10968338544474687,0.25360088164437494,0.02673449948011799,0.11029441947944622,0.22554631831060637,0.0172779823536805,0.11467713336355907,0.19779941744966248,0.012317456818455388,0.11531371923574213,0.1705302960270468,0.010253620532505515,0.11413790023533062,0.14600904686645744,0.008956426884845136,0.11227316563095484,0.12526591435482817,0.007671805616759107
P0A566,0.07519941545925181,0.7047740228605563,1.2498305997528454e-05,0.06205862339491842,0.7065096044138136,8.810430557814803e-06,0.05133351642415031,0.7071318368771097,5.553431036755472e-06,0.042678465014648524,0.7065323068707906,3.6371724032429007e-06,0.034292817305937355,0.7051773001021714,2.7188664432095473e-06,0.02682963940528386,0.7027978938895071,2.2693495660951566e-06,0.02171868874846087,0.7001349426001285,2.0150496411450783e-06,0.020607229235353738,0.6977785752626372,1.9086710235509785e-06,0.02103825835521018,0.6966217018642646,1.9380203415833252e-06,0.02287036849127193,0.6966300439782562,2.045754423090527e-06
Q83GH3,0.26689335281185855,0.33012741721362365,0.046456981827859845,0.2461112494613143,0.31589849605534187,0.037026174498611696,0.2241676258076933,0.29897296348473484,0.02700032272683548,0.20611475417607641,0.28293880172161384,0.01958486131420952,0.19385779836698566,0.26869354993005123,0.016809441152461944,0.18618206133253787,0.25552192419026737,0.017723965989412657,0.18034934985014814,0.24318171771586747,0.020522707256690104,0.17680834205023377,0.23184853789039653,0.02344757037793205,0.17264473713138612,0.2224320063274722,0.024520395982303215,0.16988389934234543,0.2154610517082518,0.024038887963795698
P22637,0.2999154209600776,0.1623549485772214,0.11908419440345117,0.27797210446926995,0.15454599096497193,0.10487701531805126,0.25539562290371937,0.14500487801867995,0.08936677306011223,0.23695221133581867,0.1351502231621042,0.07534296746340241,0.22585924443413077,0.12527236688813365,0.06527223308263526,0.22265991090056056,0.11558133929372702,0.06095180489993677,0.22280454960553503,0.10643860253527623,0.059009842090724886,0.22555882398160576,0.09804849668799645,0.05954363894088622,0.22995417794026524,0.09017133990715967,0.062015135304632325,0.23487437188952773,0.08292147131894534,0.06502729631525729
P40943,0.2888348622807001,0.26027715134502677,0.08814079293144866,0.2642741587142526,0.24898430023204535,0.07466351411639287,0.23932220660482037,0.2369832217217629,0.059515552513514876,0.22111069719505058,0.22539826935067625,0.04772555013331684,0.21000747110205606,0.2143182114613983,0.039542077657589075,0.20827549180163904,0.2029605292676669,0.0386082476120127,0.2080938837146954,0.1901390094035684,0.03780949841291566,0.2071521069512495,0.17625099257153187,0.037561959846316724,0.2041059058063353,0.16262400443020392,0.03474412795306745,0.200763447410816,0.14935038604549142,0.03146519592706598
O31760,0.2479818186561784,0.23360873266035972,0.1459555436157097,0.21524017188066052,0.21893488915271445,0.12357014458298067,0.18322412277473807,0.20163110512991866,0.10074532906239306,0.16099404762556374,0.18540988991247342,0.08215200984974283,0.14994631196524852,0.16940526926234475,0.07106595994726816,0.14745779869926198,0.15394949158929333,0.06664404622173499,0.14937224847987196,0.13849980385149663,0.06406508242121865,0.15244237318610013,0.12383831559419001,0.06127225408849196,0.1554058934522805,0.11013902498537961,0.057925663167517766,0.158546079894501,0.09740688745736831,0.056260553581779976
Q8VL79,0.2173740188725753,0.35392984968040353,0.012197760928233567,0.19236600565566522,0.34268549108247165,0.010295950546680591,0.17276636096899214,0.32800834542468926,0.007939019187478157,0.15971824915328522,0.31424094848888434,0.0059958026717212565,0.15525497296344565,0.3021150165744689,0.0049186668205345365,0.1527759605547367,0.2885921301260035,0.004880178446338481,0.15408765250657666,0.27430422396832294,0.005320199902213206,0.1565585097639495,0.26177448530638114,0.005977165585627578,0.16374220798074102,0.25410914331753626,0.006141150196317876,0.17130538432555356,0.25240963441309444,0.00561448306074253
P11701,0.33462098843263166,0.10080655632862781,0.16620553034397403,0.3128753304556083,0.09560478661941732,0.1490761865791371,0.29222425323278606,0.09028355385335837,0.13246008174924045,0.2751648852302215,0.08575389811677522,0.1180350483105708,0.26292613056453124,0.08167312141547456,0.10756643037960359,0.2562694056324648,0.07716738852598416,0.10304797550329688,0.25284617708153756,0.07266120388024283,0.10182322427409948,0.25159206150590063,0.06842937036144875,0.10269614744070062,0.2535190334213765,0.06516712158637587,0.10577128235367776,0.2574980089920102,0.06266989639313565,0.10987622306806875
P46922,0.21690698053742402,0.31553523944407263,0.09023458431790587,0.1869523752016368,0.2968377660879958,0.0760428433626618,0.15687752811766853,0.27375221871839756,0.058816552674166016,0.13440873792744398,0.25070488875956254,0.0417170196296609,0.12407325204118545,0.23067546644233664,0.02820484040865661,0.12378017471493609,0.21268331968573362,0.019160492823567632,0.12812653948236655,0.1971343872304853,0.014472699252875679,0.13322459392167188,0.18425175531935864,0.012377980034041669,0.13818100159182128,0.17442793012713778,0.0116721093864969,0.14137423757195292,0.16788784096447287,0.011377812996180172
P0A312,0.3093109997639202,0.1093411601903115,0.11469854434211388,0.2828868134555276,0.10230453214180452,0.0983542386693887,0.2573472386273359,0.09412031001627351,0.07871610295661019,0.2378939130710049,0.0851315394143577,0.061226041360044184,0.22810368294998087,0.07581157289219385,0.05225465571801613,0.2270104334526668,0.06558973646361374,0.05342717849189043,0.23513913632421007,0.05647358302828694,0.062208677665216636,0.2489840880741891,0.050868937243838716,0.07402237029580784,0.2591077162838335,0.047997668012879954,0.08292971542192958,0.25378187190215595,0.045530411323748236,0.08496544968299835
P45741,0.2702235010893348,0.24971266199103465,0.0858834493075324,0.24857980173505748,0.23720536185075275,0.07574837162945285,0.22657792961748977,0.2226419020141245,0.0641756564447067,0.20829366950982928,0.2083233298109857,0.05373468587726984,0.19568459899759136,0.19561766397302874,0.04606904542080403,0.18719576824870102,0.18391107625952968,0.04104310628211495,0.18082049666490357,0.17197895902983076,0.03786985247430878,0.17557174219475483,0.15996386284365946,0.0356177828628869,0.1705013930949143,0.1481965363729167,0.03422112815626938,0.16511288732596208,0.13716075868873118,0.03326606982276434
P0A3G5,0.1852113593946058,0.40596685423654627,0.04766548142379259,0.17078966832683498,0.3979719133635554,0.042525934896298447,0.15541232375015962,0.3880876939722035,0.037382737586489335,0.1433178187453892,0.3788284127019756,0.0331859464402853,0.13427527775410125,0.37051088922283326,0.02999315262909328,0.12857174899395366,0.36304219058366766,0.027778360745363405,0.12526970423741432,0.3565513986825494,0.026603501988471747,0.12283486352770356,0.35087969739235125,0.026186690459939467,0.12125042856771188,0.3465322425925116,0.025945845907200615,0.12044410143727635,0.3431245885829649,0.0257482750383163
P22094,0.16473748056700174,0.5055496043849899,0.005774397313174946,0.1510460284226291,0.4956899591401744,0.005135398528380938,0.1378228147885841,0.48379322067230107,0.004417315876824212,0.1256918622148135,0.4717082087367449,0.0037370587950904697,0.11626722028732903,0.46078252478367543,0.003125300180768371,0.10867708559190871,0.45088942854808883,0.0026394509924997315,0.10278833939780731,0.4417340046820913,0.0023700968883186143,0.09863809083305425,0.43388701060434054,0.002323957615918538,0.09564966622893345,0.427026142149393,0.002382739861316191,0.09388109318007552,0.42183692098311204,0.0024264857863119946
P82593,0.28443912380725156,0.10754516973223437,0.16810899034717186,0.2608165200475417,0.10185283472029732,0.1489403050102464,0.23871440770823116,0.09557308914669269,0.12976888096754147,0.22292818723461427,0.08952228489976417,0.11469290035943998,0.21565222550978444,0.08389859993869452,0.1059155855011198,0.21462262559800696,0.07812582794706675,0.10315123907016661,0.21673383428739126,0.07250467990170319,0.10389944677091784,0.2204420978951049,0.06708236018248351,0.10685873559588302,0.22429602212127173,0.06213272782971589,0.11050363518939775,0.22802684182985217,0.058053648985645336,0.11405182194388996
Q8G4D8,0.3109899284926332,0.22017263825086777,0.08028858854190227,0.290254540085588,0.20965760316561494,0.06910087491659374,0.2694077635953368,0.19779068825061644,0.05768436682540811,0.25235108467311357,0.18627911489024632,0.04901613096582719,0.24084501830355856,0.1752108348007971,0.043762368493773136,0.23507860444907264,0.16395808235547002,0.04297943239735201,0.23210972422112217,0.15343060406772022,0.04334466270012403,0.23075653875470906,0.1438115702360715,0.04467265522139256,0.2299145620505181,0.13572529614285017,0.04563101151909811,0.2284739377792489,0.12871219515100712,0.046053428109418766
Q01467,0.11447935014920618,0.6281512322434638,9.668581337966508e-05,0.10335679135955302,0.6233204555112424,7.99466352868865e-05,0.09133166833831187,0.616360697772407,7.538955240305382e-05,0.0798771612827249,0.6082270160661871,7.636536868861113e-05,0.07074436249508508,0.5995412711888982,7.398514477091561e-05,0.06316356467706785,0.5908873671499376,6.463979560900335e-05,0.05579423863853672,0.5823320828600748,5.1692856055314085e-05,0.04952446408695761,0.5742834749671655,4.290678633554894e-05,0.04428793895531001,0.5667435591001152,3.9508714419272474e-05,0.04041477242898154,0.5603224920473653,3.551664945310557e-05
Q9KWM4,0.28731315705488175,0.20975868368935677,0.055220141400300404,0.26338334933609103,0.2018431015182468,0.050303922981045024,0.24549744824576616,0.194139268316154,0.04407183290578226,0.22958088848573774,0.18458671633022952,0.03717426783474388,0.2204878623483387,0.17557233126770597,0.031580132640312016,0.21780821191397903,0.16723411682301306,0.02845958184232397,0.215881221248705,0.15811276053447895,0.027677331644983046,0.2193349077939082,0.15299118483129434,0.02924014776790123,0.2288693678068361,0.15283965755046722,0.032100514899574994,0.2343374295562114,0.15163561626406047,0.03420025258760021
O07628,0.13857604898220416,0.558177310447494,0.0002342950835364938,0.12146086953965744,0.5483397261501105,0.00019227346995819784,0.10636401711266956,0.5355442456751928,0.00015472093789703083,0.0958661120571,0.5234958169999094,0.00012712501936732717,0.08951979665824358,0.5140117583708834,0.0001224831580890184,0.08633278735760556,0.506051813875191,0.000121980327125613,0.08487867921713392,0.4996666211223778,0.00012322770215431741,0.08310758402505625,0.4941715227600479,0.00012765266008695755,0.08347009913238422,0.4902483721263271,0.00013422560696488373,0.08619696606709334,0.4882305961695761,0.00013694572539246257
Q8XMP3,0.2923891077897437,0.14773387866427745,0.14866238681786484,0.26867772342167284,0.13868326429445663,0.13296846773197174,0.24499481654556132,0.12845059530730626,0.11589415067322272,0.22520005582678207,0.11819169512134599,0.10132423125196588,0.21131363307472373,0.10899703543788557,0.09142823812946142,0.20401877725295106,0.10040393030907736,0.08667204596377412,0.20027238642270703,0.0925360787302783,0.08393952429007458,0.19820675435463506,0.08558639642413866,0.08207384302677523,0.19736166568972163,0.07961440976979611,0.08143591282189595,0.19868086009630564,0.0756676794687736,0.08231132936689749
P50012,0.19397375554903323,0.500888751105967,0.00428220539246819,0.18383458872264447,0.49484257308634555,0.0037506691335670805,0.17283505078332712,0.4870168499533737,0.003286329818895431,0.16273958175617675,0.4790325494935055,0.0030577803655973987,0.15344303595743944,0.4711484753737323,0.003082623917729563,0.14461237969980387,0.46316771573849713,0.003218966569119283,0.13581322363604545,0.4548736112317328,0.0032681082483358797,0.12796612910585814,0.44728921588901777,0.0031540200450929476,0.1214505394622825,0.4407600719195432,0.00297193495605244,0.11636104652391216,0.4356370455290369,0.0028278993140954077
P28618,0.284555979566891,0.296761891709034,0.09185396212963833,0.25858615523864203,0.2846985386590561,0.07825637470556247,0.22989837810228422,0.27009213206471605,0.06187868145921885,0.20775223764803896,0.25447303540991445,0.04557824530243077,0.1935251425082674,0.23908820873660627,0.0316010856787059,0.187243325480645,0.22411795256574882,0.021490120582516974,0.18665503210472306,0.20917283901626396,0.015325972911090306,0.1907886052844685,0.19449332028089744,0.012276680076466064,0.19399532037991662,0.18016793151564245,0.010684797791094828,0.19394692349085557,0.1662507515746245,0.00966740304207688
P0A5S6,0.24292063741936232,0.14138655204841202,0.24201374051843255,0.2051668047237686,0.13129128644015398,0.21364533291498683,0.17239170120172498,0.11919170876128671,0.187274221266511,0.1481586843310449,0.10599986981994552,0.16437548778707448,0.138011065304598,0.09294231095179194,0.14829588212781863,0.1406082201043403,0.08069817557282992,0.14127372191184193,0.1512150442961672,0.07127576834065276,0.14087352634175954,0.16164223017080442,0.06354068817883635,0.14343116623704355,0.16849768152512704,0.05663645058357044,0.1470112166152369,0.16765743058366242,0.05123368547786203,0.14859372717044753
P0A5I8,0.3061119507427536,0.08123113282378065,0.17876205668283157,0.28330666448245845,0.07748089715974046,0.16276427538561392,0.2613294251650687,0.0729666332521604,0.14827250137294037,0.24124958509335823,0.06847784590848956,0.13489141980207472,0.22725816145508787,0.06410467416476419,0.12564638332088182,0.22191667493530973,0.0601121251740284,0.12144486754581887,0.22124630647417098,0.05600662699193059,0.12117166555870598,0.22201986442608365,0.05188212795916836,0.12324513716198958,0.22395067307317687,0.047572334263822284,0.1262472459366362,0.2279801575279499,0.04331059124582784,0.1299639556476227
P50589,0.242633181887199,0.237527977521053,0.12101560974021532,0.20650973085396276,0.21883640763325615,0.10527297079004762,0.17443468668529144,0.19717024197009042,0.08876680392210687,0.15056762898110893,0.1742367227619505,0.07404117429462596,0.137531298773195,0.1534452944995611,0.06132261903874509,0.13791366564350785,0.13627864595798825,0.050361309715827494,0.14223667668252443,0.12234226632346705,0.04177652262591823,0.14924583512355288,0.11106862731569733,0.037187474032664224,0.15411584404566153,0.10236020552567524,0.033182608772187296,0.15407907159341078,0.09443381634046992,0.029819821368887608
P26379,0.20584364227841587,0.33087265128043336,0.09522570938663351,0.1840107448726212,0.32288878334181703,0.0818034623074827,0.1608333137246239,0.313352368513442,0.06596531778084368,0.1386126313813199,0.3027932387928567,0.05051201496512224,0.1216160264823944,0.29265008738595566,0.03751933998741498,0.11316699833173399,0.2825375012905997,0.028480527605715206,0.11175183645971817,0.27110272393810847,0.023799855677919635,0.11539453386671383,0.2602829114853723,0.02192343796464096,0.12134420905252487,0.2506384143460784,0.02053297156872337,0.12695727500861165,0.24093706363545508,0.018917064663436716
O31749,0.25615266453888214,0.26575104518522485,0.11812459955588425,0.22751516844248632,0.25470690468282925,0.10152242490092991,0.19841062883776384,0.24072622881304578,0.08199246733220102,0.17550382154880967,0.22673294771962488,0.06265335251626529,0.16230389203172915,0.21316436809055836,0.045912175768477725,0.15830035089038083,0.19987953713363193,0.03448306835912201,0.16089929728382635,0.1870473223554706,0.028636207007011544,0.16699748473700302,0.17492220015912677,0.02687426574913053,0.17047684465965407,0.16348661155722244,0.026806773880156384,0.16982957311396335,0.15410113052408342,0.026571808076599507
O32242,0.22961230298292543,0.4290236909451257,0.025493253301155473,0.19352326733387848,0.4055136356131588,0.02065076780862407,0.15682146351256349,0.3780373369924527,0.015077782621509848,0.12836836978549612,0.35271156435046047,0.010466803873930779,0.1078428015946111,0.3315222124837979,0.007905932427735135,0.09782953725420558,0.31550684219041647,0.007858533655923488,0.09472938538549508,0.30376008607538746,0.00983088124993477,0.0919788540890725,0.29583971049479785,0.012563044851052866,0.09254509747354407,0.29416006364490743,0.014439866429164732,0.09463384072787137,0.2935669312036484,0.014396592856235974
P72058,0.20390845565800522,0.47681393622956,0.02868242728184596,0.18817095304500023,0.46643201703774967,0.02426603679920671,0.17032629439485739,0.45398560879186256,0.019206482694451334,0.1535762264981253,0.44201243531039563,0.014365214275581371,0.13963278152393213,0.43135853444458366,0.010516887569248543,0.1290989112561465,0.4220434610801614,0.008432497117130847,0.12260773043669958,0.413717208609968,0.008020514542866654,0.11847461132220914,0.40643354376938967,0.00833591106250851,0.11596744481495923,0.40030996515518713,0.008605044346575037,0.11473918962591528,0.39561898980125043,0.00880521377921858
Q5HJF4,0.2322131747021234,0.34736721948204274,0.04304042339990311,0.2174298596776617,0.3361195774604614,0.03838894131210252,0.20283532475335173,0.32298454008146305,0.0334567640172266,0.18995178120901002,0.3093832606363446,0.02918288470158657,0.17859773941465215,0.2961650566234906,0.025815575301010862,0.17008157337377447,0.2842077017388881,0.023653639536431834,0.16361630766298915,0.2735564285259121,0.022036853123556282,0.15884686732601944,0.2638035196275195,0.02105513743815921,0.15501026601603007,0.2554245733537201,0.020331677686036078,0.15230337916831702,0.24844634389620485,0.01973931239332325
P00343,0.24848394985909042,0.3341004484089159,0.08594197220800745,0.22051896557220457,0.3193702024512353,0.07204282342933167,0.19229649953572298,0.3025222903179348,0.05653873846606583,0.16824170220157,0.28607748723869425,0.042029633889612825,0.15099673913764175,0.2703673055867221,0.03028103824438761,0.14242443733734306,0.25681441750213263,0.02331994980158593,0.14008320577056688,0.24320756013573933,0.019907374466344815,0.14273396969300434,0.23085571810500952,0.018342329899845633,0.14479423370710762,0.2180914980966083,0.01829188043143281,0.14662898405028357,0.2061739139464272,0.01938300086203739
P09401,0.3415029548654768,0.15904682946444398,0.10984419576220851,0.31746394398097855,0.14945405243359672,0.09457451096650583,0.2916886567586595,0.13754419622306396,0.07753876219536393,0.2716777562760451,0.12513864711408026,0.06166620743822723,0.2583060217643817,0.11287570873279917,0.04909988382971643,0.25308779249555585,0.10137866704237505,0.04244355177057194,0.2542628045009574,0.09111942140340726,0.040572523078605455,0.26071398065084583,0.08365407117526925,0.04237955494815376,0.2693457762111432,0.07856482826172712,0.04505354162985057,0.2765657420693303,0.07481259345026152,0.04695600898253478
A5H1G9,0.17024323485444548,0.29144927622217104,0.06604577781993438,0.14715764652999364,0.28531203266135297,0.05598850412331385,0.1285727700509118,0.2770369676878581,0.04396824146449858,0.1155759429084396,0.2677949872469399,0.03205337716745813,0.10879944189093578,0.25826144589172473,0.02214522415155248,0.10804978854277353,0.24862073708131105,0.015921272048386052,0.11033316981376332,0.23951529653333886,0.0126430705914831,0.1097630811061128,0.23047340984820325,0.010844446385869835,0.10656921240142514,0.2221648982572509,0.009640768326901627,0.1052908628790189,0.21710204339718572,0.0087007752044198
P39071,0.23874411001044485,0.258022255071611,0.09890636373217074,0.2096824339922701,0.2450575408062637,0.08449973777824471,0.18202967308058574,0.23090644999145293,0.06747965284666955,0.1609140064453501,0.21735269599211174,0.05080038223756869,0.14838646334749042,0.2050687918357052,0.037451009206236806,0.14421424149271694,0.19258098554847022,0.029509777218352636,0.14462470533377977,0.17820765960525117,0.02617924967003733,0.14684603780765992,0.16365066840268122,0.025176248544947936,0.146887425534985,0.14850145494664105,0.025714368088873684,0.14801556185637313,0.13426255518564612,0.026981792410675987
P11931,0.24185545675363718,0.34881455095515457,0.05968420373329446,0.22123531580836336,0.3370925880352996,0.050246233542464866,0.2007963112987696,0.32374067747700025,0.04070112178993121,0.18505511407926817,0.31081872976005265,0.032972835273388755,0.1751517511914256,0.298892488477302,0.028170542553069246,0.17037559463438237,0.2871845296225562,0.027174569131864213,0.16735018328945866,0.2752243009316034,0.027106746403999425,0.16510900243743598,0.2635524754000359,0.027424155094151047,0.16222899991936232,0.25251312623862243,0.027572450560976323,0.158518449224954,0.2423058032803776,0.027485214467379466
Q8G7W9,0.30858657529200356,0.14842479916286408,0.092446339276732,0.29213480721870866,0.14186832195992066,0.08182510914573686,0.2754651473059326,0.13470943617818046,0.07029619626119438,0.26124475568763605,0.1282174607145698,0.06018851456897075,0.25177139553806416,0.12206049141974332,0.053007885528245105,0.247512330521608,0.11604181593528941,0.04979277021422919,0.24719914268129645,0.110225603738304,0.05003945737009666,0.24826595053386533,0.10443793210290067,0.051946943137916306,0.25104723377058397,0.0986903201169532,0.05537874047123031,0.2543513764393317,0.09290791763330651,0.059365988788758275
P0A5P8,0.2854898278969909,0.22082365205622115,0.11809972088969185,0.2593673258190178,0.20821312760947067,0.10530728459833848,0.23483479853511732,0.1928897814264813,0.09120923633988648,0.21793178170565056,0.1762892858165398,0.080420517179972,0.20713831159910104,0.15885989910111334,0.07396411533702428,0.20085533481298548,0.14108733038877566,0.06929741554626592,0.19788008306958765,0.12427637124667451,0.06497714422151957,0.19433275557839935,0.1075184795425379,0.06000270246590074,0.19269168126322458,0.09161587443662021,0.056067834759890155,0.19221916660097432,0.07600383423332176,0.054449919655668956
O32083,0.22633937641725185,0.26425076250504964,0.10331473969947304,0.20376613489004153,0.2542402627982019,0.09248964624784736,0.18487608769337832,0.24321202981799245,0.08364963402933003,0.16986692100804127,0.2323791256692435,0.07736635507387957,0.15845609240571368,0.22212993633045702,0.07348203274003469,0.1520408179632442,0.2136203186287279,0.0719375294732863,0.15049870767767073,0.20716229592913837,0.07333433514334241,0.15271730827125557,0.20219118529787217,0.07727325149845524,0.15504158394276632,0.19836326633563922,0.0811485080106926,0.15661154774417285,0.19603782516819246,0.08262404873227645
P0A0A5,0.1977190555862547,0.313198961119552,0.10065739558212083,0.17727644364747178,0.30319961850027444,0.08943918783916466,0.1579876729902592,0.29188049950163425,0.07712320922901508,0.14222563863173954,0.2794862022274869,0.06641681257415527,0.133794743150535,0.26771021946480167,0.05942862678169044,0.1318178802204818,0.2556272769009955,0.05698180861285362,0.1327727684688679,0.24413690527343088,0.05678355887330597,0.13498277305359196,0.2328639018227445,0.057463065694772414,0.1359170417465312,0.22205439930795431,0.05847116380913732,0.1360356591217937,0.2129571181377778,0.058655580598440414
O53441,0.2622691464951013,0.2714354347609899,0.0845663317285666,0.23566329513228482,0.25622171639757296,0.07177723396001132,0.2109629319821072,0.2390194257134668,0.05860453415186527,0.19218527490054146,0.22167131353621758,0.04746722335701796,0.18004648257243563,0.20484790893364385,0.039902860953411466,0.17273024597613412,0.18879130219883258,0.035434339781463035,0.1689476925225607,0.1746141345989706,0.03294385406332582,0.16621003097490486,0.16166519011280883,0.031920749963696926,0.1643965905411484,0.15036844798495166,0.0316767810956131,0.16363968153626093,0.140883784039268,0.03160410745157975
Q0TV31,0.26298578477199813,0.2563746094529691,0.07832626137166429,0.24260350687503576,0.24641912957881212,0.06758705562826609,0.22269927685131488,0.23521048054871502,0.05770018998207979,0.20531117244699165,0.22499224987705485,0.048773610299595156,0.19220707970259998,0.21535362102990796,0.042985464348841124,0.18362106484828117,0.20593764785581795,0.041597842300708204,0.17727438667470197,0.19691872470926672,0.041203437017773,0.1734834993625803,0.18883728344230538,0.040992918252940234,0.17224628924076865,0.1821674447080844,0.04081003514698179,0.17245682101526244,0.17709406174764128,0.04003695044724533
P46921,0.12466050704171525,0.6102293460839309,0.00010054306898747841,0.11035738497407724,0.6007405483636155,8.19517542479063e-05,0.09449509510741941,0.5895939917669757,6.51262574532072e-05,0.07949149870226689,0.5791694985351158,5.4591287218464344e-05,0.06648810319109003,0.570681507618204,4.5754181916879865e-05,0.055738308641868954,0.564126507118336,3.827283821136578e-05,0.04810295161985146,0.5605553844031208,3.339041676851494e-05,0.042859549259033784,0.559133048917969,2.9943389591841946e-05,0.04231595811840487,0.5595151302071364,2.6573851557312445e-05,0.04291808048166549,0.560666650128556,2.3595145021020963e-05
P46712,0.2801593760615354,0.2845957858409044,0.1041603393576982,0.2474785278648418,0.2681374762256143,0.0851046017022729,0.21391129494616803,0.24809413404657532,0.06310825596526053,0.18548548866158954,0.22600192633893598,0.042496300269949994,0.16856912083735925,0.20331838697571503,0.027464336314499536,0.16486476752741666,0.18091253394830348,0.01955616945370401,0.16754464741696343,0.15976356703686376,0.015629370822115428,0.17327023963414429,0.14039639604752593,0.013456203775640845,0.1790606904977326,0.12343618902141695,0.012011777304845017,0.18366768277472514,0.11031268492565463,0.011377566352168734
P40411,0.19459368651519443,0.4738758341466918,0.00558277936531345,0.17967254890111137,0.46202530771094574,0.004832715082553292,0.16310564419964269,0.44723324937594794,0.003964330830677507,0.1481950001614176,0.43273155510204486,0.0033478462463328086,0.1364759091728887,0.42048863195772285,0.003050665261479531,0.12736879479506846,0.41038722269816263,0.0030281173546228453,0.12171126795147193,0.4034120132783025,0.0031470295190357887,0.11902375500937906,0.39920889607259524,0.0032946195186447603,0.11825594832159246,0.39720644583988723,0.0033914868876018162,0.11873656430554869,0.396775513068242,0.003380579428557432
O53079,0.27945886822981897,0.20964293843962759,0.12529682404276601,0.2505657048746323,0.19616411593888627,0.10787909628391774,0.22085307549228023,0.17968955594102132,0.0879024523276003,0.19781670801678103,0.16240782937104137,0.06994219051704902,0.18554112953625612,0.14515045134136575,0.05720920490471737,0.18179120677364044,0.12799076024811112,0.04958354831394248,0.18437633609006374,0.11197579478739808,0.045487661529681846,0.18975450166308527,0.09697410358096038,0.043633975828049995,0.1953863346685453,0.08466502738299277,0.04354829325573341,0.200364137224125,0.07529052185045403,0.04445532729500598
P43440,0.1381036515512935,0.6044413633586858,0.00022281734322273107,0.12782315724959026,0.5968180164243564,0.00019040265092035733,0.11586273407282095,0.5868016739780186,0.00015941876486704417,0.10395375773562877,0.5763083964278003,0.00013687987428841346,0.09324401220320121,0.5665062783316478,0.00012079669512885453,0.08332386714093118,0.5574847567170741,0.00010793912008020293,0.07402882742718382,0.5493057204822089,9.504191784426371e-05,0.06524844855500127,0.5422474732197055,8.202302860913441e-05,0.056533701832771864,0.53576936575755,7.04977270051367e-05,0.049175627808787606,0.5306497369720817,6.189850321508528e-05
P81715,0.30244005868434454,0.18826801192816583,0.12975470762292152,0.2806903228915992,0.1793646411617962,0.11651109651686375,0.2569818243494986,0.16849879641131096,0.10137490911580682,0.23662591568273467,0.15763126192394414,0.08694307245388846,0.22300994761570456,0.14767775359333074,0.07487273234358036,0.21625012408258926,0.1385802058178512,0.06734504405228042,0.21448420467466087,0.13008194209550253,0.06397338941421762,0.21650391273795896,0.12151721191072475,0.06486720120090968,0.22051348739101156,0.11287718879112596,0.06932732597845985,0.22437169992680228,0.10433270350925156,0.07557207708177577
P08656,0.2254172563979443,0.5363860419910629,0.00018086708210601185,0.21300356462169262,0.5315528343135463,0.00014100285162427584,0.20259513203137264,0.5252954807398824,0.00012024637137046452,0.193002128491115,0.5184325834144314,0.00012049958896494005,0.1845338715687608,0.511309667266968,0.00013410998379613664,0.1767639969265537,0.5045494627425218,0.00014669958316244214,0.1697883722956683,0.49906369927362776,0.00014753373157313916,0.16465330949480167,0.4947374298311067,0.0001339484614056746,0.16123874857121967,0.4915212450810969,0.00010760661663112866,0.1583522209298907,0.48883012315817925,9.808180230968027e-05
O53078,0.21709265973296588,0.3559576574446801,0.06788255127567804,0.18758675947084325,0.3380969058754348,0.05432639134049554,0.15993551468102377,0.3169832775555193,0.0408689416968318,0.14158126646107927,0.29498383453081917,0.03014857765383009,0.1306115976193759,0.27383890396493543,0.02287375039088795,0.12660960347058656,0.2547305306358424,0.02007964587564825,0.12324870361311979,0.23667535624872077,0.01762006109886733,0.11958778872915486,0.22030392287360123,0.015686048557897722,0.11507701894684648,0.20650754627651796,0.01347665157236105,0.11628399580476684,0.19733690512122912,0.012484811827161307
Q50367,0.2575337049473221,0.07320339603464211,0.22357973036844128,0.2396584362928873,0.06739301356086722,0.20611109841789535,0.22430975012980692,0.06152812329723828,0.18835299066205205,0.21280075332396414,0.055559530243302145,0.17402922487427977,0.2071175957434594,0.04994847402901221,0.1645546543833545,0.20467867695431277,0.04444449322364093,0.15930744453764395,0.20287702213859768,0.03891988746537626,0.15535899306740458,0.2022530577346919,0.03424310033935818,0.15135800799497093,0.20381364036822136,0.031416532763441946,0.14760369424718303,0.206061696693134,0.028926289126071293,0.14526335878411498
P36948,0.15092251911546173,0.5770305332409275,0.0017242041162595242,0.13796061728036133,0.5677463182017216,0.0013985570997103853,0.1238120031092084,0.5557650559165151,0.0010961326952202376,0.11111327282851055,0.5439260298595535,0.0009630417069972149,0.09957038503411585,0.5326680686768878,0.00089043425429413,0.08900763649708641,0.5216928812757367,0.000950461439884423,0.0796992451784909,0.5114307743017469,0.0009092116435437639,0.07248760936165467,0.5023048955305799,0.0008778865916984952,0.06651193589065084,0.49420556619109235,0.0008009934754871214,0.062047349380398804,0.48777456985629936,0.0007173479607281914
P15363,0.25338633363247554,0.2530894772930787,0.060775991445801675,0.23567506564653584,0.24240918115396184,0.051624196581973245,0.21790291908746404,0.22966830442396596,0.041826135605803304,0.20278419163491113,0.21697701963219315,0.03359860541499647,0.19335132996195398,0.20461805673653802,0.02995976411536219,0.1888694312500028,0.19277859567972763,0.029977439218853336,0.1876722274451586,0.1822739438898257,0.03128274398083345,0.18886809417629424,0.17317528860616166,0.03316896374569333,0.1903189954375012,0.16531644187651692,0.03408250394243213,0.19031072362992957,0.15851141890706066,0.03341447438670081
Q01464,0.23290058607087363,0.35974254929031463,0.08685612908061398,0.19642269819795694,0.3403217140931351,0.06962867627471885,0.16107271242290222,0.3174521357920936,0.050565380810048605,0.1310861889685243,0.29316273711067437,0.032696924732636204,0.11277075421430782,0.2688558323445417,0.01902130516287959,0.10901862969988496,0.24727537508710212,0.013068379967385534,0.113350794561171,0.22805366009206668,0.011567657235640624,0.12019125140179267,0.21104292800074465,0.011266159921255467,0.12535444443885513,0.19679925424250239,0.011038412490764756,0.12505956938167467,0.18507578680908712,0.011095824206619885
P43131,0.25974736055238323,0.05933456491968122,0.24762290593877878,0.22766495958477606,0.052399100034088916,0.21828225459349296,0.2009235820540577,0.044830241374275256,0.19038268510944154,0.18139156501338113,0.0380580944105378,0.16854583508625132,0.17237067489608338,0.03170468551480543,0.15690124022502652,0.17568852052631093,0.025811082969645793,0.15844301391552812,0.18623892413975524,0.020802700576743938,0.16672805982512445,0.19653940852287907,0.017600247672907045,0.1758248527672439,0.2041219163256673,0.015690237778537286,0.18302203088788016,0.20732005648967758,0.013926955016926607,0.18701468134544752
P46713,0.2487014981449633,0.24240416866193168,0.1220938653555299,0.2213784123575278,0.22990081115348507,0.1049169305051884,0.19352557262925973,0.21494031450521853,0.08467270814312713,0.1729719478590958,0.20045350512907756,0.06556352397025808,0.16281256615492426,0.18495552977489582,0.05081760743168647,0.1609590021125152,0.16928830852980925,0.04082646218556988,0.16363573834606426,0.15319268629842403,0.03461844963472336,0.16887923895086435,0.13766046335381787,0.03198842730761419,0.17317185041298447,0.12350983603383153,0.030980537134078445,0.17635254632135927,0.11117215579457967,0.03121466975317372
P19571,0.2745088625211929,0.2026754882130366,0.13039420031401205,0.24931173356800942,0.19269998605523753,0.11384474282141822,0.22414489202279209,0.1815749991699073,0.0950809073717435,0.20521469692915337,0.17043033935196455,0.07833330926328284,0.1944501799172397,0.1589613329321713,0.06684832806366107,0.1901918861104514,0.1470828472819668,0.06096426237549579,0.1911013160385035,0.13556057658145573,0.05937496774573379,0.1946482278038541,0.12447608672891944,0.061294117556820765,0.19697936679934766,0.11410358469991862,0.06380326309586816,0.19968883468124873,0.10551115005463613,0.06541895674053848
Q48919,0.6504019542038322,0.035767527068427285,0.086408414818337,0.6391780972853345,0.03417722368865053,0.07713670010820728,0.6267735854085377,0.03214130132367254,0.06613094600807554,0.6160545633778027,0.029768141885496698,0.056310167151536306,0.6080778498749393,0.027283270803164894,0.048828875557147815,0.6029849930432144,0.024678521747448903,0.043985762551153745,0.5999412749809842,0.021922084541703208,0.04121712841466815,0.598695008020195,0.019109270695183398,0.04051697693437507,0.5990224650716293,0.016384367633185258,0.04162810878403133,0.6005103628736109,0.013828018866484168,0.044274968241963114
O68575,0.26206542450622644,0.27517393849171956,0.10221681883566493,0.23387479551268758,0.25970772498684047,0.08744978202702447,0.20621131105419313,0.2414412213394167,0.07026757092694819,0.1857584595733239,0.22271218935746653,0.05433790773940859,0.17418174145299745,0.20473959560312247,0.04268951151165268,0.16927164012712578,0.18680879650406618,0.03595624764140829,0.16951907190010806,0.1685569498077318,0.03216855786072068,0.171612520879752,0.1510585814596263,0.030530754187064045,0.17482261007805383,0.135399676693054,0.030023569102602992,0.17702033524411134,0.12145363628177981,0.030539770696299574
P0A3S3,0.28637175422392147,0.17159122939973218,0.13298808561976602,0.2661711435657012,0.16719335538795352,0.11768954845618851,0.24766114674486797,0.1609602050272676,0.1016681203357127,0.23267839354385553,0.1539940402006994,0.08879286725288293,0.2248052567343263,0.14672447302042257,0.08226609233758524,0.22334979465770974,0.13946339847373823,0.08204150140243778,0.22219236142114823,0.13213793236302193,0.08400416340122165,0.22207744445483882,0.12487859183998638,0.08678194420788717,0.22192806096263562,0.11781079205762994,0.08894315336704704,0.2207757150326199,0.110875868311065,0.08959063884067553
P0A2X4,0.27786319933290665,0.19234001750043705,0.10449183697792697,0.2582116420406241,0.1831591974620047,0.09169370884361584,0.23936055448146748,0.17283269082740785,0.07825987134931556,0.22502694011662455,0.16296948223002727,0.06655822971845039,0.21786698724920217,0.15390881588903033,0.057959387312274,0.21622970064273325,0.1454657974030312,0.05330017697938153,0.21558187739803375,0.13727533373763443,0.051448056873043914,0.21417863829960276,0.12947700164336642,0.05040199058489786,0.21226058565327688,0.12256297081820315,0.04966029401798053,0.20936129806252815,0.11700466813501734,0.048629568635142895
P09616,0.3052049371762627,0.016981761589732067,0.25194404817481425,0.28182223241672094,0.015483423391809931,0.2292922003636326,0.25799568895446673,0.013847819971451248,0.20508162696749987,0.23810510114898834,0.012488333948491229,0.18454799919321835,0.22489405605441282,0.011386139126440806,0.17138367886220368,0.22065128022355399,0.010363210898230005,0.1672884803775744,0.22072879432318232,0.009261766784781942,0.16729061342276116,0.22490962878552853,0.008321646626278474,0.17034625024040534,0.23245684084571192,0.007638862458241942,0.17510818862350955,0.23933756925022037,0.007215757073228863,0.17931996892083224
Q08291,0.18864333312560394,0.5473265871558229,0.0006621493816773936,0.16858775014921662,0.5303702358126813,0.00031221924457744394,0.14755892153221276,0.5108610978444026,0.0002654043326376071,0.1267034218498447,0.4912542757087456,0.00028397861681007225,0.10811184783793236,0.47364786703019596,0.00024341228690548245,0.09586536624330916,0.45919044710931456,0.0001983550907448814,0.08633144169469861,0.4472456807576734,0.00016871293100075913,0.08011738147710555,0.4385977742877174,0.000159855550423161,0.07651302759404564,0.4325824854723129,0.00016115445465331952,0.07496147374479341,0.42884165587819,0.00014902179903609683
P20910,0.3829243877106128,0.012863866422953162,0.18191781109266036,0.3655579467971821,0.011882729634876656,0.1655696584260283,0.34709380909100757,0.010789182743258248,0.14705665811707233,0.33171978944698205,0.009821098224148384,0.13078747554256442,0.32166860654103724,0.009123480672838509,0.11966609075069554,0.31768941990165367,0.00865672818637783,0.11506009394459911,0.3184569299990442,0.008347146080092066,0.11531917771451967,0.32140091600312287,0.00804160796468689,0.11862118171329401,0.32592944691775244,0.007692702719167924,0.12370191989738231,0.3305247078647387,0.007314265148736765,0.1285381008620547
P34959,0.28631960957060715,0.5221441057933194,0.00015626801719626908,0.27283932958647844,0.5177830557972317,7.612402954054895e-05,0.2562415530366289,0.5101592532579123,4.3202097359410157e-05,0.2387008524864766,0.5008868945621373,4.098264362057697e-05,0.22101915253174917,0.4915766338865772,5.508166660356844e-05,0.20450317992336792,0.4828048841655182,7.318987806965367e-05,0.18796138002106302,0.4745119660553166,5.822388203287944e-05,0.1715811737776385,0.4667432726252726,3.9616237270414106e-05,0.15511729930921392,0.45950536147987664,2.7453420144475362e-05,0.13873640684378827,0.45259134653870187,1.9876331746025613e-05
Q9Z4P6,0.2973207909581338,0.12041878218123972,0.13917641372077758,0.2776848820610759,0.11406469038119756,0.12377728192709722,0.2589719954586837,0.10644873606406224,0.1080103754876096,0.2446137814948109,0.09850293420610828,0.09617376373712726,0.23694702440074192,0.09144549172190511,0.08948010886234808,0.2342159227167618,0.08522664250865168,0.08693629442210543,0.23371858015267272,0.07996162134744325,0.08613006666031599,0.23478761609727686,0.07596835636171066,0.08601346353491503,0.23748036439193992,0.0728616043851586,0.08691783247369725,0.24162322801305886,0.07062696351331466,0.08928124890247592
Q6YPH3,0.23914183657070495,0.24745877014482132,0.08761319900208575,0.2190417535494242,0.23499559573181383,0.07688889925662609,0.19857370876066424,0.22010136658112134,0.0655411003108647,0.18185431042323455,0.2047581202164213,0.05641488417463936,0.172417602025531,0.1905781275545202,0.05037865352197756,0.16812319758970176,0.17700683529576774,0.04755847817420931,0.16571893890159636,0.16460855123783102,0.0457610922501393,0.1627222356790538,0.15309815044047703,0.04411804954332353,0.15940494454020135,0.14350614734237868,0.04275412698245095,0.15773094221222572,0.13726814410507862,0.042079102453392844
P34024,0.2684457639744169,0.24398893815791284,0.08395714423570834,0.24662159151041543,0.23250720262418675,0.07347282186254211,0.22315457408202902,0.21855693715818328,0.06148188747766175,0.2030546663189309,0.20380003795227258,0.050938629634753096,0.19150641316045766,0.18917019235779775,0.04301075380627326,0.18635718824163483,0.1748039795638921,0.03816383490996669,0.18572614791054787,0.16114296724667745,0.03644928426959954,0.1882980256177503,0.14878471694027567,0.03694734713222063,0.1926840323106331,0.1372220969982669,0.03820548622756091,0.1968874667910582,0.12687976719329042,0.039195304200151534
P45829,0.18208393661990863,0.5221987479250362,0.0038344983575622905,0.17143618781818296,0.5166952300830742,0.003116695779468217,0.15994956844618746,0.5092764131998753,0.00253109502725725,0.14938698638960302,0.5014340706697922,0.0022970805712665405,0.14046858232794268,0.49380612488216197,0.002488250226689896,0.1325152960401434,0.48602253029643705,0.003078615715167308,0.12360708198824492,0.47811757639395136,0.002993163837377761,0.11372784152738058,0.4696889683936455,0.002725749725606921,0.10422684394627503,0.46152975622499404,0.0022500411850696934,0.09592676077990023,0.45375840041207594,0.0018030417793417311
Q04FF6,0.20710395423107036,0.37123260881255193,0.044103712966239966,0.1866793043882358,0.35709999369536627,0.037172840824643005,0.1677989013885278,0.3416591065713349,0.030135263952113668,0.15355705201044242,0.3269868562752415,0.02458705090376044,0.1446303014087534,0.31373903877566556,0.021003444898209697,0.1392073491641112,0.30131900592921274,0.019895082186232566,0.13482206918024853,0.2896092253399558,0.01948497565466819,0.13083705235260099,0.2789536700198042,0.01932688750793915,0.12749748952545628,0.2693689807605677,0.018717424394768183,0.12594534726485998,0.26182934866674507,0.017381789064732513
P34020,0.2572988661802829,0.2613397952725802,0.1059416560446069,0.22841720974999036,0.24604240776194866,0.09061889945498848,0.2005431505843613,0.22694637884120025,0.07403552219754858,0.1794424503606941,0.20566442879356694,0.058163430316177454,0.16550957048220744,0.18413868790611823,0.04442385980962308,0.15863991237469907,0.16289319215028653,0.03424665875437191,0.15810653285840398,0.14268421928796388,0.027811683696533914,0.15999927750541953,0.12386898430676258,0.02382329278576089,0.1621716453423661,0.10682732903652487,0.021628660834099697,0.16317062493743392,0.09231877952149134,0.020952846284078102
P81102,0.23520877174153837,0.32091428711451436,0.06228571439874858,0.209242187828599,0.30392488524937117,0.05372779716553239,0.1820988088532319,0.2847505995272727,0.04345413478742715,0.1612193768514088,0.2663547860960714,0.03331619017008654,0.14843634526051047,0.24931359216765137,0.02543733306581475,0.14335005001279072,0.23460713085410762,0.020690602628209372,0.14244589400963487,0.22125465006932535,0.018213021804413806,0.1447870575753871,0.2109692925813718,0.01735628157217746,0.14542334412723398,0.20384153679839753,0.017578848436981948,0.14515785648542656,0.19827072119719924,0.017980965185374558
A5HZZ9,0.23896696893535568,0.21209680303721645,0.12952566715892652,0.2204670982654988,0.2055472031124284,0.11541122983502852,0.2024803130168137,0.1984130655978337,0.10115537641571974,0.18803419107400576,0.19130726139041826,0.08958580852195294,0.17849475468671064,0.1849652906131341,0.08251820151727149,0.17458339383824456,0.17935643570002358,0.08060326137629635,0.17379827945488474,0.1746005141445779,0.08135922505699707,0.1756190204543973,0.17081019636715464,0.08410029831772882,0.17828636864571248,0.16757683073162288,0.08745702413467346,0.1805135644392508,0.1646215853807335,0.09015057537495741
P07373,0.15896602902811857,0.562101665464654,0.0008094278924869831,0.14848035053610828,0.5550452118526051,0.0007027928416868987,0.136334674227339,0.5457218785605619,0.0006247994658047551,0.12477961965130675,0.5362544688049755,0.0005917735499558503,0.11368125668416008,0.5268624979351201,0.0005829226598398562,0.10327443385821143,0.5177312865861042,0.0005805509036216985,0.09352710221236347,0.5086072512939173,0.0005733939488030736,0.08537339385320165,0.4994818381988533,0.0005398775105794014,0.07843589993250118,0.4909779918603594,0.0004929160031557242,0.07292340078086226,0.48332558277563287,0.0004435924438061061
P42175,0.3054777133187508,0.19254392428364686,0.08755823692307102,0.2867603149296587,0.18358503981595797,0.07687714136416858,0.26738252700929843,0.17295588214788393,0.06605877898468335,0.2516040537957024,0.16267432177028052,0.05717322054770368,0.2415247759609975,0.15349411887729097,0.051696898773290804,0.23684868914258272,0.14529743325386105,0.04974808930517386,0.2341424695012581,0.13752445699381513,0.04918138344235904,0.23260297286875245,0.13059666149085158,0.0493031991540974,0.2319470676442715,0.12468287772064969,0.050262921340099666,0.23198943457923393,0.12009826836045216,0.0509779791244763
P71756,0.2581251999891131,0.2859576928411817,0.08761383366225473,0.22745659347893202,0.26838058118612385,0.07280445816279262,0.19901956595772016,0.24873158912980617,0.05772677736974293,0.17941350994696031,0.22898996924765813,0.04544592638805707,0.17103637239778363,0.2106604127202823,0.03762121359357698,0.16824012521496182,0.19229984291558083,0.033244292484594914,0.1670859483604658,0.17510126461330908,0.029545798851840256,0.1646902563125258,0.1590778802494007,0.02543632800494502,0.16267876571700177,0.14444060710601464,0.02170702087355294,0.16544907025556618,0.13270231063931903,0.01926237855413776
P68575,0.2936292190088388,0.30957055146922274,0.07983482298182538,0.2609689514124986,0.29619104561205045,0.06852183078397413,0.22479194092811947,0.27935712441132093,0.0570624167044138,0.19056642963173823,0.26076215617306764,0.04685947146522442,0.1582241345878433,0.24181599389156974,0.039574058488335465,0.13321209457875438,0.22295967345813308,0.03836068532085759,0.11737651956660299,0.20681885752416065,0.03882073130758139,0.11879622037694519,0.19409683782153894,0.04364485340291759,0.12850462807056684,0.18448891681452956,0.04997694730277967,0.14117515119517576,0.17620301869543267,0.054544238519305434
P22326,0.21058514531225425,0.3191381073022916,0.08921930242407161,0.18607690667586635,0.30509167487842614,0.07749302273933249,0.16357727414916395,0.28970196894095884,0.06653902524582064,0.147813374653746,0.2756110606474378,0.05795075001005895,0.14032144570700325,0.26385218372514113,0.0526910294020798,0.1379091210748155,0.2528469136239543,0.0499811244987778,0.13691536888912753,0.2422691708258315,0.048054638564140155,0.137028280937599,0.2334766451885691,0.0467284679693946,0.13776411466799932,0.2268396853495266,0.0459381813777769,0.13786754190011738,0.22225834175800588,0.04512285400608405
P26829,0.26364178159983026,0.21175622569238534,0.13592841527119395,0.2327201311984425,0.19861376528827418,0.11626641240958892,0.20139396220576966,0.1824843895041711,0.09512944322841882,0.17661733165245122,0.1655205594825761,0.07618425322245874,0.164877602661108,0.14872341309364132,0.06380843455086739,0.16453275437393644,0.13340196079657957,0.05789662871344548,0.17031311803349478,0.11945423887447498,0.054767007782007444,0.17909552681739085,0.10744909516467775,0.05349533760536237,0.18738771280438973,0.0976122932820351,0.05368057646527089,0.19269397969076751,0.08913696159423104,0.05443340434532433
P46105,0.17620216675280936,0.5878556988574084,7.200987161565068e-05,0.1648458836115413,0.5787853149074653,6.0383439971657205e-05,0.1515616131687739,0.5676047516263473,5.235366589607727e-05,0.13876736284641772,0.5567298388649196,4.727163515056086e-05,0.126996185711253,0.5467705389787466,4.316337631802635e-05,0.11615177928475001,0.5377892836363415,4.1613223634697494e-05,0.10631218882628202,0.5299869955744626,4.064622314719583e-05,0.09740731378867876,0.5232448052424015,3.802419343431915e-05,0.08995367269885791,0.5179640783103681,3.2733749343770214e-05,0.08336806267697362,0.5135959045699744,2.7797037897966756e-05
P55179,0.26817815463333616,0.215965443807056,0.12692041778394564,0.24665981536016648,0.20737898653417222,0.11189842909212241,0.22547004973590373,0.19770599514416745,0.09510717645681198,0.20937921065238724,0.18759476964623165,0.08047236024071759,0.20024657919673744,0.176400224608151,0.07084011865747278,0.1987581382933064,0.16448324934742112,0.06712366778383758,0.2001639561914175,0.15241119862442065,0.06618784112050671,0.20112263146976578,0.14069776326903413,0.06557719478691036,0.19874146668700066,0.12955465608067998,0.06366538853867851,0.19379420950077683,0.11870192672950058,0.06067463804370554
P06535,0.20571176051560228,0.3057654246670962,0.127824794395104,0.18362971786796525,0.29699143490777935,0.11629616411168349,0.15958023704895866,0.28643018212184734,0.10172210224188183,0.1379908423600408,0.27618643126775805,0.08686236645581315,0.12039737518166713,0.2666901047274836,0.0737051306942201,0.10886951091785181,0.257097685958083,0.06403443993647648,0.10398145395169289,0.24766577660553307,0.05891920044484987,0.10738398717086307,0.2390078896656326,0.05858514406298513,0.11476802982114738,0.23115132654902412,0.0616102927945656,0.12346937016671493,0.225391782056136,0.06518068857129804
P37105,0.22597104328372372,0.4378965348006562,0.056283010580908004,0.1929315555644016,0.41675767339562897,0.04454787450475682,0.15815631830893784,0.3933184759244697,0.03139382472513325,0.12868783160066619,0.37066798325269845,0.019170257360478123,0.11168612714556192,0.3506876670467913,0.010453600577242005,0.10599982714043611,0.33281431216475116,0.00611003624493694,0.10750858432611725,0.3168644085353234,0.004621178392193829,0.11195557755211631,0.30313355714739865,0.004178268911580988,0.11660349579142432,0.2907872625565527,0.004019941942112877,0.1174322093166724,0.27973715668936455,0.0038580918703889117
P39128,0.13842951721035424,0.5780751475579222,0.00031829121285192663,0.12616791700513422,0.5698888061579507,0.0002678920029775364,0.11310381622054004,0.560722384231399,0.0002391819756309864,0.10202952835983232,0.5528170270787298,0.000227321312328005,0.09398254722537573,0.546941606358968,0.00022606597951173147,0.08778139044501053,0.5428326340770697,0.00022280638847144653,0.08332229523485675,0.5398463466166864,0.00020085254266292976,0.08049301357255854,0.5382614525336721,0.00016936690411787996,0.07853907344466012,0.5375698273947492,0.00015402599816048993,0.07776571379820939,0.5380613032760795,0.00014470500005694064
P38578,0.3712651153914279,0.22364412690174726,0.014874977577972803,0.34990987792272993,0.21141348960190104,0.01303754678220555,0.33429988268436334,0.19758747404304003,0.011862854873501095,0.32625567668817274,0.18306900154834935,0.01189989919080973,0.32120745657724203,0.16848007405272736,0.012496492873321954,0.3148384376373672,0.1525247610158924,0.01261670646740106,0.30366280579977567,0.13683794495572843,0.011802823178109599,0.29241870457993324,0.1228132581881751,0.010702332086239993,0.3002206552093083,0.11411797668053365,0.01011955565743171,0.3088163224934944,0.10437623335359635,0.00995426242092087
P82594,0.33027188031462257,0.02905477769421544,0.23734291935129936,0.30319815860079946,0.02650227906794158,0.21424545448129984,0.2779461413180431,0.02356599079775303,0.19139336696858356,0.25858765314438176,0.02071213650162809,0.17229023949360092,0.24682624507820153,0.018034505049570552,0.1602127748877818,0.24388720498164507,0.015532823676351197,0.1565283658747525,0.24588311617081465,0.013349709879119433,0.15797228334198765,0.24975114188721032,0.011624988918025363,0.16218915596705838,0.25516544713306033,0.010329106134388387,0.16848944707476377,0.2615126263962947,0.00953760549685424,0.17594427979427676
O34742,0.11799624719046735,0.6105367897437958,0.001201071052086974,0.1069612322579484,0.6043948057312871,0.0009479447080298405,0.09652080001904323,0.597010607441101,0.000735644818986066,0.08760423359216102,0.5902416978706929,0.0006353997955440128,0.08055678950328378,0.5850396583200758,0.0006483121756026643,0.07531241244422644,0.5815011838329874,0.000709322498082191,0.07106053007213091,0.5794421664551695,0.0007152643639458299,0.06917193054578952,0.5796598856651604,0.0006267747852912524,0.0683095955789013,0.5806690847539817,0.0004913586535013802,0.06815186704472045,0.5819472740706502,0.0003714979249344019
P42983,0.33327865744193685,0.15506468883932373,0.10367305492180036,0.3126975931524143,0.14754161234088772,0.08701069340260628,0.2914498045416835,0.13756771370174184,0.06805657921533151,0.27351432278557103,0.12751209299826444,0.05052289625411117,0.2620008877454118,0.11656139815142738,0.03748300440787611,0.25876654762317836,0.1052114854667825,0.030658078540113542,0.262191498060152,0.09364147321952723,0.030803918488688305,0.26477814618677037,0.08279770350634114,0.033196711607828125,0.26966644128136236,0.07313051739064313,0.03753480484738513,0.2761849624990425,0.06544201084349412,0.04246890206389389
Q9ZN78,0.3187493461829211,0.3241273955935926,0.022470163749434703,0.30323851794071277,0.31425745027202323,0.019713866438416078,0.28712924714789906,0.3021587386101976,0.016908500966819142,0.27293211550754853,0.29060171339722496,0.014555030672325402,0.26150181770127773,0.2796691144537732,0.012899558738315452,0.254172560669924,0.2698351942162413,0.011879051855143638,0.2491752336617513,0.2608531861754615,0.010932561074651235,0.24578556979784483,0.2526524491349509,0.00989809895759736,0.2432168338868059,0.24504346305612476,0.0090267858306531,0.24161667410932683,0.23829873627120104,0.00837314855513862
P54104,0.13271269799405733,0.5869356596747262,0.00042077607579118316,0.12189661646196469,0.5787837810835637,0.00037359209692080153,0.11034730448571561,0.5695100113265921,0.0003338811090745808,0.09884372492361261,0.5601317001199138,0.0002959580678698053,0.08833851887481106,0.5515382959996815,0.00026447893599111053,0.07900314532936871,0.5434437833338187,0.0002359817391868263,0.07293479113215576,0.536529552976829,0.00021119119063993022,0.0677017360397536,0.530271760237502,0.00018977434101359735,0.06394068854204069,0.5251887005865584,0.00017388738715397835,0.06107976378408955,0.5207889958811244,0.0001621502250177639
P42014,0.17164028308017718,0.4274567616284318,0.07674657021416824,0.14477927786623843,0.4116950789519674,0.06377010762587403,0.11921513529303845,0.3940507558056171,0.04932680580585347,0.10148746118307533,0.37670825497521687,0.036461312408427,0.09509180068546277,0.3594813811055897,0.028045443232878744,0.09577371957869489,0.3425718845661718,0.02396533994800657,0.0983573257883161,0.3264890641456954,0.021483053945862737,0.10188190208462411,0.31186655169148,0.02069008912508877,0.10409473339820981,0.2989627604240941,0.020249863371861365,0.10498648476280499,0.2891894497079552,0.01871019470358292
P13267,0.2351532197661022,0.3250611456606179,0.06587527791048753,0.21297190917166578,0.3096791953447303,0.057319438532344516,0.19046328621008424,0.29214967602981445,0.048134333182147236,0.17243383097422305,0.275466702516859,0.04013082177459152,0.16045598606989178,0.2606555750378022,0.034381955226866066,0.153912909342601,0.24824201594698514,0.030558575504440133,0.15113920815017043,0.23775377290594052,0.0285612733989553,0.15073133408998474,0.22880961405221165,0.02735478681488852,0.15226897587414473,0.2218195126696786,0.027377466829622207,0.1554784731036775,0.21683016893669163,0.028281325803362747
Q9EYW6,0.281378439933185,0.00993502346793988,0.331352949725731,0.24719735801550005,0.009004648457300738,0.29643944856360205,0.21160165647363743,0.008189033261546495,0.2535259586976019,0.17988212382432023,0.007762076343012153,0.2120378945349876,0.1598042338580354,0.007404022636319012,0.18135933566010218,0.15448655600579428,0.006733785162822442,0.16555227506021059,0.16275309633591437,0.00587559223933563,0.16583726458659123,0.17846688334072092,0.005002068158442112,0.1805252536554991,0.20183166532152771,0.004496285855170908,0.20538788882733236,0.22703233945430085,0.004402826950496479,0.23346991025446034
P20487,0.07610063925735844,0.6697398873495624,5.762233526838073e-05,0.0622868635966,0.6647958249999143,4.987412726929473e-05,0.0508284448590696,0.6587222716218919,4.307680168858761e-05,0.04197555181395056,0.6534754573670033,3.844219631525376e-05,0.03617806518344302,0.6498106721986837,3.6083430530723024e-05,0.03305056318339429,0.647106786138788,3.3222990264356695e-05,0.03246415031442633,0.6456516413134114,2.8604151793197047e-05,0.032485734759356816,0.6449149750310372,2.4429077416139996e-05,0.03354334217669321,0.6450306314872202,2.157636178799807e-05,0.03353311576825456,0.6454576141910827,2.05082148667122e-05
Q6E3K9,0.25097208629241546,0.2314154690961823,0.09257723078277244,0.22977294133629514,0.22161066969550527,0.08231640941868647,0.20934174481033616,0.21041533906568755,0.07167656447136042,0.19335950263918275,0.199485469028416,0.06317032516546206,0.18328289245935608,0.19019432522399707,0.057414424432497654,0.17859545488739204,0.18176801844830012,0.05354502335136815,0.17705181254933752,0.17383991782257113,0.05121940616664123,0.17748896574886694,0.16704972366912788,0.05085065618222688,0.17870922464408756,0.1613227971352768,0.052621577323327104,0.1795046409842814,0.15649128015567187,0.0557609196469455
P0A670,0.3262471510767058,0.20651029905845147,0.07603562874465739,0.30583039943615836,0.19740190183232706,0.06735112759317151,0.2846073045935743,0.18697804938225585,0.05793107529220743,0.26734938325618257,0.1768626093114094,0.050692713291669904,0.25688045285777844,0.16862232062013394,0.04684386635985382,0.25341708090511855,0.16192815414935008,0.04642505402877742,0.25432166865164835,0.1568248842404204,0.04766202659716955,0.25608834905347067,0.15171957268324068,0.0492191699058643,0.25440106887179814,0.14523693308774624,0.05023651964215566,0.2501195496117192,0.13767918621962047,0.05041581644442244
Q2FWV6,0.17080555987462365,0.5373620449544952,0.00027321925616233706,0.15525946075117456,0.5292857346859104,0.00023234437730967905,0.1408472794892826,0.5184696275036073,0.00020155691536780595,0.1287944368962161,0.5066400493216704,0.00018303936429889812,0.12139044395527916,0.49555918241658575,0.0001734308925864344,0.11515307249525274,0.4845361704529919,0.0001694146860116618,0.10930218020736762,0.47357422028049717,0.00017266791719497935,0.10383074632175944,0.46312565943980577,0.0001810851930554436,0.09860210620525121,0.45290758095992817,0.00018995917098124768,0.09449153382359778,0.443905969494398,0.00019283041134952235
O32130,0.31085707768685056,0.20910580670833617,0.09037844679136332,0.29294150619222914,0.20003508367108266,0.08062751641620379,0.27517497005184494,0.1891206564519277,0.06970475132610435,0.2605223311741521,0.17830380396470155,0.05974461734105242,0.24863619790517347,0.16762507786545755,0.05186115866154038,0.2394033546351127,0.15725612627363827,0.04637014253970816,0.23236318870381167,0.14683027285993341,0.042817929864159256,0.22804465726360987,0.1365782357339247,0.04143589614259196,0.22553283827416096,0.12648557375851058,0.04134605702378846,0.22321771169365437,0.11672477983897833,0.041171181024380915
P39129,0.13983583070180425,0.5628225424136084,0.0006242295312157082,0.12671000551853595,0.5536128751808554,0.0005244819505883237,0.11289376801038735,0.5429768235843806,0.0004378033681987804,0.10012465393834621,0.5327075081698048,0.00038661524385064403,0.08948167846896878,0.524539797583067,0.00034743066333997987,0.08108724794085227,0.5182549424375053,0.00030975514223223076,0.07515621117996409,0.5143307465565662,0.00026854078396294296,0.07091634590385902,0.5125026153200543,0.00023074568452972904,0.06769989413839975,0.5119515941779513,0.0001996468779708203,0.06544310365309994,0.51174573542888,0.00018037021413331515
P10424,0.24273327220341126,0.264665253112838,0.0936098758889508,0.22082829220822353,0.2524677059240177,0.08139975087873712,0.19710855429472376,0.23796153779462859,0.06739434025868418,0.17527101993080074,0.22278335710195896,0.053985188466527285,0.15961733126676722,0.20811861465832104,0.04395974547751604,0.15184814309816186,0.19406887321672064,0.03870759954502097,0.150875633090294,0.18082796801151946,0.03790364997706979,0.15591980039803371,0.1695525145897007,0.040443139822028254,0.16303989018743123,0.15984412528887498,0.044070805634263056,0.16911545250643226,0.15181758135632864,0.04608338695341889
O06493,0.12051603426793303,0.6156304721416248,9.370912093077944e-05,0.1088886138458008,0.606267597553017,7.609363584287585e-05,0.0966150333124159,0.5946638431092748,6.692030638645855e-05,0.0844654718830725,0.582539146740255,6.214301871260794e-05,0.07407446859143564,0.5714324892621692,5.805781573888963e-05,0.06581103261464091,0.5620974628151642,5.306263329183416e-05,0.06027579589909975,0.5554366849471075,4.717162452411982e-05,0.05705431450786246,0.5510697998131224,4.14938868512995e-05,0.05513251715033054,0.5479771697102855,3.736207889165094e-05,0.05414562173831582,0.5458920593739914,3.328005135400281e-05
P59959,0.2534721779611486,0.20319202037301262,0.13359353734766585,0.2285857660769358,0.1917875546830763,0.11975919955315793,0.20526971574787992,0.17844520226238317,0.10552354774946854,0.18676891878240606,0.16419993505013925,0.09296091555591916,0.17460728048181517,0.15002185424734818,0.08266317314084541,0.16625789911969246,0.13499683377401858,0.0751153356063205,0.16094746022722434,0.11990648752521038,0.06976015800905155,0.15892175021751614,0.10678690583053065,0.06570315942145355,0.1564191960381809,0.0942368093846322,0.06225780733201109,0.15562080766736444,0.0828734392884707,0.05963614882722558
Q9KJT6,0.3405004137629395,0.024653693033680146,0.20851833588670907,0.32212223548812474,0.023205110907454033,0.1907830683876589,0.3036350522441317,0.021307935676045015,0.17088843424112013,0.28741574013001525,0.01898474320599435,0.15254486179441637,0.27638520305549086,0.016643225413125164,0.1393242928994887,0.274295393893274,0.014495378541438356,0.1348457526697617,0.2764246869361893,0.012583110247746858,0.13467712861291886,0.2839050837119322,0.011075189911691045,0.1402358703643055,0.294131747895676,0.010013665973747017,0.14942038675857927,0.3042253043500645,0.009137111059524194,0.1593643303761507
P26380,0.22067880661548092,0.2680010537323768,0.1341672555241258,0.18393533908864915,0.25066348960100054,0.11291302454296676,0.15107088542783473,0.2299821211458283,0.08720505101313275,0.12866336690763627,0.20703170328904336,0.062238016115762726,0.1174958786561657,0.18234671973799843,0.04084878978945842,0.11671926834748264,0.1565798307896376,0.027088310556637442,0.12586475547211462,0.13086305247594934,0.0210318825690215,0.1379834284755616,0.10662977430151728,0.018862070204853594,0.1462313719536207,0.0858846844177629,0.0177844026063471,0.1516191179934847,0.07216817791027817,0.017253560640148685
Q07428,0.2647682043394079,0.15371025903231256,0.20417860856616518,0.23655574455522255,0.14490760247119974,0.18797483941746937,0.20772100497536353,0.1347025726389798,0.16769902129200326,0.18073166171225555,0.12211326567531268,0.1466435872846741,0.1606012552755415,0.10879170881947406,0.12668500376513184,0.15024007372401157,0.09437142596681068,0.11009639084582556,0.14691898074095278,0.07979197915912938,0.0979688246297495,0.1495371527296656,0.06525647825575984,0.09080715776221879,0.15665192942433415,0.05114595189856311,0.08729177548830112,0.16579712554523526,0.03816606411168114,0.08551314815678582
P0A512,0.2477438232691112,0.3686300699973637,0.04042892356639945,0.2264056228285988,0.3553007382045678,0.03349010126168261,0.2064703120420948,0.33991247100858957,0.027735204400401527,0.1916859507772444,0.32512712891351364,0.024546975272972216,0.18326655560399677,0.312538022890891,0.02383793974097643,0.1778676785587167,0.30133739580026864,0.024334291644383946,0.17400261263805364,0.2916552844566197,0.02493528122389314,0.16924874930513115,0.28253568224462633,0.024475896815151117,0.16435448644430678,0.27437066817780964,0.023900625739954003,0.16018869259812873,0.2673652967472519,0.02354486023517286
Q9Z4Q7,0.3746936251768437,0.1732753609314349,0.08249647258910589,0.35191371383623166,0.16330713156394985,0.07059785093234501,0.3291065112724778,0.15156098846346178,0.05772882916326152,0.31289565897563837,0.13943914384974349,0.04753189383999317,0.3085171913101406,0.12747254121031049,0.04339673362370658,0.3090713478612116,0.11580139255771642,0.04273374817694471,0.31047005032768593,0.10459620391696417,0.043295314009569784,0.30837945961670427,0.09458317885223541,0.04349870442039729,0.3015880808055461,0.08502180433520803,0.041927551780836084,0.2949685067421809,0.07601877703971688,0.03863462480978478
Q03VA1,0.19393474482119127,0.37769325116877006,0.0709502429071811,0.17631774454558005,0.3689481082115407,0.06396846712262999,0.16091887241715908,0.35915547322979785,0.05660673795142375,0.14898205972001383,0.35006708871709535,0.05026713327519208,0.14115750049808906,0.34205243662609774,0.045992149234718775,0.13611513998564317,0.33407998115563026,0.043905830216151236,0.13332568032909187,0.326564811352101,0.043607171560050756,0.1324489713216024,0.3192623898461682,0.04482264751091164,0.133137468725805,0.3129678519338947,0.047131120799806,0.13512388750496396,0.30826564176261495,0.049767983138541756
A6QH29,0.4643863784738533,0.18544497618745598,0.0015355228768919875,0.4585554351832607,0.18112951494280333,0.0010176383073622866,0.45243988515269207,0.175723436543141,0.0005971520653679698,0.44650013856656395,0.16978119062113126,0.00048493054456382405,0.44191058277792683,0.16424883462058945,0.0006093970830960073,0.43729035433450963,0.1590545439330256,0.0006537412191244028,0.4329725486467587,0.15423555536990602,0.0005822705235171776,0.4295960557319504,0.1501193624766665,0.00043090871783938757,0.4269115510707963,0.14658058504257818,0.0003177955364859324,0.42501512496930244,0.1436952497420205,0.00026765402242509193
Q7NAT8,0.19365069638823088,0.40644931514789134,0.043077801054501486,0.17515079220424254,0.3928547157732866,0.0377732506411542,0.15728725410109345,0.37761636868789,0.031683115674066946,0.14211024916349985,0.3621855730137905,0.026395494529155572,0.13178513454020535,0.3479360842891182,0.02238296788197166,0.1247392392303789,0.334836871647754,0.019338018702676735,0.11957260499213314,0.32338913075241005,0.016783554399761546,0.11615857391810906,0.31419194496082103,0.01478406461466136,0.11402367890768197,0.3073363397818796,0.01338479540484862,0.11371750226714646,0.30239870878542124,0.012375046446768323
Q46338,0.2666876945459804,0.21341783532518283,0.13445651643547896,0.23579189729659503,0.20172523940444465,0.11541855517410958,0.20089986666146462,0.18705097758817657,0.09392676852794477,0.1707964880442304,0.1712112867308909,0.07695919335909326,0.15216153214731404,0.15463031306467265,0.06729636193983195,0.14709913908806907,0.1371324487237481,0.06686617281036748,0.15477282301198397,0.1200509918742428,0.07376281338615757,0.16715132645690134,0.10348339902589848,0.08278869172670457,0.17657146489180375,0.08863850160801466,0.08783209100154507,0.1822828037574654,0.07722455547537399,0.08720312944264653
P81101,0.1678438078665569,0.48322326223693784,0.05369733037513462,0.14478515950454088,0.47134695124992615,0.04597779141925473,0.12346283178960407,0.45680521819942077,0.03630593017542093,0.10472669775112796,0.4412062271067583,0.02696264883562493,0.09391503403393453,0.42821329389816254,0.01946094873653468,0.09275748184859571,0.4181143743579963,0.016471433471891277,0.0963404832307917,0.4102799413038105,0.015747116288842834,0.10135472204891054,0.40206061364441487,0.016584785181173338,0.10536747481923182,0.3936467149995696,0.017243240048286878,0.10829959651171704,0.3847367698764668,0.017221939703016345
Q8RP81,0.25752364304468833,0.29935782629118385,0.10503923731559314,0.22895593657507754,0.28512082677909867,0.09035178041757054,0.2014391700208373,0.26887915732773676,0.07383489016966978,0.17959877984697262,0.25171488371069256,0.05834962128206492,0.16584501027808388,0.23506396826145692,0.04629241934664105,0.16028984673662403,0.21857526706400995,0.03983203009241635,0.15823868747136927,0.20203740807082557,0.03609359573300761,0.15768670145818234,0.1857937952340559,0.03384412136827163,0.15686659505466272,0.17006341446555232,0.032567453874315457,0.1560747261132061,0.15600596988591645,0.03228829382689093
Q07833,0.3280631928312806,0.015194487942036762,0.26609340609396087,0.29787229038802804,0.014243303848579055,0.2352525143081553,0.26620001001377624,0.013278068586213297,0.2024038334220445,0.23951799841439758,0.012558215153085348,0.17437744581311804,0.22372972630423252,0.011993991778991185,0.15757351013425552,0.2256084058282995,0.011466070311852348,0.15882343776597954,0.2360979268886698,0.011000985167792656,0.169317656108284,0.2521011288602662,0.010530916585912861,0.18602060069550738,0.26839650493226075,0.010087729727101081,0.20326157909801942,0.2811075116011083,0.00968418232708613,0.21671466291628166
O07002,0.167332083228619,0.5761765761873092,0.00024645044584956853,0.15595072453807488,0.5670348170244294,0.00020871443077206627,0.14265641502796617,0.55543589713262,0.0001843497969158209,0.1289606493352544,0.5433203320056058,0.00016658731597604342,0.1158083221851648,0.5313277325872579,0.00015111017043117168,0.10452764811085798,0.5204434454905311,0.00013901112613024416,0.09429892832079873,0.5100746875866886,0.00012815255946706572,0.08514633027313162,0.5006512232906536,0.00011168819629768143,0.07594901512306317,0.49194294486366036,0.0001020619095679435,0.06692425043786487,0.4836584960378167,9.232959089627068e-05
P50002,0.2537925990112257,0.2705028496861165,0.09860206224102287,0.22893719529636058,0.2584631995515691,0.08497584215577096,0.20557850817644807,0.24491150214295881,0.0711441850029284,0.1863654539110479,0.23165285647577605,0.05841241904879425,0.17204863071779136,0.21855310961762905,0.04723246218557345,0.16427029246905323,0.2050511062671605,0.03979015909413784,0.16323663203982083,0.19143329749612858,0.03601186552374738,0.1650486639789608,0.17796806131185328,0.03341926905297115,0.16850385607680182,0.16555372529022738,0.031663506903588524,0.17300711931385768,0.15383177220600894,0.031116228212680286
P54264,0.2538624420511404,0.3113241500207564,0.044249739815773265,0.23346543215618087,0.2955202348220534,0.03780405994396001,0.2145036777283422,0.2785460377172325,0.030895872578174468,0.1982468199260483,0.2610146774711847,0.02515125163353505,0.18639448548646426,0.24372481073731772,0.021152185768407664,0.17888159863040082,0.2286202823991731,0.018878763281161344,0.17491394767801882,0.21475761752599046,0.01784483749788386,0.17226917569271266,0.20348690554151058,0.017641970758321003,0.16982821269043114,0.19418518262740372,0.017629924391027584,0.1688084901884204,0.1883259493483833,0.017629072306221773
Q44856,0.20701875255496965,0.36084743839453104,0.11112296434273841,0.16956875876447544,0.3483130032752946,0.09208917464213787,0.1333468320262744,0.3305667296088829,0.07367514371181512,0.10167090384799794,0.3086474481425469,0.05589717596550021,0.0822551679006403,0.2850399334349212,0.04022654433311454,0.07788630170370744,0.260350775328879,0.030054846072811163,0.08847947347392637,0.23531295169533556,0.02817540106477712,0.10394446590775798,0.2106017356125249,0.02745134218650873,0.11340166831763597,0.18597869977070866,0.02256414983992004,0.120541513248906,0.1631705474224022,0.017305119185624728
P0A672,0.25522345556530124,0.315558052625695,0.08805410863484993,0.22468162156905103,0.29799771597641783,0.07465916861129647,0.19480710784802424,0.2786439160419976,0.06013163772682692,0.1725783293056291,0.2629764779021193,0.04766199725592964,0.15625734646679582,0.2500555086532829,0.03897778849004476,0.14492126303130837,0.2379825142321237,0.03585924488823896,0.1380977663761644,0.22661261823724405,0.03592990901374796,0.1363939594855341,0.21657123580170418,0.03815619798291145,0.13979098157599595,0.20861951230587056,0.041320273801176775,0.15029322637219777,0.20402549890396912,0.04413845903634644
Q59634,0.26835089677993906,0.20645282463978334,0.11540951621055584,0.2470802565370953,0.19826196770242538,0.10251834369622645,0.2262632296877277,0.18953703000726235,0.08989773508193925,0.20970933476851233,0.18157650597947608,0.07986030756127929,0.1989732997107494,0.1746549181166126,0.07394345357365224,0.19442287485423404,0.16831998884123422,0.07322879602454313,0.19371679570097208,0.16226001861523834,0.07554668934340493,0.193803453201814,0.15650182044937175,0.07866310531446753,0.19426262170282138,0.15166647107587133,0.08144269838426871,0.1955409234505534,0.14822027245737168,0.08346850070557711
P32081,0.3530542940833217,0.002724859771236159,0.2927355949438206,0.31953020557777,0.0023761793388710414,0.2629814778467511,0.2812716532149281,0.0020484354140360983,0.22592095574345264,0.24577839021587794,0.0018610407468892007,0.18880027337092892,0.2251444449910878,0.0017208130586339224,0.16425685287808708,0.21959290509129256,0.0016308783884958168,0.15314433338324085,0.227235768806101,0.0015288031128186024,0.15420014661470996,0.2474253707731756,0.0013470280799043398,0.1675013179394392,0.27275495149973394,0.0010686481298917063,0.1881220811398737,0.29384275651091074,0.0008272989387092699,0.2113406660655543
Q9ZBM2,0.20810102825778137,0.519732158183173,0.0005487156711791565,0.1936186594667432,0.509411628134468,0.0004859582134315816,0.17702999644957113,0.4967330752080413,0.00043990353784596867,0.16201291085790132,0.4855880986281537,0.00039954458217389134,0.14973200125613229,0.47699623427644194,0.00037212881214058633,0.13958792217635724,0.4703278577135801,0.0003426555282321552,0.13200711438034649,0.46612674159815753,0.00032024330177124515,0.12689006975547684,0.46371642082852316,0.000305103280879556,0.12320299163409085,0.46244358694429155,0.0002794352345501551,0.12057895962345766,0.46212146320507136,0.00024752080465995823
P38037,0.21559148441827738,0.00636549155216746,0.3278228959648163,0.18221209352411602,0.005926134567131925,0.29909960592085466,0.15818737404563246,0.005530647726562176,0.27426589733161405,0.14187403246200858,0.005258802769949547,0.25526797200761286,0.1383287830313057,0.005090316554834324,0.2468819014601755,0.14447329471870382,0.0049396504543283305,0.24613722991819248,0.157901157344236,0.004826713937656065,0.25257421393445884,0.17188819278026904,0.004601191917537688,0.26075207722656973,0.18700898171526356,0.004497784792684965,0.26836324624002394,0.19827644822107743,0.004376673229036873,0.2723327619880763
A1R7K6,0.2541001004986018,0.32439938685099357,0.05088267920348253,0.22807182839389614,0.30691258704435426,0.04258284247955541,0.20361435289154634,0.2879210106812793,0.03390686274687847,0.18534091989203016,0.27074042479669047,0.02624122893052577,0.17388667580731848,0.2559352649304943,0.02048842599716273,0.1679707052648319,0.24211632276049316,0.017405217439534593,0.16525119002258407,0.22927222928654514,0.01672086607193562,0.16334423750197327,0.2168316988058558,0.017495447695161575,0.16140548944910943,0.20580930979035691,0.018258753763568645,0.16023804079219245,0.19767137964008477,0.018556678437714212
P26235,0.11877842480199217,0.6232906517894872,0.00016201787162772977,0.10839461785773769,0.6151021951866813,0.00011946232579769937,0.09767985929295858,0.6048227747881548,9.424997732549364e-05,0.08742562543817958,0.5941762512964737,8.689113385618832e-05,0.0777039367137185,0.583816361008122,8.860569486650395e-05,0.06843074654659172,0.5738212932161639,9.517179408082261e-05,0.06011247198889623,0.5646459225490261,9.38810935494862e-05,0.052655563618807,0.556155664586876,7.539169094154038e-05,0.04615218876504147,0.5483713539819272,5.50739428157814e-05,0.04056818744760228,0.5413905530904207,4.199573087945759e-05
P0A4L0,0.30663883240939493,0.12392469871465898,0.15135034380809795,0.28785627005034636,0.11834605585938379,0.13668094047089366,0.2688598946446385,0.11176932952775266,0.12150775715045177,0.2534071553204187,0.10494005436469736,0.1089418368898308,0.24210766840108064,0.09837361386478884,0.09996978354354548,0.23648065212365943,0.09185803444998157,0.09614338330687257,0.23540611381929868,0.08584439494301667,0.09613796699218721,0.23716565453414654,0.08053902276773311,0.09872512312559892,0.2398925970112085,0.07580719889215111,0.10204980801715613,0.2436811937048347,0.07179486604758228,0.10530893966047623
Q10744,0.2522436537875612,0.210877117452474,0.10213401590982141,0.23233380434405934,0.20008449268538717,0.09173600609147783,0.21221876363172007,0.18792075309290904,0.08028137549858941,0.19489430645343608,0.17646076171176744,0.06925414500523255,0.1818702554875293,0.16664148345950247,0.060198763773164264,0.17387209740742596,0.15800516416377175,0.053778678355481724,0.1710947252788449,0.15035805276384892,0.0501412864253147,0.1714046944908711,0.14338959941477322,0.0498760865877596,0.17469130623851356,0.13773628590727519,0.05230468310285507,0.1801099433851669,0.13361963033375499,0.05620983450678744
Q3AB78,0.15960295084002477,0.4655504308142631,0.053104473134740995,0.13340274347664804,0.44756394759755486,0.04822584617306058,0.10847579461705957,0.4292114131549791,0.04312721208875632,0.09101124659754325,0.41382087787537064,0.038990353065164095,0.0782867060769487,0.3991349262897226,0.03597841543348962,0.06938848491494232,0.3846466279159781,0.03348742583761719,0.0653902905147232,0.3730043131414008,0.031858704371163636,0.06589761679802698,0.3646575584363145,0.03142817985145571,0.06902995276495871,0.3583561759729267,0.03171426670346234,0.07183514528096205,0.35150467320873313,0.03201614228288974
P0A4Y0,0.21089438392930834,0.4124578481972282,0.056416798309544644,0.19515594611538525,0.4037298557168338,0.051055617770413786,0.17855484695356333,0.39291184259994943,0.04573561388333711,0.1638339648895052,0.38207000981609757,0.041361047919521714,0.1524588603163452,0.37209268985581745,0.0385971625211924,0.14497368270585775,0.36329895757164804,0.03789706148866901,0.13994899210187872,0.35598742626366314,0.03734160750657178,0.1359067893676845,0.3501042771537242,0.036133149932704424,0.13145581796398365,0.3450035019602661,0.03420617757044283,0.12643816608997718,0.34019738429031127,0.031452851757242384
P10547,0.46339829796343696,0.05638507066019346,0.1104180918928087,0.450232131434874,0.05485099883674641,0.09863378914618112,0.4371214800712369,0.052921506181080505,0.08694231951665804,0.42704521955595026,0.05091908517416024,0.07850359328521257,0.42166248639812504,0.04898915447656814,0.07473288246933663,0.4194708480395152,0.04715032238330048,0.0738622329279947,0.4187282729333657,0.04537964675702852,0.07380043927010678,0.41916248631533665,0.04371071440176544,0.07429130598336704,0.42047910336527966,0.04207587513053931,0.07551748319321329,0.4223264812659377,0.04058151976847026,0.07771656921974159
P47437,0.2387366944412308,0.2034437248429892,0.14765617681709722,0.21478347669066136,0.19241492395426135,0.13117958704015395,0.190945772204683,0.18017791633065738,0.11271569654697661,0.17086606745228256,0.16730954825240157,0.09584769694721389,0.1582674110563751,0.15463831204568587,0.08443160856524022,0.15092461272490987,0.14141153905824264,0.07736480138146139,0.14777090161954254,0.1281387631186091,0.07362600476187321,0.14864750167735244,0.11571740447677355,0.07237151971928314,0.15126169924999808,0.10484645931965954,0.07178671904471359,0.15402485601906432,0.09521733994202881,0.07164156200781463
P39843,0.08977140715643626,0.6552007331353225,3.623429067993301e-05,0.0805931394754215,0.6489752345562406,3.027836444086835e-05,0.07090983249052514,0.6416342135889715,2.5053176582739674e-05,0.061767837515701106,0.6342795264994259,2.1357100767132593e-05,0.05470565773020934,0.627745326233008,1.914191138498381e-05,0.04852408426806793,0.622279633940515,1.7500801161639277e-05,0.04346942746065436,0.6178472597530841,1.595758477856444e-05,0.039931059087660536,0.6147136631449444,1.4201536463841496e-05,0.03749488293191472,0.6124768273861698,1.220156435283468e-05,0.03619767727807557,0.6110324726514201,1.0486377012377839e-05
P39116,0.37148624968804383,0.043246914066443924,0.16034100108326005,0.351163092414865,0.039631283964513146,0.14302077396975613,0.3327859550821243,0.035736746482025065,0.12615491548542745,0.32081299729975166,0.032059086967308505,0.11494484251142369,0.31525526846669283,0.028255396679698508,0.11035305034744236,0.31324435219891583,0.02434092973396155,0.10922612559970038,0.31141427623669266,0.020793385381369746,0.1080249422185224,0.3089538341970562,0.01840353003099757,0.10518702485113143,0.307493427888167,0.01733402559815683,0.10155123434960332,0.30752808758084127,0.01636468126397745,0.09861038565289243
O34344,0.15252987116144892,0.5843973565150362,0.00020777972215817286,0.1343207132435666,0.5697982473444756,0.0001592861858269133,0.11580418774880942,0.5522760014952712,0.0001326381060933807,0.10132941077291571,0.5360748353092301,0.00012834525623995819,0.090439954321418,0.5227724165819707,0.00013198694429499222,0.08296183879528232,0.5123910089259076,0.00012663001897204559,0.07842000565405396,0.5047969681079673,0.00010499068395489058,0.07614527137052203,0.4994040401839819,8.139802614917731e-05,0.0744910564383737,0.49460112261541567,7.146239968584807e-05,0.07166472115403309,0.4886348721588939,6.843727830494109e-05
O69282,0.2743675375398972,0.22371479962247548,0.10446969222696442,0.25012447594263804,0.21227787276761015,0.0917881776879122,0.2254618617834838,0.19951466388525302,0.07773918918365101,0.20653253883144013,0.18809375837153,0.06527433767429923,0.1951435630070917,0.17746090394786906,0.05656228465485473,0.19038777518634048,0.16716956637246863,0.05203164042967895,0.18889569471283282,0.15675407374318964,0.04996860595306264,0.18938945797282783,0.146498706351725,0.04963863531187671,0.19162709716816964,0.13709190321679546,0.05050098476794686,0.1943025404781077,0.12886050759152995,0.05146916301863031
P49022,0.1421439771672706,0.5813766862261074,0.0019395490565105855,0.1298540133141948,0.570474219427903,0.0015352603776537666,0.11661546297619706,0.5580420451364443,0.0011545388155905613,0.10490039067961733,0.5463025217854273,0.0008880943472740608,0.09493863528058856,0.5359427250741184,0.0007194633195763846,0.08684384671469307,0.5273089280400066,0.0006367099882007559,0.08050786985093139,0.5203420468709635,0.0005792433736399242,0.07560706597278403,0.5148120194063576,0.0005383737222367473,0.07221977107752518,0.5108403481369347,0.0005103220201313255,0.07009340070567517,0.5082154183829352,0.0005140705037459549
P45618,0.31717652099374943,0.028988610947723415,0.22290659315028682,0.28467922580870747,0.026206086956871835,0.18751686016247904,0.25549015309956546,0.022875044725627937,0.1521106470552294,0.23557270346442064,0.01989014067265319,0.1263431677363143,0.22929806100189684,0.017019294047650627,0.11652185207471111,0.24005945463651115,0.014248445766472493,0.12371712351131157,0.2507987614013875,0.01166646654825117,0.13925613724848993,0.2613559340967768,0.009897876458524493,0.15324645213303192,0.2689886909631584,0.008234856221352926,0.16270889490760268,0.2696123308866415,0.006801170710379517,0.16316601419258303
P42177,0.1530808053819378,0.5335039123073281,0.0013793247885255991,0.139140724740773,0.5248903701152274,0.0011756653372297142,0.12434695371218665,0.5136597904434926,0.0009629961326635114,0.11099626550626635,0.5023242034385409,0.0007930707348309981,0.10081844177732885,0.49278129699126916,0.0006686783863953736,0.09316165409668749,0.4845734350503524,0.0005836160812983545,0.08629576173073848,0.477316300610867,0.0005289939705551094,0.07946181118229356,0.4708162502124252,0.0004979052365511748,0.07326880541190005,0.4645968156417692,0.00047521343978108974,0.06883439449355007,0.4600345835763003,0.00045668291612552335
P46339,0.16296525382860247,0.5716316127174409,0.0001310496204456363,0.14970591977081738,0.5621988061298155,0.00010339596549650196,0.1349203309548636,0.5508835943730376,8.791006377161404e-05,0.12066071048468271,0.5394328620466168,8.168950467691046e-05,0.10870271234483503,0.5292995628987309,7.653086365285443e-05,0.09839278282078508,0.5202689512633404,7.136809491906588e-05,0.08984772821411494,0.512609542771461,6.643679056779305e-05,0.08243858635368298,0.5061461250171541,5.983818903064198e-05,0.07609608637936839,0.5006170760777868,5.282178782891361e-05,0.07311930818566162,0.49643545278952,4.825999163518553e-05
P14319,0.12764405497017123,0.5959061670276324,0.0007122787567524499,0.11043889692660763,0.5905685806939338,0.000639526030186181,0.0943500082183674,0.5812260909588743,0.0005708347049532824,0.07845529843856228,0.5696973014302628,0.0005279319862882679,0.06660591102693174,0.5581227858372608,0.0004807668304624429,0.057325675112084175,0.54702317056133,0.00042215533189829255,0.050553751548598314,0.5375772864860573,0.00035834469266661436,0.04547600578788555,0.529228698132222,0.000321443762421973,0.04156948980571074,0.5219544337039674,0.000316106391065455,0.037821234396795606,0.5152941209246131,0.0003290048641877195
P81100,0.30319059090590156,0.06943036091983375,0.1919794290976779,0.2801242730500585,0.06319310174898829,0.1729566584999737,0.2571442244849524,0.05563867344728994,0.1527944247391465,0.238370680998011,0.04841477161506732,0.1369355253316988,0.22654805204096634,0.04158813650634272,0.12667913918059723,0.2184498669899948,0.03535655259151581,0.12001451445900879,0.21516393809416387,0.030205668523514122,0.11495630587317034,0.2143467741645229,0.02545017731730199,0.10974904821047245,0.21757258741164998,0.022079941114072563,0.10557778083186842,0.22604181908525114,0.019279836614175646,0.10593421134151669
Q09T02,0.3035634947559845,0.1654765498908927,0.1191750977797666,0.2769462731779689,0.1609468761158413,0.10093263466777161,0.2527281074823963,0.15411844277209513,0.08287584096524404,0.23744872204947753,0.1463072493560521,0.0699454893213476,0.22978331720936018,0.13784360904063866,0.06310653364202344,0.2321783913976218,0.13049639275983974,0.06416969182751546,0.234239303388008,0.12407788767207134,0.0707340135466105,0.22925966176762133,0.11924749442111339,0.07737902431008813,0.22071613136358056,0.11486619997965895,0.0803022498508409,0.2144449641838567,0.1119976027042188,0.07793687778099893
